0.0	0.0	0.0
0.0	0.10101010101010101	1.5612511283791264e-16
0.0	0.20202020202020202	2.7755575615628914e-17
0.0	0.30303030303030304	1.0443746833056072e-16
0.0	0.40404040404040403	-4.683753385137379e-17
0.0	0.5050505050505051	-1.546549151787024e-16
0.0	0.6060606060606061	9.454242944073599e-17
0.0	0.7070707070707071	6.472686969738461e-17
0.0	0.8080808080808081	2.8406096919120216e-16
0.0	0.9090909090909091	2.2204460148262151e-16
0.0	1.0101010101010102	4.4408920528980485e-16
0.0	1.1111111111111112	1.750929721522497e-16
0.0	1.2121212121212122	3.330669073875466e-16
0.0	1.3131313131313131	1.7763568394002505e-15
0.0	1.4141414141414141	-2.7755575615628914e-17
0.0	1.5151515151515151	5.815243124049601e-16
0.0	1.6161616161616161	2.5424960414094394e-15
0.0	1.7171717171717171	-4.440892098500626e-16
0.0	1.8181818181818181	7.771561172376096e-16
0.0	1.9191919191919191	-1.1102230246251565e-16
0.0	2.0202020202020203	-3.469446951953614e-17
0.0	2.121212121212121	1.6653345369377348e-15
0.0	2.2222222222222223	-2.2278331048293536e-16
0.0	2.323232323232323	-8.261672736103229e-92
0.0	2.4242424242424243	-8.881784212764837e-16
0.0	2.525252525252525	1.84816829266847e-15
0.0	2.6262626262626263	1.5070410197548512e-17
0.0	2.727272727272727	-2.220446049250313e-16
0.0	2.8282828282828283	3.3306690738754696e-16
0.0	2.9292929292929295	2.0958179283806127e-15
0.0	3.0303030303030303	-2.5153490401663703e-17
0.0	3.1313131313131315	1.5882182907018783e-15
0.0	3.2323232323232323	4.4408920981261283e-16
0.0	3.3333333333333335	-4.163336342344337e-17
0.0	3.4343434343434343	4.8759040908153495e-15
0.0	3.5353535353535355	1.1102230246251565e-16
0.0	3.6363636363636362	-4.629543276513104e-17
0.0	3.7373737373737375	1.0061396160665481e-16
0.0	3.8383838383838382	5.503607550753066e-16
0.0	3.9393939393939394	2.3142858648613004e-15
0.0	4.040404040404041	2.203098814490545e-16
0.0	4.141414141414141	-1.1102230246251565e-16
0.0	4.242424242424242	8.513051696820142e-18
0.0	4.343434343434343	-5.487872315676037e-42
0.0	4.444444444444445	3.3306690738754696e-16
0.0	4.545454545454546	6.288372600415926e-18
0.0	4.646464646464646	-1.1102230246251565e-16
0.0	4.747474747474747	-3.140120542061142e-17
0.0	4.848484848484849	4.553649124439119e-18
0.0	4.94949494949495	3.426078865054194e-17
0.0	5.05050505050505	-9.020562075079397e-17
0.0	5.151515151515151	-2.8491541367674494e-17
0.0	5.252525252525253	2.4668809975652658e-15
0.0	5.353535353535354	1.7763568394002505e-15
0.0	5.454545454545454	-2.6508743117270583e-17
0.0	5.555555555555555	8.25365991154924e-15
0.0	5.656565656565657	1.007291580874814e-16
0.0	5.757575757575758	4.9439619065339e-17
0.0	5.858585858585859	-3.3306690738754696e-16
0.0	5.959595959595959	-1.387778780781446e-17
0.0	6.0606060606060606	-5.632430286062196e-17
0.0	6.161616161616162	5.329070518200751e-15
0.0	6.262626262626263	-1.1535911115245767e-16
0.0	6.363636363636363	1.7763568394002505e-15
0.0	6.4646464646464645	2.6664214458517104e-15
0.0	6.565656565656566	-1.8675382421062814e-17
0.0	6.666666666666667	-3.774758283725532e-15
0.0	6.767676767676767	-3.060160631840336e-17
0.0	6.8686868686868685	2.220446049250313e-16
0.0	6.96969696969697	3.6947441579160305e-16
0.0	7.070707070707071	1.5543122344752192e-15
0.0	7.171717171717172	3.5006177644125724e-17
0.0	7.2727272727272725	-3.3306690738754696e-16
0.0	7.373737373737374	-5.074066167232161e-17
0.0	7.474747474747475	5.088269215691256e-15
0.0	7.575757575757576	1.1063611987580226e-15
0.0	7.6767676767676765	9.012468552225264e-15
0.0	7.777777777777778	1.554312234475219e-14
0.0	7.878787878787879	6.723225207458795e-15
0.0	7.97979797979798	1.2944135870543563e-14
0.0	8.080808080808081	4.3298697960381105e-15
0.0	8.181818181818182	-1.8648277366750676e-17
0.0	8.282828282828282	-3.3203691532368573e-18
0.0	8.383838383838384	-1.1796119636642288e-16
0.0	8.484848484848484	-1.1709383462843448e-17
0.0	8.585858585858587	3.796510925311799e-14
0.0	8.686868686868687	1.1902480382926497e-15
0.0	8.787878787878787	1.4432899320127035e-15
0.0	8.88888888888889	-1.9800242175016525e-17
0.0	8.98989898989899	2.9976021664879227e-14
0.0	9.090909090909092	4.346219564799192e-14
0.0	9.191919191919192	-9.080404952802913e-17
0.0	9.292929292929292	1.0589944719752165e-16
0.0	9.393939393939394	1.7506829319557937e-14
0.0	9.494949494949495	1.5432100042289676e-14
0.0	9.595959595959595	2.8095013454859454e-14
0.0	9.696969696969697	1.2115959277525512e-17
0.0	9.797979797979798	-3.9968028886505635e-15
0.0	9.8989898989899	-1.0747859402054342e-14
0.0	10.0	2.663386004797541e-14
0.10101010101010101	0.0	0.0
0.10101010101010101	0.10101010101010101	0.004104707529313589
0.10101010101010101	0.20202020202020202	0.009413369355180428
0.10101010101010101	0.30303030303030304	0.008578321662442259
0.10101010101010101	0.40404040404040403	0.0076022750120179105
0.10101010101010101	0.5050505050505051	0.006572310608876647
0.10101010101010101	0.6060606060606061	0.005553234232618055
0.10101010101010101	0.7070707070707071	0.004596152801415931
0.10101010101010101	0.8080808080808081	0.00373879435819544
0.10101010101010101	0.9090909090909091	0.003002346971718271
0.10101010101010101	1.0101010101010102	0.002391294550487816
0.10101010101010101	1.1111111111111112	0.0018973889476223604
0.10101010101010101	1.2121212121212122	0.001505283294348311
0.10101010101010101	1.3131313131313131	0.0011973671915874657
0.10101010101010101	1.4141414141414141	0.0009568331543799508
0.10101010101010101	1.5151515151515151	0.0007691332370638506
0.10101010101010101	1.6161616161616161	0.0006223764073907453
0.10101010101010101	1.7171717171717171	0.0005071722140165806
0.10101010101010101	1.8181818181818181	0.00041625376616734495
0.10101010101010101	1.9191919191919191	0.00034405965490188497
0.10101010101010101	2.0202020202020203	0.0002863551156874972
0.10101010101010101	2.121212121212121	0.00023991876130390651
0.10101010101010101	2.2222222222222223	0.00020229586129647258
0.10101010101010101	2.323232323232323	0.0001716092883172855
0.10101010101010101	2.4242424242424243	0.00014641685296367068
0.10101010101010101	2.525252525252525	0.00012560449031684106
0.10101010101010101	2.6262626262626263	0.00010830653853847582
0.10101010101010101	2.727272727272727	9.384623834561261e-5
0.10101010101010101	2.8282828282828283	8.169123199435225e-5
0.10101010101010101	2.9292929292929295	7.142016489239063e-5
0.10101010101010101	3.0303030303030303	6.269750956563003e-5
0.10101010101010101	3.1313131313131315	5.525449263504845e-5
0.10101010101010101	3.2323232323232323	4.8874567918008593e-5
0.10101010101010101	3.3333333333333335	4.33822902570718e-5
0.10101010101010101	3.4343434343434343	3.8634745575564174e-5
0.10101010101010101	3.5353535353535355	3.451491242338055e-5
0.10101010101010101	3.6363636363636362	3.0926490663353814e-5
0.10101010101010101	3.7373737373737375	2.7789850724317063e-5
0.10101010101010101	3.8383838383838382	2.5038843267452648e-5
0.10101010101010101	3.9393939393939394	2.261827330272045e-5
0.10101010101010101	4.040404040404041	2.0481890016777436e-5
0.10101010101010101	4.141414141414141	1.8590778944949297e-5
0.10101010101010101	4.242424242424242	1.69120698523706e-5
0.10101010101010101	4.343434343434343	1.541789331227502e-5
0.10101010101010101	4.444444444444445	1.408453446689125e-5
0.10101010101010101	4.545454545454546	1.2891743612622307e-5
0.10101010101010101	4.646464646464646	1.1822172017793183e-5
0.10101010101010101	4.747474747474747	1.0860908749866837e-5
0.10101010101010101	4.848484848484849	9.995098422051986e-6
0.10101010101010101	4.94949494949495	9.213624984949923e-6
0.10101010101010101	5.05050505050505	8.506848796995981e-6
0.10101010101010101	5.151515151515151	7.86638751880636e-6
0.10101010101010101	5.252525252525253	7.284932782191608e-6
0.10101010101010101	5.353535353535354	6.756096211239754e-6
0.10101010101010101	5.454545454545454	6.274279819962493e-6
0.10101010101010101	5.555555555555555	5.834566527399563e-6
0.10101010101010101	5.656565656565657	5.432627384696297e-6
0.10101010101010101	5.757575757575758	5.06464268679521e-6
0.10101010101010101	5.858585858585859	4.7272349177460435e-6
0.10101010101010101	5.959595959595959	4.417411198068623e-6
0.10101010101010101	6.0606060606060606	4.132514314916354e-6
0.10101010101010101	6.161616161616162	3.870180251811916e-6
0.10101010101010101	6.262626262626263	3.6283020616171302e-6
0.10101010101010101	6.363636363636363	3.4049983749870422e-6
0.10101010101010101	6.4646464646464645	3.198586235593394e-6
0.10101010101010101	6.565656565656566	3.007557753972493e-6
0.10101010101010101	6.666666666666667	2.830559413557243e-6
0.10101010101010101	6.767676767676767	2.666374416688303e-6
0.10101010101010101	6.8686868686868685	2.513907184278888e-6
0.10101010101010101	6.96969696969697	2.3721696884628096e-6
0.10101010101010101	7.070707070707071	2.2402696536610867e-6
0.10101010101010101	7.171717171717172	2.1173999938667224e-6
0.10101010101010101	7.2727272727272725	2.002829808019543e-6
0.10101010101010101	7.373737373737374	1.8958961244005884e-6
0.10101010101010101	7.474747474747475	1.7959969585300186e-6
0.10101010101010101	7.575757575757576	1.7025848177026489e-6
0.10101010101010101	7.6767676767676765	1.6151613177256205e-6
0.10101010101010101	7.777777777777778	1.5332720103582457e-6
0.10101010101010101	7.878787878787879	1.45650225237548e-6
0.10101010101010101	7.97979797979798	1.3844730839536934e-6
0.10101010101010101	8.080808080808081	1.3168378481980506e-6
0.10101010101010101	8.181818181818182	1.2532791177223123e-6
0.10101010101010101	8.282828282828282	1.193505825600183e-6
0.10101010101010101	8.383838383838384	1.1372508501791952e-6
0.10101010101010101	8.484848484848484	1.084268828484801e-6
0.10101010101010101	8.585858585858587	1.0343340897789758e-6
0.10101010101010101	8.686868686868687	9.872388663375534e-7
0.10101010101010101	8.787878787878787	9.427916871085351e-7
0.10101010101010101	8.88888888888889	9.008161023222345e-7
0.10101010101010101	8.98989898989899	8.611490706168121e-7
0.10101010101010101	9.090909090909092	8.236400325378757e-7
0.10101010101010101	9.191919191919192	7.881497528137126e-7
0.10101010101010101	9.292929292929292	7.545492857896186e-7
0.10101010101010101	9.393939393939394	7.227192393016724e-7
0.10101010101010101	9.494949494949495	6.925489598045711e-7
0.10101010101010101	9.595959595959595	6.639356814265758e-7
0.10101010101010101	9.696969696969697	6.367841326004701e-7
0.10101010101010101	9.797979797979798	6.110055344845169e-7
0.10101010101010101	9.8989898989899	5.865175519845782e-7
0.10101010101010101	10.0	5.632434175316565e-7
0.20202020202020202	0.0	0.0
0.20202020202020202	0.10101010101010101	0.004520975111871072
0.20202020202020202	0.20202020202020202	0.016152612037073293
0.20202020202020202	0.30303030303030304	0.02984201295740123
0.20202020202020202	0.40404040404040403	0.029914966287305715
0.20202020202020202	0.5050505050505051	0.025814066101467643
0.20202020202020202	0.6060606060606061	0.02181838692756467
0.20202020202020202	0.7070707070707071	0.018099871177475118
0.20202020202020202	0.8080808080808081	0.014781471964092891
0.20202020202020202	0.9090909090909091	0.01192966506678238
0.20202020202020202	1.0101010101010102	0.009554805857810208
0.20202020202020202	1.1111111111111112	0.007624390916442454
0.20202020202020202	1.2121212121212122	0.006081661872663279
0.20202020202020202	1.3131313131313131	0.004861805445044844
0.20202020202020202	1.4141414141414141	0.0039025287635072775
0.20202020202020202	1.5151515151515151	0.0031493330667779207
0.20202020202020202	1.6161616161616161	0.0025571540412038783
0.20202020202020202	1.7171717171717171	0.0020900019422645886
0.20202020202020202	1.8181818181818181	0.0017197355972762179
0.20202020202020202	1.9191919191919191	0.0014246169921396598
0.20202020202020202	2.0202020202020203	0.001187956831570691
0.20202020202020202	2.121212121212121	0.0009969676259061755
0.20202020202020202	2.2222222222222223	0.0008418435854736669
0.20202020202020202	2.323232323232323	0.0007150449300429242
0.20202020202020202	2.4242424242424243	0.0006107510447637125
0.20202020202020202	2.525252525252525	0.0005244467411624182
0.20202020202020202	2.6262626262626263	0.00045261069022749516
0.20202020202020202	2.727272727272727	0.0003924810952697836
0.20202020202020202	2.8282828282828283	0.00034187927423180134
0.20202020202020202	2.9292929292929295	0.0002990764943727467
0.20202020202020202	3.0303030303030303	0.0002626930862736314
0.20202020202020202	3.1313131313131315	0.0002316216775185349
0.20202020202020202	3.2323232323232323	0.00020496849658082405
0.20202020202020202	3.3333333333333335	0.00018200826279186989
0.20202020202020202	3.4343434343434343	0.0001621493344602437
0.20202020202020202	3.5353535353535355	0.00014490663818761648
0.20202020202020202	3.6363636363636362	0.00012988052950054074
0.20202020202020202	3.7373737373737375	0.00011674019783216647
0.20202020202020202	3.8383838383838382	0.00010521057085610686
0.20202020202020202	3.9393939393939394	9.506192739268393e-5
0.20202020202020202	4.040404040404041	8.610161778502933e-5
0.20202020202020202	4.141414141414141	7.816743182827777e-5
0.20202020202020202	4.242424242424242	7.112226155985471e-5
0.20202020202020202	4.343434343434343	6.484978636795512e-5
0.20202020202020202	4.444444444444445	5.925096916951172e-5
0.20202020202020202	4.545454545454546	5.4241199000188206e-5
0.20202020202020202	4.646464646464646	4.9747951040591694e-5
0.20202020202020202	4.747474747474747	4.570886282728118e-5
0.20202020202020202	4.848484848484849	4.207014636828015e-5
0.20202020202020202	4.94949494949495	3.878527264889751e-5
0.20202020202020202	5.05050505050505	3.581387786605106e-5
0.20202020202020202	5.151515151515151	3.312085084985876e-5
0.20202020202020202	5.252525252525253	3.0675569001200805e-5
0.20202020202020202	5.353535353535354	2.8451256583001024e-5
0.20202020202020202	5.454545454545454	2.6424444039479905e-5
0.20202020202020202	5.555555555555555	2.4574511035592948e-5
0.20202020202020202	5.656565656565657	2.2883298992457845e-5
0.20202020202020202	5.757575757575758	2.1334781916005918e-5
0.20202020202020202	5.858585858585859	1.9914785569882632e-5
0.20202020202020202	5.959595959595959	1.8610747655276814e-5
0.20202020202020202	6.0606060606060606	1.741151211657113e-5
0.20202020202020202	6.161616161616162	1.6307152533651086e-5
0.20202020202020202	6.262626262626263	1.5288820003683943e-5
0.20202020202020202	6.363636363636363	1.43486116955235e-5
0.20202020202020202	6.4646464646464645	1.3479457419430537e-5
0.20202020202020202	6.565656565656566	1.2675020919111973e-5
0.20202020202020202	6.666666666666667	1.1929614308531051e-5
0.20202020202020202	6.767676767676767	1.1238123390479735e-5
0.20202020202020202	6.8686868686868685	1.0595942749035509e-5
0.20202020202020202	6.96969696969697	9.998918643278412e-6
0.20202020202020202	7.070707070707071	9.443299315648458e-6
0.20202020202020202	7.171717171717172	8.925691064270443e-6
0.20202020202020202	7.2727272727272725	8.443019978906291e-6
0.20202020202020202	7.373737373737374	7.992497774185397e-6
0.20202020202020202	7.474747474747475	7.571592020147175e-6
0.20202020202020202	7.575757575757576	7.17799975615765e-6
0.20202020202020202	7.6767676767676765	6.809623947915714e-6
0.20202020202020202	7.777777777777778	6.464552773795298e-6
0.20202020202020202	7.878787878787879	6.141041292020283e-6
0.20202020202020202	7.97979797979798	5.837494782990812e-6
0.20202020202020202	8.080808080808081	5.552454438632708e-6
0.20202020202020202	8.181818181818182	5.284584095469854e-6
0.20202020202020202	8.282828282828282	5.03265876842251e-6
0.20202020202020202	8.383838383838384	4.79555393045099e-6
0.20202020202020202	8.484848484848484	4.5722366578196834e-6
0.20202020202020202	8.585858585858587	4.361756825099618e-6
0.20202020202020202	8.686868686868687	4.163239762863203e-6
0.20202020202020202	8.787878787878787	3.975879521210756e-6
0.20202020202020202	8.88888888888889	3.7989326774889447e-6
0.20202020202020202	8.98989898989899	3.631712983093114e-6
0.20202020202020202	9.090909090909092	3.473586282850711e-6
0.20202020202020202	9.191919191919192	3.323966099422964e-6
0.20202020202020202	9.292929292929292	3.182309595478605e-6
0.20202020202020202	9.393939393939394	3.048113869943778e-6
0.20202020202020202	9.494949494949495	2.9209127544883994e-6
0.20202020202020202	9.595959595959595	2.800273470340328e-6
0.20202020202020202	9.696969696969697	2.6857943712377264e-6
0.20202020202020202	9.797979797979798	2.5771020241717114e-6
0.20202020202020202	9.8989898989899	2.4738491867815233e-6
0.20202020202020202	10.0	2.375712643274383e-6
0.30303030303030304	0.0	0.0
0.30303030303030304	0.10101010101010101	0.0047360993034924696
0.30303030303030304	0.20202020202020202	0.0176182517578964
0.30303030303030304	0.30303030303030304	0.035216784489601013
0.30303030303030304	0.40404040404040403	0.05321581172506103
0.30303030303030304	0.5050505050505051	0.05621196923876283
0.30303030303030304	0.6060606060606061	0.047583576510128914
0.30303030303030304	0.7070707070707071	0.03964860105721329
0.30303030303030304	0.8080808080808081	0.03259388518991882
0.30303030303030304	0.9090909090909091	0.026517129843215564
0.30303030303030304	1.0101010101010102	0.021423565896773272
0.30303030303030304	1.1111111111111112	0.01724532210182163
0.30303030303030304	1.2121212121212122	0.01387135750686097
0.30303030303030304	1.3131313131313131	0.011174924780763778
0.30303030303030304	1.4141414141414141	0.009032540474656424
0.30303030303030304	1.5151515151515151	0.007334232130357223
0.30303030303030304	1.6161616161616161	0.005987362423567928
0.30303030303030304	1.7171717171717171	0.004916619634340864
0.30303030303030304	1.8181818181818181	0.004062142728324848
0.30303030303030304	1.9191919191919191	0.0033770044208540698
0.30303030303030304	2.0202020202020203	0.002824701916592968
0.30303030303030304	2.121212121212121	0.002376942353600784
0.30303030303030304	2.2222222222222223	0.0020118097109669978
0.30303030303030304	2.323232323232323	0.0017123028056593216
0.30303030303030304	2.4242424242424243	0.0014651949002002784
0.30303030303030304	2.525252525252525	0.0012601558027947324
0.30303030303030304	2.6262626262626263	0.001089080955650237
0.30303030303030304	2.727272727272727	0.0009455804365815796
0.30303030303030304	2.8282828282828283	0.0008245900271718297
0.30303030303030304	2.9292929292929295	0.0007220748413074551
0.30303030303030304	3.0303030303030303	0.0006348029286347058
0.30303030303030304	3.1313131313131315	0.000560171748334729
0.30303030303030304	3.2323232323232323	0.0004960746365865893
0.30303030303030304	3.3333333333333335	0.0004407975978249209
0.30303030303030304	3.4343434343434343	0.000392939162441557
0.30303030303030304	3.5353535353535355	0.0003513478559397747
0.30303030303030304	3.6363636363636362	0.0003150731714744988
0.30303030303030304	3.7373737373737375	0.00028332694174110933
0.30303030303030304	3.8383838383838382	0.00025545275606406995
0.30303030303030304	3.9393939393939394	0.00023090163129004223
0.30303030303030304	4.040404040404041	0.00020921256624724046
0.30303030303030304	4.141414141414141	0.00018999692768726032
0.30303030303030304	4.242424242424242	0.00017292585672313472
0.30303030303030304	4.343434343434343	0.00015772006635975783
0.30303030303030304	4.444444444444445	0.00014414154161847346
0.30303030303030304	4.545454545454546	0.00013198675886272996
0.30303030303030304	4.646464646464646	0.00012108112452237131
0.30303030303030304	4.747474747474747	0.00011127439595022972
0.30303030303030304	4.848484848484849	0.00010243689689360853
0.30303030303030304	4.94949494949495	9.445637807074438e-5
0.30303030303030304	5.05050505050505	8.723540407289087e-5
0.30303030303030304	5.151515151515151	8.068917047225595e-5
0.30303030303030304	5.252525252525253	7.474367472401829e-5
0.30303030303030304	5.353535353535354	6.933417814179378e-5
0.30303030303030304	5.454545454545454	6.440390910136018e-5
0.30303030303030304	5.555555555555555	5.990296599900024e-5
0.30303030303030304	5.656565656565657	5.578738653264295e-5
0.30303030303030304	5.757575757575758	5.201835618064062e-5
0.30303030303030304	5.858585858585859	4.8561532740112825e-5
0.30303030303030304	5.959595959595959	4.538646875531327e-5
0.30303030303030304	6.0606060606060606	4.2466116329128096e-5
0.30303030303030304	6.161616161616162	3.9776401200589854e-5
0.30303030303030304	6.262626262626263	3.729585606008523e-5
0.30303030303030304	6.363636363636363	3.500530350949086e-5
0.30303030303030304	6.4646464646464645	3.288758196558726e-5
0.30303030303030304	6.565656565656566	3.0927307448526914e-5
0.30303030303030304	6.666666666666667	2.9110666867449754e-5
0.30303030303030304	6.767676767676767	2.742523764956078e-5
0.30303030303030304	6.8686868686868685	2.5859830430019493e-5
0.30303030303030304	6.96969696969697	2.440435132333592e-5
0.30303030303030304	7.070707070707071	2.3049681324716066e-5
0.30303030303030304	7.171717171717172	2.1787570349673113e-5
0.30303030303030304	7.2727272727272725	2.0610544080691502e-5
0.30303030303030304	7.373737373737374	1.951182179193141e-5
0.30303030303030304	7.474747474747475	1.8485243989080947e-5
0.30303030303030304	7.575757575757576	1.752520819700508e-5
0.30303030303030304	7.6767676767676765	1.662661226791925e-5
0.30303030303030304	7.777777777777778	1.578480400936968e-5
0.30303030303030304	7.878787878787879	1.4995536567014494e-5
0.30303030303030304	7.97979797979798	1.4254928485966769e-5
0.30303030303030304	8.080808080808081	1.355942831517538e-5
0.30303030303030304	8.181818181818182	1.2905783049976551e-5
0.30303030303030304	8.282828282828282	1.2291009717659775e-5
0.30303030303030304	8.383838383838384	1.1712370166086941e-5
0.30303030303030304	8.484848484848484	1.1167348431253461e-5
0.30303030303030304	8.585858585858587	1.065363025981166e-5
0.30303030303030304	8.686868686868687	1.0169085039384936e-5
0.30303030303030304	8.787878787878787	9.711749124335041e-6
0.30303030303030304	8.88888888888889	9.279811363941857e-6
0.30303030303030304	8.98989898989899	8.871599477083007e-6
0.30303030303030304	9.090909090909092	8.485568102933388e-6
0.30303030303030304	9.191919191919192	8.1202879410158e-6
0.30303030303030304	9.292929292929292	7.77443592670015e-6
0.30303030303030304	9.393939393939394	7.446786243011184e-6
0.30303030303030304	9.494949494949495	7.136202327380778e-6
0.30303030303030304	9.595959595959595	6.841629445062391e-6
0.30303030303030304	9.696969696969697	6.5620881058983316e-6
0.30303030303030304	9.797979797979798	6.296667922976726e-6
0.30303030303030304	9.8989898989899	6.044522131730069e-6
0.30303030303030304	10.0	5.804862642176324e-6
0.40404040404040403	0.0	0.0
0.40404040404040403	0.10101010101010101	0.004942942741495074
0.40404040404040403	0.20202020202020202	0.018605788778266196
0.40404040404040403	0.30303030303030304	0.038002069830971326
0.40404040404040403	0.40404040404040403	0.059488124801401046
0.40404040404040403	0.5050505050505051	0.0797191843090637
0.40404040404040403	0.6060606060606061	0.08075752528247616
0.40404040404040403	0.7070707070707071	0.06778607239496998
0.40404040404040403	0.8080808080808081	0.05625094891179775
0.40404040404040403	0.9090909090909091	0.046253101511502075
0.40404040404040403	1.0101010101010102	0.03778754759570088
0.40404040404040403	1.1111111111111112	0.03075627503626726
0.40404040404040403	1.2121212121212122	0.02500130437383874
0.40404040404040403	1.3131313131313131	0.020338978868857587
0.40404040404040403	1.4141414141414141	0.01658584397861717
0.40404040404040403	1.5151515151515151	0.01357417700220898
0.40404040404040403	1.6161616161616161	0.011159053862778611
0.40404040404040403	1.7171717171717171	0.009219825920923361
0.40404040404040403	1.8181818181818181	0.007658500174959279
0.40404040404040403	1.9191919191919191	0.006396750560834002
0.40404040404040403	2.0202020202020203	0.005372589943948958
0.40404040404040403	2.121212121212121	0.0045372345340375375
0.40404040404040403	2.2222222222222223	0.0038523847432458
0.40404040404040403	2.323232323232323	0.0032879768580493366
0.40404040404040403	2.4242424242424243	0.002820377318316959
0.40404040404040403	2.525252525252525	0.0024309584817023434
0.40404040404040403	2.6262626262626263	0.002104987641714893
0.40404040404040403	2.727272727272727	0.0018307658914715071
0.40404040404040403	2.8282828282828283	0.0015989627150741412
0.40404040404040403	2.9292929292929295	0.0014021022397191537
0.40404040404040403	3.0303030303030303	0.0012341662606420625
0.40404040404040403	3.1313131313131315	0.0010902868923663104
0.40404040404040403	3.2323232323232323	0.0009665079446516346
0.40404040404040403	3.3333333333333335	0.0008595990289339649
0.40404040404040403	3.4343434343434343	0.0007669101943282695
0.40404040404040403	3.5353535353535355	0.0006862577952601406
0.40404040404040403	3.6363636363636362	0.0006158345012367625
0.40404040404040403	3.7373737373737375	0.0005541380352201845
0.40404040404040403	3.8383838383838382	0.0004999144962227984
0.40404040404040403	3.9393939393939394	0.0004521130846426382
0.40404040404040403	4.040404040404041	0.00040984977972968983
0.40404040404040403	4.141414141414141	0.00037237807420532605
0.40404040404040403	4.242424242424242	0.0003390652960304805
0.40404040404040403	4.343434343434343	0.00030937337175559413
0.40404040404040403	4.444444444444445	0.00028284313546332146
0.40404040404040403	4.545454545454546	0.00025908147935201244
0.40404040404040403	4.646464646464646	0.00023775079152269895
0.40404040404040403	4.747474747474747	0.00021856024122786512
0.40404040404040403	4.848484848484849	0.00020125856264172626
0.40404040404040403	4.94949494949495	0.0001856280584684273
0.40404040404040403	5.05050505050505	0.00017147960033075507
0.40404040404040403	5.151515151515151	0.00015864844623779536
0.40404040404040403	5.252525252525253	0.0001469907306307023
0.40404040404040403	5.353535353535354	0.00013638050958009843
0.40404040404040403	5.454545454545454	0.00012670726582250522
0.40404040404040403	5.555555555555555	0.0001178737959156406
0.40404040404040403	5.656565656565657	0.00010979441606574284
0.40404040404040403	5.757575757575758	0.0001023934340216478
0.40404040404040403	5.858585858585859	9.560384454133542e-5
0.40404040404040403	5.959595959595959	8.936621252741202e-5
0.40404040404040403	6.0606060606060606	8.362771449931666e-5
0.40404040404040403	6.161616161616162	7.83413140230685e-5
0.40404040404040403	6.262626262626263	7.346505069586197e-5
0.40404040404040403	6.363636363636363	6.896142544935732e-5
0.40404040404040403	6.4646464646464645	6.479686819678216e-5
0.40404040404040403	6.565656565656566	6.0941275691268695e-5
0.40404040404040403	6.666666666666667	5.7367609322146776e-5
0.40404040404040403	6.767676767676767	5.405154468086602e-5
0.40404040404040403	6.8686868686868685	5.097116533316048e-5
0.40404040404040403	6.96969696969697	4.810669490528999e-5
0.40404040404040403	7.070707070707071	4.5440261925747386e-5
0.40404040404040403	7.171717171717172	4.2955693761367464e-5
0.40404040404040403	7.2727272727272725	4.0638334712363104e-5
0.40404040404040403	7.373737373737374	3.84748858787292e-5
0.40404040404040403	7.474747474747475	3.6453263970719427e-5
0.40404040404040403	7.575757575757576	3.456247594892443e-5
0.40404040404040403	7.6767676767676765	3.2792508513707075e-5
0.40404040404040403	7.777777777777778	3.113422958524271e-5
0.40404040404040403	7.878787878787879	2.9579300930071138e-5
0.40404040404040403	7.97979797979798	2.8120100410168087e-5
0.40404040404040403	8.080808080808081	2.6749652791421136e-5
0.40404040404040403	8.181818181818182	2.5461567729697146e-5
0.40404040404040403	8.282828282828282	2.424998443118117e-5
0.40404040404040403	8.383838383838384	2.310952240739827e-5
0.40404040404040403	8.484848484848484	2.2035236656398107e-5
0.40404040404040403	8.585858585858587	2.1022578359449623e-5
0.40404040404040403	8.686868686868687	2.0067358757438575e-5
0.40404040404040403	8.787878787878787	1.9165717147089777e-5
0.40404040404040403	8.88888888888889	1.831409174605669e-5
0.40404040404040403	8.98989898989899	1.750919371432001e-5
0.40404040404040403	9.090909090909092	1.6747983461930342e-5
0.40404040404040403	9.191919191919192	1.6027649307772535e-5
0.40404040404040403	9.292929292929292	1.5345588180129544e-5
0.40404040404040403	9.393939393939394	1.4699388152532647e-5
0.40404040404040403	9.494949494949495	1.4086812612507903e-5
0.40404040404040403	9.595959595959595	1.3505785870088216e-5
0.40404040404040403	9.696969696969697	1.2954380045092869e-5
0.40404040404040403	9.797979797979798	1.2430803082215054e-5
0.40404040404040403	9.8989898989899	1.1933388094499675e-5
0.40404040404040403	10.0	1.1460583380712331e-5
0.5050505050505051	0.0	0.0
0.5050505050505051	0.10101010101010101	0.005116721303581171
0.5050505050505051	0.20202020202020202	0.01936218129181793
0.5050505050505051	0.30303030303030304	0.03988212950963277
0.5050505050505051	0.40404040404040403	0.06320303968571943
0.5050505050505051	0.5050505050505051	0.0863243696542158
0.5050505050505051	0.6060606060606061	0.10704549533563879
0.5050505050505051	0.7070707070707071	0.10047172432004899
0.5050505050505051	0.8080808080808081	0.08441356017070674
0.5050505050505051	0.9090909090909091	0.07031702833143086
0.5050505050505051	1.0101010101010102	0.058202817794545086
0.5050505050505051	1.1111111111111112	0.04797952092696063
0.5050505050505051	1.2121212121212122	0.03947493117106516
0.5050505050505051	1.3131313131313131	0.03247444633531582
0.5050505050505051	1.4141414141414141	0.026753067131975204
0.5050505050505051	1.5151515151515151	0.022096814767812088
0.5050505050505051	1.6161616161616161	0.018314389904860725
0.5050505050505051	1.7171717171717171	0.015241680162984729
0.5050505050505051	1.8181818181818181	0.012741792023099092
0.5050505050505051	1.9191919191919191	0.010702690643787434
0.5050505050505051	2.0202020202020203	0.009033838044523821
0.5050505050505051	2.121212121212121	0.007662651647989035
0.5050505050505051	2.2222222222222223	0.006531210088359218
0.5050505050505051	2.323232323232323	0.00559338759689932
0.5050505050505051	2.4242424242424243	0.004812459759877362
0.5050505050505051	2.525252525252525	0.0041591535586975314
0.5050505050505051	2.6262626262626263	0.0036100851273839735
0.5050505050505051	2.727272727272727	0.003146521130432761
0.5050505050505051	2.8282828282828283	0.0027534029140053274
0.5050505050505051	2.9292929292929295	0.0024185803110351005
0.5050505050505051	3.0303030303030303	0.002132210862276959
0.5050505050505051	3.1313131313131315	0.001886288658347198
0.5050505050505051	3.2323232323232323	0.001674274361990992
0.5050505050505051	3.3333333333333335	0.001490804074133812
0.5050505050505051	3.4343434343434343	0.0013314596270574972
0.5050505050505051	3.5353535353535355	0.0011925867812221987
0.5050505050505051	3.6363636363636362	0.0010711508455085081
0.5050505050505051	3.7373737373737375	0.0009646216041540655
0.5050505050505051	3.8383838383838382	0.0008708812583101818
0.5050505050505051	3.9393939393939394	0.0007881504988638807
0.5050505050505051	4.040404040404041	0.0007149289107822072
0.5050505050505051	4.141414141414141	0.0006499467461289076
0.5050505050505051	4.242424242424242	0.0005921257479164732
0.5050505050505051	4.343434343434343	0.0005405472057562487
0.5050505050505051	4.444444444444445	0.0004944258117824803
0.5050505050505051	4.545454545454546	0.00045308818507457734
0.5050505050505051	4.646464646464646	0.0004159551681462384
0.5050505050505051	4.747474747474747	0.0003825271817454797
0.5050505050505051	4.848484848484849	0.0003523720684455167
0.5050505050505051	4.94949494949495	0.00032511496798007553
0.5050505050505051	5.05050505050505	0.00030042985819234147
0.5050505050505051	5.151515151515151	0.00027803246459580985
0.5050505050505051	5.252525252525253	0.00025767429911235923
0.5050505050505051	5.353535353535354	0.00023913763322774628
0.5050505050505051	5.454545454545454	0.00022223124687608802
0.5050505050505051	5.555555555555555	0.0002067868228320115
0.5050505050505051	5.656565656565657	0.00019265588058882163
0.5050505050505051	5.757575757575758	0.0001797071619252482
0.5050505050505051	5.858585858585859	0.00016782439575518834
0.5050505050505051	5.959595959595959	0.00015690438263482896
0.5050505050505051	6.0606060606060606	0.0001468553487656493
0.5050505050505051	6.161616161616162	0.0001375955288903958
0.5050505050505051	6.262626262626263	0.0001290519428963296
0.5050505050505051	6.363636363636363	0.0001211593372450089
0.5050505050505051	6.4646464646464645	0.00011385926750494976
0.5050505050505051	6.565656565656566	0.0001070993010825683
0.5050505050505051	6.666666666666667	0.00010083232292702179
0.5050505050505051	6.767676767676767	9.501593014544275e-5
0.5050505050505051	6.8686868686868685	8.961190245442755e-5
0.5050505050505051	6.96969696969697	8.458573875208925e-5
0.5050505050505051	7.070707070707071	7.990625035524615e-5
0.5050505050505051	7.171717171717172	7.55452033533212e-5
0.5050505050505051	7.2727272727272725	7.147700396240321e-5
0.5050505050505051	7.373737373737374	6.76784207058722e-5
0.5050505050505051	7.474747474747475	6.412833911328111e-5
0.5050505050505051	7.575757575757576	6.0807544681884905e-5
0.5050505050505051	7.6767676767676765	5.769853031014739e-5
0.5050505050505051	7.777777777777778	5.478532550604674e-5
0.5050505050505051	7.878787878787879	5.2053344630399235e-5
0.5050505050505051	7.97979797979798	4.94892514440803e-5
0.5050505050505051	8.080808080808081	4.708083848104211e-5
0.5050505050505051	8.181818181818182	4.481691969578902e-5
0.5050505050505051	8.282828282828282	4.268723369155344e-5
0.5050505050505051	8.383838383838384	4.0682358049745995e-5
0.5050505050505051	8.484848484848484	3.879363153247013e-5
0.5050505050505051	8.585858585858587	3.701308498617106e-5
0.5050505050505051	8.686868686868687	3.5333378924005836e-5
0.5050505050505051	8.787878787878787	3.37477473382453e-5
0.5050505050505051	8.88888888888889	3.22499471818729e-5
0.5050505050505051	8.98989898989899	3.0834212707429615e-5
0.5050505050505051	9.090909090909092	2.949521445788851e-5
0.5050505050505051	9.191919191919192	2.8228021605103274e-5
0.5050505050505051	9.292929292929292	2.7028068832594145e-5
0.5050505050505051	9.393939393939394	2.589112510995263e-5
0.5050505050505051	9.494949494949495	2.481326668474346e-5
0.5050505050505051	9.595959595959595	2.3790851391520064e-5
0.5050505050505051	9.696969696969697	2.282049596799871e-5
0.5050505050505051	9.797979797979798	2.1899055472932513e-5
0.5050505050505051	9.8989898989899	2.10236039297435e-5
0.5050505050505051	10.0	2.019141735675668e-5
0.6060606060606061	0.0	0.0
0.6060606060606061	0.10101010101010101	0.00518637607539078
0.6060606060606061	0.20202020202020202	0.01972086423632877
0.6060606060606061	0.30303030303030304	0.04088543467834324
0.6060606060606061	0.40404040404040403	0.06525383452813295
0.6060606060606061	0.5050505050505051	0.08986454623933515
0.6060606060606061	0.6060606060606061	0.1128087724169787
0.6060606060606061	0.7070707070707071	0.13291904248781877
0.6060606060606061	0.8080808080808081	0.11535228751927729
0.6060606060606061	0.9090909090909091	0.09755472709750207
0.6060606060606061	1.0101010101010102	0.08193717848862803
0.6060606060606061	1.1111111111111112	0.06849207260286669
0.6060606060606061	1.2121212121212122	0.05709279510638422
0.6060606060606061	1.3131313131313131	0.04753952861254725
0.6060606060606061	1.4141414141414141	0.03959960167387145
0.6060606060606061	1.5151515151515151	0.033036749730451544
0.6060606060606061	1.6161616161616161	0.0276292875709297
0.6060606060606061	1.7171717171717171	0.023179496675934025
0.6060606060606061	1.8181818181818181	0.0195169691986631
0.6060606060606061	1.9191919191919191	0.016498259701386485
0.6060606060606061	2.0202020202020203	0.014004566939416985
0.6060606060606061	2.121212121212121	0.011938577787768967
0.6060606060606061	2.2222222222222223	0.01022114958759901
0.6060606060606061	2.323232323232323	0.008788193276356169
0.6060606060606061	2.4242424242424243	0.0075879212987663425
0.6060606060606061	2.525252525252525	0.006578508485283399
0.6060606060606061	2.6262626262626263	0.005726152353030968
0.6060606060606061	2.727272727272727	0.005003490600796076
0.6060606060606061	2.8282828282828283	0.004388323783241278
0.6060606060606061	2.9292929292929295	0.0038625913568405344
0.6060606060606061	3.0303030303030303	0.0034115541956797994
0.6060606060606061	3.1313131313131315	0.0030231433063978618
0.6060606060606061	3.2323232323232323	0.0026874412664980043
0.6060606060606061	3.3333333333333335	0.00239626913255426
0.6060606060606061	3.4343434343434343	0.0021428569308043644
0.6060606060606061	3.5353535353535355	0.0019215803085079104
0.6060606060606061	3.6363636363636362	0.0017277495575710876
0.6060606060606061	3.7373737373737375	0.0015574401329398514
0.6060606060606061	3.8383838383838382	0.0014073560998844133
0.6060606060606061	3.9393939393939394	0.001274719766502749
0.6060606060606061	4.040404040404041	0.001157182189606256
0.6060606060606061	4.141414141414141	0.0010527503652300854
0.6060606060606061	4.242424242424242	0.0009597277942440889
0.6060606060606061	4.343434343434343	0.000876665802519003
0.6060606060606061	4.444444444444445	0.0008023235363477825
0.6060606060606061	4.545454545454546	0.0007356349771769424
0.6060606060606061	4.646464646464646	0.0006756816554873583
0.6060606060606061	4.747474747474747	0.0006216700054603159
0.6060606060606061	4.848484848484849	0.000572912512003791
0.6060606060606061	4.94949494949495	0.0005288119657040523
0.6060606060606061	5.05050505050505	0.0004888482737050937
0.6060606060606061	5.151515151515151	0.00045256737849713643
0.6060606060606061	5.252525252525253	0.0004195719204929052
0.6060606060606061	5.353535353535354	0.0003895133480335865
0.6060606060606061	5.454545454545454	0.0003620852315472291
0.6060606060606061	5.555555555555555	0.0003370175832903463
0.6060606060606061	5.656565656565657	0.0003140720181954618
0.6060606060606061	5.757575757575758	0.00029303762112061794
0.6060606060606061	5.858585858585859	0.00027372740854171687
0.6060606060606061	5.959595959595959	0.00025597529147848417
0.6060606060606061	6.0606060606060606	0.0002396334631239046
0.6060606060606061	6.161616161616162	0.00022457014585016804
0.6060606060606061	6.262626262626263	0.00021066764445461797
0.6060606060606061	6.363636363636363	0.00019782065996802579
0.6060606060606061	6.4646464646464645	0.0001859348261598817
0.6060606060606061	6.565656565656566	0.00017492543675608929
0.6060606060606061	6.666666666666667	0.0001647163361698628
0.6060606060606061	6.767676767676767	0.00015523895082949774
0.6060606060606061	6.8686868686868685	0.00014643144193251042
0.6060606060606061	6.96969696969697	0.00013823796268299456
0.6060606060606061	7.070707070707071	0.0001306080060117477
0.6060606060606061	7.171717171717172	0.00012349583111093907
0.6060606060606061	7.2727272727272725	0.00011685995762240232
0.6060606060606061	7.373737373737374	0.00011066271984808655
0.6060606060606061	7.474747474747475	0.00010486987179685094
0.6060606060606061	7.575757575757576	9.945023839137815e-5
0.6060606060606061	7.6767676767676765	9.437540531303814e-5
0.6060606060606061	7.777777777777778	8.961944395256838e-5
0.6060606060606061	7.878787878787879	8.515866665445476e-5
0.6060606060606061	7.97979797979798	8.097140852892795e-5
0.6060606060606061	8.080808080808081	7.703783306713406e-5
0.6060606060606061	8.181818181818182	7.333975821962306e-5
0.6060606060606061	8.282828282828282	6.986050097676047e-5
0.6060606060606061	8.383838383838384	6.65847379453761e-5
0.6060606060606061	8.484848484848484	6.349838071957645e-5
0.6060606060606061	8.585858585858587	6.0588463366485294e-5
0.6060606060606061	8.686868686868687	5.784304194150775e-5
0.6060606060606061	8.787878787878787	5.5251103162996344e-5
0.6060606060606061	8.88888888888889	5.28024831444091e-5
0.6060606060606061	8.98989898989899	5.048779296941914e-5
0.6060606060606061	9.090909090909092	4.8298352574126894e-5
0.6060606060606061	9.191919191919192	4.622612972294783e-5
0.6060606060606061	9.292929292929292	4.426368599695229e-5
0.6060606060606061	9.393939393939394	4.240412691469848e-5
0.6060606060606061	9.494949494949495	4.064105695619818e-5
0.6060606060606061	9.595959595959595	3.896853930206366e-5
0.6060606060606061	9.696969696969697	3.738105785050202e-5
0.6060606060606061	9.797979797979798	3.587348431384939e-5
0.6060606060606061	9.8989898989899	3.444104697922482e-5
0.6060606060606061	10.0	3.307930276068588e-5
0.7070707070707071	0.0	0.0
0.7070707070707071	0.10101010101010101	0.005079915556926378
0.7070707070707071	0.20202020202020202	0.01944038422266828
0.7070707070707071	0.30303030303030304	0.040656542059402376
0.7070707070707071	0.40404040404040403	0.06545837673680213
0.7070707070707071	0.5050505050505051	0.09082614576524392
0.7070707070707071	0.6060606060606061	0.11483431244795006
0.7070707070707071	0.7070707070707071	0.13661239557923816
0.7070707070707071	0.8080808080808081	0.14706570650219059
0.7070707070707071	0.9090909090909091	0.12652102078641086
0.7070707070707071	1.0101010101010102	0.10797397271557199
0.7070707070707071	1.1111111111111112	0.09160692725500745
0.7070707070707071	1.2121212121212122	0.07741972010742944
0.7070707070707071	1.3131313131313131	0.0652887739972835
0.7070707070707071	1.4141414141414141	0.05502001021652026
0.7070707070707071	1.5151515151515151	0.046389077723617334
0.7070707070707071	1.6161616161616161	0.03916851234639134
0.7070707070707071	1.7171717171717171	0.033144076570218825
0.7070707070707071	1.8181818181818181	0.028123185455549215
0.7070707070707071	1.9191919191919191	0.023938058394539947
0.7070707070707071	2.0202020202020203	0.020445654611352282
0.7070707070707071	2.121212121212121	0.017525848922049496
0.7070707070707071	2.2222222222222223	0.015078802857796612
0.7070707070707071	2.323232323232323	0.013022113465072982
0.7070707070707071	2.4242424242424243	0.011288065954340204
0.7070707070707071	2.525252525252525	0.009821151347461744
0.7070707070707071	2.6262626262626263	0.00857591028899039
0.7070707070707071	2.727272727272727	0.0075151076751086565
0.7070707070707071	2.8282828282828283	0.006608213758863038
0.7070707070707071	2.9292929292929295	0.005830154925380575
0.7070707070707071	3.0303030303030303	0.0051602942332130185
0.7070707070707071	3.1313131313131315	0.00458160362877838
0.7070707070707071	3.2323232323232323	0.00407999380271451
0.7070707070707071	3.3333333333333335	0.0036437724676426225
0.7070707070707071	3.4343434343434343	0.0032632065943544067
0.7070707070707071	3.5353535353535355	0.0029301684696510437
0.7070707070707071	3.6363636363636362	0.002637849186362628
0.7070707070707071	3.7373737373737375	0.0023805263275506147
0.7070707070707071	3.8383838383838382	0.0021533752052683487
0.7070707070707071	3.9393939393939394	0.0019523151281945455
0.7070707070707071	4.040404040404041	0.001773883877782381
0.7070707070707071	4.141414141414141	0.001615134939488616
0.7070707070707071	4.242424242424242	0.0014735531273811612
0.7070707070707071	4.343434343434343	0.001346985110756
0.7070707070707071	4.444444444444445	0.0012335820435791314
0.7070707070707071	4.545454545454546	0.0011317520495669716
0.7070707070707071	4.646464646464646	0.0010401207539665882
0.7070707070707071	4.747474747474747	0.0009574984039797863
0.7070707070707071	4.848484848484849	0.0008828523983584469
0.7070707070707071	4.94949494949495	0.0008152842708994267
0.7070707070707071	5.05050505050505	0.000754010351528279
0.7070707070707071	5.151515151515151	0.0006983454720527194
0.7070707070707071	5.252525252525253	0.0006476892002526705
0.7070707070707071	5.353535353535354	0.000601514178739996
0.7070707070707071	5.454545454545454	0.0005593562214286085
0.7070707070707071	5.555555555555555	0.0005208058805624723
0.7070707070707071	5.656565656565657	0.0004855012487605343
0.7070707070707071	5.757575757575758	0.0004531217996593279
0.7070707070707071	5.858585858585859	0.00042338310516044827
0.7070707070707071	5.959595959595959	0.00039603229362232344
0.7070707070707071	6.0606060606060606	0.00037084413650845726
0.7070707070707071	6.161616161616162	0.00034761766906435366
0.7070707070707071	6.262626262626263	0.00032617326556366803
0.7070707070707071	6.363636363636363	0.0003063501029698228
0.7070707070707071	6.4646464646464645	0.0002880039566969003
0.7070707070707071	6.565656565656566	0.0002710052812940556
0.7070707070707071	6.666666666666667	0.0002552375359599428
0.7070707070707071	6.767676767676767	0.00024059572056843922
0.7070707070707071	6.8686868686868685	0.00022698509384892957
0.7070707070707071	6.96969696969697	0.00021432004876503763
0.7070707070707071	7.070707070707071	0.00020252312375377196
0.7070707070707071	7.171717171717172	0.00019152413277665495
0.7070707070707071	7.2727272727272725	0.00018125939752434303
0.7070707070707071	7.373737373737374	0.00017167106956948437
0.7070707070707071	7.474747474747475	0.00016270653049300031
0.7070707070707071	7.575757575757576	0.0001543178602403541
0.7070707070707071	7.6767676767676765	0.00014646136553689914
0.7070707070707071	7.777777777777778	0.00013909716024382345
0.7070707070707071	7.878787878787879	0.00013218879246033524
0.7070707070707071	7.97979797979798	0.00012570291147318338
0.7070707070707071	8.080808080808081	0.00011960897089924504
0.7070707070707071	8.181818181818182	0.00011387896318258749
0.7070707070707071	8.282828282828282	0.00010848718191811015
0.7070707070707071	8.383838383838384	0.00010341000883536816
0.7070707070707071	8.484848484848484	9.862572293861671e-5
0.7070707070707071	8.585858585858587	9.411432836607278e-5
0.7070707070707071	8.686868686868687	8.985740031458033e-5
0.7070707070707071	8.787878787878787	8.58379455717669e-5
0.7070707070707071	8.88888888888889	8.204027759502972e-5
0.7070707070707071	8.98989898989899	7.844990237946276e-5
0.7070707070707071	9.090909090909092	7.505341715184504e-5
0.7070707070707071	9.191919191919192	7.183841683761939e-5
0.7070707070707071	9.292929292929292	6.879341096274822e-5
0.7070707070707071	9.393939393939394	6.590774694291803e-5
0.7070707070707071	9.494949494949495	6.31715415333157e-5
0.7070707070707071	9.595959595959595	6.057561806444814e-5
0.7070707070707071	9.696969696969697	5.8111449187453685e-5
0.7070707070707071	9.797979797979798	5.577110509425242e-5
0.7070707070707071	9.8989898989899	5.3547206440311684e-5
0.7070707070707071	10.0	5.1432880807805644e-5
0.8080808080808081	0.0	0.0
0.8080808080808081	0.10101010101010101	0.004790823944202303
0.8080808080808081	0.20202020202020202	0.018465456851811675
0.8080808080808081	0.30303030303030304	0.03903061593129947
0.8080808080808081	0.40404040404040403	0.06359240885187825
0.8080808080808081	0.5050505050505051	0.08918005117568079
0.8080808080808081	0.6060606060606061	0.11369521691923669
0.8080808080808081	0.7070707070707071	0.13622572430029853
0.8080808080808081	0.8080808080808081	0.15657132718308758
0.8080808080808081	0.9090909090909091	0.15560810262946145
0.8080808080808081	1.0101010101010102	0.1350806774972257
0.8080808080808081	1.1111111111111112	0.11640780351550681
0.8080808080808081	1.2121212121212122	0.09979797511544364
0.8080808080808081	1.3131313131313131	0.08527141566027721
0.8080808080808081	1.4141414141414141	0.07272602912302084
0.8080808080808081	1.5151515151515151	0.061990553009933794
0.8080808080808081	1.6161616161616161	0.052862835645010965
0.8080808080808081	1.7171717171717171	0.045135071087841094
0.8080808080808081	1.8181818181818181	0.03860899969339447
0.8080808080808081	1.9191919191919191	0.0331040074430902
0.8080808080808081	2.0202020202020203	0.028460528134785428
0.8080808080808081	2.121212121212121	0.024540541409621815
0.8080808080808081	2.2222222222222223	0.021226418416260176
0.8080808080808081	2.323232323232323	0.018418941885283577
0.8080808080808081	2.4242424242424243	0.016035017552009697
0.8080808080808081	2.525252525252525	0.014005380251778598
0.8080808080808081	2.6262626262626263	0.012272457611926038
0.8080808080808081	2.727272727272727	0.010788466172677664
0.8080808080808081	2.8282828282828283	0.009513762272880769
0.8080808080808081	2.9292929292929295	0.008415440766267632
0.8080808080808081	3.0303030303030303	0.007466159927790358
0.8080808080808081	3.1313131313131315	0.006643164949081568
0.8080808080808081	3.2323232323232323	0.00592748144430942
0.8080808080808081	3.3333333333333335	0.005303252039160425
0.8080808080808081	3.4343434343434343	0.004757191977453487
0.8080808080808081	3.5353535353535355	0.00427814293351723
0.8080808080808081	3.6363636363636362	0.0038567074185898702
0.8080808080808081	3.7373737373737375	0.003484949094758968
0.8080808080808081	3.8383838383838382	0.003156146874471832
0.8080808080808081	3.9393939393939394	0.002864592868894697
0.8080808080808081	4.040404040404041	0.0026054260783511473
0.8080808080808081	4.141414141414141	0.0023744952305586597
0.8080808080808081	4.242424242424242	0.002168245412740522
0.8080808080808081	4.343434343434343	0.001983624152896033
0.8080808080808081	4.444444444444445	0.001818003425941852
0.8080808080808081	4.545454545454546	0.0016691147234637275
0.8080808080808081	4.646464646464646	0.001534994862066208
0.8080808080808081	4.747474747474747	0.0014139406390283032
0.8080808080808081	4.848484848484849	0.0013044707930801405
0.8080808080808081	4.94949494949495	0.0012052940121882738
0.8080808080808081	5.05050505050505	0.0011152819580381383
0.8080808080808081	5.151515151515151	0.0010334464636519779
0.8080808080808081	5.252525252525253	0.0009589202099057227
0.8080808080808081	5.353535353535354	0.000890940310298525
0.8080808080808081	5.454545454545454	0.0008288343323817914
0.8080808080808081	5.555555555555555	0.0007720083655113502
0.8080808080808081	5.656565656565657	0.0007199368119521471
0.8080808080808081	5.757575757575758	0.0006721536320531962
0.8080808080808081	5.858585858585859	0.0006282448197806064
0.8080808080808081	5.959595959595959	0.0005878419211255331
0.8080808080808081	6.0606060606060606	0.0005506164391262947
0.8080808080808081	6.161616161616162	0.0005162749938656618
0.8080808080808081	6.262626262626263	0.0004845551270451727
0.8080808080808081	6.363636363636363	0.0004552216577418666
0.8080808080808081	6.4646464646464645	0.00042806351096639367
0.8080808080808081	6.565656565656566	0.00040289095223555726
0.8080808080808081	6.666666666666667	0.00037953317142782765
0.8080808080808081	6.767676767676767	0.0003578361687279444
0.8080808080808081	6.8686868686868685	0.0003376608999932655
0.8080808080808081	6.96969696969697	0.00031888164900634175
0.8080808080808081	7.070707070707071	0.00030138459420458633
0.8080808080808081	7.171717171717172	0.00028506654627848745
0.8080808080808081	7.2727272727272725	0.0002698338333319561
0.8080808080808081	7.373737373737374	0.00025560131552676454
0.8080808080808081	7.474747474747475	0.00024229151198818584
0.8080808080808081	7.575757575757576	0.00022983382717688757
0.8080808080808081	7.6767676767676765	0.00021816386284842553
0.8080808080808081	7.777777777777778	0.00020722280690083084
0.8080808080808081	7.878787878787879	0.00019695688827514924
0.8080808080808081	7.97979797979798	0.000187316891117685
0.8080808080808081	8.080808080808081	0.00017825772059063062
0.8080808080808081	8.181818181818182	0.00016973801452788338
0.8080808080808081	8.282828282828282	0.0001617197958221929
0.8080808080808081	8.383838383838384	0.00015416816025361058
0.8080808080808081	8.484848484848484	0.0001470509969720068
0.8080808080808081	8.585858585858587	0.00014033873615144676
0.8080808080808081	8.686868686868687	0.00013400412285821564
0.8080808080808081	8.787878787878787	0.0001280220127333771
0.8080808080808081	8.88888888888889	0.0001223691877369334
0.8080808080808081	8.98989898989899	0.00011702418977493911
0.8080808080808081	9.090909090909092	0.00011196717047761299
0.8080808080808081	9.191919191919192	0.00010717975477347065
0.8080808080808081	9.292929292929292	0.00010264491785517383
0.8080808080808081	9.393939393939394	9.834687273704535e-5
0.8080808080808081	9.494949494949495	9.427096926969282e-5
0.8080808080808081	9.595959595959595	9.040360160889274e-5
0.8080808080808081	9.696969696969697	8.673212385071733e-5
0.8080808080808081	9.797979797979798	8.324477399580545e-5
0.8080808080808081	9.8989898989899	7.993060416806501e-5
0.8080808080808081	10.0	7.677941647372502e-5
0.9090909090909091	0.0	0.0
0.9090909090909091	0.10101010101010101	0.004387640780857879
0.9090909090909091	0.20202020202020202	0.017016433833504537
0.9090909090909091	0.30303030303030304	0.03632990180933221
0.9090909090909091	0.40404040404040403	0.0599483769709906
0.9090909090909091	0.5050505050505051	0.08517648246425125
0.9090909090909091	0.6060606060606061	0.10980777736495673
0.9090909090909091	0.7070707070707071	0.1326963325163215
0.9090909090909091	0.8080808080808081	0.1535988795482794
0.9090909090909091	0.9090909090909091	0.1553574802303103
0.9090909090909091	1.0101010101010102	0.15044009188840446
0.9090909090909091	1.1111111111111112	0.1418308368714354
0.9090909090909091	1.2121212121212122	0.12339870253296435
0.9090909090909091	1.3131313131313131	0.10686227905993378
0.9090909090909091	1.4141414141414141	0.09226277514435645
0.9090909090909091	1.5151515151515151	0.0795250541184551
0.9090909090909091	1.6161616161616161	0.06850677329478962
0.9090909090909091	1.7171717171717171	0.05903340560028976
0.9090909090909091	1.8181818181818181	0.05092141464890819
0.9090909090909091	1.9191919191919191	0.043992497452786564
0.9090909090909091	2.0202020202020203	0.03808153552693844
0.9090909090909091	2.121212121212121	0.03304034851830507
0.9090909090909091	2.2222222222222223	0.028738792596637537
0.9090909090909091	2.323232323232323	0.025064282349003143
0.9090909090909091	2.4242424242424243	0.021920458909271738
0.9090909090909091	2.525252525252525	0.01922546858560423
0.9090909090909091	2.6262626262626263	0.01691013639542238
0.9090909090909091	2.727272727272727	0.014916198264014467
0.9090909090909091	2.8282828282828283	0.013194677513740594
0.9090909090909091	2.9292929292929295	0.011704442570947299
0.9090909090909091	3.0303030303030303	0.010410953838420278
0.9090909090909091	3.1313131313131315	0.009285191516029023
0.9090909090909091	3.2323232323232323	0.008302748054838641
0.9090909090909091	3.3333333333333335	0.00744306572655927
0.9090909090909091	3.4343434343434343	0.006688799418683575
0.9090909090909091	3.5353535353535355	0.006025285920046957
0.9090909090909091	3.6363636363636362	0.005440102840030238
0.9090909090909091	3.7373737373737375	0.004922702432002705
0.9090909090909091	3.8383838383838382	0.004464107702290194
0.9090909090909091	3.9393939393939394	0.00405666013933332
0.9090909090909091	4.040404040404041	0.0036938101365890587
0.9090909090909091	4.141414141414141	0.0033699426864568587
0.9090909090909091	4.242424242424242	0.003080232202413643
0.9090909090909091	4.343434343434343	0.0028205214023881574
0.9090909090909091	4.444444444444445	0.0025872200798300266
0.9090909090909091	4.545454545454546	0.002377220331615931
0.9090909090909091	4.646464646464646	0.002187825419871099
0.9090909090909091	4.747474747474747	0.002016689948087655
0.9090909090909091	4.848484848484849	0.0018617694414588127
0.9090909090909091	4.94949494949495	0.0017212777588144466
0.9090909090909091	5.05050505050505	0.001593651039217862
0.9090909090909091	5.151515151515151	0.0014775171118945885
0.9090909090909091	5.252525252525253	0.0013716694833861255
0.9090909090909091	5.353535353535354	0.0012750451679101446
0.9090909090909091	5.454545454545454	0.0011867057508852356
0.9090909090909091	5.555555555555555	0.0011058211793696755
0.9090909090909091	5.656565656565657	0.0010316558559977983
0.9090909090909091	5.757575757575758	0.000963556684010092
0.9090909090909091	5.858585858585859	0.000900942768269771
0.9090909090909091	5.959595959595959	0.0008432965238884191
0.9090909090909091	6.0606060606060606	0.0007901559854198714
0.9090909090909091	6.161616161616162	0.0007411081400470414
0.9090909090909091	6.262626262626263	0.0006957831388450084
0.9090909090909091	6.363636363636363	0.0006538492588987468
0.9090909090909091	6.4646464646464645	0.0006150085122070089
0.9090909090909091	6.565656565656566	0.0005789928103806538
0.9090909090909091	6.666666666666667	0.000545560609314774
0.9090909090909091	6.767676767676767	0.000514493968161883
0.9090909090909091	6.8686868686868685	0.00048559596716353
0.9090909090909091	6.96969696969697	0.00045868843685079426
0.9090909090909091	7.070707070707071	0.0004336099578043804
0.9090909090909091	7.171717171717172	0.0004102140953257817
0.9090909090909091	7.2727272727272725	0.0003883678397257244
0.9090909090909091	7.373737373737374	0.0003679502255711231
0.9090909090909091	7.474747474747475	0.0003488511081051837
0.9090909090909091	7.575757575757576	0.00033097007632759055
0.9090909090909091	7.6767676767676765	0.00031421548751695737
0.9090909090909091	7.777777777777778	0.0002985036067829382
0.9090909090909091	7.878787878787879	0.00028375784068100716
0.9090909090909091	7.97979797979798	0.00026990805254305624
0.9090909090909091	8.080808080808081	0.00025688995046385665
0.9090909090909091	8.181818181818182	0.00024464453977331553
0.9090909090909091	8.282828282828282	0.00023311763191088652
0.9090909090909091	8.383838383838384	0.00022225940408901248
0.9090909090909091	8.484848484848484	0.00021202400324206628
0.9090909090909091	8.585858585858587	0.00020236919011755062
0.9090909090909091	8.686868686868687	0.0001932560185941147
0.9090909090909091	8.787878787878787	0.0001846485464438441
0.9090909090909091	8.88888888888889	0.0001765135744720807
0.9090909090909091	8.98989898989899	0.00016882041052061322
0.9090909090909091	9.090909090909092	0.00016154065636468635
0.9090909090909091	9.191919191919192	0.00015464801415159405
0.9090909090909091	9.292929292929292	0.00014811811153688835
0.9090909090909091	9.393939393939394	0.00014192834248271966
0.9090909090909091	9.494949494949495	0.0001360577232256722
0.9090909090909091	9.595959595959595	0.00013048676066281875
0.9090909090909091	9.696969696969697	0.00012519733301350389
0.9090909090909091	9.797979797979798	0.00012017258087817213
0.9090909090909091	9.8989898989899	0.00011539680820504891
0.9090909090909091	10.0	0.00011085539134116394
1.0101010101010102	0.0	0.0
1.0101010101010102	0.10101010101010101	0.003949100398062395
1.0101010101010102	0.20202020202020202	0.015388209986789678
1.0101010101010102	0.30303030303030304	0.03311838949354042
1.0101010101010102	0.40404040404040403	0.055258160767658666
1.0101010101010102	0.5050505050505051	0.07953414378173058
1.0101010101010102	0.6060606060606061	0.10383456123003376
1.0101010101010102	0.7070707070707071	0.1268003308161056
1.0101010101010102	0.8080808080808081	0.14796610320312176
1.0101010101010102	0.9090909090909091	0.14911048507588404
1.0101010101010102	1.0101010101010102	0.14529717727449787
1.0101010101010102	1.1111111111111112	0.14244759161273882
1.0101010101010102	1.2121212121212122	0.1400165958860822
1.0101010101010102	1.3131313131313131	0.12931694968798402
1.0101010101010102	1.4141414141414141	0.11304591691527498
1.0101010101010102	1.5151515151515151	0.0985475402273647
1.0101010101010102	1.6161616161616161	0.08577264754503432
1.0101010101010102	1.7171717171717171	0.0746079462998921
1.0101010101010102	1.8181818181818181	0.06490712659794162
1.0101010101010102	1.9191919191919191	0.05651181081480382
1.0101010101010102	2.0202020202020203	0.049264802809499644
1.0101010101010102	2.121212121212121	0.04301785192248402
1.0101010101010102	2.2222222222222223	0.03763569104383591
1.0101010101010102	2.323232323232323	0.03299765297052509
1.0101010101010102	2.4242424242424243	0.028997788690486456
1.0101010101010102	2.525252525252525	0.02554411836332829
1.0101010101010102	2.6262626262626263	0.022557431416552445
1.0101010101010102	2.727272727272727	0.01996990084684214
1.0101010101010102	2.8282828282828283	0.017723673123486217
1.0101010101010102	2.9292929292929295	0.015769525994278707
1.0101010101010102	3.0303030303030303	0.014065641765273019
1.0101010101010102	3.1313131313131315	0.012576515618531276
1.0101010101010102	3.2323232323232323	0.011272001729409717
1.0101010101010102	3.3333333333333335	0.010126490467578853
1.0101010101010102	3.4343434343434343	0.009118205154787213
1.0101010101010102	3.5353535353535355	0.008228604920156757
1.0101010101010102	3.6363636363636362	0.007441879962185816
1.0101010101010102	3.7373737373737375	0.006744526243057436
1.0101010101010102	3.8383838383838382	0.0061249878245201676
1.0101010101010102	3.9393939393939394	0.0055733564216271245
1.0101010101010102	4.040404040404041	0.005081119128342299
1.0101010101010102	4.141414141414141	0.004640946567544255
1.0101010101010102	4.242424242424242	0.004246514891519191
1.0101010101010102	4.343434343434343	0.003892356093010184
1.0101010101010102	4.444444444444445	0.0035737319794237683
1.0101010101010102	4.545454545454546	0.0032865279248739023
1.0101010101010102	4.646464646464646	0.0030271631600351377
1.0101010101010102	4.747474747474747	0.0027925148994433708
1.0101010101010102	4.848484848484849	0.0025798540593804375
1.0101010101010102	4.94949494949495	0.002386790695791683
1.0101010101010102	5.05050505050505	0.0022112276048081303
1.0101010101010102	5.151515151515151	0.002051320788990507
1.0101010101010102	5.252525252525253	0.001905445707061748
1.0101010101010102	5.353535353535354	0.0017721684047207985
1.0101010101010102	5.454545454545454	0.0016502207717238942
1.0101010101010102	5.555555555555555	0.0015384792937291891
1.0101010101010102	5.656565656565657	0.0014359467693811794
1.0101010101010102	5.757575757575758	0.0013417365483263941
1.0101010101010102	5.858585858585859	0.0012550589163126404
1.0101010101010102	5.959595959595959	0.0011752093122687198
1.0101010101010102	6.0606060606060606	0.0011015581119300853
1.0101010101010102	6.161616161616162	0.0010335417530575874
1.0101010101010102	6.262626262626263	0.0009706550120798578
1.0101010101010102	6.363636363636363	0.0009124442705612523
1.0101010101010102	6.4646464646464645	0.00085850163431486
1.0101010101010102	6.565656565656566	0.0008084597883463661
1.0101010101010102	6.666666666666667	0.000761987487548077
1.0101010101010102	6.767676767676767	0.0007187855983800804
1.0101010101010102	6.8686868686868685	0.0006785836181507979
1.0101010101010102	6.96969696969697	0.0006411366094371792
1.0101010101010102	7.070707070707071	0.0006062224959703624
1.0101010101010102	7.171717171717172	0.0005736396735754543
1.0101010101010102	7.2727272727272725	0.0005432048960473135
1.0101010101010102	7.373737373737374	0.0005147514019818625
1.0101010101010102	7.474747474747475	0.00048812725225015017
1.0101010101010102	7.575757575757576	0.0004631938523935163
1.0101010101010102	7.6767676767676765	0.0004398246379379013
1.0101010101010102	7.777777777777778	0.00041790390237598693
1.0101010101010102	7.878787878787879	0.00039732575140827286
1.0101010101010102	7.97979797979798	0.0003779931686256293
1.0101010101010102	8.080808080808081	0.000359817179312983
1.0101010101010102	8.181818181818182	0.0003427161012823121
1.0101010101010102	8.282828282828282	0.0003266148735188597
1.0101010101010102	8.383838383838384	0.00031144445221599937
1.0101010101010102	8.484848484848484	0.00029714126845059585
1.0101010101010102	8.585858585858587	0.0002836467401247023
1.0101010101010102	8.686868686868687	0.00027090683133478537
1.0101010101010102	8.787878787878787	0.00025887165566790445
1.0101010101010102	8.88888888888889	0.0002474951172035341
1.0101010101010102	8.98989898989899	0.00023673458645102422
1.0101010101010102	9.090909090909092	0.0002265506066784934
1.0101010101010102	9.191919191919192	0.00021690662791126058
1.0101010101010102	9.292929292929292	0.00020776876546077367
1.0101010101010102	9.393939393939394	0.00019910558138264145
1.0101010101010102	9.494949494949495	0.00019088788486240136
1.0101010101010102	9.595959595959595	0.0001830885513418643
1.0101010101010102	9.696969696969697	0.00017568235754261956
1.0101010101010102	9.797979797979798	0.00016864583124135034
1.0101010101010102	9.8989898989899	0.0001619571141398715
1.0101010101010102	10.0	0.00015559583650590167
1.1111111111111112	0.0	0.0
1.1111111111111112	0.10101010101010101	0.0035243514487919817
1.1111111111111112	0.20202020202020202	0.013781881803044273
1.1111111111111112	0.30303030303030304	0.02984380512435414
1.1111111111111112	0.40404040404040403	0.05023689589943384
1.1111111111111112	0.5050505050505051	0.07311765348399211
1.1111111111111112	0.6060606060606061	0.09662221447391131
1.1111111111111112	0.7070707070707071	0.11933126698581785
1.1111111111111112	0.8080808080808081	0.14054716704268932
1.1111111111111112	0.9090909090909091	0.14279784637063786
1.1111111111111112	1.0101010101010102	0.13873593114877666
1.1111111111111112	1.1111111111111112	0.13624803686285739
1.1111111111111112	1.2121212121212122	0.13480149365140717
1.1111111111111112	1.3131313131313131	0.1338648903773572
1.1111111111111112	1.4141414141414141	0.1330712795666861
1.1111111111111112	1.5151515151515151	0.11852091693704822
1.1111111111111112	1.6161616161616161	0.1042363562336291
1.1111111111111112	1.7171717171717171	0.0915327919235867
1.1111111111111112	1.8181818181818181	0.08032332010657488
1.1111111111111112	1.9191919191919191	0.0704879826847236
1.1111111111111112	2.0202020202020203	0.061892420902054324
1.1111111111111112	2.121212121212121	0.05440005025269204
1.1111111111111112	2.2222222222222223	0.04787952772917202
1.1111111111111112	2.323232323232323	0.04220894697321596
1.1111111111111112	2.4242424242424243	0.03727784514151543
1.1111111111111112	2.525252525252525	0.032987803905087355
1.1111111111111112	2.6262626262626263	0.029252190895180597
1.1111111111111112	2.727272727272727	0.025995412131201153
1.1111111111111112	2.8282828282828283	0.02315191951101474
1.1111111111111112	2.9292929292929295	0.020665128862425598
1.1111111111111112	3.0303030303030303	0.01848634343935689
1.1111111111111112	3.1313131313131315	0.016573737213027462
1.1111111111111112	3.2323232323232323	0.014891425871829872
1.1111111111111112	3.3333333333333335	0.013408636709790978
1.1111111111111112	3.4343434343434343	0.012098978397494908
1.1111111111111112	3.5353535353535355	0.010939805778701128
1.1111111111111112	3.6363636363636362	0.009911671788026169
1.1111111111111112	3.7373737373737375	0.008997857302218693
1.1111111111111112	3.8383838383838382	0.008183969526538989
1.1111111111111112	3.9393939393939394	0.0074575999209483546
1.1111111111111112	4.040404040404041	0.0068080333981603396
1.1111111111111112	4.141414141414141	0.006226001392145918
1.1111111111111112	4.242424242424242	0.005703472290879509
1.1111111111111112	4.343434343434343	0.00523347358890053
1.1111111111111112	4.444444444444445	0.004809940907403132
1.1111111111111112	4.545454545454546	0.004427589739486775
1.1111111111111112	4.646464646464646	0.004081806401786172
1.1111111111111112	4.747474747474747	0.0037685552145677787
1.1111111111111112	4.848484848484849	0.0034842993949193487
1.1111111111111112	4.94949494949495	0.0032259335437060423
1.1111111111111112	5.05050505050505	0.0029907259414750738
1.1111111111111112	5.151515151515151	0.0027762691502000525
1.1111111111111112	5.252525252525253	0.002580437657249357
1.1111111111111112	5.353535353535354	0.0024013514966038747
1.1111111111111112	5.454545454545454	0.002237344950103415
1.1111111111111112	5.555555555555555	0.0020869395741718957
1.1111111111111112	5.656565656565657	0.0019488209122142885
1.1111111111111112	5.757575757575758	0.0018218183557550116
1.1111111111111112	5.858585858585859	0.0017048876966878057
1.1111111111111112	5.959595959595959	0.0015970959861937306
1.1111111111111112	6.0606060606060606	0.0014976083716000677
1.1111111111111112	6.161616161616162	0.001405676634259974
1.1111111111111112	6.262626262626263	0.0013206291906978453
1.1111111111111112	6.363636363636363	0.0012418623565759919
1.1111111111111112	6.4646464646464645	0.0011688327007370956
1.1111111111111112	6.565656565656566	0.0011010503425306324
1.1111111111111112	6.666666666666667	0.0010380730668288758
1.1111111111111112	6.767676767676767	0.000979501148793825
1.1111111111111112	6.8686868686868685	0.0009249727950135107
1.1111111111111112	6.96969696969697	0.0008741601227857802
1.1111111111111112	7.070707070707071	0.0008267656071245537
1.1111111111111112	7.171717171717172	0.000782518937762987
1.1111111111111112	7.2727272727272725	0.0007411742340278082
1.1111111111111112	7.373737373737374	0.0007025075734362202
1.1111111111111112	7.474747474747475	0.0006663147959515924
1.1111111111111112	7.575757575757576	0.00063240954996389
1.1111111111111112	7.6767676767676765	0.0006006215514112824
1.1111111111111112	7.777777777777778	0.0005707950304530278
1.1111111111111112	7.878787878787879	0.0005427873443517997
1.1111111111111112	7.97979797979798	0.0005164677357520353
1.1111111111111112	8.080808080808081	0.000491716221684646
1.1111111111111112	8.181818181818182	0.0004684225965004961
1.1111111111111112	8.282828282828282	0.0004464855373144643
1.1111111111111112	8.383838383838384	0.0004258117995107704
1.1111111111111112	8.484848484848484	0.0004063154930640175
1.1111111111111112	8.585858585858587	0.0003879174305543853
1.1111111111111112	8.686868686868687	0.0003705445389229199
1.1111111111111112	8.787878787878787	0.0003541293287279819
1.1111111111111112	8.88888888888889	0.0003386094138727591
1.1111111111111112	8.98989898989899	0.00032392707776441476
1.1111111111111112	9.090909090909092	0.0003100288795661599
1.1111111111111112	9.191919191919192	0.0002968652978486811
1.1111111111111112	9.292929292929292	0.0002843904069485222
1.1111111111111112	9.393939393939394	0.00027256158273658874
1.1111111111111112	9.494949494949495	0.00026133923534664346
1.1111111111111112	9.595959595959595	0.00025068656579942133
1.1111111111111112	9.696969696969697	0.00024056934429489418
1.1111111111111112	9.797979797979798	0.00023095570807302678
1.1111111111111112	9.8989898989899	0.00022181597664431928
1.1111111111111112	10.0	0.00021312248365579212
1.2121212121212122	0.0	0.0
1.2121212121212122	0.10101010101010101	0.0031354581663768856
1.2121212121212122	0.20202020202020202	0.012294694194080292
1.2121212121212122	0.30303030303030304	0.026750137804163337
1.2121212121212122	0.40404040404040403	0.04534332402695177
1.2121212121212122	0.5050505050505051	0.06659880525192981
1.2121212121212122	0.6060606060606061	0.08894646433208744
1.2121212121212122	0.7070707070707071	0.11104612207796115
1.2121212121212122	0.8080808080808081	0.13206378417577946
1.2121212121212122	0.9090909090909091	0.13798604626179334
1.2121212121212122	1.0101010101010102	0.13304721193066604
1.2121212121212122	1.1111111111111112	0.12998410093670806
1.2121212121212122	1.2121212121212122	0.12839994485332945
1.2121212121212122	1.3131313131313131	0.1278615425332206
1.2121212121212122	1.4141414141414141	0.12792664361959707
1.2121212121212122	1.5151515151515151	0.12820741931121352
1.2121212121212122	1.6161616161616161	0.12341086796443221
1.2121212121212122	1.7171717171717171	0.10941184537965346
1.2121212121212122	1.8181818181818181	0.09685528205525992
1.2121212121212122	1.9191919191919191	0.08567697109128991
1.2121212121212122	2.0202020202020203	0.07578037417262168
1.2121212121212122	2.121212121212121	0.0670530206415911
1.2121212121212122	2.2222222222222223	0.059377554217358
1.2121212121212122	2.323232323232323	0.05263879443002015
1.2121212121212122	2.4242424242424243	0.04672795698543203
1.2121212121212122	2.525252525252525	0.04154491921157853
1.2121212121212122	2.6262626262626263	0.036999185514461214
1.2121212121212122	2.727272727272727	0.033010021251418546
1.2121212121212122	2.8282828282828283	0.029506081226642514
1.2121212121212122	2.9292929292929295	0.026424754406160045
1.2121212121212122	3.0303030303030303	0.023711371465458656
1.2121212121212122	3.1313131313131315	0.021318369165647277
1.2121212121212122	3.2323232323232323	0.019204469342181507
1.2121212121212122	3.3333333333333335	0.017333905860373238
1.2121212121212122	3.4343434343434343	0.01567571677060653
1.2121212121212122	3.5353535353535355	0.0142031085410117
1.2121212121212122	3.6363636363636362	0.012892892828525238
1.2121212121212122	3.7373737373737375	0.011724992477349039
1.2121212121212122	3.8383838383838382	0.010682011402502559
1.2121212121212122	3.9393939393939394	0.009748862107479717
1.2121212121212122	4.040404040404041	0.008912444371483641
1.2121212121212122	4.141414141414141	0.008161368846741667
1.2121212121212122	4.242424242424242	0.0074857197397311115
1.2121212121212122	4.343434343434343	0.00687685129497304
1.2121212121212122	4.444444444444445	0.006327213379612677
1.2121212121212122	4.545454545454546	0.005830202038150233
1.2121212121212122	4.646464646464646	0.0053800314224999
1.2121212121212122	4.747474747474747	0.004971623990962815
1.2121212121212122	4.848484848484849	0.004600516305602448
1.2121212121212122	4.94949494949495	0.004262778141926495
1.2121212121212122	5.05050505050505	0.003954942957503355
1.2121212121212122	5.151515151515151	0.003673948055729228
1.2121212121212122	5.252525252525253	0.003417083028717741
1.2121212121212122	5.353535353535354	0.0031819452732982693
1.2121212121212122	5.454545454545454	0.002966401557680095
1.2121212121212122	5.555555555555555	0.002768554766355816
1.2121212121212122	5.656565656565657	0.0025867150837971848
1.2121212121212122	5.757575757575758	0.002419374986394665
1.2121212121212122	5.858585858585859	0.002265187506336419
1.2121212121212122	5.959595959595959	0.0021229473102418587
1.2121212121212122	6.0606060606060606	0.001991574202693334
1.2121212121212122	6.161616161616162	0.0018700987214839149
1.2121212121212122	6.262626262626263	0.0017576495404802994
1.2121212121212122	6.363636363636363	0.0016534424356894463
1.2121212121212122	6.4646464646464645	0.0015567706065380271
1.2121212121212122	6.565656565656566	0.0014669961727076242
1.2121212121212122	6.666666666666667	0.0013835426925968882
1.2121212121212122	6.767676767676767	0.001305888571241623
1.2121212121212122	6.8686868686868685	0.0012335612431137203
1.2121212121212122	6.96969696969697	0.001166132031441767
1.2121212121212122	7.070707070707071	0.001103211599141907
1.2121212121212122	7.171717171717172	0.0010444459173839953
1.2121212121212122	7.2727272727272725	0.0009895126879466698
1.2121212121212122	7.373737373737374	0.0009381181643142794
1.2121212121212122	7.474747474747475	0.0008899943226983989
1.2121212121212122	7.575757575757576	0.0008448963420090716
1.2121212121212122	7.6767676767676765	0.0008026003551162564
1.2121212121212122	7.777777777777778	0.0007629014405951128
1.2121212121212122	7.878787878787879	0.0007256118265146494
1.2121212121212122	7.97979797979798	0.0006905592816078832
1.2121212121212122	8.080808080808081	0.0006575856735250891
1.2121212121212122	8.181818181818182	0.0006265456741266715
1.2121212121212122	8.282828282828282	0.0005973055964659801
1.2121212121212122	8.383838383838384	0.000569742347876101
1.2121212121212122	8.484848484848484	0.0005437424876582608
1.2121212121212122	8.585858585858587	0.0005192013769583226
1.2121212121212122	8.686868686868687	0.00049602241161389
1.2121212121212122	8.787878787878787	0.00047411632887888795
1.2121212121212122	8.88888888888889	0.000453400580128266
1.2121212121212122	8.98989898989899	0.00043379876335266216
1.2121212121212122	9.090909090909092	0.0004152401081576324
1.2121212121212122	9.191919191919192	0.0003976590089208587
1.2121212121212122	9.292929292929292	0.00038099460076010784
1.2121212121212122	9.393939393939394	0.00036519037363034383
1.2121212121212122	9.494949494949495	0.0003501938217949464
1.2121212121212122	9.595959595959595	0.00033595612470457695
1.2121212121212122	9.696969696969697	0.00032243185483332715
1.2121212121212122	9.797979797979798	0.0003095787127633809
1.2121212121212122	9.8989898989899	0.00029735728433633035
1.2121212121212122	10.0	0.00028573081855770566
1.3131313131313131	0.0	0.0
1.3131313131313131	0.10101010101010101	0.0027891744718561546
1.3131313131313131	0.20202020202020202	0.01096080787822575
1.3131313131313131	0.30303030303030304	0.02393846517029651
1.3131313131313131	0.40404040404040403	0.04080325566472531
1.3131313131313131	0.5050505050505051	0.06037418287780172
1.3131313131313131	0.6060606060606061	0.0813555275727995
1.3131313131313131	0.7070707070707071	0.10255637050125103
1.3131313131313131	0.8080808080808081	0.12311287576917754
1.3131313131313131	0.9090909090909091	0.1350439052428089
1.3131313131313131	1.0101010101010102	0.12900058270989695
1.3131313131313131	1.1111111111111112	0.12497662343293886
1.3131313131313131	1.2121212121212122	0.12265953231337816
1.3131313131313131	1.3131313131313131	0.12170551159165331
1.3131313131313131	1.4141414141414141	0.12175682848565672
1.3131313131313131	1.5151515151515151	0.12245477567878811
1.3131313131313131	1.6161616161616161	0.1234621038355412
1.3131313131313131	1.7171717171717171	0.12451462034595738
1.3131313131313131	1.8181818181818181	0.11413846941184266
1.3131313131313131	1.9191919191919191	0.10178116345077429
1.3131313131313131	2.0202020202020203	0.09069061035933387
1.3131313131313131	2.121212121212121	0.08079045860859128
1.3131313131313131	2.2222222222222223	0.0719876115723506
1.3131313131313131	2.323232323232323	0.06418213801248462
1.3131313131313131	2.4242424242424243	0.057273846865429294
1.3131313131313131	2.525252525252525	0.051166420955226596
1.3131313131313131	2.6262626262626263	0.0457698237968143
1.3131313131313131	2.727272727272727	0.041001521349064374
1.3131313131313131	2.8282828282828283	0.03678691610037625
1.3131313131313131	2.9292929292929295	0.03305927746098068
1.3131313131313131	3.0303030303030303	0.02975936688428119
1.3131313131313131	3.1313131313131315	0.026834893330110215
1.3131313131313131	3.2323232323232323	0.02423988951843494
1.3131313131313131	3.3333333333333335	0.02193406751755586
1.3131313131313131	3.4343434343434343	0.019882190049042396
1.3131313131313131	3.5353535353535355	0.0180534787633401
1.3131313131313131	3.6363636363636362	0.016421070618043432
1.3131313131313131	3.7373737373737375	0.014961526880172826
1.3131313131313131	3.8383838383838382	0.013654395095030636
1.3131313131313131	3.9393939393939394	0.012481821845675256
1.3131313131313131	4.040404040404041	0.011428212720272501
1.3131313131313131	4.141414141414141	0.01047993523121292
1.3131313131313131	4.242424242424242	0.009625060223614312
1.3131313131313131	4.343434343434343	0.008853137393447508
1.3131313131313131	4.444444444444445	0.008155000786824726
1.3131313131313131	4.545454545454546	0.007522600488711673
1.3131313131313131	4.646464646464646	0.0069488570853373744
1.3131313131313131	4.747474747474747	0.006427535861498206
1.3131313131313131	4.848484848484849	0.005953138057715182
1.3131313131313131	4.94949494949495	0.005520806848584704
1.3131313131313131	5.05050505050505	0.005126246009668378
1.3131313131313131	5.151515151515151	0.004765649512705516
1.3131313131313131	5.252525252525253	0.004435640530925518
1.3131313131313131	5.353535353535354	0.004133218546054228
1.3131313131313131	5.454545454545454	0.0038557134332585876
1.3131313131313131	5.555555555555555	0.003600745558196323
1.3131313131313131	5.656565656565657	0.003366191057311352
1.3131313131313131	5.757575757575758	0.003150151590875735
1.3131313131313131	5.858585858585859	0.0029509279581244772
1.3131313131313131	5.959595959595959	0.0027669970514432704
1.3131313131313131	6.0606060606060606	0.002596991699663381
1.3131313131313131	6.161616161616162	0.0024396830145834146
1.3131313131313131	6.262626262626263	0.002293964908569588
1.3131313131313131	6.363636363636363	0.002158840497757925
1.3131313131313131	6.4646464646464645	0.0020334101443773827
1.3131313131313131	6.565656565656566	0.0019168609268662485
1.3131313131313131	6.666666666666667	0.0018084573535712652
1.3131313131313131	6.767676767676767	0.0017075331634166524
1.3131313131313131	6.8686868686868685	0.001613484075168703
1.3131313131313131	6.96969696969697	0.0015257613677416386
1.3131313131313131	7.070707070707071	0.001443866188852279
1.3131313131313131	7.171717171717172	0.0013673445021948046
1.3131313131313131	7.2727272727272725	0.0012957825962149143
1.3131313131313131	7.373737373737374	0.0012288030867014937
1.3131313131313131	7.474747474747475	0.0011660613545658141
1.3131313131313131	7.575757575757576	0.0011072423671485629
1.3131313131313131	7.6767676767676765	0.0010520578387949182
1.3131313131313131	7.777777777777778	0.0010002436911685374
1.3131313131313131	7.878787878787879	0.0009515577785588203
1.3131313131313131	7.97979797979798	0.0009057778488857915
1.3131313131313131	8.080808080808081	0.0008626997133185413
1.3131313131313131	8.181818181818182	0.000822135601702859
1.3131313131313131	8.282828282828282	0.000783912682616017
1.3131313131313131	8.383838383838384	0.0007478717310844907
1.3131313131313131	8.484848484848484	0.000713865926992463
1.3131313131313131	8.585858585858587	0.0006817597708727585
1.3131313131313131	8.686868686868687	0.0006514281041998804
1.3131313131313131	8.787878787878787	0.0006227552231480148
1.3131313131313131	8.88888888888889	0.0005956340768561182
1.3131313131313131	8.98989898989899	0.0005699655401950989
1.3131313131313131	9.090909090909092	0.0005456577543980142
1.3131313131313131	9.191919191919192	0.0005226255285876505
1.3131313131313131	9.292929292929292	0.0005007897951741318
1.3131313131313131	9.393939393939394	0.0004800771150702543
1.3131313131313131	9.494949494949495	0.0004604192272505414
1.3131313131313131	9.595959595959595	0.00044175263751074917
1.3131313131313131	9.696969696969697	0.00042401824407861666
1.3131313131313131	9.797979797979798	0.00040716099563046457
1.3131313131313131	9.8989898989899	0.0003911295784391857
1.3131313131313131	10.0	0.00037587613073719606
1.4141414141414141	0.0	0.0
1.4141414141414141	0.10101010101010101	0.002485039353776343
1.4141414141414141	0.20202020202020202	0.00978329774485049
1.4141414141414141	0.30303030303030304	0.021433419286300662
1.4141414141414141	0.40404040404040403	0.03669972873067608
1.4141414141414141	0.5050505050505051	0.05463182956400351
1.4141414141414141	0.6060606060606061	0.07416702527701065
1.4141414141414141	0.7070707070707071	0.09428022323434661
1.4141414141414141	0.8080808080808081	0.11414877908276624
1.4141414141414141	0.9090909090909091	0.13325751734014105
1.4141414141414141	1.0101010101010102	0.12670446561600926
1.4141414141414141	1.1111111111111112	0.12157953429913322
1.4141414141414141	1.2121212121212122	0.11828315542442817
1.4141414141414141	1.3131313131313131	0.116531424410584
1.4141414141414141	1.4141414141414141	0.11602560125292773
1.4141414141414141	1.5151515151515151	0.11646518999419603
1.4141414141414141	1.6161616161616161	0.11755586047933045
1.4141414141414141	1.7171717171717171	0.11901796695210928
1.4141414141414141	1.8181818181818181	0.12060609704920772
1.4141414141414141	1.9191919191919191	0.11846854226011294
1.4141414141414141	2.0202020202020203	0.10634583598297574
1.4141414141414141	2.121212121212121	0.09538491933083174
1.4141414141414141	2.2222222222222223	0.08552649012544415
1.4141414141414141	2.323232323232323	0.07669426978047945
1.4141414141414141	2.4242424242424243	0.06880381135507306
1.4141414141414141	2.525252525252525	0.061768540886136494
1.4141414141414141	2.6262626262626263	0.05550372025923177
1.4141414141414141	2.727272727272727	0.04992889995520795
1.4141414141414141	2.8282828282828283	0.04496930519458318
1.4141414141414141	2.9292929292929295	0.04055648921227533
1.4141414141414141	3.0303030303030303	0.036628498237153966
1.4141414141414141	3.1313131313131315	0.03312972360387884
1.4141414141414141	3.2323232323232323	0.030010564377632543
1.4141414141414141	3.3333333333333335	0.027226985539353085
1.4141414141414141	3.4343434343434343	0.02474002902861931
1.4141414141414141	3.5353535353535355	0.02251531515782543
1.4141414141414141	3.6363636363636362	0.02052255801437508
1.4141414141414141	3.7373737373737375	0.018735108856825874
1.4141414141414141	3.8383838383838382	0.01712953498301378
1.4141414141414141	3.9393939393939394	0.015685237211060743
1.4141414141414141	4.040404040404041	0.01438410631558118
1.4141414141414141	4.141414141414141	0.013210217029592464
1.4141414141414141	4.242424242424242	0.012149557221129204
1.4141414141414141	4.343434343434343	0.011189789340052103
1.4141414141414141	4.444444444444445	0.010320041040233763
1.4141414141414141	4.545454545454546	0.009530721894820626
1.4141414141414141	4.646464646464646	0.008813363260146811
1.4141414141414141	4.747474747474747	0.008160478549971843
1.4141414141414141	4.848484848484849	0.00756544142335705
1.4141414141414141	4.94949494949495	0.007022379638421449
1.4141414141414141	5.05050505050505	0.0065260825720178505
1.4141414141414141	5.151515151515151	0.00607192063674067
1.4141414141414141	5.252525252525253	0.005655775042139766
1.4141414141414141	5.353535353535354	0.005273976541699589
1.4141414141414141	5.454545454545454	0.004923251981445674
1.4141414141414141	5.555555555555555	0.00460067762066482
1.4141414141414141	5.656565656565657	0.004303638331293464
1.4141414141414141	5.757575757575758	0.0040297919018629225
1.4141414141414141	5.858585858585859	0.003777037775681107
1.4141414141414141	5.959595959595959	0.0035434896425584174
1.4141414141414141	6.0606060606060606	0.0033274513828720786
1.4141414141414141	6.161616161616162	0.0031273959296046305
1.4141414141414141	6.262626262626263	0.0029419466718665333
1.4141414141414141	6.363636363636363	0.0027698610754705345
1.4141414141414141	6.4646464646464645	0.002610016238687977
1.4141414141414141	6.565656565656566	0.002461396138385217
1.4141414141414141	6.666666666666667	0.0023230803556500185
1.4141414141414141	6.767676767676767	0.0021942340965581363
1.4141414141414141	6.8686868686868685	0.002074099348413532
1.4141414141414141	6.96969696969697	0.001961987033184005
1.4141414141414141	7.070707070707071	0.001857270036396242
1.4141414141414141	7.171717171717172	0.0017593770072092951
1.4141414141414141	7.2727272727272725	0.0016677868366490323
1.4141414141414141	7.373737373737374	0.00158202373519023
1.4141414141414141	7.474747474747475	0.0015016528382965078
1.4141414141414141	7.575757575757576	0.0014262762795493272
1.4141414141414141	7.6767676767676765	0.0013555296770720502
1.4141414141414141	7.777777777777778	0.0012890789862226063
1.4141414141414141	7.878787878787879	0.0012266176774695658
1.4141414141414141	7.97979797979798	0.0011678642028638548
1.4141414141414141	8.080808080808081	0.0011125597186688516
1.4141414141414141	8.181818181818182	0.0010604660371197868
1.4141414141414141	8.282828282828282	0.0010113637808202292
1.4141414141414141	8.383838383838384	0.0009650507192549957
1.4141414141414141	8.484848484848484	0.000921340267660938
1.4141414141414141	8.585858585858587	0.0008800601299930716
1.4141414141414141	8.686868686868687	0.0008410510722830223
1.4141414141414141	8.787878787878787	0.0008041658120031425
1.4141414141414141	8.88888888888889	0.0007692680116077445
1.4141414141414141	8.98989898989899	0.0007362313658959246
1.4141414141414141	9.090909090909092	0.0007049387728551156
1.4141414141414141	9.191919191919192	0.000675281581038787
1.4141414141414141	9.292929292929292	0.0006471589043121256
1.4141414141414141	9.393939393939394	0.0006204769981479636
1.4141414141414141	9.494949494949495	0.0005951486913179926
1.4141414141414141	9.595959595959595	0.0005710928683895476
1.4141414141414141	9.696969696969697	0.0005482339954946746
1.4141414141414141	9.797979797979798	0.0005265016894892864
1.4141414141414141	9.8989898989899	0.0005058303219054316
1.4141414141414141	10.0	0.00048615865796475255
1.5151515151515151	0.0	0.0
1.5151515151515151	0.10101010101010101	0.0022196119334996767
1.5151515151515151	0.20202020202020202	0.008751735802741568
1.5151515151515151	0.30303030303030304	0.019223821296776675
1.5151515151515151	0.40404040404040403	0.03304170193610156
1.5151515151515151	0.5050505050505051	0.049435170019684234
1.5151515151515151	0.6060606060606061	0.06753198357129048
1.5151515151515151	0.7070707070707071	0.08646279585242474
1.5151515151515151	0.8080808080808081	0.10548049963027707
1.5151515151515151	0.9090909090909091	0.12405221270282811
1.5151515151515151	1.0101010101010102	0.12602805449052334
1.5151515151515151	1.1111111111111112	0.11978140356462595
1.5151515151515151	1.2121212121212122	0.11541775198578183
1.5151515151515151	1.3131313131313131	0.11270440624982236
1.5151515151515151	1.4141414141414141	0.11138679186344748
1.5151515151515151	1.5151515151515151	0.1112046945209973
1.5151515151515151	1.6161616161616161	0.11190230189242863
1.5151515151515151	1.7171717171717171	0.11323382416749467
1.5151515151515151	1.8181818181818181	0.11496736271122979
1.5151515151515151	1.9191919191919191	0.11689184286647053
1.5151515151515151	2.0202020202020203	0.11883351953676706
1.5151515151515151	2.121212121212121	0.11058073862573825
1.5151515151515151	2.2222222222222223	0.09978003458055874
1.5151515151515151	2.323232323232323	0.08999861242709639
1.5151515151515151	2.4242424242424243	0.08117459472479922
1.5151515151515151	2.525252525252525	0.07323710474598084
1.5151515151515151	2.6262626262626263	0.0661117578694676
1.5151515151515151	2.727272727272727	0.05972439656325218
1.5151515151515151	2.8282828282828283	0.05400351626162424
1.5151515151515151	2.9292929292929295	0.04888174168137583
1.5151515151515151	3.0303030303030303	0.04429663127038324
1.5151515151515151	3.1313131313131315	0.04019101837741205
1.5151515151515151	3.2323232323232323	0.036513042494125236
1.5151515151515151	3.3333333333333335	0.033215981249740276
1.5151515151515151	3.4343434343434343	0.030257961650575826
1.5151515151515151	3.5353535353535355	0.02760160520329588
1.5151515151515151	3.6363636363636362	0.025213644146227936
1.5151515151515151	3.7373737373737375	0.023064533466791604
1.5151515151515151	3.8383838383838382	0.02112807446345639
1.5151515151515151	3.9393939393939394	0.019381059358545727
1.5151515151515151	4.040404040404041	0.017802942155237412
1.5151515151515151	4.141414141414141	0.01637553801738243
1.5151515151515151	4.242424242424242	0.01508275153042904
1.5151515151515151	4.343434343434343	0.013910332983561702
1.5151515151515151	4.444444444444445	0.012845661082305115
1.5151515151515151	4.545454545454546	0.011877550105779955
1.5151515151515151	4.646464646464646	0.010996079350204191
1.5151515151515151	4.747474747474747	0.01019244267703509
1.5151515151515151	4.848484848484849	0.009458816052423824
1.5151515151515151	4.94949494949495	0.008788241088178994
1.5151515151515151	5.05050505050505	0.008174522747389286
1.5151515151515151	5.151515151515151	0.007612139544788565
1.5151515151515151	5.252525252525253	0.007096164736660807
1.5151515151515151	5.353535353535354	0.0066221971585004305
1.5151515151515151	5.454545454545454	0.00618630051801355
1.5151515151515151	5.555555555555555	0.0057849500919358735
1.5151515151515151	5.656565656565657	0.00541498590019308
1.5151515151515151	5.757575757575758	0.005073571545739563
1.5151515151515151	5.858585858585859	0.004758158008542036
1.5151515151515151	5.959595959595959	0.004466451772301694
1.5151515151515151	6.0606060606060606	0.004196386741652692
1.5151515151515151	6.161616161616162	0.003946099475513704
1.5151515151515151	6.262626262626263	0.003713907325217121
1.5151515151515151	6.363636363636363	0.0034982891159598176
1.5151515151515151	6.4646464646464645	0.003297868059483377
1.5151515151515151	6.565656565656566	0.0031113966234992277
1.5151515151515151	6.666666666666667	0.0029377431195413543
1.5151515151515151	6.767676767676767	0.0027758798013302966
1.5151515151515151	6.8686868686868685	0.0026248722919320444
1.5151515151515151	6.96969696969697	0.0024838701809572847
1.5151515151515151	7.070707070707071	0.0023520986530164087
1.5151515151515151	7.171717171717172	0.0022288510262884905
1.5151515151515151	7.2727272727272725	0.002113482094506162
1.5151515151515151	7.373737373737374	0.0020054021801326942
1.5151515151515151	7.474747474747475	0.001904071815897572
1.5151515151515151	7.575757575757576	0.001808996984058214
1.5151515151515151	7.6767676767676765	0.001719724849553278
1.5151515151515151	7.777777777777778	0.001635839932504694
1.5151515151515151	7.878787878787879	0.0015569606702827699
1.5151515151515151	7.97979797979798	0.0014827363271887606
1.5151515151515151	8.080808080808081	0.0014128442129069385
1.5151515151515151	8.181818181818182	0.0013469871768159055
1.5151515151515151	8.282828282828282	0.0012848913482917644
1.5151515151515151	8.383838383838384	0.0012263040971110264
1.5151515151515151	8.484848484848484	0.00117099218997474
1.5151515151515151	8.585858585858587	0.0011187401235916144
1.5151515151515151	8.686868686868687	0.001069348615396179
1.5151515151515151	8.787878787878787	0.001022633235616951
1.5151515151515151	8.88888888888889	0.000978423167079542
1.5151515151515151	8.98989898989899	0.0009365600781979426
1.5151515151515151	9.090909090909092	0.0008968971001181045
1.5151515151515151	9.191919191919192	0.0008592978951542441
1.5151515151515151	9.292929292929292	0.0008236358098127061
1.5151515151515151	9.393939393939394	0.0007897931023329562
1.5151515151515151	9.494949494949495	0.0007576602386763525
1.5151515151515151	9.595959595959595	0.0007271352495961531
1.5151515151515151	9.696969696969697	0.0006981231440491674
1.5151515151515151	9.797979797979798	0.000670535372106665
1.5151515151515151	9.8989898989899	0.0006442893341116997
1.5151515151515151	10.0	0.0006193079311790436
1.6161616161616161	0.0	0.0
1.6161616161616161	0.10101010101010101	0.0019884939147290824
1.6161616161616161	0.20202020202020202	0.00785082990182313
1.6161616161616161	0.30303030303030304	0.017283804061657172
1.6161616161616161	0.40404040404040403	0.029803711870697296
1.6161616161616161	0.5050505050505051	0.04478184719813142
1.6161616161616161	0.6060606060606061	0.06149955973067511
1.6161616161616161	0.7070707070707071	0.07922371114015592
1.6161616161616161	0.8080808080808081	0.09729323872855657
1.6161616161616161	0.9090909090909091	0.11519319305694703
1.6161616161616161	1.0101010101010102	0.12674888541585771
1.6161616161616161	1.1111111111111112	0.11943151383275975
1.6161616161616161	1.2121212121212122	0.11399854725472414
1.6161616161616161	1.3131313131313131	0.11026781006687135
1.6161616161616161	1.4141414141414141	0.10802564217440362
1.6161616161616161	1.5151515151515151	0.10704537113981849
1.6161616161616161	1.6161616161616161	0.10709978264777462
1.6161616161616161	1.7171717171717171	0.10796890469399154
1.6161616161616161	1.8181818181818181	0.10944427385474081
1.6161616161616161	1.9191919191919191	0.1113311180424729
1.6161616161616161	2.0202020202020203	0.11345074727520628
1.6161616161616161	2.121212121212121	0.11564669355566944
1.6161616161616161	2.2222222222222223	0.11451424927592341
1.6161616161616161	2.323232323232323	0.1038956099666644
1.6161616161616161	2.4242424242424243	0.09421842000521438
1.6161616161616161	2.525252525252525	0.08543301137779276
1.6161616161616161	2.6262626262626263	0.07748028029698632
1.6161616161616161	2.727272727272727	0.07029663562471156
1.6161616161616161	2.8282828282828283	0.0638174720871511
1.6161616161616161	2.9292929292929295	0.057979516875910055
1.6161616161616161	3.0303030303030303	0.05272233860459778
1.6161616161616161	3.1313131313131315	0.04798924777397426
1.6161616161616161	3.2323232323232323	0.04372776509613343
1.6161616161616161	3.3333333333333335	0.039889790405457946
1.6161616161616161	3.4343434343434343	0.03643157026203546
1.6161616161616161	3.5353535353535355	0.033313535594624896
1.6161616161616161	3.6363636363636362	0.030500060448129883
1.6161616161616161	3.7373737373737375	0.027959177756197818
1.6161616161616161	3.8383838383838382	0.025662276897605335
1.6161616161616161	3.9393939393939394	0.02358379966602982
1.6161616161616161	4.040404040404041	0.021700945430806265
1.6161616161616161	4.141414141414141	0.019993392109450163
1.6161616161616161	4.242424242424242	0.018443036661389665
1.6161616161616161	4.343434343434343	0.01703375681025454
1.6161616161616161	4.444444444444445	0.015751194358235354
1.6161616161616161	4.545454545454546	0.014582559580615273
1.6161616161616161	4.646464646464646	0.013516455648400871
1.6161616161616161	4.747474747474747	0.012542721716102934
1.6161616161616161	4.848484848484849	0.01165229316422689
1.6161616161616161	4.94949494949495	0.010837077441812948
1.6161616161616161	5.05050505050505	0.0100898439833394
1.6161616161616161	5.151515151515151	0.00940412674496894
1.6161616161616161	5.252525252525253	0.008774138002038523
1.6161616161616161	5.353535353535354	0.008194692157603118
1.6161616161616161	5.454545454545454	0.007661138426380966
1.6161616161616161	5.555555555555555	0.007169301369273014
1.6161616161616161	5.656565656565657	0.006715428360107196
1.6161616161616161	5.757575757575758	0.006296143167468139
1.6161616161616161	5.858585858585859	0.005908404924383159
1.6161616161616161	5.959595959595959	0.005549471844453507
1.6161616161616161	6.0606060606060606	0.005216869116403709
1.6161616161616161	6.161616161616162	0.004908360477766271
1.6161616161616161	6.262626262626263	0.004621923027820855
1.6161616161616161	6.363636363636363	0.004355724893251138
1.6161616161616161	6.4646464646464645	0.004108105407110125
1.6161616161616161	6.565656565656566	0.003877557503003262
1.6161616161616161	6.666666666666667	0.003662712062941583
1.6161616161616161	6.767676767676767	0.003462323988610757
1.6161616161616161	6.8686868686868685	0.0032752597956607348
1.6161616161616161	6.96969696969697	0.00310048655249706
1.6161616161616161	7.070707070707071	0.002937062009553227
1.6161616161616161	7.171717171717172	0.0027841257808439144
1.6161616161616161	7.2727272727272725	0.002640891458966493
1.6161616161616161	7.373737373737374	0.002506639557477481
1.6161616161616161	7.474747474747475	0.002380711186648342
1.6161616161616161	7.575757575757576	0.0022625023821095836
1.6161616161616161	7.6767676767676765	0.0021514590128552946
1.6161616161616161	7.777777777777778	0.0020470722053334417
1.6161616161616161	7.878787878787879	0.0019488742273509262
1.6161616161616161	7.97979797979798	0.00185643478185045
1.6161616161616161	8.080808080808081	0.0017693576661358015
1.6161616161616161	8.181818181818182	0.0016872777585813707
1.6161616161616161	8.282828282828282	0.0016098582966812547
1.6161616161616161	8.383838383838384	0.0015367884178358856
1.6161616161616161	8.484848484848484	0.0014677809331320457
1.6161616161616161	8.585858585858587	0.001402570312413201
1.6161616161616161	8.686868686868687	0.00134091085746433
1.6161616161616161	8.787878787878787	0.0012825750450114796
1.6161616161616161	8.88888888888889	0.001227352021373052
1.6161616161616161	8.98989898989899	0.0011750462352780942
1.6161616161616161	9.090909090909092	0.001125476193942622
1.6161616161616161	9.191919191919192	0.0010784733301383391
1.6161616161616161	9.292929292929292	0.0010338809704494546
1.6161616161616161	9.393939393939394	0.0009915533942299604
1.6161616161616161	9.494949494949495	0.0009513549746428104
1.6161616161616161	9.595959595959595	0.0009131593939531367
1.6161616161616161	9.696969696969697	0.0008768489265939865
1.6161616161616161	9.797979797979798	0.0008423137826006289
1.6161616161616161	9.8989898989899	0.0008094515070185431
1.6161616161616161	10.0	0.0007781664291917623
1.7171717171717171	0.0	0.0
1.7171717171717171	0.10101010101010101	0.0017872441461877324
1.7171717171717171	0.20202020202020202	0.007064439569395651
1.7171717171717171	0.30303030303030304	0.015583090668034701
1.7171717171717171	0.40404040404040403	0.026946580450063356
1.7171717171717171	0.5050505050505051	0.04063814383333139
1.7171717171717171	0.6060606060606061	0.056062705670653225
1.7171717171717171	0.7070707070707071	0.07260247353340958
1.7171717171717171	0.8080808080808081	0.08968051155910182
1.7171717171717171	0.9090909090909091	0.1068184521859077
1.7171717171717171	1.0101010101010102	0.12367091725821344
1.7171717171717171	1.1111111111111112	0.12032479057944545
1.7171717171717171	1.2121212121212122	0.11387518214670353
1.7171717171717171	1.3131313131313131	0.10913541167902067
1.7171717171717171	1.4141414141414141	0.10593333537118813
1.7171717171717171	1.5151515151515151	0.10407523249605977
1.7171717171717171	1.6161616161616161	0.1033599542372035
1.7171717171717171	1.7171717171717171	0.10358856782968641
1.7171717171717171	1.8181818181818181	0.10457043661819908
1.7171717171717171	1.9191919191919191	0.10612655748439058
1.7171717171717171	2.0202020202020203	0.10809103299664531
1.7171717171717171	2.121212121212121	0.11031187415127564
1.7171717171717171	2.2222222222222223	0.11265294484857957
1.7171717171717171	2.323232323232323	0.11499933916559416
1.7171717171717171	2.4242424242424243	0.10775070601244897
1.7171717171717171	2.525252525252525	0.09819846917703189
1.7171717171717171	2.6262626262626263	0.08947607308717263
1.7171717171717171	2.727272727272727	0.08153455058789909
1.7171717171717171	2.8282828282828283	0.0743197902664673
1.7171717171717171	2.9292929292929295	0.06777573223353552
1.7171717171717171	3.0303030303030303	0.06184660011129419
1.7171717171717171	3.1313131313131315	0.05647839969175139
1.7171717171717171	3.2323232323232323	0.05161987197137229
1.7171717171717171	3.3333333333333335	0.04722304850927878
1.7171717171717171	3.4343434343434343	0.04324352300099126
1.7171717171717171	3.5353535353535355	0.039640525143594764
1.7171717171717171	3.6363636363636362	0.03637686083709569
1.7171717171717171	3.7373737373737375	0.03341876568660207
1.7171717171717171	3.8383838383838382	0.030735705743503063
1.7171717171717171	3.9393939393939394	0.02830014961411388
1.7171717171717171	4.040404040404041	0.026087328765370055
1.7171717171717171	4.141414141414141	0.024074997480228337
1.7171717171717171	4.242424242424242	0.022243199998700783
1.7171717171717171	4.343434343434343	0.020574049560429342
1.7171717171717171	4.444444444444445	0.019051522061199033
1.7171717171717171	4.545454545454546	0.017661265634242817
1.7171717171717171	4.646464646464646	0.01639042650958733
1.7171717171717171	4.747474747474747	0.015227490865832083
1.7171717171717171	4.848484848484849	0.014162141982569043
1.7171717171717171	4.94949494949495	0.013185131757504326
1.7171717171717171	5.05050505050505	0.012288165525409997
1.7171717171717171	5.151515151515151	0.011463799065853708
1.7171717171717171	5.252525252525253	0.010705346691716189
1.7171717171717171	5.353535353535354	0.010006799347918559
1.7171717171717171	5.454545454545454	0.009362751710036017
1.7171717171717171	5.555555555555555	0.008768337343071808
1.7171717171717171	5.656565656565657	0.008219171058052775
1.7171717171717171	5.757575757575758	0.007711297680176088
1.7171717171717171	5.858585858585859	0.007241146519005122
1.7171717171717171	5.959595959595959	0.006805490902273464
1.7171717171717171	6.0606060606060606	0.006401412201556989
1.7171717171717171	6.161616161616162	0.006026267840634425
1.7171717171717171	6.262626262626263	0.005677662832696774
1.7171717171717171	6.363636363636363	0.005353424444054481
1.7171717171717171	6.4646464646464645	0.005051579626991622
1.7171717171717171	6.565656565656566	0.004770334906626269
1.7171717171717171	6.666666666666667	0.00450805844159204
1.7171717171717171	6.767676767676767	0.004263264011916304
1.7171717171717171	6.8686868686868685	0.004034596716440802
1.7171717171717171	6.96969696969697	0.003820820185008493
1.7171717171717171	7.070707070707071	0.0036208051384393493
1.7171717171717171	7.171717171717172	0.003433519142263744
1.7171717171717171	7.2727272727272725	0.0032580174241443214
1.7171717171717171	7.373737373737374	0.003093434636105208
1.7171717171717171	7.474747474747475	0.0029389774577145357
1.7171717171717171	7.575757575757576	0.0027939179492635358
1.7171717171717171	7.6767676767676765	0.0026575875723629356
1.7171717171717171	7.777777777777778	0.002529371807341823
1.7171717171717171	7.878787878787879	0.0024087053021251167
1.7171717171717171	7.97979797979798	0.002295067497881546
1.7171717171717171	8.080808080808081	0.0021879786787968834
1.7171717171717171	8.181818181818182	0.0020869964038647826
1.7171717171717171	8.282828282828282	0.0019917122800161557
1.7171717171717171	8.383838383838384	0.0019017490403911322
1.7171717171717171	8.484848484848484	0.0018167578981254096
1.7171717171717171	8.585858585858587	0.0017364161468769674
1.7171717171717171	8.686868686868687	0.0016604249828390232
1.7171717171717171	8.787878787878787	0.0015885075273333197
1.7171717171717171	8.88888888888889	0.0015204070277678055
1.7171717171717171	8.98989898989899	0.0014558852222972983
1.7171717171717171	9.090909090909092	0.0013947208496524982
1.7171717171717171	9.191919191919192	0.0013367082921570443
1.7171717171717171	9.292929292929292	0.0012816563363494073
1.7171717171717171	9.393939393939394	0.0012293870436865856
1.7171717171717171	9.494949494949495	0.0011797347172850313
1.7171717171717171	9.595959595959595	0.0011325449582441634
1.7171717171717171	9.696969696969697	0.001087673801629099
1.7171717171717171	9.797979797979798	0.001044986925823779
1.7171717171717171	9.8989898989899	0.0010043589273917885
1.7171717171717171	10.0	0.0009656726571520046
1.8181818181818181	0.0	0.0
1.8181818181818181	0.10101010101010101	0.0016117603932191262
1.8181818181818181	0.20202020202020202	0.006377326938241214
1.8181818181818181	0.30303030303030304	0.014091748668414748
1.8181818181818181	0.40404040404040403	0.024427684245887246
1.8181818181818181	0.5050505050505051	0.03695761786885139
1.8181818181818181	0.6060606060606061	0.05118615174588892
1.8181818181818181	0.7070707070707071	0.06659180500431794
1.8181818181818181	0.8080808080808081	0.08267444353894186
1.8181818181818181	0.9090909090909091	0.09899987840675728
1.8181818181818181	1.0101010101010102	0.11523064257094338
1.8181818181818181	1.1111111111111112	0.12224092422061246
1.8181818181818181	1.2121212121212122	0.11486375582642014
1.8181818181818181	1.3131313131313131	0.1091658899691406
1.8181818181818181	1.4141414141414141	0.10501770619835181
1.8181818181818181	1.5151515151515151	0.10225960364193075
1.8181818181818181	1.6161616161616161	0.1007171636115871
1.8181818181818181	1.7171717171717171	0.10021207874083934
1.8181818181818181	1.8181818181818181	0.10056966709977748
1.8181818181818181	1.9191919191919191	0.10162365599935329
1.8181818181818181	2.0202020202020203	0.1032188343197053
1.8181818181818181	2.121212121212121	0.10521216169437292
1.8181818181818181	2.2222222222222223	0.10747302900600786
1.8181818181818181	2.323232323232323	0.109883630021214
1.8181818181818181	2.4242424242424243	0.11234075957870082
1.8181818181818181	2.525252525252525	0.11136363673272798
1.8181818181818181	2.6262626262626263	0.10195182946241123
1.8181818181818181	2.727272727272727	0.09331183821122621
1.8181818181818181	2.8282828282828283	0.08540337323317512
1.8181818181818181	2.9292929292929295	0.07818059714710644
1.8181818181818181	3.0303030303030303	0.07159504108003728
1.8181818181818181	3.1313131313131315	0.06559770026613565
1.8181818181818181	3.2323232323232323	0.06014049162018991
1.8181818181818181	3.3333333333333335	0.05517722603179583
1.8181818181818181	3.4343434343434343	0.0506642186591693
1.8181818181818181	3.5353535353535355	0.04656063422151111
1.8181818181818181	3.6363636363636362	0.04282864215842224
1.8181818181818181	3.7373737373737375	0.039433438547469814
1.8181818181818181	3.8383838383838382	0.03634317741749026
1.8181818181818181	3.9393939393939394	0.03352884299502328
1.8181818181818181	4.040404040404041	0.030964085894424318
1.8181818181818181	4.141414141414141	0.02862503978807162
1.8181818181818181	4.242424242424242	0.026490130224772732
1.8181818181818181	4.343434343434343	0.024539883641966635
1.8181818181818181	4.444444444444445	0.022756741945933516
1.8181818181818181	4.545454545454546	0.021124886085655437
1.8181818181818181	4.646464646464646	0.019630070643134045
1.8181818181818181	4.747474747474747	0.018259470464778493
1.8181818181818181	4.848484848484849	0.01700153966639214
1.8181818181818181	4.94949494949495	0.01584588286924582
1.8181818181818181	5.05050505050505	0.014783138218388281
1.8181818181818181	5.151515151515151	0.013804871539539354
1.8181818181818181	5.252525252525253	0.012903480883945884
1.8181818181818181	5.353535353535354	0.012072110660648033
1.8181818181818181	5.454545454545454	0.011304574546448842
1.8181818181818181	5.555555555555555	0.010595286382068858
1.8181818181818181	5.656565656565657	0.009939198298508867
1.8181818181818181	5.757575757575758	0.00933174536373338
1.8181818181818181	5.858585858585859	0.008768796090679487
1.8181818181818181	5.959595959595959	0.008246608202360672
1.8181818181818181	6.0606060606060606	0.007761789101709438
1.8181818181818181	6.161616161616162	0.007311260546691243
1.8181818181818181	6.262626262626263	0.006892227079327906
1.8181818181818181	6.363636363636363	0.006502147802919361
1.8181818181818181	6.4646464646464645	0.006138711144040653
1.8181818181818181	6.565656565656566	0.005799812274820118
1.8181818181818181	6.666666666666667	0.0054835329039992
1.8181818181818181	6.767676767676767	0.00518812317992734
1.8181818181818181	6.8686868686868685	0.004911985473624867
1.8181818181818181	6.96969696969697	0.004653659838541329
1.8181818181818181	7.070707070707071	0.00441181096347698
1.8181818181818181	7.171717171717172	0.004185216458901416
1.8181818181818181	7.2727272727272725	0.0039727563302162485
1.8181818181818181	7.373737373737374	0.003773403512870564
1.8181818181818181	7.474747474747475	0.003586215354096388
1.8181818181818181	7.575757575757576	0.003410325941538986
1.8181818181818181	7.6767676767676765	0.0032449391879812023
1.8181818181818181	7.777777777777778	0.0030893225937890464
1.8181818181818181	7.878787878787879	0.0029428016152736425
1.8181818181818181	7.97979797979798	0.0028047545762301907
1.8181818181818181	8.080808080808081	0.0026746080665769646
1.8181818181818181	8.181818181818182	0.002551832777738996
1.8181818181818181	8.282828282828282	0.002435939730515596
1.8181818181818181	8.383838383838384	0.002326476855739168
1.8181818181818181	8.484848484848484	0.0022230258918731105
1.8181818181818181	8.585858585858587	0.00212519956780105
1.8181818181818181	8.686868686868687	0.0020326390431490097
1.8181818181818181	8.787878787878787	0.0019450115801305536
1.8181818181818181	8.88888888888889	0.0018620084243341128
1.8181818181818181	8.98989898989899	0.001783342874817383
1.8181818181818181	9.090909090909092	0.0017087485240474345
1.8181818181818181	9.191919191919192	0.0016379776525785631
1.8181818181818181	9.292929292929292	0.0015707997631742284
1.8181818181818181	9.393939393939394	0.0015070002417334636
1.8181818181818181	9.494949494949495	0.0014463791320077192
1.8181818181818181	9.595959595959595	0.0013887500152034353
1.8181818181818181	9.696969696969697	0.001333938983376005
1.8181818181818181	9.797979797979798	0.0012817836985447113
1.8181818181818181	9.8989898989899	0.0012321325304631503
1.8181818181818181	10.0	0.001184843764148692
1.9191919191919191	0.0	0.0
1.9191919191919191	0.10101010101010101	0.0014584100199475515
1.9191919191919191	0.20202020202020202	0.005775821569624008
1.9191919191919191	0.30303030303030304	0.012782212719967137
1.9191919191919191	0.40404040404040403	0.022205789979383172
1.9191919191919191	0.5050505050505051	0.03369073231378667
1.9191919191919191	0.6060606060606061	0.046822412207004144
1.9191919191919191	0.7070707070707071	0.061159351068431234
1.9191919191919191	0.8080808080808081	0.0762691654877412
1.9191919191919191	0.9090909090909091	0.09176310567406805
1.9191919191919191	1.0101010101010102	0.10732216334106452
1.9191919191919191	1.1111111111111112	0.1227091371583081
1.9191919191919191	1.2121212121212122	0.11677272687001707
1.9191919191919191	1.3131313131313131	0.1101964851808163
1.9191919191919191	1.4141414141414141	0.10514969132896913
1.9191919191919191	1.5151515151515151	0.10150788135570576
1.9191919191919191	1.6161616161616161	0.09912473152230106
1.9191919191919191	1.7171717171717171	0.09784376363478747
1.9191919191919191	1.8181818181818181	0.09750685633006925
1.9191919191919191	1.9191919191919191	0.09796014385335682
1.9191919191919191	2.0202020202020203	0.09905780756044098
1.9191919191919191	2.121212121212121	0.1006642058079994
1.9191919191919191	2.2222222222222223	0.10265476044818879
1.9191919191919191	2.323232323232323	0.10491604313306441
1.9191919191919191	2.4242424242424243	0.10734560845569918
1.9191919191919191	2.525252525252525	0.10985230665364476
1.9191919191919191	2.6262626262626263	0.11235795816226965
1.9191919191919191	2.727272727272727	0.10549171166651473
1.9191919191919191	2.8282828282828283	0.0969493482540583
1.9191919191919191	2.9292929292929295	0.08909184846756467
1.9191919191919191	3.0303030303030303	0.0818805617521086
1.9191919191919191	3.1313131313131315	0.07527372560860844
1.9191919191919191	3.2323232323232323	0.06922841337350547
1.9191919191919191	3.3333333333333335	0.06370192968569657
1.9191919191919191	3.4343434343434343	0.05865277720340547
1.9191919191919191	3.5353535353535355	0.05404129668103164
1.9191919191919191	3.6363636363636362	0.04983006248119494
1.9191919191919191	3.7373737373737375	0.04598409816054392
1.9191919191919191	3.8383838383838382	0.04247096222350779
1.9191919191919191	3.9393939393939394	0.039260742342630495
1.9191919191919191	4.040404040404041	0.036325986966705484
1.9191919191919191	4.141414141414141	0.033641595895088625
1.9191919191919191	4.242424242424242	0.03118468571334151
1.9191919191919191	4.343434343434343	0.028934441633455658
1.9191919191919191	4.444444444444445	0.02687196397785969
1.9191919191919191	4.545454545454546	0.024980115060962656
1.9191919191919191	4.646464646464646	0.023243370368991583
1.9191919191919191	4.747474747474747	0.021647676570338184
1.9191919191919191	4.848484848484849	0.020180317889204772
1.9191919191919191	4.94949494949495	0.01882979165617234
1.9191919191919191	5.05050505050505	0.01758569333856961
1.9191919191919191	5.151515151515151	0.016438610999736314
1.9191919191919191	5.252525252525253	0.015380028899719456
1.9191919191919191	5.353535353535354	0.014402239795604732
1.9191919191919191	5.454545454545454	0.013498265410583077
1.9191919191919191	5.555555555555555	0.012661784492146354
1.9191919191919191	5.656565656565657	0.011887067865568701
1.9191919191919191	5.757575757575758	0.011168919894423146
1.9191919191919191	5.858585858585859	0.010502625778909147
1.9191919191919191	5.959595959595959	0.009883904153454538
1.9191919191919191	6.0606060606060606	0.009308864477982619
1.9191919191919191	6.161616161616162	0.008773968755041217
1.9191919191919191	6.262626262626263	0.008275997142788372
1.9191919191919191	6.363636363636363	0.007812017070210345
1.9191919191919191	6.4646464646464645	0.007379355497461832
1.9191919191919191	6.565656565656566	0.006975573997308082
1.9191919191919191	6.666666666666667	0.0065984463659050085
1.9191919191919191	6.767676767676767	0.006245938499473314
1.9191919191919191	6.8686868686868685	0.005916190300524891
1.9191919191919191	6.96969696969697	0.005607499401985151
1.9191919191919191	7.070707070707071	0.005318306518552435
1.9191919191919191	7.171717171717172	0.005047182256779183
1.9191919191919191	7.2727272727272725	0.004792815229487753
1.9191919191919191	7.373737373737374	0.004554001341288971
1.9191919191919191	7.474747474747475	0.00432963412198319
1.9191919191919191	7.575757575757576	0.004118696000145888
1.9191919191919191	7.6767676767676765	0.003920250420109684
1.9191919191919191	7.777777777777778	0.0037334347154640126
1.9191919191919191	7.878787878787879	0.00355745366246407
1.9191919191919191	7.97979797979798	0.0033915736435044665
1.9191919191919191	8.080808080808081	0.003235117359559891
1.9191919191919191	8.181818181818182	0.0030874590364702473
1.9191919191919191	8.282828282828282	0.0029480200751843184
1.9191919191919191	8.383838383838384	0.0028162651022826187
1.9191919191919191	8.484848484848484	0.0026916983819081086
1.9191919191919191	8.585858585858587	0.002573860551263659
1.9191919191919191	8.686868686868687	0.0024623256518171714
1.9191919191919191	8.787878787878787	0.002356698424315857
1.9191919191919191	8.88888888888889	0.0022566118434299356
1.9191919191919191	8.98989898989899	0.0021617248699965508
1.9191919191919191	9.090909090909092	0.0020717203987505417
1.9191919191919191	9.191919191919192	0.001986303383976429
1.9191919191919191	9.292929292929292	0.001905199125874183
1.9191919191919191	9.393939393939394	0.0018281517040082945
1.9191919191919191	9.494949494949495	0.001754922542060403
1.9191919191919191	9.595959595959595	0.0016852890936627073
1.9191919191919191	9.696969696969697	0.0016190436380973592
1.9191919191919191	9.797979797979798	0.0015559921748941313
1.9191919191919191	9.8989898989899	0.0014959534090389648
1.9191919191919191	10.0	0.0014387578201928708
2.0202020202020203	0.0	0.0
2.0202020202020203	0.10101010101010101	0.0013240458086078632
2.0202020202020203	0.20202020202020202	0.005247976347529174
2.0202020202020203	0.30303030303030304	0.011629981026443777
2.0202020202020203	0.40404040404040403	0.02024312556642391
2.0202020202020203	0.5050505050505051	0.030789587670309482
2.0202020202020203	0.6060606060606061	0.04292053904944365
2.0202020202020203	0.7070707070707071	0.0562609114467152
2.0202020202020203	0.8080808080808081	0.07043703583973962
2.0202020202020203	0.9090909090909091	0.08510357458510588
2.0202020202020203	1.0101010101010102	0.09996516063007105
2.0202020202020203	1.1111111111111112	0.1147887865780646
2.0202020202020203	1.2121212121212122	0.11941746442747299
2.0202020202020203	1.3131313131313131	0.11206086362794974
2.0202020202020203	1.4141414141414141	0.10618608252966209
2.0202020202020203	1.5151515151515151	0.1017039087662738
2.0202020202020203	1.6161616161616161	0.09849709607022777
2.0202020202020203	1.7171717171717171	0.09643237224498906
2.0202020202020203	1.8181818181818181	0.09536955705754223
2.0202020202020203	1.9191919191919191	0.09516824324539239
2.0202020202020203	2.0202020202020203	0.09569246194792486
2.0202020202020203	2.121212121212121	0.09681370962302716
2.0202020202020203	2.2222222222222223	0.09841267259470841
2.0202020202020203	2.323232323232323	0.10037995736330224
2.0202020202020203	2.4242424242424243	0.1026161305320506
2.0202020202020203	2.525252525252525	0.10503140631070963
2.0202020202020203	2.6262626262626263	0.1075454034113406
2.0202020202020203	2.727272727272727	0.11008750411944562
2.0202020202020203	2.8282828282828283	0.1088311799640204
2.0202020202020203	2.9292929292929295	0.10039821034341546
2.0202020202020203	3.0303030303030303	0.09260622396214636
2.0202020202020203	3.1313131313131315	0.08542278911577192
2.0202020202020203	3.2323232323232323	0.0788120426855334
2.0202020202020203	3.3333333333333335	0.07273648628063857
2.0202020202020203	3.4343434343434343	0.06715830620022308
2.0202020202020203	3.5353535353535355	0.06204031663000237
2.0202020202020203	3.6363636363636362	0.05734661019958361
2.0202020202020203	3.7373737373737375	0.05304298495551432
2.0202020202020203	3.8383838383838382	0.04909720320004134
2.0202020202020203	3.9393939393939394	0.04547912597918609
2.0202020202020203	4.040404040404041	0.04216075731734097
2.0202020202020203	4.141414141414141	0.03911622443637619
2.0202020202020203	4.242424242424242	0.03632171392456625
2.0202020202020203	4.343434343434343	0.03375537888041806
2.0202020202020203	4.444444444444445	0.03139722820208575
2.0202020202020203	4.545454545454546	0.02922900621868028
2.0202020202020203	4.646464646464646	0.02723406857876364
2.0202020202020203	4.747474747474747	0.02539725857797247
2.0202020202020203	4.848484848484849	0.023704786803075528
2.0202020202020203	4.94949494949495	0.022144115991600564
2.0202020202020203	5.05050505050505	0.020703852286919244
2.0202020202020203	5.151515151515151	0.019373643539830093
2.0202020202020203	5.252525252525253	0.0181440849293093
2.0202020202020203	5.353535353535354	0.017006631906637513
2.0202020202020203	5.454545454545454	0.01595352028344088
2.0202020202020203	5.555555555555555	0.01497769316220332
2.0202020202020203	5.656565656565657	0.01407273433184364
2.0202020202020203	5.757575757575758	0.013232807708243012
2.0202020202020203	5.858585858585859	0.01245260238224688
2.0202020202020203	5.959595959595959	0.011727282834494502
2.0202020202020203	6.0606060606060606	0.01105244388802884
2.0202020202020203	6.161616161616162	0.01042406998713684
2.0202020202020203	6.262626262626263	0.009838498412918062
2.0202020202020203	6.363636363636363	0.009292386072113225
2.0202020202020203	6.4646464646464645	0.008782679522840937
2.0202020202020203	6.565656565656566	0.008306587925637654
2.0202020202020203	6.666666666666667	0.007861558636729882
2.0202020202020203	6.767676767676767	0.0074452551839406115
2.0202020202020203	6.8686868686868685	0.007055537389676125
2.0202020202020203	6.96969696969697	0.006690443427473808
2.0202020202020203	7.070707070707071	0.006348173619543623
2.0202020202020203	7.171717171717172	0.00602707580055073
2.0202020202020203	7.2727272727272725	0.0057256320913507104
2.0202020202020203	7.373737373737374	0.0054424469407170165
2.0202020202020203	7.474747474747475	0.005176236308898924
2.0202020202020203	7.575757575757576	0.004925817877864398
2.0202020202020203	7.6767676767676765	0.004690102186651565
2.0202020202020203	7.777777777777778	0.004468084598899612
2.0202020202020203	7.878787878787879	0.0042588380209575005
2.0202020202020203	7.97979797979798	0.004061506295204421
2.0202020202020203	8.080808080808081	0.003875298203396169
2.0202020202020203	8.181818181818182	0.0036994820186947415
2.0202020202020203	8.282828282828282	0.0035333805544789307
2.0202020202020203	8.383838383838384	0.0033763666602849205
2.0202020202020203	8.484848484848484	0.003227859122687141
2.0202020202020203	8.585858585858587	0.003087318931431757
2.0202020202020203	8.686868686868687	0.0029542458765114566
2.0202020202020203	8.787878787878787	0.002828175444563766
2.0202020202020203	8.88888888888889	0.0027086759861362957
2.0202020202020203	8.98989898989899	0.002595346128543375
2.0202020202020203	9.090909090909092	0.002487812411497109
2.0202020202020203	9.191919191919192	0.002385727124454878
2.0202020202020203	9.292929292929292	0.0022887663282606286
2.0202020202020203	9.393939393939394	0.0021966280419802526
2.0202020202020203	9.494949494949495	0.0021090305827716803
2.0202020202020203	9.595959595959595	0.0020257110422753142
2.0202020202020203	9.696969696969697	0.001946423889319028
2.0202020202020203	9.797979797979798	0.0018709396862698561
2.0202020202020203	9.8989898989899	0.0017990439101378851
2.0202020202020203	10.0	0.0017305358678828032
2.121212121212121	0.0	0.0
2.121212121212121	0.10101010101010101	0.0012059725916461206
2.121212121212121	0.20202020202020202	0.004783495985062271
2.121212121212121	0.30303030303030304	0.010613686190246725
2.121212121212121	0.40404040404040403	0.018506070147313165
2.121212121212121	0.5050505050505051	0.02821004974326439
2.121212121212121	0.6060606060606061	0.03943069451088632
2.121212121212121	0.7070707070707071	0.05184815453783598
2.121212121212121	0.8080808080808081	0.06513918599809168
2.121212121212121	0.9090909090909091	0.07899833410199152
2.121212121212121	1.0101010101010102	0.0931557037470942
2.121212121212121	1.1111111111111112	0.10738854484214955
2.121212121212121	1.2121212121212122	0.12152527688842006
2.121212121212121	1.3131313131313131	0.11459950369506348
2.121212121212121	1.4141414141414141	0.10798226584353332
2.121212121212121	1.5151515151515151	0.10272191915485127
2.121212121212121	1.6161616161616161	0.09873047974919757
2.121212121212121	1.7171717171717171	0.09589880420751913
2.121212121212121	1.8181818181818181	0.09410595413076635
2.121212121212121	1.9191919191919191	0.09322635874615914
2.121212121212121	2.0202020202020203	0.09313509956778988
2.121212121212121	2.121212121212121	0.09371162748161606
2.121212121212121	2.2222222222222223	0.09484219652048777
2.121212121212121	2.323232323232323	0.0964212704197695
2.121212121212121	2.4242424242424243	0.09835213417793522
2.121212121212121	2.525252525252525	0.10054692959815602
2.121212121212121	2.6262626262626263	0.10292633928619875
2.121212121212121	2.727272727272727	0.10541917644043462
2.121212121212121	2.8282828282828283	0.10796219776745987
2.121212121212121	2.9292929292929295	0.1105005096404293
2.121212121212121	3.0303030303030303	0.10366827478513989
2.121212121212121	3.1313131313131315	0.09595349921422215
2.121212121212121	3.2323232323232323	0.0888115480360181
2.121212121212121	3.3333333333333335	0.0822117299967982
2.121212121212121	3.4343434343434343	0.07612137529713135
2.121212121212121	3.5353535353535355	0.07050707245190892
2.121212121212121	3.6363636363636362	0.06533557551005215
2.121212121212121	3.7373737373737375	0.060574450611994894
2.121212121212121	3.8383838383838382	0.056192519694467855
2.121212121212121	3.9393939393939394	0.05216014864978919
2.121212121212121	4.040404040404041	0.04844941796491731
2.121212121212121	4.141414141414141	0.04503420597243875
2.121212121212121	4.242424242424242	0.04189020830507698
2.121212121212121	4.343434343434343	0.038994911829707095
2.121212121212121	4.444444444444445	0.036327537071744145
2.121212121212121	4.545454545454546	0.03386895976286486
2.121212121212121	4.646464646464646	0.0316016194899445
2.121212121212121	4.747474747474747	0.029509421356015662
2.121212121212121	4.848484848484849	0.027577634965073716
2.121212121212121	4.94949494949495	0.025792793816741016
2.121212121212121	5.05050505050505	0.024142597261535424
2.121212121212121	5.151515151515151	0.02261581646256247
2.121212121212121	5.252525252525253	0.02120220528187634
2.121212121212121	5.353535353535354	0.019892416617052038
2.121212121212121	5.454545454545454	0.018677924430751336
2.121212121212121	5.555555555555555	0.01755095150897786
2.121212121212121	5.656565656565657	0.016504402841053478
2.121212121212121	5.757575757575758	0.015531804416991868
2.121212121212121	5.858585858585859	0.014627247173592872
2.121212121212121	5.959595959595959	0.0137853357849414
2.121212121212121	6.0606060606060606	0.013001141971217267
2.121212121212121	6.161616161616162	0.012270161997813167
2.121212121212121	6.262626262626263	0.011588278036452793
2.121212121212121	6.363636363636363	0.01095172307472203
2.121212121212121	6.4646464646464645	0.010357049071219482
2.121212121212121	6.565656565656566	0.009801098074530695
2.121212121212121	6.666666666666667	0.009280976038619437
2.121212121212121	6.767676767676767	0.008794029091307776
2.121212121212121	6.8686868686868685	0.00833782202723543
2.121212121212121	6.96969696969697	0.007910118818099887
2.121212121212121	7.070707070707071	0.007508864949618638
2.121212121212121	7.171717171717172	0.0071321714111022005
2.121212121212121	7.2727272727272725	0.006778300180866337
2.121212121212121	7.373737373737374	0.006445651062659374
2.121212121212121	7.474747474747475	0.0061327497445347046
2.121212121212121	7.575757575757576	0.005838236961574313
2.121212121212121	7.6767676767676765	0.005560858657375434
2.121212121212121	7.777777777777778	0.005299457046777684
2.121212121212121	7.878787878787879	0.005052962494251108
2.121212121212121	7.97979797979798	0.004820386129904666
2.121212121212121	8.080808080808081	0.004600813131798104
2.121212121212121	8.181818181818182	0.004393396611222033
2.121212121212121	8.282828282828282	0.004197352044343242
2.121212121212121	8.383838383838384	0.0040119521975666705
2.121212121212121	8.484848484848484	0.0038365225001877465
2.121212121212121	8.585858585858587	0.003670436823336623
2.121212121212121	8.686868686868687	0.003513113625746382
2.121212121212121	8.787878787878787	0.003364012433642526
2.121212121212121	8.88888888888889	0.003222630622081274
2.121212121212121	8.98989898989899	0.003088500472581042
2.121212121212121	9.090909090909092	0.002961186478895589
2.121212121212121	9.191919191919192	0.0028402828806790726
2.121212121212121	9.292929292929292	0.002725411402773121
2.121212121212121	9.393939393939394	0.002616219182861074
2.121212121212121	9.494949494949495	0.002512376869337481
2.121212121212121	9.595959595959595	0.0024135768758066956
2.121212121212121	9.696969696969697	0.0023195317771237366
2.121212121212121	9.797979797979798	0.002229972834696392
2.121212121212121	9.8989898989899	0.0021446486408976864
2.121212121212121	10.0	0.002063323870407496
2.2222222222222223	0.0	0.0
2.2222222222222223	0.10101010101010101	0.0011018960807745622
2.2222222222222223	0.20202020202020202	0.004373574789374402
2.2222222222222223	0.30303030303030304	0.009714888822822865
2.2222222222222223	0.40404040404040403	0.016965174929147557
2.2222222222222223	0.5050505050505051	0.025912517008693403
2.2222222222222223	0.6060606060606061	0.036306371607699714
2.2222222222222223	0.7070707070707071	0.04787293096076222
2.2222222222222223	0.8080808080808081	0.06033207581528295
2.2222222222222223	0.9090909090909091	0.07341418607780525
2.2222222222222223	1.0101010101010102	0.08687470245742634
2.2222222222222223	1.1111111111111112	0.10050448414851824
2.2222222222222223	1.2121212121212122	0.11413481386051827
2.2222222222222223	1.3131313131313131	0.11766575764606024
2.2222222222222223	1.4141414141414141	0.11039985245069965
2.2222222222222223	1.5151515151515151	0.10443587219266309
2.2222222222222223	1.6161616161616161	0.09971439446085345
2.2222222222222223	1.7171717171717171	0.09615064325288589
2.2222222222222223	1.8181818181818181	0.09364377249344115
2.2222222222222223	1.9191919191919191	0.0920842350224147
2.2222222222222223	2.0202020202020203	0.09135945432646517
2.2222222222222223	2.121212121212121	0.09135803574182934
2.2222222222222223	2.2222222222222223	0.09197274911590621
2.2222222222222223	2.323232323232323	0.09310249923624365
2.2222222222222223	2.4242424242424243	0.09465348076860723
2.2222222222222223	2.525252525252525	0.09653969542434541
2.2222222222222223	2.6262626262626263	0.09868299457395946
2.2222222222222223	2.727272727272727	0.10101280523197441
2.2222222222222223	2.8282828282828283	0.10346570668950611
2.2222222222222223	2.9292929292929295	0.10598505252849674
2.2222222222222223	3.0303030303030303	0.10852087100915553
2.2222222222222223	3.1313131313131315	0.10676939368806054
2.2222222222222223	3.2323232323232323	0.099141116738693
2.2222222222222223	3.3333333333333335	0.09205192042120203
2.2222222222222223	3.4343434343434343	0.08547563528651161
2.2222222222222223	3.5353535353535355	0.07938387301589449
2.2222222222222223	3.6363636363636362	0.07374717688766043
2.2222222222222223	3.7373737373737375	0.06853588484570497
2.2222222222222223	3.8383838383838382	0.06372076147907102
2.2222222222222223	3.9393939393939394	0.059273447094350146
2.2222222222222223	4.040404040404041	0.05516676404605915
2.2222222222222223	4.141414141414141	0.051374913171229115
2.2222222222222223	4.242424242424242	0.04787358678836072
2.2222222222222223	4.343434343434343	0.044640019316779
2.2222222222222223	4.444444444444445	0.041652992094982126
2.2222222222222223	4.545454545454546	0.0388928053256967
2.2222222222222223	4.646464646464646	0.03634122713314608
2.2222222222222223	4.747474747474747	0.03398142737098461
2.2222222222222223	4.848484848484849	0.031797901963893094
2.2222222222222223	4.94949494949495	0.02977639210622643
2.2222222222222223	5.05050505050505	0.027903801506414805
2.2222222222222223	5.151515151515151	0.02616811398335651
2.2222222222222223	5.252525252525253	0.024558313045273866
2.2222222222222223	5.353535353535354	0.023064304563807123
2.2222222222222223	5.454545454545454	0.021676843265663933
2.2222222222222223	5.555555555555555	0.020387463470363836
2.2222222222222223	5.656565656565657	0.019188414286646305
2.2222222222222223	5.757575757575758	0.01807259932073297
2.2222222222222223	5.858585858585859	0.017033520838284383
2.2222222222222223	5.959595959595959	0.0160652282420241
2.2222222222222223	6.0606060606060606	0.01516227067515108
2.2222222222222223	6.161616161616162	0.01431965352773576
2.2222222222222223	6.262626262626263	0.013532798604930951
2.2222222222222223	6.363636363636363	0.012797507709198852
2.2222222222222223	6.4646464646464645	0.012109929386139306
2.2222222222222223	6.565656565656566	0.011466528592779301
2.2222222222222223	6.666666666666667	0.010864059053420805
2.2222222222222223	6.767676767676767	0.01029953808084172
2.2222222222222223	6.8686868686868685	0.00977022365409127
2.2222222222222223	6.96969696969697	0.009273593556885507
2.2222222222222223	7.070707070707071	0.008807326395561477
2.2222222222222223	7.171717171717172	0.008369284328956388
2.2222222222222223	7.2727272727272725	0.007957497355051047
2.2222222222222223	7.373737373737374	0.007570149013991223
2.2222222222222223	7.474747474747475	0.007205563377209456
2.2222222222222223	7.575757575757576	0.00686219320410042
2.2222222222222223	7.6767676767676765	0.006538609159817632
2.2222222222222223	7.777777777777778	0.006233489994797527
2.2222222222222223	7.878787878787879	0.0059456135977646336
2.2222222222222223	7.97979797979798	0.005673848841334559
2.2222222222222223	8.080808080808081	0.0054171481464489885
2.2222222222222223	8.181818181818182	0.005174540699836312
2.2222222222222223	8.282828282828282	0.004945126263804734
2.2222222222222223	8.383838383838384	0.004728069524075531
2.2222222222222223	8.484848484848484	0.004522594926005148
2.2222222222222223	8.585858585858587	0.004327981955438884
2.2222222222222223	8.686868686868687	0.004143560822089902
2.2222222222222223	8.787878787878787	0.003968708510062101
2.2222222222222223	8.88888888888889	0.003802845162262084
2.2222222222222223	8.98989898989899	0.0036454307683590112
2.2222222222222223	9.090909090909092	0.003495962128404301
2.2222222222222223	9.191919191919192	0.0033539700693644777
2.2222222222222223	9.292929292929292	0.003219016889978399
2.2222222222222223	9.393939393939394	0.0030906940152505657
2.2222222222222223	9.494949494949495	0.0029686198417960123
2.2222222222222223	9.595959595959595	0.0028524377568438586
2.2222222222222223	9.696969696969697	0.0027418143165540807
2.2222222222222223	9.797979797979798	0.0026364375697045706
2.2222222222222223	9.8989898989899	0.0025360155134200204
2.2222222222222223	10.0	0.0024402746713837863
2.323232323232323	0.0	0.0
2.323232323232323	0.10101010101010101	0.001009868510879142
2.323232323232323	0.20202020202020202	0.004010708897245953
2.323232323232323	0.30303030303030304	0.008917765809433488
2.323232323232323	0.40404040404040403	0.015594879981326217
2.323232323232323	0.5050505050505051	0.023861996598232068
2.323232323232323	0.6060606060606061	0.03350531583782087
2.323232323232323	0.7070707070707071	0.04428955117310291
2.323232323232323	0.8080808080808081	0.05597141195023053
2.323232323232323	0.9090909090909091	0.06831305926251552
2.323232323232323	1.0101010101010102	0.08109405446453999
2.323232323232323	1.1111111111111112	0.09412040536520605
2.323232323232323	1.2121212121212122	0.1072297962008022
2.323232323232323	1.3131313131313131	0.12029285166041907
2.323232323232323	1.4141414141414141	0.11331121836777942
2.323232323232323	1.5151515151515151	0.10672519886156845
2.323232323232323	1.6161616161616161	0.1013386414055008
2.323232323232323	1.7171717171717171	0.09709066332629586
2.323232323232323	1.8181818181818181	0.09390078430451576
2.323232323232323	1.9191919191919191	0.09167625456796387
2.323232323232323	2.0202020202020203	0.09031790203002345
2.323232323232323	2.121212121212121	0.08972465764736562
2.323232323232323	2.2222222222222223	0.08979693521099227
2.323232323232323	2.323232323232323	0.0904390412011137
2.323232323232323	2.4242424242424243	0.0915607807408875
2.323232323232323	2.525252525252525	0.09307841193766454
2.323232323232323	2.6262626262626263	0.09491508616554825
2.323232323232323	2.727272727272727	0.09700089877478131
2.323232323232323	2.8282828282828283	0.09927266616399294
2.323232323232323	2.9292929292929295	0.10167354442839217
2.323232323232323	3.0303030303030303	0.10415261493996562
2.323232323232323	3.1313131313131315	0.10666458305227224
2.323232323232323	3.2323232323232323	0.10916975709021373
2.323232323232323	3.3333333333333335	0.10217672596458156
2.323232323232323	3.4343434343434343	0.09514952390041828
2.323232323232323	3.5353535353535355	0.08860741508957837
2.323232323232323	3.6363636363636362	0.08252579788308513
2.323232323232323	3.7373737373737375	0.07687875745185486
2.323232323232323	3.8383838383838382	0.07163987981067141
2.323232323232323	3.9393939393939394	0.06678286175224232
2.323232323232323	4.040404040404041	0.06228195668732644
2.323232323232323	4.141414141414141	0.05811229034953787
2.323232323232323	4.242424242424242	0.0542500746033882
2.323232323232323	4.343434343434343	0.05067274246666314
2.323232323232323	4.444444444444445	0.0473590230218546
2.323232323232323	4.545454545454546	0.044288971145540604
2.323232323232323	4.646464646464646	0.041443963877259474
2.323232323232323	4.747474747474747	0.03880667270586668
2.323232323232323	4.848484848484849	0.03636101899223703
2.323232323232323	4.94949494949495	0.03409211809386426
2.323232323232323	5.05050505050505	0.031986216439153274
2.323232323232323	5.151515151515151	0.03003062475856491
2.323232323232323	5.252525252525253	0.028213649858082928
2.323232323232323	5.353535353535354	0.0265245266826552
2.323232323232323	5.454545454545454	0.02495335191821605
2.323232323232323	5.555555555555555	0.023491019999071185
2.323232323232323	5.656565656565657	0.022129162094375772
2.323232323232323	5.757575757575758	0.020860088424339063
2.323232323232323	5.858585858585859	0.019676734091912618
2.323232323232323	5.959595959595959	0.01857260849169
2.323232323232323	6.0606060606060606	0.017541748268742774
2.323232323232323	6.161616161616162	0.016578673736167313
2.323232323232323	6.262626262626263	0.015678348618081348
2.323232323232323	6.363636363636363	0.01483614295407
2.323232323232323	6.4646464646464645	0.014047798986480675
2.323232323232323	6.565656565656566	0.013309399842410662
2.323232323232323	6.666666666666667	0.012617340819426781
2.323232323232323	6.767676767676767	0.011968303087875665
2.323232323232323	6.8686868686868685	0.0113592296273172
2.323232323232323	6.96969696969697	0.010787303221751058
2.323232323232323	7.070707070707071	0.010249926348150584
2.323232323232323	7.171717171717172	0.009744702803450522
2.323232323232323	7.2727272727272725	0.009269420921577565
2.323232323232323	7.373737373737374	0.008822038248098352
2.323232323232323	7.474747474747475	0.008400667545362506
2.323232323232323	7.575757575757576	0.008003564011944193
2.323232323232323	7.6767676767676765	0.007629113611061555
2.323232323232323	7.777777777777778	0.007275822409992361
2.323232323232323	7.878787878787879	0.006942306840227505
2.323232323232323	7.97979797979798	0.0066272847973765404
2.323232323232323	8.080808080808081	0.006329567505762664
2.323232323232323	8.181818181818182	0.0060480520797110415
2.323232323232323	8.282828282828282	0.005781714719006015
2.323232323232323	8.383838383838384	0.005529604483083439
2.323232323232323	8.484848484848484	0.005290837590589301
2.323232323232323	8.585858585858587	0.005064592200443806
2.323232323232323	8.686868686868687	0.004850103628179882
2.323232323232323	8.787878787878787	0.004646659962701971
2.323232323232323	8.88888888888889	0.004453598045038521
2.323232323232323	8.98989898989899	0.004270299779484326
2.323232323232323	9.090909090909092	0.004096188747233862
2.323232323232323	9.191919191919192	0.003930727095169682
2.323232323232323	9.292929292929292	0.00377341267796794
2.323232323232323	9.393939393939394	0.003623776429908998
2.323232323232323	9.494949494949495	0.0034813799467954907
2.323232323232323	9.595959595959595	0.003345813261433825
2.323232323232323	9.696969696969697	0.003216692793865443
2.323232323232323	9.797979797979798	0.0030936594634215367
2.323232323232323	9.8989898989899	0.0029763769483178134
2.323232323232323	10.0	0.0028645300800306623
2.4242424242424243	0.0	0.0
2.4242424242424243	0.10101010101010101	0.00092823750620329
2.4242424242424243	0.20202020202020202	0.003688512836217568
2.4242424242424243	0.30303030303030304	0.008208776233716625
2.4242424242424243	0.40404040404040403	0.014373112803399197
2.4242424242424243	0.5050505050505051	0.02202784719620011
2.4242424242424243	0.6060606060606061	0.03098974589066764
2.4242424242424243	0.7070707070707071	0.041055868691725624
2.4242424242424243	0.8080808080808081	0.05201438365054192
2.4242424242424243	0.9090909090909091	0.06365542381887335
2.4242424242424243	1.0101010101010102	0.07578092239174346
2.4242424242424243	1.1111111111111112	0.08821241609618125
2.4242424242424243	1.2121212121212122	0.10079610374674325
2.4242424242424243	1.3131313131313131	0.11340493300758107
2.4242424242424243	1.4141414141414141	0.11660196267230138
2.4242424242424243	1.5151515151515151	0.1094782878530192
2.4242424242424243	1.6161616161616161	0.1034977261399541
2.4242424242424243	1.7171717171717171	0.09862217856011239
2.4242424242424243	1.8181818181818181	0.09479122753074323
2.4242424242424243	1.9191919191919191	0.09192921224541606
2.4242424242424243	2.0202020202020203	0.08995106271987217
2.4242424242424243	2.121212121212121	0.08876697557121903
2.4242424242424243	2.2222222222222223	0.08828605083922562
2.4242424242424243	2.323232323232323	0.08841902313916222
2.4242424242424243	2.4242424242424243	0.08908022163310655
2.4242424242424243	2.525252525252525	0.09018888731353752
2.4242424242424243	2.6262626262626263	0.09166996631177715
2.4242424242424243	2.727272727272727	0.09345448666447168
2.4242424242424243	2.8282828282828283	0.09547961503917032
2.4242424242424243	2.9292929292929295	0.0976884811708216
2.4242424242424243	3.0303030303030303	0.10002985322231008
2.4242424242424243	3.1313131313131315	0.10245774906110444
2.4242424242424243	3.2323232323232323	0.10493107776196967
2.4242424242424243	3.3333333333333335	0.10741342015405064
2.4242424242424243	3.4343434343434343	0.10506800637796947
2.4242424242424243	3.5353535353535355	0.09811029570541399
2.4242424242424243	3.6363636363636362	0.09161129317647411
2.4242424242424243	3.7373737373737375	0.08554973930853846
2.4242424242424243	3.8383838383838382	0.07990288353009703
2.4242424242424243	3.9393939393939394	0.07464724673434761
2.4242424242424243	4.040404040404041	0.06975920414164917
2.4242424242424243	4.141414141414141	0.06521542155084598
2.4242424242424243	4.242424242424242	0.06099317358203448
2.4242424242424243	4.343434343434343	0.0570705680887143
2.4242424242424243	4.444444444444445	0.05342669683182996
2.4242424242424243	4.545454545454546	0.05004172889036872
2.4242424242424243	4.646464646464646	0.04689696016720527
2.4242424242424243	4.747474747474747	0.04397482972147313
2.4242424242424243	4.848484848484849	0.04125891147272302
2.4242424242424243	4.94949494949495	0.03873388802627206
2.4242424242424243	5.05050505050505	0.03638551190882183
2.4242424242424243	5.151515151515151	0.034200558321653904
2.4242424242424243	5.252525252525253	0.03216677257273744
2.4242424242424243	5.353535353535354	0.030272814594012626
2.4242424242424243	5.454545454545454	0.028508202352212283
2.4242424242424243	5.555555555555555	0.026863255490012016
2.4242424242424243	5.656565656565657	0.025329040166035086
2.4242424242424243	5.757575757575758	0.023897315774481266
2.4242424242424243	5.858585858585859	0.02256048400363892
2.4242424242424243	5.959595959595959	0.021311540523234026
2.4242424242424243	6.0606060606060606	0.02014402946046457
2.4242424242424243	6.161616161616162	0.019052000730250526
2.4242424242424243	6.262626262626263	0.018029970211760338
2.4242424242424243	6.363636363636363	0.017072882713128644
2.4242424242424243	6.4646464646464645	0.016176077630799757
2.4242424242424243	6.565656565656566	0.0153352571830363
2.4242424242424243	6.666666666666667	0.014546457085674591
2.4242424242424243	6.767676767676767	0.013806019525293145
2.4242424242424243	6.8686868686868685	0.013110568285364997
2.4242424242424243	6.96969696969697	0.01245698587887184
2.4242424242424243	7.070707070707071	0.011842392544540559
2.4242424242424243	7.171717171717172	0.011264126968833166
2.4242424242424243	7.2727272727272725	0.010719728602188727
2.4242424242424243	7.373737373737374	0.010206921444223256
2.4242424242424243	7.474747474747475	0.009723599181044706
2.4242424242424243	7.575757575757576	0.009267811564164452
2.4242424242424243	7.6767676767676765	0.008837751929473336
2.4242424242424243	7.777777777777778	0.008431745760433429
2.4242424242424243	7.878787878787879	0.008048240208801571
2.4242424242424243	7.97979797979798	0.007685794491234743
2.4242424242424243	8.080808080808081	0.007343071087242969
2.4242424242424243	8.181818181818182	0.0070188276704424716
2.4242424242424243	8.282828282828282	0.006711909710301223
2.4242424242424243	8.383838383838384	0.006421243686354363
2.4242424242424243	8.484848484848484	0.006145830862704528
2.4242424242424243	8.585858585858587	0.005884741574896423
2.4242424242424243	8.686868686868687	0.005637109984390813
2.4242424242424243	8.787878787878787	0.005402129260939498
2.4242424242424243	8.88888888888889	0.005179047157027309
2.4242424242424243	8.98989898989899	0.004967161938824252
2.4242424242424243	9.090909090909092	0.004765818645476978
2.4242424242424243	9.191919191919192	0.004574405647335641
2.4242424242424243	9.292929292929292	0.004392351478225048
2.4242424242424243	9.393939393939394	0.004219121918850404
2.4242424242424243	9.494949494949495	0.0040542173095162795
2.4242424242424243	9.595959595959595	0.0038971700736847143
2.4242424242424243	9.696969696969697	0.00374754243454383
2.4242424242424243	9.797979797979798	0.0036049243074091812
2.4242424242424243	9.8989898989899	0.00346893135608508
2.4242424242424243	10.0	0.003339203196055469
2.525252525252525	0.0	0.0
2.525252525252525	0.10101010101010101	0.0008556005940139333
2.525252525252525	0.20202020202020202	0.0034015528250996344
2.525252525252525	0.30303030303030304	0.0075763430847718876
2.525252525252525	0.40404040404040403	0.013280861294513523
2.525252525252525	0.5050505050505051	0.020383379420309346
2.525252525252525	0.6060606060606061	0.028726210499486076
2.525252525252525	0.7070707070707071	0.038133676617232236
2.525252525252525	0.8080808080808081	0.04842084986281832
2.525252525252525	0.9090909090909091	0.05940237599575704
2.525252525252525	1.0101010101010102	0.07090060198718694
2.525252525252525	1.1111111111111112	0.08275226454388829
2.525252525252525	1.2121212121212122	0.0948131863011652
2.525252525252525	1.3131313131313131	0.1069607417314643
2.525252525252525	1.4141414141414141	0.11909421250330876
2.525252525252525	1.5151515151515151	0.11259441982606437
2.525252525252525	1.6161616161616161	0.1060935932030098
2.525252525252525	1.7171717171717171	0.10065249615801389
2.525252525252525	1.8181818181818181	0.09622996255652036
2.525252525252525	1.9191919191919191	0.0927672437105658
2.525252525252525	2.0202020202020203	0.0901936684588
2.525252525252525	2.121212121212121	0.08843132423334789
2.525252525252525	2.2222222222222223	0.08739882351876808
2.525252525252525	2.323232323232323	0.08701424673065074
2.525252525252525	2.4242424242424243	0.08719736374337617
2.525252525252525	2.525252525252525	0.08787123810730854
2.525252525252525	2.6262626262626263	0.08896331417096148
2.525252525252525	2.727272727272727	0.09040608027153497
2.525252525252525	2.8282828282828283	0.09213739255100777
2.525252525252525	2.9292929292929295	0.0941005351208342
2.525252525252525	3.0303030303030303	0.09624408446335682
2.525252525252525	3.1313131313131315	0.09852164041204951
2.525252525252525	3.2323232323232323	0.10089148416267954
2.525252525252525	3.3333333333333335	0.10331622670038755
2.525252525252525	3.4343434343434343	0.10576251877918358
2.525252525252525	3.5353535353535355	0.10782253797342567
2.525252525252525	3.6363636363636362	0.10094032675533156
2.525252525252525	3.7373737373737375	0.09449186916173379
2.525252525252525	3.8383838383838382	0.08845885065492556
2.525252525252525	3.9393939393939394	0.08282134187194203
2.525252525252525	4.040404040404041	0.07755850909802776
2.525252525252525	4.141414141414141	0.07264916692216818
2.525252525252525	4.242424242424242	0.06807220033974214
2.525252525252525	4.343434343434343	0.06380688031178726
2.525252525252525	4.444444444444445	0.05983309340728596
2.525252525252525	4.545454545454546	0.0561315029267461
2.525252525252525	4.646464646464646	0.05268365597308344
2.525252525252525	4.747474747474747	0.0494720483619528
2.525252525252525	4.848484848484849	0.04648015705105061
2.525252525252525	4.94949494949495	0.04369244790206764
2.525252525252525	5.05050505050505	0.04109436503186324
2.525252525252525	5.151515151515151	0.038672306726115824
2.525252525252525	5.252525252525253	0.03641359183754943
2.525252525252525	5.353535353535354	0.034306419737789313
2.525252525252525	5.454545454545454	0.032339826202650586
2.525252525252525	5.555555555555555	0.030503637057540004
2.525252525252525	5.656565656565657	0.028788420967706035
2.525252525252525	5.757575757575758	0.027185442407804784
2.525252525252525	5.858585858585859	0.025686615568541345
2.525252525252525	5.959595959595959	0.024284459739964275
2.525252525252525	6.0606060606060606	0.022972056542647792
2.525252525252525	6.161616161616162	0.02174300924613118
2.525252525252525	6.262626262626263	0.020591404314258262
2.525252525252525	6.363636363636363	0.019511775239806326
2.525252525252525	6.4646464646464645	0.018499068675182497
2.525252525252525	6.565656565656566	0.01754861282294721
2.525252525252525	6.666666666666667	0.016656088020765875
2.525252525252525	6.767676767676767	0.01581749943354671
2.525252525252525	6.8686868686868685	0.01502915175350683
2.525252525252525	6.96969696969697	0.014287625798585335
2.525252525252525	7.070707070707071	0.013589756897628579
2.525252525252525	7.171717171717172	0.01293261494819209
2.525252525252525	7.2727272727272725	0.012313486035127615
2.525252525252525	7.373737373737374	0.011729855500232268
2.525252525252525	7.474747474747475	0.011179392358805273
2.525252525252525	7.575757575757576	0.010659934961723128
2.525252525252525	7.6767676767676765	0.01016947780899935
2.525252525252525	7.777777777777778	0.009706159424739926
2.525252525252525	7.878787878787879	0.009268251211102863
2.525252525252525	7.97979797979798	0.00885414720195008
2.525252525252525	8.080808080808081	0.00846235464438281
2.525252525252525	8.181818181818182	0.008091485340868228
2.525252525252525	8.282828282828282	0.0077402476897538985
2.525252525252525	8.383838383838384	0.007407439366753844
2.525252525252525	8.484848484848484	0.007091940595242763
2.525252525252525	8.585858585858587	0.0067927079547963525
2.525252525252525	8.686868686868687	0.006508768686316557
2.525252525252525	8.787878787878787	0.006239215449658664
2.525252525252525	8.88888888888889	0.0059832014980589765
2.525252525252525	8.98989898989899	0.005739936234599947
2.525252525252525	9.090909090909092	0.005508681117999457
2.525252525252525	9.191919191919192	0.0052887458903557935
2.525252525252525	9.292929292929292	0.005079485098466003
2.525252525252525	9.393939393939394	0.0048802948874542285
2.525252525252525	9.494949494949495	0.00469061003954325
2.525252525252525	9.595959595959595	0.004509901243857512
2.525252525252525	9.696969696969697	0.00433767257296044
2.525252525252525	9.797979797979798	0.004173459153075991
2.525252525252525	9.8989898989899	0.0040168250099078115
2.525252525252525	10.0	0.003867361077329403
2.6262626262626263	0.0	0.0
2.6262626262626263	0.10101010101010101	0.0007907659067225942
2.6262626262626263	0.20202020202020202	0.0031452007656214854
2.6262626262626263	0.30303030303030304	0.0070105663299053255
2.6262626262626263	0.40404040404040403	0.012301765223611047
2.6262626262626263	0.5050505050505051	0.018905413464719936
2.6262626262626263	0.6060606060606061	0.02668527036310289
2.6262626262626263	0.7070707070707071	0.03548872037151336
2.6262626262626263	0.8080808080808081	0.045153885595748136
2.6262626262626263	0.9090909090909091	0.05551684466303415
2.6262626262626263	1.0101010101010102	0.0664183776131515
2.6262626262626263	1.1111111111111112	0.07770968211447812
2.6262626262626263	1.2121212121212122	0.08925663099161207
2.6262626262626263	1.3131313131313131	0.10094234986662665
2.6262626262626263	1.4141414141414141	0.11266813894859817
2.6262626262626263	1.5151515151515151	0.11598459952046214
2.6262626262626263	1.6161616161616161	0.10903718382528262
2.6262626262626263	1.7171717171717171	0.10309509956725733
2.6262626262626263	1.8181818181818181	0.09813521324736052
2.6262626262626263	1.9191919191919191	0.09411510101778225
2.6262626262626263	2.0202020202020203	0.09097840494482938
2.6262626262626263	2.121212121212121	0.08865939573008548
2.6262626262626263	2.2222222222222223	0.08708675610776698
2.6262626262626263	2.323232323232323	0.0861866357576421
2.6262626262626263	2.4242424242424243	0.08588504827238398
2.6262626262626263	2.525252525252525	0.08610968953891386
2.6262626262626263	2.6262626262626263	0.08679125877103962
2.6262626262626263	2.727272727272727	0.0878643609316361
2.6262626262626263	2.8282828282828283	0.08926806413042884
2.6262626262626263	2.9292929292929295	0.09094617901168812
2.6262626262626263	3.0303030303030303	0.0928473201222803
2.6262626262626263	3.1313131313131315	0.09492480263028007
2.6262626262626263	3.2323232323232323	0.0971364223935313
2.6262626262626263	3.3333333333333335	0.09944416414060171
2.6262626262626263	3.4343434343434343	0.10181388227975517
2.6262626262626263	3.5353535353535355	0.10421500209129651
2.6262626262626263	3.6363636363636362	0.10662029504381637
2.6262626262626263	3.7373737373737375	0.10364573624531187
2.6262626262626263	3.8383838383838382	0.09725396856484327
2.6262626262626263	3.9393939393939394	0.0912566827310819
2.6262626262626263	4.040404040404041	0.08563646063356399
2.6262626262626263	4.141414141414141	0.0803748482506742
2.6262626262626263	4.242424242424242	0.07545287640395934
2.6262626262626263	4.343434343434343	0.07085146557551937
2.6262626262626263	4.444444444444445	0.06655173487859148
2.6262626262626263	4.545454545454546	0.06253523272137071
2.6262626262626263	4.646464646464646	0.058784104176380025
2.6262626262626263	4.747474747474747	0.055281207707146514
2.6262626262626263	4.848484848484849	0.05201019179052417
2.6262626262626263	4.94949494949495	0.04895554011981076
2.6262626262626263	5.05050505050505	0.046102592489422195
2.6262626262626263	5.151515151515151	0.043437547118746686
2.6262626262626263	5.252525252525253	0.04094744905252311
2.6262626262626263	5.353535353535354	0.038620168344038044
2.6262626262626263	5.454545454545454	0.036444370965137446
2.6262626262626263	5.555555555555555	0.03440948476103512
2.6262626262626263	5.656565656565657	0.03250566226105872
2.6262626262626263	5.757575757575758	0.030723741747118265
2.6262626262626263	5.858585858585859	0.029055207650708445
2.6262626262626263	5.959595959595959	0.027492151086619572
2.6262626262626263	6.0606060606060606	0.026027231121574408
2.6262626262626263	6.161616161616162	0.024653637209419266
2.6262626262626263	6.262626262626263	0.023365053094079484
2.6262626262626263	6.363636363636363	0.022155622380074912
2.6262626262626263	6.4646464646464645	0.02101991589068003
2.6262626262626263	6.565656565656566	0.019952900873754804
2.6262626262626263	6.666666666666667	0.018949912068881063
2.6262626262626263	6.767676767676767	0.01800662461572866
2.6262626262626263	6.8686868686868685	0.017119028759198907
2.6262626262626263	6.96969696969697	0.016283406286649926
2.6262626262626263	7.070707070707071	0.015496308623988344
2.6262626262626263	7.171717171717172	0.014754536507538107
2.6262626262626263	7.2727272727272725	0.014055121143156102
2.6262626262626263	7.373737373737374	0.013395306767246734
2.6262626262626263	7.474747474747475	0.012772534517575318
2.6262626262626263	7.575757575757576	0.012184427529519717
2.6262626262626263	7.6767676767676765	0.011628777173213811
2.6262626262626263	7.777777777777778	0.011103530349882096
2.6262626262626263	7.878787878787879	0.010606777771942699
2.6262626262626263	7.97979797979798	0.010136743152393525
2.6262626262626263	8.080808080808081	0.009691773236384371
2.6262626262626263	8.181818181818182	0.009270328610033296
2.6262626262626263	8.282828282828282	0.008870975226545674
2.6262626262626263	8.383838383838384	0.008492376593610684
2.6262626262626263	8.484848484848484	0.008133286570714198
2.6262626262626263	8.585858585858587	0.0077925427270517655
2.6262626262626263	8.686868686868687	0.007469060216634344
2.6262626262626263	8.787878787878787	0.007161826129290969
2.6262626262626263	8.88888888888889	0.006869894278566004
2.6262626262626263	8.98989898989899	0.00659238039271437
2.6262626262626263	9.090909090909092	0.006328457675812472
2.6262626262626263	9.191919191919192	0.0060773527094171165
2.6262626262626263	9.292929292929292	0.005838341668283215
2.6262626262626263	9.393939393939394	0.005610746822871978
2.6262626262626263	9.494949494949495	0.0053939333090357216
2.6262626262626263	9.595959595959595	0.005187306140148708
2.6262626262626263	9.696969696969697	0.004990307444921109
2.6262626262626263	9.797979797979798	0.004802413910953378
2.6262626262626263	9.8989898989899	0.004623134419769981
2.6262626262626263	10.0	0.004452007856787824
2.727272727272727	0.0	0.0
2.727272727272727	0.10101010101010101	0.0007327187735069197
2.727272727272727	0.20202020202020202	0.0029155089235819442
2.727272727272727	0.30303030303030304	0.006502971825284188
2.727272727272727	0.40404040404040403	0.011421745133465371
2.727272727272727	0.5050505050505051	0.017573844525019113
2.727272727272727	0.6060606060606061	0.024841109855870375
2.727272727272727	0.7070707070707071	0.03309050599460223
2.727272727272727	0.8080808080808081	0.04217994550143647
2.727272727272727	0.9090909090909091	0.051964230141715
2.727272727272727	1.0101010101010102	0.06230067218663055
2.727272727272727	1.1111111111111112	0.07305397536866441
2.727272727272727	1.2121212121212122	0.08410003956954752
2.727272727272727	1.3131313131313131	0.09532849439444746
2.727272727272727	1.4141414141414141	0.1066439367142062
2.727272727272727	1.5151515151515151	0.11796600739867709
2.727272727272727	1.6161616161616161	0.11224914637736966
2.727272727272727	1.7171717171717171	0.10587092647986952
2.727272727272727	1.8181818181818181	0.10043033582353075
2.727272727272727	1.9191919191919191	0.09590035681211741
2.727272727272727	2.0202020202020203	0.09223852508565408
2.727272727272727	2.121212121212121	0.0893912737194533
2.727272727272727	2.2222222222222223	0.08729763751205206
2.727272727272727	2.323232323232323	0.08589233174240007
2.727272727272727	2.4242424242424243	0.08510824611582252
2.727272727272727	2.525252525252525	0.0848784092848028
2.727272727272727	2.6262626262626263	0.08513748620807897
2.727272727272727	2.727272727272727	0.08582287232044206
2.727272727272727	2.8282828282828283	0.08687544681115068
2.727272727272727	2.9292929292929295	0.08824004349741153
2.727272727272727	3.0303030303030303	0.08986569274252207
2.727272727272727	3.1313131313131315	0.09170568232617982
2.727272727272727	3.2323232323232323	0.09371747973618583
2.727272727272727	3.3333333333333335	0.09586255359557758
2.727272727272727	3.4343434343434343	0.098106128442195
2.727272727272727	3.5353535353535355	0.10041690542919716
2.727272727272727	3.6363636363636362	0.10276678219414065
2.727272727272727	3.7373737373737375	0.10513060820488053
2.727272727272727	3.8383838383838382	0.10623257851485017
2.727272727272727	3.9393939393939394	0.09990252669678991
2.727272727272727	4.040404040404041	0.09394705107454264
2.727272727272727	4.141414141414141	0.08835096592537604
2.727272727272727	4.242424242424242	0.08309795441264657
2.727272727272727	4.343434343434343	0.07817105682572718
2.727272727272727	4.444444444444445	0.07355305608855812
2.727272727272727	4.545454545454546	0.06922677729906505
2.727272727272727	4.646464646464646	0.06517531617040091
2.727272727272727	4.747474747474747	0.06138220928640651
2.727272727272727	4.848484848484849	0.05783155720006887
2.727272727272727	4.94949494949495	0.05450810967408531
2.727272727272727	5.05050505050505	0.05139732082402595
2.727272727272727	5.151515151515151	0.048485380581461734
2.727272727272727	5.252525252525253	0.045759227744842465
2.727272727272727	5.353535353535354	0.04320654890961407
2.727272727272727	5.454545454545454	0.04081576675327177
2.727272727272727	5.555555555555555	0.03857602046876642
2.727272727272727	5.656565656565657	0.03647714057894618
2.727272727272727	5.757575757575758	0.034509619902059155
2.727272727272727	5.858585858585859	0.03266458206028736
2.727272727272727	5.959595959595959	0.030933748617115918
2.727272727272727	6.0606060606060606	0.029309405680756972
2.727272727272727	6.161616161616162	0.027784370608719643
2.727272727272727	6.262626262626263	0.026351959291298202
2.727272727272727	6.363636363636363	0.025005954361200084
2.727272727272727	6.4646464646464645	0.02374057457534385
2.727272727272727	6.565656565656566	0.02255044553603529
2.727272727272727	6.666666666666667	0.02143057185592007
2.727272727272727	6.767676767676767	0.020376310820695825
2.727272727272727	6.8686868686868685	0.019383347569604577
2.727272727272727	6.96969696969697	0.018447671783752506
2.727272727272727	7.070707070707071	0.017565555851097647
2.727272727272727	7.171717171717172	0.016733534463536426
2.727272727272727	7.2727272727272725	0.015948385589450442
2.727272727272727	7.373737373737374	0.015207112758939045
2.727272727272727	7.474747474747475	0.0145069285940842
2.727272727272727	7.575757575757576	0.013845239515408725
2.727272727272727	7.6767676767676765	0.013219631554429068
2.727272727272727	7.777777777777778	0.01262785720217352
2.727272727272727	7.878787878787879	0.012067823228241625
2.727272727272727	7.97979797979798	0.011537579402853826
2.727272727272727	8.080808080808081	0.011035308061340121
2.727272727272727	8.181818181818182	0.01055931444979108
2.727272727272727	8.282828282828282	0.010108017797242574
2.727272727272727	8.383838383838384	0.009679943059865082
2.727272727272727	8.484848484848484	0.009273713288635577
2.727272727272727	8.585858585858587	0.00888804257239939
2.727272727272727	8.686868686868687	0.008521729514221255
2.727272727272727	8.787878787878787	0.008173651199842702
2.727272727272727	8.88888888888889	0.007842757620283969
2.727272727272727	8.98989898989899	0.007528066514625502
2.727272727272727	9.090909090909092	0.0072286585999521424
2.727272727272727	9.191919191919192	0.006943673158235302
2.727272727272727	9.292929292929292	0.006672303953320746
2.727272727272727	9.393939393939394	0.0064137954523391105
2.727272727272727	9.494949494949495	0.006167439326919477
2.727272727272727	9.595959595959595	0.005932571213947942
2.727272727272727	9.696969696969697	0.005708567714642821
2.727272727272727	9.797979797979798	0.005494843614752387
2.727272727272727	9.8989898989899	0.0052908493065814185
2.727272727272727	10.0	0.005096068400371019
2.8282828282828283	0.0	0.0
2.8282828282828283	0.10101010101010101	0.0006805935738666523
2.8282828282828283	0.20202020202020202	0.0027091036003675903
2.8282828282828283	0.30303030303030304	0.00604629528063639
2.8282828282828283	0.40404040404040403	0.010628674755115305
2.8282828282828283	0.5050505050505051	0.016371239846953652
2.8282828282828283	0.6060606060606061	0.023171135342322357
2.8282828282828283	0.7070707070707071	0.030912009267825686
2.8282828282828283	0.8080808080808081	0.039468806022955986
2.8282828282828283	0.9090909090909091	0.048712683403017445
2.8282828282828283	1.0101010101010102	0.0585157169087101
2.8282828282828283	1.1111111111111112	0.06875506893077521
2.8282828282828283	1.2121212121212122	0.07931635858267223
2.8282828282828283	1.3131313131313131	0.09009606508983309
2.8282828282828283	1.4141414141414141	0.10100291682993505
2.8282828282828283	1.5151515151515151	0.11195833525064258
2.8282828282828283	1.6161616161616161	0.11565994097217776
2.8282828282828283	1.7171717171717171	0.10890898624518473
2.8282828282828283	1.8181818181818181	0.10304488299368146
2.8282828282828283	1.9191919191919191	0.09805485544513176
2.8282828282828283	2.0202020202020203	0.09390964142170453
2.8282828282828283	2.121212121212121	0.09056754175800713
2.8282828282828283	2.2222222222222223	0.08797796725356223
2.8282828282828283	2.323232323232323	0.08608446595585202
2.8282828282828283	2.4242424242424243	0.08482724458348087
2.8282828282828283	2.525252525252525	0.0841452170854177
2.8282828282828283	2.6262626262626263	0.0839776243173433
2.8282828282828283	2.727272727272727	0.0842652741459622
2.8282828282828283	2.8282828282828283	0.08495145275328747
2.8282828282828283	2.9292929292929295	0.0859825567605916
2.8282828282828283	3.0303030303030303	0.08730849293672821
2.8282828282828283	3.1313131313131315	0.08888288837783187
2.8282828282828283	3.2323232323232323	0.09066314968142086
2.8282828282828283	3.3333333333333335	0.09261040523636405
2.8282828282828283	3.4343434343434343	0.09468936071416116
2.8282828282828283	3.5353535353535355	0.09686809456649294
2.8282828282828283	3.6363636363636362	0.09911781820048855
2.8282828282828283	3.7373737373737375	0.10141262488759935
2.8282828282828283	3.8383838383838382	0.1037292525845141
2.8282828282828283	3.9393939393939394	0.10604688849125128
2.8282828282828283	4.040404040404041	0.1024424998737792
2.8282828282828283	4.141414141414141	0.09653393112081239
2.8282828282828283	4.242424242424242	0.09096786573867012
2.8282828282828283	4.343434343434343	0.08572990371917454
2.8282828282828283	4.444444444444445	0.08080490433444525
2.8282828282828283	4.545454545454546	0.07617735117480486
2.8282828282828283	4.646464646464646	0.07183164026314963
2.8282828282828283	4.747474747474747	0.06775230381975329
2.8282828282828283	4.848484848484849	0.06392418075371736
2.8282828282828283	4.94949494949495	0.060332543462938544
2.8282828282828283	5.05050505050505	0.05696318912329401
2.8282828282828283	5.151515151515151	0.053802502372055534
2.8282828282828283	5.252525252525253	0.05083749516097194
2.8282828282828283	5.353535353535354	0.048055828571437365
2.8282828282828283	5.454545454545454	0.045445820542819634
2.8282828282828283	5.555555555555555	0.042996442747441986
2.8282828282828283	5.656565656565657	0.04069730924294484
2.8282828282828283	5.757575757575758	0.03853865903138671
2.8282828282828283	5.858585858585859	0.03651133423388302
2.8282828282828283	5.959595959595959	0.03460675524615546
2.8282828282828283	6.0606060606060606	0.03281689395479307
2.8282828282828283	6.161616161616162	0.031134245863740775
2.8282828282828283	6.262626262626263	0.02955180178948464
2.8282828282828283	6.363636363636363	0.028063019629976177
2.8282828282828283	6.4646464646464645	0.02666179659156886
2.8282828282828283	6.565656565656566	0.025342442153287462
2.8282828282828283	6.666666666666667	0.02409965197337255
2.8282828282828283	6.767676767676767	0.02292848287739786
2.8282828282828283	6.8686868686868685	0.021824329016318776
2.8282828282828283	6.96969696969697	0.02078289924824388
2.8282828282828283	7.070707070707071	0.019800195761326612
2.8282828282828283	7.171717171717172	0.01887249393793624
2.8282828282828283	7.2727272727272725	0.01799632343863244
2.8282828282828283	7.373737373737374	0.017168450474542973
2.8282828282828283	7.474747474747475	0.01638586122531346
2.8282828282828283	7.575757575757576	0.015645746355136714
2.8282828282828283	7.6767676767676765	0.014945486574253403
2.8282828282828283	7.777777777777778	0.014282639191747881
2.8282828282828283	7.878787878787879	0.013654925604235979
2.8282828282828283	7.97979797979798	0.013060219665121053
2.8282828282828283	8.080808080808081	0.012496536879199382
2.8282828282828283	8.181818181818182	0.011962024372096147
2.8282828282828283	8.282828282828282	0.011454951580934125
2.8282828282828283	8.383838383838384	0.010973701618583576
2.8282828282828283	8.484848484848484	0.010516763266090095
2.8282828282828283	8.585858585858587	0.010082723547172106
2.8282828282828283	8.686868686868687	0.009670260845479449
2.8282828282828283	8.787878787878787	0.00927813852379833
2.8282828282828283	8.88888888888889	0.00890519901037412
2.8282828282828283	8.98989898989899	0.008550358317265472
2.8282828282828283	9.090909090909092	0.008212600958424687
2.8282828282828283	9.191919191919192	0.007890975239326024
2.8282828282828283	9.292929292929292	0.007584588889285904
2.8282828282828283	9.393939393939394	0.007292605011272435
2.8282828282828283	9.494949494949495	0.0070142383256754925
2.8282828282828283	9.595959595959595	0.006748751685640963
2.8282828282828283	9.696969696969697	0.006495452843601505
2.8282828282828283	9.797979797979798	0.006253691451282099
2.8282828282828283	9.8989898989899	0.006022856272930754
2.8282828282828283	10.0	0.005802372599801876
2.9292929292929295	0.0	0.0
2.9292929292929295	0.10101010101010101	0.0006336501402138235
2.9292929292929295	0.20202020202020202	0.0025230955047943916
2.9292929292929295	0.30303030303030304	0.005634298223543241
2.9292929292929295	0.40404040404040403	0.009912096656876217
2.9292929292929295	0.5050505050505051	0.015282476919194326
2.9292929292929295	0.6060606060606061	0.021655589671852875
2.9292929292929295	0.7070707070707071	0.028929346606550815
2.9292929292929295	0.8080808080808081	0.03699338611149411
2.9292929292929295	0.9090909090909091	0.04573316292121707
2.9292929292929295	1.0101010101010102	0.05503390066791859
2.9292929292929295	1.1111111111111112	0.06478415696603039
2.9292929292929295	1.2121212121212122	0.07487879163419625
2.9292929292929295	1.3131313131313131	0.08522119671243364
2.9292929292929295	1.4141414141414141	0.09572473158946901
2.9292929292929295	1.5151515151515151	0.10631339252477146
2.9292929292929295	1.6161616161616161	0.11692181764263379
2.9292929292929295	1.7171717171717171	0.11214649788341713
2.9292929292929295	1.8181818181818181	0.1059151468186058
2.9292929292929295	1.9191919191919191	0.10051560951815389
2.9292929292929295	2.0202020202020203	0.09593092916347527
2.9292929292929295	2.121212121212121	0.09213075525246409
2.9292929292929295	2.2222222222222223	0.0890746729404363
2.9292929292929295	2.323232323232323	0.08671511713422392
2.9292929292929295	2.4242424242424243	0.08499986184134042
2.9292929292929295	2.525252525252525	0.08387409763295016
2.9292929292929295	2.6262626262626263	0.08328212421243973
2.9292929292929295	2.727272727272727	0.08316869335217716
2.9292929292929295	2.8282828282828283	0.08348004158205852
2.9292929292929295	2.9292929292929295	0.08416465321709134
2.9292929292929295	3.0303030303030303	0.08517379349705832
2.9292929292929295	3.1313131313131315	0.08646184944793522
2.9292929292929295	3.2323232323232323	0.08798651307203476
2.9292929292929295	3.3333333333333335	0.08970883803696016
2.9292929292929295	3.4343434343434343	0.09159319749480141
2.9292929292929295	3.5353535353535355	0.09360716731356793
2.9292929292929295	3.6363636363636362	0.09572135611252898
2.9292929292929295	3.7373737373737375	0.09790920132484394
2.9292929292929295	3.8383838383838382	0.10014674932649445
2.9292929292929295	3.9393939393939394	0.10241243768388339
2.9292929292929295	4.040404040404041	0.10468689883842415
2.9292929292929295	4.141414141414141	0.10487879852309558
2.9292929292929295	4.242424242424242	0.09902137619110236
2.9292929292929295	4.343434343434343	0.09349035671562467
2.9292929292929295	4.444444444444445	0.08827305740321088
2.9292929292929295	4.545454545454546	0.08335598184052012
2.9292929292929295	4.646464646464646	0.07872516395666578
2.9292929292929295	4.747474747474747	0.07436644339058184
2.9292929292929295	4.848484848484849	0.07026568276945512
2.9292929292929295	4.94949494949495	0.06640893637332658
2.9292929292929295	5.05050505050505	0.06278257849021424
2.9292929292929295	5.151515151515151	0.059373398635426365
2.9292929292929295	5.252525252525253	0.0561686697580458
2.9292929292929295	5.353535353535354	0.05315619461248897
2.9292929292929295	5.454545454545454	0.050324334637174215
2.9292929292929295	5.555555555555555	0.04766202495707094
2.9292929292929295	5.656565656565657	0.04515877850174086
2.9292929292929295	5.757575757575758	0.042804681700097665
2.9292929292929295	5.858585858585859	0.040590383765161483
2.9292929292929295	5.959595959595959	0.03850708120397703
2.9292929292929295	6.0606060606060606	0.03654649887595499
2.9292929292929295	6.161616161616162	0.03470086866070567
2.9292929292929295	6.262626262626263	0.03296290658159163
2.9292929292929295	6.363636363636363	0.03132578905389073
2.9292929292929295	6.4646464646464645	0.029783128780887434
2.9292929292929295	6.565656565656566	0.028328950703071693
2.9292929292929295	6.666666666666667	0.026957668308566166
2.9292929292929295	6.767676767676767	0.025664060535870975
2.9292929292929295	6.8686868686868685	0.024443249436041797
2.9292929292929295	6.96969696969697	0.02329067871262548
2.9292929292929295	7.070707070707071	0.022202093216506572
2.9292929292929295	7.171717171717172	0.021173519441926365
2.9292929292929295	7.2727272727272725	0.020201247045143207
2.9292929292929295	7.373737373737374	0.01928181138793665
2.9292929292929295	7.474747474747475	0.018411977093900633
2.9292929292929295	7.575757575757576	0.01758872259438715
2.9292929292929295	7.6767676767676765	0.01680922563306253
2.9292929292929295	7.777777777777778	0.01607084969180356
2.9292929292929295	7.878787878787879	0.01537113129831269
2.9292929292929295	7.97979797979798	0.014707768171653646
2.9292929292929295	8.080808080808081	0.014078608162188866
2.9292929292929295	8.181818181818182	0.013481638942376195
2.9292929292929295	8.282828282828282	0.012914978402305488
2.9292929292929295	8.383838383838384	0.012376865710099771
2.9292929292929295	8.484848484848484	0.011865652993030211
2.9292929292929295	8.585858585858587	0.011379797600436614
2.9292929292929295	8.686868686868687	0.010917854909923363
2.9292929292929295	8.787878787878787	0.010478471640540832
2.9292929292929295	8.88888888888889	0.010060379637791828
2.9292929292929295	8.98989898989899	0.009662390098581743
2.9292929292929295	9.090909090909092	0.00928338820474428
2.9292929292929295	9.191919191919192	0.008922328137464852
2.9292929292929295	9.292929292929292	0.008578228443240521
2.9292929292929295	9.393939393939394	0.008250167729579871
2.9292929292929295	9.494949494949495	0.007937280663657509
2.9292929292929295	9.595959595959595	0.007638754253793192
2.9292929292929295	9.696969696969697	0.007353824392946689
2.9292929292929295	9.797979797979798	0.007081772645187956
2.9292929292929295	9.8989898989899	0.006821923257438918
2.9292929292929295	10.0	0.006573640379949008
3.0303030303030303	0.0	0.0
3.0303030303030303	0.10101010101010101	0.0005912540228884784
3.0303030303030303	0.20202020202020202	0.0023550044708145097
3.0303030303030303	0.30303030303030304	0.005261612133018349
3.0303030303030303	0.40404040404040403	0.009262977930408707
3.0303030303030303	0.5050505050505051	0.014294424803497071
3.0303030303030303	0.6060606060606061	0.02027719699968536
3.0303030303030303	0.7070707070707071	0.02712144216882344
3.0303030303030303	0.8080808080808081	0.03472950784737661
3.0303030303030303	0.9090909090909091	0.04299935873239897
3.0303030303030303	1.0101010101010102	0.05182791016990991
3.0303030303030303	1.1111111111111112	0.06111408136238676
3.0303030303030303	1.2121212121212122	0.07076140110358028
3.0303030303030303	1.3131313131313131	0.08068004727557732
3.0303030303030303	1.4141414141414141	0.09078826222439706
3.0303030303030303	1.5151515151515151	0.10101314958973635
3.0303030303030303	1.6161616161616161	0.1112909137933298
3.0303030303030303	1.7171717171717171	0.11552868955006956
3.0303030303030303	1.8181818181818181	0.1089843178014462
3.0303030303030303	1.9191919191919191	0.10322528082021006
3.0303030303030303	2.0202020202020203	0.09824588869808645
3.0303030303030303	2.121212121212121	0.09402644785036735
3.0303030303030303	2.2222222222222223	0.09053632958451921
3.0303030303030303	2.323232323232323	0.08773672288361806
3.0303030303030303	2.4242424242424243	0.08558304256259965
3.0303030303030303	2.525252525252525	0.08402698820277132
3.0303030303030303	2.6262626262626263	0.08301826560368686
3.0303030303030303	2.727272727272727	0.08250599300278559
3.0303030303030303	2.8282828282828283	0.08243982057435795
3.0303030303030303	2.9292929292929295	0.08277079490232556
3.0303030303030303	3.0303030303030303	0.08345200109143043
3.0303030303030303	3.1313131313131315	0.08443901459010526
3.0303030303030303	3.2323232323232323	0.0856901931415012
3.0303030303030303	3.3333333333333335	0.0871668369394478
3.0303030303030303	3.4343434343434343	0.08883324235425642
3.0303030303030303	3.5353535353535355	0.09065667175488042
3.0303030303030303	3.6363636363636362	0.0926072592081611
3.0303030303030303	3.7373737373737375	0.09465786937000988
3.0303030303030303	3.8383838383838382	0.09678392488013712
3.0303030303030303	3.9393939393939394	0.09896321621117271
3.0303030303030303	4.040404040404041	0.10117570737035858
3.0303030303030303	4.141414141414141	0.10340335121780696
3.0303030303030303	4.242424242424242	0.1056299294013041
3.0303030303030303	4.343434343434343	0.10141345401867119
3.0303030303030303	4.444444444444445	0.09592174983349191
3.0303030303030303	4.545454545454546	0.09072997964065246
3.0303030303030303	4.646464646464646	0.08582613178161705
3.0303030303030303	4.747474747474747	0.08119765151731603
3.0303030303030303	4.848484848484849	0.07683170285390671
3.0303030303030303	4.94949494949495	0.07271537804268598
3.0303030303030303	5.05050505050505	0.06883586284245476
3.0303030303030303	5.151515151515151	0.065180564722741
3.0303030303030303	5.252525252525253	0.061737210281583264
3.0303030303030303	5.353535353535354	0.058493917292061236
3.0303030303030303	5.454545454545454	0.055439246003719106
3.0303030303030303	5.555555555555555	0.052562233617739706
3.0303030303030303	5.656565656565657	0.0498524152317543
3.0303030303030303	5.757575757575758	0.047299834009992506
3.0303030303030303	5.858585858585859	0.04489504286573885
3.0303030303030303	5.959595959595959	0.04262909954806269
3.0303030303030303	6.0606060606060606	0.040493556685611436
3.0303030303030303	6.161616161616162	0.03848044805746459
3.0303030303030303	6.262626262626263	0.03658227212273148
3.0303030303030303	6.363636363636363	0.0347919736410353
3.0303030303030303	6.4646464646464645	0.03310292405252846
3.0303030303030303	6.565656565656566	0.03150890114905881
3.0303030303030303	6.666666666666667	0.03000406845453901
3.0303030303030303	6.767676767676767	0.028582954641440776
3.0303030303030303	6.8686868686868685	0.027240433234727034
3.0303030303030303	6.96969696969697	0.02597170279174053
3.0303030303030303	7.070707070707071	0.02477226769846348
3.0303030303030303	7.171717171717172	0.02363791968103145
3.0303030303030303	7.2727272727272725	0.022564720099953528
3.0303030303030303	7.373737373737374	0.021548983067766113
3.0303030303030303	7.474747474747475	0.020587259412806435
3.0303030303030303	7.575757575757576	0.01967632149299225
3.0303030303030303	7.6767676767676765	0.018813148853640882
3.0303030303030303	7.777777777777778	0.017994914713117094
3.0303030303030303	7.878787878787879	0.017218973253218195
3.0303030303030303	7.97979797979798	0.016482847686232427
3.0303030303030303	8.080808080808081	0.01578421906727877
3.0303030303030303	8.181818181818182	0.015120915817704444
3.0303030303030303	8.282828282828282	0.01449090392550989
3.0303030303030303	8.383838383838384	0.01389227778646096
3.0303030303030303	8.484848484848484	0.013323251650229073
3.0303030303030303	8.585858585858587	0.012782151637334538
3.0303030303030303	8.686868686868687	0.012267408292621962
3.0303030303030303	8.787878787878787	0.01177754964141986
3.0303030303030303	8.88888888888889	0.011311194717766204
3.0303030303030303	8.98989898989899	0.010867047534225488
3.0303030303030303	9.090909090909092	0.010443891462673723
3.0303030303030303	9.191919191919192	0.010040584001711126
3.0303030303030303	9.292929292929292	0.009656051902916074
3.0303030303030303	9.393939393939394	0.009289286630342675
3.0303030303030303	9.494949494949495	0.008939340134170366
3.0303030303030303	9.595959595959595	0.008605320912917325
3.0303030303030303	9.696969696969697	0.008286390346877308
3.0303030303030303	9.797979797979798	0.007981759281957157
3.0303030303030303	9.8989898989899	0.007690684848750127
3.0303030303030303	10.0	0.007412467497467379
3.1313131313131315	0.0	0.0
3.1313131313131315	0.10101010101010101	0.0005528600008390589
3.1313131313131315	0.20202020202020202	0.002202696332963702
3.1313131313131315	0.30303030303030304	0.004923606863655142
3.1313131313131315	0.40404040404040403	0.008673501581840347
3.1313131313131315	0.5050505050505051	0.013395666808537165
3.1313131313131315	0.6060606060606061	0.019020843439922122
3.1313131313131315	0.7070707070707071	0.025469709822092786
3.1313131313131315	0.8080808080808081	0.03265563401180383
3.1313131313131315	0.9090909090909091	0.04048754151842529
3.1313131313131315	1.0101010101010102	0.04887273679252918
3.1313131313131315	1.1111111111111112	0.05771952278479289
3.1313131313131315	1.2121212121212122	0.0669394841188102
3.1313131313131315	1.3131313131313131	0.07644933435816853
3.1313131313131315	1.4141414141414141	0.08617227214722536
3.1313131313131315	1.5151515151515151	0.09603883817371836
3.1313131313131315	1.6161616161616161	0.10598730787833158
3.1313131313131315	1.7171717171717171	0.11596368776699567
3.1313131313131315	1.8181818181818181	0.11220236792400755
3.1313131313131315	1.9191919191919191	0.1061323510087963
3.1313131313131315	2.0202020202020203	0.10080277374380545
3.1313131313131315	2.121212121212121	0.09620378493655339
3.1313131313131315	2.2222222222222223	0.09231400807034024
3.1313131313131315	2.323232323232323	0.08910309757831573
3.1313131313131315	2.4242424242424243	0.08653402706288761
3.1313131313131315	2.525252525252525	0.08456509030683536
3.1313131313131315	2.6262626262626263	0.0831516135761314
3.1313131313131315	2.727272727272727	0.08224738978888764
3.1313131313131315	2.8282828282828283	0.0818058530101693
3.1313131313131315	2.9292929292929295	0.08178101649704617
3.1313131313131315	3.0303030303030303	0.08212819997718857
3.1313131313131315	3.1313131313131315	0.08280457261521947
3.1313131313131315	3.2323232323232323	0.08376953768078682
3.1313131313131315	3.3333333333333335	0.08498498364870839
3.1313131313131315	3.4343434343434343	0.08641542463006545
3.1313131313131315	3.5353535353535355	0.08802805088314583
3.1313131313131315	3.6363636363636362	0.08979270787939354
3.1313131313131315	3.7373737373737375	0.09168182016053578
3.1313131313131315	3.8383838383838382	0.09367027415621428
3.1313131313131315	3.9393939393939394	0.09573527236771041
3.1313131313131315	4.040404040404041	0.09785616998149017
3.1313131313131315	4.141414141414141	0.10001430418107927
3.1313131313131315	4.242424242424242	0.10219282627478889
3.1313131313131315	4.343434343434343	0.10437654729664891
3.1313131313131315	4.444444444444445	0.10371419824627309
3.1313131313131315	4.545454545454546	0.09826541165262427
3.1313131313131315	4.646464646464646	0.09310337101889135
3.1313131313131315	4.747474747474747	0.08821740412860134
3.1313131313131315	4.848484848484849	0.083596239548306
3.1313131313131315	4.94949494949495	0.07922825452297139
3.1313131313131315	5.05050505050505	0.0751016758217573
3.1313131313131315	5.151515151515151	0.07120474042076275
3.1313131313131315	5.252525252525253	0.06752582221489069
3.1313131313131315	5.353535353535354	0.06405353023290777
3.1313131313131315	5.454545454545454	0.060776783129671566
3.1313131313131315	5.555555555555555	0.05768486407704035
3.1313131313131315	5.656565656565657	0.0547674595780702
3.1313131313131315	5.757575757575758	0.05201468519842072
3.1313131313131315	5.858585858585859	0.04941710073916071
3.1313131313131315	5.959595959595959	0.04696571696870339
3.1313131313131315	6.0606060606060606	0.044651995680084135
3.1313131313131315	6.161616161616162	0.042467844539006254
3.1313131313131315	6.262626262626263	0.04040560793157432
3.1313131313131315	6.363636363636363	0.038458054806579704
3.1313131313131315	6.4646464646464645	0.03661836432216791
3.1313131313131315	6.565656565656566	0.034880109956878534
3.1313131313131315	6.666666666666667	0.03323724261571324
3.1313131313131315	6.767676767676767	0.03168407315708649
3.1313131313131315	6.8686868686868685	0.030215254677496375
3.1313131313131315	6.96969696969697	0.028825764819750563
3.1313131313131315	7.070707070707071	0.027510888309677434
3.1313131313131315	7.171717171717172	0.0262661998778738
3.1313131313131315	7.2727272727272725	0.025087547682922935
3.1313131313131315	7.373737373737374	0.023971037320805855
3.1313131313131315	7.474747474747475	0.022913016478189406
3.1313131313131315	7.575757575757576	0.021910060266670434
3.1313131313131315	7.6767676767676765	0.02095895725947613
3.1313131313131315	7.777777777777778	0.020056696235845158
3.1313131313131315	7.878787878787879	0.019200453632932653
3.1313131313131315	7.97979797979798	0.018387581690836645
3.1313131313131315	8.080808080808081	0.01761559727761199
3.1313131313131315	8.181818181818182	0.016882171370032607
3.1313131313131315	8.282828282828282	0.016185119166517437
3.1313131313131315	8.383838383838384	0.015522390806585129
3.1313131313131315	8.484848484848484	0.014892062667428707
3.1313131313131315	8.585858585858587	0.014292329209666305
3.1313131313131315	8.686868686868687	0.013721495343735214
3.1313131313131315	8.787878787878787	0.013177969288334979
3.1313131313131315	8.88888888888889	0.012660255891420613
3.1313131313131315	8.98989898989899	0.012166950390305464
3.1313131313131315	9.090909090909092	0.011696732579070668
3.1313131313131315	9.191919191919192	0.01124836136338625
3.1313131313131315	9.292929292929292	0.010820669674194257
3.1313131313131315	9.393939393939394	0.01041255972123786
3.1313131313131315	9.494949494949495	0.010022998560472285
3.1313131313131315	9.595959595959595	0.009651013958081656
3.1313131313131315	9.696969696969697	0.009295690530240564
3.1313131313131315	9.797979797979798	0.008956166139269639
3.1313131313131315	9.8989898989899	0.008631628531505564
3.1313131313131315	10.0	0.008321312197940325
3.2323232323232323	0.0	0.0
3.2323232323232323	0.10101010101010101	0.000517998303722535
3.2323232323232323	0.20202020202020202	0.0020643300241519826
3.2323232323232323	0.30303030303030304	0.004616279757657371
3.2323232323232323	0.40404040404040403	0.008136889073260023
3.2323232323232323	0.5050505050505051	0.012576260976219021
3.2323232323232323	0.6060606060606061	0.017873294326848234
3.2323232323232323	0.7070707070707071	0.023957759236572698
3.2323232323232323	0.8080808080808081	0.0307526044494739
3.2323232323232323	0.9090909090909091	0.03817637361411027
3.2323232323232323	1.0101010101010102	0.0461456015712482
3.2323232323232323	1.1111111111111112	0.05457706628322154
3.2323232323232323	1.2121212121212122	0.06338978754742597
3.2323232323232323	1.3131313131313131	0.07250668914159708
3.2323232323232323	1.4141414141414141	0.08185587363676289
3.2323232323232323	1.5151515151515151	0.09137149442867057
3.2323232323232323	1.6161616161616161	0.10099424275273955
3.2323232323232323	1.7171717171717171	0.11067149432221338
3.2323232323232323	1.8181818181818181	0.11552574304343732
3.2323232323232323	1.9191919191919191	0.10919106524327071
3.2323232323232323	2.0202020202020203	0.10355476655875448
3.2323232323232323	2.121212121212121	0.0986159460049886
3.2323232323232323	2.2222222222222223	0.09436183877873344
3.2323232323232323	2.323232323232323	0.09077015257802698
3.2323232323232323	2.4242424242424243	0.0878112069943227
3.2323232323232323	2.525252525252525	0.08544984517969349
3.2323232323232323	2.6262626262626263	0.08364710518914636
3.2323232323232323	2.727272727272727	0.08236165141621116
3.2323232323232323	2.8282828282828283	0.0815509755579665
3.2323232323232323	2.9292929292929295	0.08117238250840868
3.2323232323232323	3.0303030303030303	0.08118378022247762
3.2323232323232323	3.1313131313131315	0.0815442944954832
3.2323232323232323	3.2323232323232323	0.08221473020955461
3.2323232323232323	3.3333333333333335	0.0831579002617046
3.2323232323232323	3.4343434343434343	0.08433884238645738
3.2323232323232323	3.5353535353535355	0.08572494264028385
3.2323232323232323	3.6363636363636362	0.08728598260711326
3.2323232323232323	3.7373737373737375	0.0889941255579629
3.2323232323232323	3.8383838383838382	0.09082385497724803
3.2323232323232323	3.9393939393939394	0.09275187715300687
3.2323232323232323	4.040404040404041	0.09475699801417543
3.2323232323232323	4.141414141414141	0.09681998316662464
3.2323232323232323	4.242424242424242	0.09892340921857048
3.2323232323232323	4.343434343434343	0.10105151407240881
3.2323232323232323	4.444444444444445	0.10319005395422792
3.2323232323232323	4.545454545454546	0.10532617555029607
3.2323232323232323	4.646464646464646	0.10052471830365302
3.2323232323232323	4.747474747474747	0.09539601501022628
3.2323232323232323	4.848484848484849	0.09053199728114826
3.2323232323232323	4.94949494949495	0.08592255945923305
3.2323232323232323	5.05050505050505	0.08155718890198843
3.2323232323232323	5.151515151515151	0.07742515762597248
3.2323232323232323	5.252525252525253	0.07351567755672937
3.2323232323232323	5.353535353535354	0.0698180247165739
3.2323232323232323	5.454545454545454	0.06632163711426206
3.2323232323232323	5.555555555555555	0.06301619053717704
3.2323232323232323	5.656565656565657	0.059891655908214214
3.2323232323232323	5.757575757575758	0.05693834136856327
3.2323232323232323	5.858585858585859	0.05414692179572152
3.2323232323232323	5.959595959595959	0.051508458062074436
3.2323232323232323	6.0606060606060606	0.04901440798557024
3.2323232323232323	6.161616161616162	0.046656630613360256
3.2323232323232323	6.262626262626263	0.04442738521341337
3.2323232323232323	6.363636363636363	0.042319326119247665
3.2323232323232323	6.4646464646464645	0.04032549437708013
3.2323232323232323	6.565656565656566	0.03843930697975588
3.2323232323232323	6.666666666666667	0.036654544329819176
3.2323232323232323	6.767676767676767	0.03496533645703374
3.2323232323232323	6.8686868686868685	0.033366148415981185
3.2323232323232323	6.96969696969697	0.0318517652071486
3.2323232323232323	7.070707070707071	0.03041727649437372
3.2323232323232323	7.171717171717172	0.029058061335795447
3.2323232323232323	7.2727272727272725	0.02776977309727973
3.2323232323232323	7.373737373737374	0.02654832467826337
3.2323232323232323	7.474747474747475	0.02538987414767871
3.2323232323232323	7.575757575757576	0.02429081086179576
3.2323232323232323	7.6767676767676765	0.023247742114467524
3.2323232323232323	7.777777777777778	0.022257480353200434
3.2323232323232323	7.878787878787879	0.021317030979113746
3.2323232323232323	7.97979797979798	0.020423580741255085
3.2323232323232323	8.080808080808081	0.019574486722681233
3.2323232323232323	8.181818181818182	0.01876726591287219
3.2323232323232323	8.282828282828282	0.017999585353536372
3.2323232323232323	8.383838383838384	0.017269252841426358
3.2323232323232323	8.484848484848484	0.016574208169461112
3.2323232323232323	8.585858585858587	0.015912514885656037
3.2323232323232323	8.686868686868687	0.015282352545752387
3.2323232323232323	8.787878787878787	0.014682009439066723
3.2323232323232323	8.88888888888889	0.014109875762275514
3.2323232323232323	8.98989898989899	0.01356443721798467
3.2323232323232323	9.090909090909092	0.013044269015965337
3.2323232323232323	9.191919191919192	0.012548030254007192
3.2323232323232323	9.292929292929292	0.01207445865575374
3.2323232323232323	9.393939393939394	0.0116223656461647
3.2323232323232323	9.494949494949495	0.011190631741871293
3.2323232323232323	9.595959595959595	0.010778202239977386
3.2323232323232323	9.696969696969697	0.010384083183855808
3.2323232323232323	9.797979797979798	0.010007337590874923
3.2323232323232323	9.8989898989899	0.009647081923599421
3.2323232323232323	10.0	0.009302482790271016
3.3333333333333335	0.0	0.0
3.3333333333333335	0.10101010101010101	0.0004862630919192618
3.3333333333333335	0.20202020202020202	0.0019383132295876817
3.3333333333333335	0.30303030303030304	0.0043361622461433845
3.3333333333333335	0.40404040404040403	0.007647249676470267
3.3333333333333335	0.5050505050505051	0.011827534220010972
3.3333333333333335	0.6060606060606061	0.016822946386721566
3.3333333333333335	0.7070707070707071	0.022571129878171146
3.3333333333333335	0.8080808080808081	0.029003383572041977
3.3333333333333335	0.9090909090909091	0.03604670511322075
3.3333333333333335	1.0101010101010102	0.04362583270517434
3.3333333333333335	1.1111111111111112	0.051665184992945416
3.3333333333333335	1.2121212121212122	0.06009061035971109
3.3333333333333335	1.3131313131313131	0.06883087577118002
3.3333333333333335	1.4141414141414141	0.07781884951005107
3.3333333333333335	1.5151515151515151	0.08699235878291542
3.3333333333333335	1.6161616161616161	0.09629472890091825
3.3333333333333335	1.7171717171717171	0.10567503247673729
3.3333333333333335	1.8181818181818181	0.11508809269494008
3.3333333333333335	1.9191919191919191	0.11236121532144683
3.3333333333333335	2.0202020202020203	0.10645996504453276
3.3333333333333335	2.121212121212121	0.10122029929518533
3.3333333333333335	2.2222222222222223	0.096637353797113
3.3333333333333335	2.323232323232323	0.09269638493092423
3.3333333333333335	2.4242424242424243	0.08937474039289528
3.3333333333333335	2.525252525252525	0.0866436576746235
3.3333333333333335	2.6262626262626263	0.0844698688025273
3.3333333333333335	2.727272727272727	0.08281700319454305
3.3333333333333335	2.8282828282828283	0.08164679020108001
3.3333333333333335	2.9292929292929295	0.0809200696958654
3.3333333333333335	3.0303030303030303	0.08059762362221853
3.3333333333333335	3.1313131313131315	0.08064084420169981
3.3333333333333335	3.2323232323232323	0.08101225598554003
3.3333333333333335	3.3333333333333335	0.08167590940433368
3.3333333333333335	3.4343434343434343	0.08259766320759684
3.3333333333333335	3.5353535353535355	0.08374537239588277
3.3333333333333335	3.6363636363636362	0.08508899710074315
3.3333333333333335	3.7373737373737375	0.08660064650432156
3.3333333333333335	3.8383838383838382	0.08825457042080805
3.3333333333333335	3.9393939393939394	0.09002710968116573
3.3333333333333335	4.040404040404041	0.09189661504760846
3.3333333333333335	4.141414141414141	0.09384334310168603
3.3333333333333335	4.242424242424242	0.09584933646321413
3.3333333333333335	4.343434343434343	0.09789829486149977
3.3333333333333335	4.444444444444445	0.09997544305780355
3.3333333333333335	4.545454545454546	0.10206740145551094
3.3333333333333335	4.646464646464646	0.10416206546624195
3.3333333333333335	4.747474747474747	0.1027030198522289
3.3333333333333335	4.848484848484849	0.09761073521971514
3.3333333333333335	4.94949494949495	0.0927722098064677
3.3333333333333335	5.05050505050505	0.08817839612627143
3.3333333333333335	5.151515151515151	0.08381979627921324
3.3333333333333335	5.252525252525253	0.07968664410394186
3.3333333333333335	5.353535353535354	0.07576905440571631
3.3333333333333335	5.454545454545454	0.07205714383870641
3.3333333333333335	5.555555555555555	0.06854112758290615
3.3333333333333335	5.656565656565657	0.06521139550282959
3.3333333333333335	5.757575757575758	0.062058571035825016
3.3333333333333335	5.858585858585859	0.059073555635922426
3.3333333333333335	5.959595959595959	0.05624756122011886
3.3333333333333335	6.0606060606060606	0.05357213271434165
3.3333333333333335	6.161616161616162	0.051039162490992905
3.3333333333333335	6.262626262626263	0.048640898216696156
3.3333333333333335	6.363636363636363	0.04636994539398251
3.3333333333333335	6.4646464646464645	0.044219265674652085
3.3333333333333335	6.565656565656566	0.04218217184765108
3.3333333333333335	6.666666666666667	0.04025232025229356
3.3333333333333335	6.767676767676767	0.03842370123903698
3.3333333333333335	6.8686868686868685	0.036690628192739334
3.3333333333333335	6.96969696969697	0.03504772553791727
3.3333333333333335	7.070707070707071	0.03348991607115066
3.3333333333333335	7.171717171717172	0.032012407897488916
3.3333333333333335	7.2727272727272725	0.03061068119496534
3.3333333333333335	7.373737373737374	0.029280474985578227
3.3333333333333335	7.474747474747475	0.02801777405128769
3.3333333333333335	7.575757575757576	0.026818796105035347
3.3333333333333335	7.6767676767676765	0.025679979297902156
3.3333333333333335	7.777777777777778	0.024597970125364417
3.3333333333333335	7.878787878787879	0.023569611774251563
3.3333333333333335	7.97979797979798	0.022591932941518712
3.3333333333333335	8.080808080808081	0.021662137142648325
3.3333333333333335	8.181818181818182	0.020777592517177073
3.3333333333333335	8.282828282828282	0.019935822135368545
3.3333333333333335	8.383838383838384	0.019134494798719304
3.3333333333333335	8.484848484848484	0.018371416328099424
3.3333333333333335	8.585858585858587	0.017644521325924867
3.3333333333333335	8.686868686868687	0.01695186539752025
3.3333333333333335	8.787878787878787	0.01629161781633746
3.3333333333333335	8.88888888888889	0.01566205461353744
3.3333333333333335	8.98989898989899	0.015061552074810303
3.3333333333333335	9.090909090909092	0.014488580624020253
3.3333333333333335	9.191919191919192	0.013941699076305936
3.3333333333333335	9.292929292929292	0.013419549239712003
3.3333333333333335	9.393939393939394	0.012920850847498278
3.3333333333333335	9.494949494949495	0.012444396803963365
3.3333333333333335	9.595959595959595	0.011989048724008855
3.3333333333333335	9.696969696969697	0.011553732750354626
3.3333333333333335	9.797979797979798	0.011137435633497228
3.3333333333333335	9.8989898989899	0.010739201055908199
3.3333333333333335	10.0	0.010358126187616223
3.4343434343434343	0.0	0.0
3.4343434343434343	0.10101010101010101	0.00045730281395376776
3.4343434343434343	0.20202020202020202	0.0018232651834989763
3.4343434343434343	0.30303030303030304	0.00408024116829839
3.4343434343434343	0.40404040404040403	0.00719945271080229
3.4343434343434343	0.5050505050505051	0.011141905911030177
3.4343434343434343	0.6060606060606061	0.01585961194077534
3.4343434343434343	0.7070707070707071	0.02129705352295075
3.4343434343434343	0.8080808080808081	0.027392825472956482
3.4343434343434343	0.9090909090909091	0.0340813692897915
3.4343434343434343	1.0101010101010102	0.0412947183077882
3.4343434343434343	1.1111111111111112	0.04896417229651307
3.4343434343434343	1.2121212121212122	0.05702182886138699
3.4343434343434343	1.3131313131313131	0.06540191299413983
3.4343434343434343	1.4141414141414141	0.07404186426481724
3.4343434343434343	1.5151515151515151	0.08288316138654146
3.4343434343434343	1.6161616161616161	0.09187188386407326
3.4343434343434343	1.7171717171717171	0.10095902793998034
3.4343434343434343	1.8181818181818181	0.11010060741279586
3.4343434343434343	1.9191919191919191	0.11560781526963758
3.4343434343434343	2.0202020202020203	0.10948123404978596
3.4343434343434343	2.121212121212121	0.10397841961145701
3.4343434343434343	2.2222222222222223	0.09910165742077492
3.4343434343434343	2.323232323232323	0.09484318410291075
3.4343434343434343	2.4242424242424243	0.09118697735717751
3.4343434343434343	2.525252525252525	0.08811042433744938
3.4343434343434343	2.6262626262626263	0.08558584001583552
3.4343434343434343	2.727272727272727	0.0835818204159613
3.4343434343434343	2.8282828282828283	0.08206442561458777
3.4343434343434343	2.9292929292929295	0.08099819472414035
3.4343434343434343	3.0303030303030303	0.08034700023796687
3.4343434343434343	3.1313131313131315	0.08007475260015233
3.4343434343434343	3.2323232323232323	0.08014596802548948
3.4343434343434343	3.3333333333333335	0.08052621373921509
3.4343434343434343	3.4343434343434343	0.08118244517598766
3.4343434343434343	3.5353535353535355	0.08208324946774319
3.4343434343434343	3.6363636363636362	0.08319900892235284
3.4343434343434343	3.7373737373737375	0.08450199727964142
3.4343434343434343	3.8383838383838382	0.0859664204382469
3.4343434343434343	3.9393939393939394	0.08756841215979666
3.4343434343434343	4.040404040404041	0.08928599405174212
3.4343434343434343	4.141414141414141	0.09109900796475975
3.4343434343434343	4.242424242424242	0.09298902786467753
3.4343434343434343	4.343434343434343	0.0949392572979209
3.4343434343434343	4.444444444444445	0.09693441780507416
3.4343434343434343	4.545454545454546	0.09896063308988236
3.4343434343434343	4.646464646464646	0.10100531345918463
3.4343434343434343	4.747474747474747	0.10305704504885285
3.4343434343434343	4.848484848484849	0.1048036130806275
3.4343434343434343	4.94949494949495	0.09975036152208432
3.4343434343434343	5.05050505050505	0.09494040126046967
3.4343434343434343	5.151515151515151	0.09036564467727556
3.4343434343434343	5.252525252525253	0.08601752066823816
3.4343434343434343	5.353535353535354	0.08188714721599322
3.4343434343434343	5.454545454545454	0.07796547421482376
3.4343434343434343	5.555555555555555	0.07424340047480962
3.4343434343434343	5.656565656565657	0.07071186849441333
3.4343434343434343	5.757575757575758	0.06736194023417742
3.4343434343434343	5.858585858585859	0.06418485676282434
3.4343434343434343	5.959595959595959	0.06117208429969631
3.4343434343434343	6.0606060606060606	0.05831534885451245
3.4343434343434343	6.161616161616162	0.055606661370327326
3.4343434343434343	6.262626262626263	0.05303833500563122
3.4343434343434343	6.363636363636363	0.05060299596060784
3.4343434343434343	6.4646464646464645	0.048293589036523824
3.4343434343434343	6.565656565656566	0.04610337894189918
3.4343434343434343	6.666666666666667	0.04402594819629963
3.4343434343434343	6.767676767676767	0.042055192347665415
3.4343434343434343	6.8686868686868685	0.04018531310261381
3.4343434343434343	6.96969696969697	0.03841080986719129
3.4343434343434343	7.070707070707071	0.03672647011128166
3.4343434343434343	7.171717171717172	0.03512735889718043
3.4343434343434343	7.2727272727272725	0.03360880785089674
3.4343434343434343	7.373737373737374	0.03216640380330276
3.4343434343434343	7.474747474747475	0.0307959772848889
3.4343434343434343	7.575757575757576	0.029493591020594626
3.4343434343434343	7.6767676767676765	0.028255528542200824
3.4343434343434343	7.777777777777778	0.02707828300764109
3.4343434343434343	7.878787878787879	0.025958546298173683
3.4343434343434343	7.97979797979798	0.02489319844593444
3.4343434343434343	8.080808080808081	0.023879297429632466
3.4343434343434343	8.181818181818182	0.022914069363669628
3.4343434343434343	8.282828282828282	0.021994899099213507
3.4343434343434343	8.383838383838384	0.021119321244788894
3.4343434343434343	8.484848484848484	0.02028501160925838
3.4343434343434343	8.585858585858587	0.019489779065573427
3.4343434343434343	8.686868686868687	0.0187315578280535
3.4343434343434343	8.787878787878787	0.018008400135394103
3.4343434343434343	8.88888888888889	0.01731846932734583
3.4343434343434343	8.98989898989899	0.016660033300747414
3.4343434343434343	9.090909090909092	0.01603145833377266
3.4343434343434343	9.191919191919192	0.015431203259594685
3.4343434343434343	9.292929292929292	0.01485781397677255
3.4343434343434343	9.393939393939394	0.014309918279993727
3.4343434343434343	9.494949494949495	0.013786220993382114
3.4343434343434343	9.595959595959595	0.013285499394878289
3.4343434343434343	9.696969696969697	0.012806598912656009
3.4343434343434343	9.797979797979798	0.012348429080343127
3.4343434343434343	9.8989898989899	0.011909959737844027
3.4343434343434343	10.0	0.01149021746067261
3.5353535353535355	0.0	0.0
3.5353535353535355	0.10101010101010101	0.0004308121240650312
3.5353535353535355	0.20202020202020202	0.0017179854218390906
3.5353535353535355	0.30303030303030304	0.0038458924438143126
3.5353535353535355	0.40404040404040403	0.006789019208183455
3.5353535353535355	0.5050505050505051	0.010512736952138054
3.5353535353535355	0.6060606060606061	0.01497433181202012
3.5353535353535355	0.7070707070707071	0.020124244177353992
3.5353535353535355	0.8080808080808081	0.025907459519896616
3.5353535353535355	0.9090909090909091	0.03226498573093928
3.5353535353535355	1.0101010101010102	0.039135349181636477
3.5353535353535355	1.1111111111111112	0.046456043395112126
3.5353535353535355	1.2121212121212122	0.054164870510052705
3.5353535353535355	1.3131313131313131	0.0622011262034224
3.5353535353535355	1.4141414141414141	0.0705065924464709
3.5353535353535355	1.5151515151515151	0.07902631794699955
3.5353535353535355	1.6161616161616161	0.08770918170954069
3.5353535353535355	1.7171717171717171	0.09650824920867285
3.5353535353535355	1.8181818181818181	0.10538094193277625
3.5353535353535355	1.9191919191919191	0.11428904874632843
3.5353535353535355	2.0202020202020203	0.11258596292342687
3.5353535353535355	2.121212121212121	0.10685599074868822
3.5353535353535355	2.2222222222222223	0.10171946520834572
3.5353535353535355	2.323232323232323	0.09717499595658025
3.5353535353535355	2.4242424242424243	0.09321273529525397
3.5353535353535355	2.525252525252525	0.08981590567097474
3.5353535353535355	2.6262626262626263	0.08696221728174269
3.5353535353535355	2.727272727272727	0.08462515522052907
3.5353535353535355	2.8282828282828283	0.08277512557844655
3.5353535353535355	2.9292929292929295	0.08138045747927718
3.5353535353535355	3.0303030303030303	0.08040826357822377
3.5353535353535355	3.1313131313131315	0.07982516551582712
3.5353535353535355	3.2323232323232323	0.07959789350503328
3.5353535353535355	3.3333333333333335	0.07969377090574072
3.5353535353535355	3.4343434343434343	0.08008109553378298
3.5353535353535355	3.5353535353535355	0.08072942973708197
3.5353535353535355	3.6363636363636362	0.08160981110202542
3.5353535353535355	3.7373737373737375	0.08269489514997955
3.5353535353535355	3.8383838383838382	0.08395904065036403
3.5353535353535355	3.9393939393939394	0.08537834729409731
3.5353535353535355	4.040404040404041	0.0869306545117647
3.5353535353535355	4.141414141414141	0.08859550923645276
3.5353535353535355	4.242424242424242	0.09035410945189952
3.5353535353535355	4.343434343434343	0.09218922946813797
3.5353535353535355	4.444444444444445	0.0940851320628621
3.5353535353535355	4.545454545454546	0.09602747194815668
3.5353535353535355	4.646464646464646	0.09800319449579896
3.5353535353535355	4.747474747474747	0.10000043331191213
3.5353535353535355	4.848484848484849	0.10200841011700533
3.5353535353535355	4.94949494949495	0.10401734048254054
3.5353535353535355	5.05050505050505	0.10181770350447672
3.5353535353535355	5.151515151515151	0.09703896058778375
3.5353535353535355	5.252525252525253	0.0924862749208391
3.5353535353535355	5.353535353535354	0.08815192128565584
3.5353535353535355	5.454545454545454	0.08402782969932716
3.5353535353535355	5.555555555555555	0.080105721623397
3.5353535353535355	5.656565656565657	0.07637722268475569
3.5353535353535355	5.757575757575758	0.07283395501695465
3.5353535353535355	5.858585858585859	0.06946761204928456
3.5353535353535355	5.959595959595959	0.06627001827757056
3.5353535353535355	6.0606060606060606	0.06323317626679968
3.5353535353535355	6.161616161616162	0.06034930286114696
3.5353535353535355	6.262626262626263	0.05761085632644677
3.5353535353535355	6.363636363636363	0.055010555919934256
3.5353535353535355	6.4646464646464645	0.052541395175098926
3.5353535353535355	6.565656565656566	0.050196650007686194
3.5353535353535355	6.666666666666667	0.04796988258499743
3.5353535353535355	6.767676767676767	0.045854941760317514
3.5353535353535355	6.8686868686868685	0.0438459607523323
3.5353535353535355	6.96969696969697	0.04193735263965159
3.5353535353535355	7.070707070707071	0.04012380415226552
3.5353535353535355	7.171717171717172	0.0384002681604043
3.5353535353535355	7.2727272727272725	0.036761955195805676
3.5353535353535355	7.373737373737374	0.035204324281329094
3.5353535353535355	7.474747474747475	0.03372307329628812
3.5353535353535355	7.575757575757576	0.03231412906581097
3.5353535353535355	7.6767676767676765	0.030973637323498945
3.5353535353535355	7.777777777777778	0.02969795267062523
3.5353535353535355	7.878787878787879	0.028483628629431445
3.5353535353535355	7.97979797979798	0.027327407866152228
3.5353535353535355	8.080808080808081	0.026226212644252105
3.5353535353535355	8.181818181818182	0.02517713555192077
3.5353535353535355	8.282828282828282	0.024177430537539013
3.5353535353535355	8.383838383838384	0.023224504276068404
3.5353535353535355	8.484848484848484	0.022315907882333452
3.5353535353535355	8.585858585858587	0.021449328978514863
3.5353535353535355	8.686868686868687	0.02062258412148719
3.5353535353535355	8.787878787878787	0.019833611586604148
3.5353535353535355	8.88888888888889	0.019080464506820282
3.5353535353535355	8.98989898989899	0.018361304356175594
3.5353535353535355	9.090909090909092	0.017674394775118552
3.5353535353535355	9.191919191919192	0.017018095719610427
3.5353535353535355	9.292929292929292	0.016390857929366284
3.5353535353535355	9.393939393939394	0.015791217699855364
3.5353535353535355	9.494949494949495	0.015217791944223347
3.5353535353535355	9.595959595959595	0.014669273535976801
3.5353535353535355	9.696969696969697	0.014144426915843722
3.5353535353535355	9.797979797979798	0.013642083952151607
3.5353535353535355	9.8989898989899	0.013161140040400365
3.5353535353535355	10.0	0.012700550431465512
3.6363636363636362	0.0	0.0
3.6363636363636362	0.10101010101010101	0.0004065250961596168
3.6363636363636362	0.20202020202020202	0.001621427500325138
3.6363636363636362	0.30303030303030304	0.0036308250997053046
3.6363636363636362	0.40404040404040403	0.00641203001462942
3.6363636363636362	0.5050505050505051	0.009934200757702362
3.6363636363636362	0.6060606060606061	0.014159213564902531
3.6363636363636362	0.7070707070707071	0.019042713401979484
3.6363636363636362	0.8080808080808081	0.02453529712543548
3.6363636363636362	0.9090909090909091	0.0305837758221773
3.6363636363636362	1.0101010101010102	0.03713246101409041
3.6363636363636362	1.1111111111111112	0.044124420554569735
3.6363636363636362	1.2121212121212122	0.051502654729261105
3.6363636363636362	1.3131313131313131	0.05921115097819115
3.6363636363636362	1.4141414141414141	0.06719578608412732
3.6363636363636362	1.5151515151515151	0.07540505658197863
3.6363636363636362	1.6161616161616161	0.08379063034277885
3.6363636363636362	1.7171717171717171	0.0923077235781441
3.6363636363636362	1.8181818181818181	0.10091531691763636
3.6363636363636362	1.9191919191919191	0.1095762310764161
3.6363636363636362	2.0202020202020203	0.11574576268585308
3.6363636363636362	2.121212121212121	0.10982262615654036
3.6363636363636362	2.2222222222222223	0.10445904462091488
3.6363636363636362	2.323232323232323	0.09965937602008693
3.6363636363636362	2.4242424242424243	0.09541945487706514
3.6363636363636362	2.525252525252525	0.0917279733742404
3.6363636363636362	2.6262626262626263	0.08856778861653039
3.6363636363636362	2.727272727272727	0.08591713144190528
3.6363636363636362	2.8282828282828283	0.08375070186062145
3.6363636363636362	2.9292929292929295	0.08204064375687325
3.6363636363636362	3.0303030303030303	0.08075739723312934
3.6363636363636362	3.1313131313131315	0.07987043123876672
3.6363636363636362	3.2323232323232323	0.07934886218023394
3.6363636363636362	3.3333333333333335	0.0791619662927674
3.6363636363636362	3.4343434343434343	0.07927959486217721
3.6363636363636362	3.5353535353535355	0.0796725020805438
3.6363636363636362	3.6363636363636362	0.08031259554148959
3.6363636363636362	3.7373737373737375	0.0811731192410261
3.6363636363636362	3.8383838383838382	0.08222877854385209
3.6363636363636362	3.9393939393939394	0.08345581598343141
3.6363636363636362	4.040404040404041	0.08483204604963279
3.6363636363636362	4.141414141414141	0.08633685633736699
3.6363636363636362	4.242424242424242	0.08795118162540544
3.6363636363636362	4.343434343434343	0.08965745666288052
3.6363636363636362	4.444444444444445	0.09143955269281702
3.6363636363636362	4.545454545454546	0.09328270206025449
3.6363636363636362	4.646464646464646	0.09517341466051765
3.6363636363636362	4.747474747474747	0.09709938950116634
3.6363636363636362	4.848484848484849	0.09904942429941854
3.6363636363636362	4.94949494949495	0.10101332583645704
3.6363636363636362	5.05050505050505	0.10298182375870447
3.6363636363636362	5.151515151515151	0.10381552989264542
3.6363636363636362	5.252525252525253	0.09907028082365417
3.6363636363636362	5.353535353535354	0.09454230222062142
3.6363636363636362	5.454545454545454	0.09022464046088585
3.6363636363636362	5.555555555555555	0.08610997082542741
3.6363636363636362	5.656565656565657	0.08219072701046139
3.6363636363636362	5.757575757575758	0.07845920929834975
3.6363636363636362	5.858585858585859	0.07490767407555217
3.6363636363636362	5.959595959595959	0.07152840716573189
3.6363636363636362	6.0606060606060606	0.06831378321260181
3.6363636363636362	6.161616161616162	0.06525631311190283
3.6363636363636362	6.262626262626263	0.062348681264688864
3.6363636363636362	6.363636363636363	0.0595837742083349
3.6363636363636362	6.4646464646464645	0.056954701987639356
3.6363636363636362	6.565656565656566	0.05445481344545809
3.6363636363636362	6.666666666666667	0.05207770645440589
3.6363636363636362	6.767676767676767	0.04981723396590914
3.6363636363636362	6.8686868686868685	0.047667506628413354
3.6363636363636362	6.96969696969697	0.04562289261500231
3.6363636363636362	7.070707070707071	0.04367801520342789
3.6363636363636362	7.171717171717172	0.04182774857031213
3.6363636363636362	7.2727272727272725	0.040067212186133246
3.6363636363636362	7.373737373737374	0.038391764136199893
3.6363636363636362	7.474747474747475	0.03679699364139104
3.6363636363636362	7.575757575757576	0.03527871300249246
3.6363636363636362	7.6767676767676765	0.03383294915716103
3.6363636363636362	7.777777777777778	0.032455935002407864
3.6363636363636362	7.878787878787879	0.03114410060885984
3.6363636363636362	7.97979797979798	0.029894064428420738
3.6363636363636362	8.080808080808081	0.028702624576810654
3.6363636363636362	8.181818181818182	0.027566750256706348
3.6363636363636362	8.282828282828282	0.026483573370790905
3.6363636363636362	8.383838383838384	0.02545038036495547
3.6363636363636362	8.484848484848484	0.024464604329260144
3.6363636363636362	8.585858585858587	0.023523817378149573
3.6363636363636362	8.686868686868687	0.022625723323166116
3.6363636363636362	8.787878787878787	0.021768150647940528
3.6363636363636362	8.88888888888889	0.020949045787470377
3.6363636363636362	8.98989898989899	0.020166466713758647
3.6363636363636362	9.090909090909092	0.01941857682348765
3.6363636363636362	9.191919191919192	0.01870363912522452
3.6363636363636362	9.292929292929292	0.018020010715746333
3.6363636363636362	9.393939393939394	0.017366137541282356
3.6363636363636362	9.494949494949495	0.016740549431918966
3.6363636363636362	9.595959595959595	0.0161418554000694
3.6363636363636362	9.696969696969697	0.015568739193031034
3.6363636363636362	9.797979797979798	0.015019955088484194
3.6363636363636362	9.8989898989899	0.014494323922301655
3.6363636363636362	10.0	0.013990729337923558
3.7373737373737375	0.0	0.0
3.7373737373737375	0.10101010101010101	0.00038420951612443393
3.7373737373737375	0.20202020202020202	0.0015326768510691147
3.7373737373737375	0.30303030303030304	0.0034330339715108837
3.7373737373737375	0.40404040404040403	0.0060650477726217076
3.7373737373737375	0.5050505050505051	0.00940117297066447
3.7373737373737375	0.6060606060606061	0.0134072918768398
3.7373737373737375	0.7070707070707071	0.018043608654747034
3.7373737373737375	0.8080808080808081	0.02326565913715783
3.7373737373737375	0.9090909090909091	0.029025392831816536
3.7373737373737375	1.0101010101010102	0.03527228176959395
3.7373737373737375	1.1111111111111112	0.04195441159083294
3.7373737373737375	1.2121212121212122	0.0490195137535789
3.7373737373737375	1.3131313131313131	0.056415903737804904
3.7373737373737375	1.4141414141414141	0.0640932980969749
3.7373737373737375	1.5151515151515151	0.072003492427896
3.7373737373737375	1.6161616161616161	0.08010089191762595
3.7373737373737375	1.7171717171717171	0.08834289520147769
3.7373737373737375	1.8181818181818181	0.09669014007510962
3.7373737373737375	1.9191919191919191	0.10510662560932688
3.7373737373737375	2.0202020202020203	0.11355972916274774
3.7373737373737375	2.121212121212121	0.11285163485228167
3.7373737373737375	2.2222222222222223	0.10729208431438722
3.7373737373737375	2.323232323232323	0.10226695854233145
3.7373737373737375	2.4242424242424243	0.09777726233634644
3.7373737373737375	2.525252525252525	0.09381675741407632
3.7373737373737375	2.6262626262626263	0.09037315388451163
3.7373737373737375	2.727272727272727	0.087429232261
3.7373737373737375	2.8282828282828283	0.08496387780031114
3.7373737373737375	2.9292929292929295	0.08295301632285344
3.7373737373737375	3.0303030303030303	0.0813704464308968
3.7373737373737375	3.1313131313131315	0.08018856745328919
3.7373737373737375	3.2323232323232323	0.07937900573604387
3.7373737373737375	3.3333333333333335	0.07891314427166637
3.7373737373737375	3.4343434343434343	0.0787625622845487
3.7373737373737375	3.5353535353535355	0.07889939241401903
3.7373737373737375	3.6363636363636362	0.07929660368130116
3.7373737373737375	3.7373737373737375	0.0799282185976975
3.7373737373737375	3.8383838383838382	0.08076947265473196
3.7373737373737375	3.9393939393939394	0.0817969241076597
3.7373737373737375	4.040404040404041	0.08298852148357529
3.7373737373737375	4.141414141414141	0.08432363566441363
3.7373737373737375	4.242424242424242	0.0857830627584124
3.7373737373737375	4.343434343434343	0.08734900331367933
3.7373737373737375	4.444444444444445	0.08900502277443889
3.7373737373737375	4.545454545454546	0.09073599745635925
3.7373737373737375	4.646464646464646	0.09252804974234755
3.7373737373737375	4.747474747474747	0.09436847568968815
3.7373737373737375	4.848484848484849	0.09624566780892191
3.7373737373737375	4.94949494949495	0.09814903543861282
3.7373737373737375	5.05050505050505	0.10006892491385769
3.7373737373737375	5.151515151515151	0.10199654162383266
3.7373737373737375	5.252525252525253	0.10392387608763665
3.7373737373737375	5.353535353535354	0.10103673902091792
3.7373737373737375	5.454545454545454	0.09653576378465145
3.7373737373737375	5.555555555555555	0.0922373770200838
3.7373737373737375	5.656565656565657	0.08813493757428387
3.7373737373737375	5.757575757575758	0.08422153610699899
3.7373737373737375	5.858585858585859	0.08049009855428779
3.7373737373737375	5.959595959595959	0.0769334725425304
3.7373737373737375	6.0606060606060606	0.07354449890280065
3.7373737373737375	6.161616161616162	0.0703160702533827
3.7373737373737375	6.262626262626263	0.06724117842513007
3.7373737373737375	6.363636363636363	0.0643129523138045
3.7373737373737375	6.4646464646464645	0.06152468756469211
3.7373737373737375	6.565656565656566	0.0588698693249772
3.7373737373737375	6.666666666666667	0.05634218914286178
3.7373737373737375	6.767676767676767	0.05393555695459492
3.7373737373737375	6.8686868686868685	0.05164410897152655
3.7373737373737375	6.96969696969697	0.049462212168769865
3.7373737373737375	7.070707070707071	0.047384465977809286
3.7373737373737375	7.171717171717172	0.04540570169714153
3.7373737373737375	7.2727272727272725	0.043520980060058174
3.7373737373737375	7.373737373737374	0.0417255873323583
3.7373737373737375	7.474747474747475	0.04001503025424765
3.7373737373737375	7.575757575757576	0.03838503009285127
3.7373737373737375	7.6767676767676765	0.03683151602741009
3.7373737373737375	7.777777777777778	0.035350618052646374
3.7373737373737375	7.878787878787879	0.033938659556832555
3.7373737373737375	7.97979797979798	0.03259214969966544
3.7373737373737375	8.080808080808081	0.0313077756968771
3.7373737373737375	8.181818181818182	0.030082395096431798
3.7373737373737375	8.282828282828282	0.028913028114066153
3.7373737373737375	8.383838383838384	0.02779685008573199
3.7373737373737375	8.484848484848484	0.026731184077351915
3.7373737373737375	8.585858585858587	0.02571349368786419
3.7373737373737375	8.686868686868687	0.024741376069239956
3.7373737373737375	8.787878787878787	0.023812555182569084
3.7373737373737375	8.88888888888889	0.02292487530243978
3.7373737373737375	8.98989898989899	0.02207629477824677
3.7373737373737375	9.090909090909092	0.021264880055723915
3.7373737373737375	9.191919191919192	0.020488799961054745
3.7373737373737375	9.292929292929292	0.019746320244094822
3.7373737373737375	9.393939393939394	0.01903579837920465
3.7373737373737375	9.494949494949495	0.01835567861713593
3.7373737373737375	9.595959595959595	0.017704487281597934
3.7373737373737375	9.696969696969697	0.017080828305286563
3.7373737373737375	9.797979797979798	0.016483378993732572
3.7373737373737375	9.8989898989899	0.015910886011651665
3.7373737373737375	10.0	0.015362161582592737
3.8383838383838382	0.0	0.0
3.8383838383838382	0.10101010101010101	0.0003636620719987549
3.8383838383838382	0.20202020202020202	0.001450932093313005
3.8383838383838382	0.30303030303030304	0.0032507596715900303
3.8383838383838382	0.40404040404040403	0.005745050612240723
3.8383838383838382	0.5050505050505051	0.008909137159410607
3.8383838383838382	0.6060606060606061	0.012712408112948013
3.8383838383838382	0.7070707070707071	0.017119072182238917
3.8383838383838382	0.8080808080808081	0.022089022597285506
3.8383838383838382	0.9090909090909091	0.027578767335466537
3.8383838383838382	1.0101010101010102	0.03354238763011651
3.8383838383838382	1.1111111111111112	0.039932487873197885
3.8383838383838382	1.2121212121212122	0.04670110261766985
3.8383838383838382	1.3131313131313131	0.053800530941685645
3.8383838383838382	1.4141414141414141	0.06118407457146451
3.8383838383838382	1.5151515151515151	0.06880666333397889
3.8383838383838382	1.6161616161616161	0.07662535907432044
3.8383838383838382	1.7171717171717171	0.0845997364776592
3.8383838383838382	1.8181818181818181	0.09269214569453964
3.8383838383838382	1.9191919191919191	0.10086786685015034
3.8383838383838382	2.0202020202020203	0.10909517017956344
3.8383838383838382	2.121212121212121	0.11591975391971522
3.8383838383838382	2.2222222222222223	0.1101935140682677
3.8383838383838382	2.323232323232323	0.10497136324619377
3.8383838383838382	2.4242424242424243	0.10025895949626257
3.8383838383838382	2.525252525252525	0.09605471356251659
3.8383838383838382	2.6262626262626263	0.09235086260357601
3.8383838383838382	2.727272727272727	0.0891345002334847
3.8383838383838382	2.8282828282828283	0.0863885423215566
3.8383838383838382	2.9292929292929295	0.08409261502263617
3.8383838383838382	3.0303030303030303	0.08222385714859058
3.8383838383838382	3.1313131313131315	0.08075763342556257
3.8383838383838382	3.2323232323232323	0.07966815859495577
3.8383838383838382	3.3333333333333335	0.0789290348755837
3.8383838383838382	3.4343434343434343	0.07851370715871415
3.8383838383838382	3.5353535353535355	0.07839584158204048
3.8383838383838382	3.6363636363636362	0.07854963393339386
3.8383838383838382	3.7373737373737375	0.0789500547628748
3.8383838383838382	3.8383838383838382	0.07957303821354234
3.8383838383838382	3.9393939393939394	0.08039562148311596
3.8383838383838382	4.040404040404041	0.08139604155991778
3.8383838383838382	4.141414141414141	0.08255379548397897
3.8383838383838382	4.242424242424242	0.08384966991180641
3.8383838383838382	4.343434343434343	0.08526574523924961
3.8383838383838382	4.444444444444445	0.0867853789953399
3.8383838383838382	4.545454545454546	0.08839317267947105
3.8383838383838382	4.646464646464646	0.09007492569352851
3.8383838383838382	4.747474747474747	0.09181757953641692
3.8383838383838382	4.848484848484849	0.09360915499061823
3.8383838383838382	4.94949494949495	0.09543868465319015
3.8383838383838382	5.05050505050505	0.09729614285390532
3.8383838383838382	5.151515151515151	0.09917237477471526
3.8383838383838382	5.252525252525253	0.10105902644636812
3.8383838383838382	5.353535353535354	0.10294847726211803
3.8383838383838382	5.454545454545454	0.10294068049593674
3.8383838383838382	5.555555555555555	0.09846869949403105
3.8383838383838382	5.656565656565657	0.09419186431343081
3.8383838383838382	5.757575757575758	0.09010416045689632
3.8383838383838382	5.858585858585859	0.0861992841749096
3.8383838383838382	5.959595959595959	0.08247074115366919
3.8383838383838382	6.0606060606060606	0.07891192963463983
3.8383838383838382	6.161616161616162	0.07551620983759491
3.8383838383838382	6.262626262626263	0.07227696141712238
3.8383838383838382	6.363636363636363	0.06918763052392476
3.8383838383838382	6.4646464646464645	0.06624176788791458
3.8383838383838382	6.565656565656566	0.06343305918520353
3.8383838383838382	6.666666666666667	0.060755348810810086
3.8383838383838382	6.767676767676767	0.05820265804141338
3.8383838383838382	6.8686868686868685	0.05576919845080111
3.8383838383838382	6.96969696969697	0.05344938133163966
3.8383838383838382	7.070707070707071	0.051237823774660456
3.8383838383838382	7.171717171717172	0.049129351969777656
3.8383838383838382	7.2727272727272725	0.0471190022148929
3.8383838383838382	7.373737373737374	0.04520202004794177
3.8383838383838382	7.474747474747475	0.043373857859457035
3.8383838383838382	7.575757575757576	0.04163017128734952
3.8383838383838382	7.6767676767676765	0.03996681465360582
3.8383838383838382	7.777777777777778	0.03837983565794146
3.8383838383838382	7.878787878787879	0.03686546951367659
3.8383838383838382	7.97979797979798	0.03542013267960308
3.8383838383838382	8.080808080808081	0.03404041631406258
3.8383838383838382	8.181818181818182	0.03272307956074858
3.8383838383838382	8.282828282828282	0.03146504275227564
3.8383838383838382	8.383838383838384	0.030263380602899376
3.8383838383838382	8.484848484848484	0.029115315451077362
3.8383838383838382	8.585858585858587	0.0280182105964232
3.8383838383838382	8.686868686868687	0.026969563769696517
3.8383838383838382	8.787878787878787	0.02596700076432268
3.8383838383838382	8.88888888888889	0.025008269251711537
3.8383838383838382	8.98989898989899	0.024091232796330166
3.8383838383838382	9.090909090909092	0.023213865082685785
3.8383838383838382	9.191919191919192	0.022374244361356318
3.8383838383838382	9.292929292929292	0.021570548118259734
3.8383838383838382	9.393939393939394	0.02080104796826299
3.8383838383838382	9.494949494949495	0.020064104773873066
3.8383838383838382	9.595959595959595	0.019358163984900756
3.8383838383838382	9.696969696969697	0.018681751196114975
3.8383838383838382	9.797979797979798	0.018033467917729633
3.8383838383838382	9.8989898989899	0.01741198755278099
3.8383838383838382	10.0	0.01681605157526378
3.9393939393939394	0.0	0.0
3.9393939393939394	0.10101010101010101	0.00034470429199603026
3.9393939393939394	0.20202020202020202	0.0013754892279823608
3.9393939393939394	0.30303030303030304	0.0030824546500926283
3.9393939393939394	0.40404040404040403	0.005449375717570185
3.9393939393939394	0.5050505050505051	0.008454104117921147
3.9393939393939394	0.6060606060606061	0.012069106484800737
3.9393939393939394	0.7070707070707071	0.016262118065800156
3.9393939393939394	0.8080808080808081	0.02099688528502644
3.9393939393939394	0.9090909090909091	0.026233967805994074
3.9393939393939394	1.0101010101010102	0.03193156923578466
3.9393939393939394	1.1111111111111112	0.03804636583982646
3.9393939393939394	1.2121212121212122	0.04453430456123833
3.9393939393939394	1.3131313131313131	0.051351345111087826
3.9393939393939394	1.4141414141414141	0.05845412563902382
3.9393939393939394	1.5151515151515151	0.06580053709765434
3.9393939393939394	1.6161616161616161	0.07335019740774384
3.9393939393939394	1.7171717171717171	0.08106482241760576
3.9393939393939394	1.8181818181818181	0.08890849598467648
3.9393939393939394	1.9191919191919191	0.09684784593536262
3.9393939393939394	2.0202020202020203	0.10485213596970719
3.9393939393939394	2.121212121212121	0.11289328568167757
3.9393939393939394	2.2222222222222223	0.11314129294942042
3.9393939393939394	2.323232323232323	0.10774905776044688
3.9393939393939394	2.4242424242424243	0.10283995934766968
3.9393939393939394	2.525252525252525	0.09841662873226849
3.9393939393939394	2.6262626262626263	0.09447548395885536
3.9393939393939394	2.727272727272727	0.09100766577787389
3.9393939393939394	2.8282828282828283	0.08799993009687104
3.9393939393939394	2.9292929292929295	0.08543548170319483
3.9393939393939394	3.0303030303030303	0.08329473917296211
3.9393939393939394	3.1313131313131315	0.08155602523303139
3.9393939393939394	3.2323232323232323	0.08019618028215393
3.9393939393939394	3.3333333333333335	0.07919109943747296
3.9393939393939394	3.4343434343434343	0.0785161954762904
3.9393939393939394	3.5353535353535355	0.07814679150039427
3.9393939393939394	3.6363636363636362	0.07805844815337076
3.9393939393939394	3.7373737373737375	0.07822723085781037
3.9393939393939394	3.8383838383838382	0.07862992287566041
3.9393939393939394	3.9393939393939394	0.0792441900955038
3.9393939393939394	4.040404040404041	0.08004870336869672
3.9393939393939394	4.141414141414141	0.0810232239939154
3.9393939393939394	4.242424242424242	0.08214865762961124
3.9393939393939394	4.343434343434343	0.08340708152434895
3.9393939393939394	4.444444444444445	0.08478174952608666
3.9393939393939394	4.545454545454546	0.08625707888352487
3.9393939393939394	4.646464646464646	0.08781862240342038
3.9393939393939394	4.747474747474747	0.08945302909483713
3.9393939393939394	4.848484848484849	0.09114799602162268
3.9393939393939394	4.94949494949495	0.09289221371236285
3.9393939393939394	5.05050505050505	0.09467530714849016
3.9393939393939394	5.151515151515151	0.09648777407291531
3.9393939393939394	5.252525252525253	0.09832092214393294
3.9393939393939394	5.353535353535354	0.10016680630768574
3.9393939393939394	5.454545454545454	0.10201816768683938
3.9393939393939394	5.555555555555555	0.1038683752889989
3.9393939393939394	5.656565656565657	0.1003431365255315
3.9393939393939394	5.757575757575758	0.09608985217303058
3.9393939393939394	5.858585858585859	0.09201911331573333
3.9393939393939394	5.959595959595959	0.08812517413617721
3.9393939393939394	6.0606060606060606	0.08440207717144879
3.9393939393939394	6.161616161616162	0.08084373302195835
3.9393939393939394	6.262626262626263	0.0774439874861204
3.9393939393939394	6.363636363636363	0.07419667763616614
3.9393939393939394	6.4646464646464645	0.07109567822865245
3.9393939393939394	6.565656565656566	0.0681349397102965
3.9393939393939394	6.666666666666667	0.06530851895747931
3.9393939393939394	6.767676767676767	0.06261060375855831
3.9393939393939394	6.8686868686868685	0.06003553194069955
3.9393939393939394	6.96969696969697	0.057577805928641965
3.9393939393939394	7.070707070707071	0.05523210343226747
3.9393939393939394	7.171717171717172	0.05299328486590876
3.9393939393939394	7.2727272727272725	0.05085639802846676
3.9393939393939394	7.373737373737374	0.04881668049863347
3.9393939393939394	7.474747474747475	0.04686956014030444
3.9393939393939394	7.575757575757576	0.04501065405672175
3.9393939393939394	7.6767676767676765	0.04323576628326963
3.9393939393939394	7.777777777777778	0.04154088446908621
3.9393939393939394	7.878787878787879	0.03992217575639278
3.9393939393939394	7.97979797979798	0.03837598203957452
3.9393939393939394	8.080808080808081	0.03689881475412396
3.9393939393939394	8.181818181818182	0.03548734932333668
3.9393939393939394	8.282828282828282	0.034138419371515766
3.9393939393939394	8.383838383838384	0.0328490107899704
3.9393939393939394	8.484848484848484	0.0316162557320463
3.9393939393939394	8.585858585858587	0.030437426598229136
3.9393939393939394	8.686868686868687	0.02930993005835027
3.9393939393939394	8.787878787878787	0.028231301154554467
3.9393939393939394	8.88888888888889	0.027199197514336932
3.9393939393939394	8.98989898989899	0.026211393700433114
3.9393939393939394	9.090909090909092	0.025265775715865336
3.9393939393939394	9.191919191919192	0.024360335679510105
3.9393939393939394	9.292929292929292	0.023493166682034307
3.9393939393939394	9.393939393939394	0.022662457830271557
3.9393939393939394	9.494949494949495	0.02186648948188414
3.9393939393939394	9.595959595959595	0.021103628675258394
3.9393939393939394	9.696969696969697	0.020372324751805233
3.9393939393939394	9.797979797979798	0.01967110517100096
3.9393939393939394	9.8989898989899	0.018998571513823198
3.9393939393939394	10.0	0.018353395672258327
4.040404040404041	0.0	0.0
4.040404040404041	0.10101010101010101	0.00032717910673938733
4.040404040404041	0.20202020202020202	0.0013057282441022392
4.040404040404041	0.30303030303030304	0.0029267543667024533
4.040404040404041	0.40404040404040403	0.0051756712229948385
4.040404040404041	0.5050505050505051	0.008032542734489962
4.040404040404041	0.6060606060606061	0.011472544487670386
4.040404040404041	0.7070707070707071	0.015466525194135439
4.040404040404041	0.8080808080808081	0.019981646333711932
4.040404040404041	0.9090909090909091	0.024982075655147665
4.040404040404041	1.0101010101010102	0.030429708932430848
4.040404040404041	1.1111111111111112	0.03628489444660161
4.040404040404041	1.2121212121212122	0.042507136083164004
4.040404040404041	1.3131313131313131	0.04905575358951256
4.040404040404041	1.4141414141414141	0.05589048221329676
4.040404040404041	1.5151515151515151	0.06297199834322854
4.040404040404041	1.6161616161616161	0.07026236253526434
4.040404040404041	1.7171717171717171	0.07772537606323741
4.040404040404041	1.8181818181818181	0.08532685153202682
4.040404040404041	1.9191919191919191	0.09303480185394443
4.040404040404041	2.0202020202020203	0.10081955482716602
4.040404040404041	2.121212121212121	0.10865380257697857
4.040404040404041	2.2222222222222223	0.11611617954750453
4.040404040404041	2.323232323232323	0.11057919029976435
4.040404040404041	2.4242424242424243	0.10549818195150877
4.040404040404041	2.525252525252525	0.10087957868417878
4.040404040404041	2.6262626262626263	0.09672362314444499
4.040404040404041	2.727272727272727	0.09302521768274921
4.040404040404041	2.8282828282828283	0.0897747408962112
4.040404040404041	2.9292929292929295	0.08695882263970103
4.040404040404041	3.0303030303030303	0.08456106577452133
4.040404040404041	3.1313131313131315	0.08256270711341673
4.040404040404041	3.2323232323232323	0.08094321341047737
4.040404040404041	3.3333333333333335	0.07968081092998021
4.040404040404041	3.4343434343434343	0.0787529492153976
4.040404040404041	3.5353535353535355	0.07813670125784251
4.040404040404041	3.6363636363636362	0.07780910341469296
4.040404040404041	3.7373737373737375	0.07774743922330239
4.040404040404041	3.8383838383838382	0.07792947175868642
4.040404040404041	3.9393939393939394	0.07833362945030127
4.040404040404041	4.040404040404041	0.07893915034978477
4.040404040404041	4.141414141414141	0.0797261897709652
4.040404040404041	4.242424242424242	0.08067589604067936
4.040404040404041	4.343434343434343	0.08177045883489373
4.040404040404041	4.444444444444445	0.08299313425363462
4.040404040404041	4.545454545454546	0.08432825043485737
4.040404040404041	4.646464646464646	0.08576119713517653
4.040404040404041	4.747474747474747	0.08727840233319877
4.040404040404041	4.848484848484849	0.08886729854755218
4.040404040404041	4.94949494949495	0.09051628121766675
4.040404040404041	5.05050505050505	0.09221466117840386
4.040404040404041	5.151515151515151	0.09395261297460103
4.040404040404041	5.252525252525253	0.09572112051760645
4.040404040404041	5.353535353535354	0.09751192138287884
4.040404040404041	5.454545454545454	0.09931745089750625
4.040404040404041	5.555555555555555	0.10113078707093717
4.040404040404041	5.656565656565657	0.10294559738826972
4.040404040404041	5.757575757575758	0.10216107713716151
4.040404040404041	5.858585858585859	0.09793309218766946
4.040404040404041	5.959595959595959	0.09388129652112166
4.040404040404041	6.0606060606060606	0.09000045810855749
4.040404040404041	6.161616161616162	0.08628511632685394
4.040404040404041	6.262626262626263	0.08272965820118791
4.040404040404041	6.363636363636363	0.07932838311339065
4.040404040404041	6.4646464646464645	0.07607555730572424
4.040404040404041	6.565656565656566	0.07296545941032004
4.040404040404041	6.666666666666667	0.06999241812766613
4.040404040404041	6.767676767676767	0.06715084307463973
4.040404040404041	6.8686868686868685	0.064435249715466
4.040404040404041	6.96969696969697	0.06184027919208563
4.040404040404041	7.070707070707071	0.05936071377815325
4.040404040404041	7.171717171717172	0.05699148859459071
4.040404040404041	7.2727272727272725	0.05472770014811723
4.040404040404041	7.373737373737374	0.0525646121819584
4.040404040404041	7.474747474747475	0.050497659268021196
4.040404040404041	7.575757575757576	0.04852244851172282
4.040404040404041	7.6767676767676765	0.04663475968825198
4.040404040404041	7.777777777777778	0.04483054409061773
4.040404040404041	7.878787878787879	0.04310592232723109
4.040404040404041	7.97979797979798	0.041457181271786506
4.040404040404041	8.080808080808081	0.039880770341635625
4.040404040404041	8.181818181818182	0.03837329725374666
4.040404040404041	8.282828282828282	0.03693152338296711
4.040404040404041	8.383838383838384	0.03555235883088186
4.040404040404041	8.484848484848484	0.03423285729304431
4.040404040404041	8.585858585858587	0.032970210802510634
4.040404040404041	8.686868686868687	0.03176174440782436
4.040404040404041	8.787878787878787	0.030604910842853973
4.040404040404041	8.88888888888889	0.029497285225161974
4.040404040404041	8.98989898989899	0.028436559822278946
4.040404040404041	9.090909090909092	0.02742053890909101
4.040404040404041	9.191919191919192	0.02644713374193977
4.040404040404041	9.292929292929292	0.02551435766501873
4.040404040404041	9.393939393939394	0.024620321361046204
4.040404040404041	9.494949494949495	0.02376322825718763
4.040404040404041	9.595959595959595	0.022941370092801155
4.040404040404041	9.696969696969697	0.022153122650435876
4.040404040404041	9.797979797979798	0.021396941656272175
4.040404040404041	9.8989898989899	0.020671358846826256
4.040404040404041	10.0	0.019974978202510024
4.141414141414141	0.0	0.0
4.141414141414141	0.10101010101010101	0.0003109479339617994
4.141414141414141	0.20202020202020202	0.0012411017445226272
4.141414141414141	0.30303030303030304	0.0027824527562196988
4.141414141414141	0.40404040404040403	0.004921855140220832
4.141414141414141	0.5050505050505051	0.007641320695728046
4.141414141414141	0.6060606060606061	0.010918415606173511
4.141414141414141	0.7070707070707071	0.014726744138527663
4.141414141414141	0.8080808080808081	0.01903650122427942
4.141414141414141	0.9090909090909091	0.023815073725085175
4.141414141414141	1.0101010101010102	0.029027669067601472
4.141414141414141	1.1111111111111112	0.03463794989485269
4.141414141414141	1.2121212121212122	0.04060865442152449
4.141414141414141	1.3131313131313131	0.04690218420953936
4.141414141414141	1.4141414141414141	0.053481143944103915
4.141414141414141	1.5151515151515151	0.060308821252195305
4.141414141414141	1.6161616161616161	0.06734959840646253
4.141414141414141	1.7171717171717171	0.07456929160382554
4.141414141414141	1.8181818181818181	0.08193541713688676
4.141414141414141	1.9191919191919191	0.08941738695956378
4.141414141414141	2.0202020202020203	0.09698663872339909
4.141414141414141	2.121212121212121	0.10461670724426682
4.141414141414141	2.2222222222222223	0.11228324553026228
4.141414141414141	2.323232323232323	0.11344340421383764
4.141414141414141	2.4242424242424243	0.10821392277085323
4.141414141414141	2.525252525252525	0.10342285029337918
4.141414141414141	2.6262626262626263	0.09907389599991355
4.141414141414141	2.727272727272727	0.09516542718774489
4.141414141414141	2.8282828282828283	0.0916912091860193
4.141414141414141	2.9292929292929295	0.08864111907622746
4.141414141414141	3.0303030303030303	0.0860018202884787
4.141414141414141	3.1313131313131315	0.08375738915459001
4.141414141414141	3.2323232323232323	0.08188988777326556
4.141414141414141	3.3333333333333335	0.08037988019679318
4.141414141414141	3.4343434343434343	0.07920689106244072
4.141414141414141	3.5353535353535355	0.07834980743924558
4.141414141414141	3.6363636363636362	0.07778722591101492
4.141414141414141	3.7373737373737375	0.07749774782875117
4.141414141414141	3.8383838383838382	0.07746022630023443
4.141414141414141	3.9393939393939394	0.07765396888277228
4.141414141414141	4.040404040404041	0.0780589001576518
4.141414141414141	4.141414141414141	0.07865568842202826
4.141414141414141	4.242424242424242	0.07942584067486502
4.141414141414141	4.343434343434343	0.0803517699201571
4.141414141414141	4.444444444444445	0.08141683859363387
4.141414141414141	4.545454545454546	0.08260538165314574
4.141414141414141	4.646464646464646	0.08390271257926868
4.141414141414141	4.747474747474747	0.08529511522540294
4.141414141414141	4.848484848484849	0.08676982414367938
4.141414141414141	4.94949494949495	0.08831499571010457
4.141414141414141	5.05050505050505	0.08991967208111742
4.141414141414141	5.151515151515151	0.09157373974458995
4.141414141414141	5.252525252525253	0.0932678841824139
4.141414141414141	5.353535353535354	0.09499354194867818
4.141414141414141	5.454545454545454	0.09674285128320878
4.141414141414141	5.555555555555555	0.09850860223838066
4.141414141414141	5.656565656565657	0.10028418719311631
4.141414141414141	5.757575757575758	0.10206355257273722
4.141414141414141	5.858585858585859	0.10384115258969634
4.141414141414141	5.959595959595959	0.09972332577348365
4.141414141414141	6.0606060606060606	0.09569222306103398
4.141414141414141	6.161616161616162	0.0918264218735501
4.141414141414141	6.262626262626263	0.08812092117456514
4.141414141414141	6.363636363636363	0.08457055073150621
4.141414141414141	6.4646464646464645	0.08117003331238884
4.141414141414141	6.565656565656566	0.07791403747588915
4.141414141414141	6.666666666666667	0.07479722203914628
4.141414141414141	6.767676767676767	0.07181427322518608
4.141414141414141	6.8686868686868685	0.06895993540195067
4.141414141414141	6.96969696969697	0.06622903623764659
4.141414141414141	7.070707070707071	0.06361650701373878
4.141414141414141	7.171717171717172	0.061117398756438346
4.141414141414141	7.2727272727272725	0.058726894772621885
4.141414141414141	7.373737373737374	0.05644032010989564
4.141414141414141	7.474747474747475	0.05425314839469202
4.141414141414141	7.575757575757576	0.052161006448984706
4.141414141414141	7.6767676767676765	0.05015967703565216
4.141414141414141	7.777777777777778	0.04824510003355187
4.141414141414141	7.878787878787879	0.046413372308518
4.141414141414141	7.97979797979798	0.04466074650678264
4.141414141414141	8.080808080808081	0.04298362896858563
4.141414141414141	8.181818181818182	0.041378576929705625
4.141414141414141	8.282828282828282	0.039842295157684914
4.141414141414141	8.383838383838384	0.038371632145246345
4.141414141414141	8.484848484848484	0.03696357596678623
4.141414141414141	8.585858585858587	0.03561524988733394
4.141414141414141	8.686868686868687	0.03432390780002063
4.141414141414141	8.787878787878787	0.03308692955464693
4.141414141414141	8.88888888888889	0.031901816230783475
4.141414141414141	8.98989898989899	0.030766185399832176
4.141414141414141	9.090909090909092	0.029677766411242135
4.141414141414141	9.191919191919192	0.02863439573449942
4.141414141414141	9.292929292929292	0.027634012378555808
4.141414141414141	9.393939393939394	0.02667465341012819
4.141414141414141	9.494949494949495	0.02575444958352947
4.141414141414141	9.595959595959595	0.024871621095484603
4.141414141414141	9.696969696969697	0.02402447347319235
4.141414141414141	9.797979797979798	0.023211393599753594
4.141414141414141	9.8989898989899	0.0224308458836345
4.141414141414141	10.0	0.02168136857204023
4.242424242424242	0.0	0.0
4.242424242424242	0.10101010101010101	0.00029588819993347793
4.242424242424242	0.20202020202020202	0.0011811252660035548
4.242424242424242	0.30303030303030304	0.0026484813049092947
4.242424242424242	0.40404040404040403	0.004686080224909967
4.242424242424242	0.5050505050505051	0.007277653553593172
4.242424242424242	0.6060606060606061	0.010402882549629996
4.242424242424242	0.7070707070707071	0.014037816121908136
4.242424242424242	0.8080808080808081	0.018155349537460105
4.242424242424242	0.9090909090909091	0.02272574709596423
4.242424242424242	1.0101010101010102	0.02771719096542745
4.242424242424242	1.1111111111111112	0.033096338261292844
4.242424242424242	1.2121212121212122	0.03882886920439431
4.242424242424242	1.3131313131313131	0.04488001074746986
4.242424242424242	1.4141414141414141	0.05121502229168645
4.242424242424242	1.5151515151515151	0.057799632851804526
4.242424242424242	1.6161616161616161	0.06460042206773856
4.242424242424242	1.7171717171717171	0.07158514057988265
4.242424242424242	1.8181818181818181	0.07872296827951077
4.242424242424242	1.9191919191919191	0.08598471162821919
4.242424242424242	2.0202020202020203	0.09334294348283396
4.242424242424242	2.121212121212121	0.10077209057429165
4.242424242424242	2.2222222222222223	0.1082484749479992
4.242424242424242	2.323232323232323	0.11575031630145141
4.242424242424242	2.4242424242424243	0.11096970321321264
4.242424242424242	2.525252525252525	0.1060278384648795
4.242424242424242	2.6262626262626263	0.10150687203405746
4.242424242424242	2.727272727272727	0.09740833550442624
4.242424242424242	2.8282828282828283	0.09372913347498785
4.242424242424242	2.9292929292929295	0.09046219494928598
4.242424242424242	3.0303030303030303	0.08759709827456486
4.242424242424242	3.1313131313131315	0.08512065971201523
4.242424242424242	3.2323232323232323	0.08301747883546501
4.242424242424242	3.3333333333333335	0.0812704365298918
4.242424242424242	3.4343434343434343	0.07986114345633097
4.242424242424242	3.5353535353535355	0.07877033852289694
4.242424242424242	3.6363636363636362	0.07797823820890001
4.242424242424242	3.7373737373737375	0.07746483858500224
4.242424242424242	3.8383838383838382	0.07721017260049821
4.242424242424242	3.9393939393939394	0.07719452571407186
4.242424242424242	4.040404040404041	0.07739861326492888
4.242424242424242	4.141414141414141	0.07780372314727255
4.242424242424242	4.242424242424242	0.07839182739645216
4.242424242424242	4.343434343434343	0.07914566624249111
4.242424242424242	4.444444444444445	0.08004880806029208
4.242424242424242	4.545454545454546	0.08108568846406772
4.242424242424242	4.646464646464646	0.08224163157341367
4.242424242424242	4.747474747474747	0.08350285623484753
4.242424242424242	4.848484848484849	0.08485646972411418
4.242424242424242	4.94949494949495	0.08629045119617675
4.242424242424242	5.05050505050505	0.08779362689165093
4.242424242424242	5.151515151515151	0.08935563886562749
4.242424242424242	5.252525252525253	0.09096690877248098
4.242424242424242	5.353535353535354	0.09261859803358877
4.242424242424242	5.454545454545454	0.09430256552273018
4.242424242424242	5.555555555555555	0.09601132374749866
4.242424242424242	5.656565656565657	0.09773799436623926
4.242424242424242	5.757575757575758	0.09947626378270731
4.242424242424242	5.858585858585859	0.10122033949115887
4.242424242424242	5.959595959595959	0.10296490781832175
4.242424242424242	6.0606060606060606	0.1014622745930821
4.242424242424242	6.161616161616162	0.0974534070898635
4.242424242424242	6.262626262626263	0.0936043718625948
4.242424242424242	6.363636363636363	0.08991059282531819
4.242424242424242	6.4646464646464645	0.08636731097402696
4.242424242424242	6.565656565656566	0.08296964402665562
4.242424242424242	6.666666666666667	0.07971263739914138
4.242424242424242	6.767676767676767	0.07659130747500424
4.242424242424242	6.8686868686868685	0.07360067805695704
4.242424242424242	6.96969696969697	0.07073581081719668
4.242424242424242	7.070707070707071	0.06799183048952058
4.242424242424242	7.171717171717172	0.06536394547467893
4.242424242424242	7.2727272727272725	0.06284746446160105
4.242424242424242	7.373737373737374	0.06043780960215076
4.242424242424242	7.474747474747475	0.05813052671806778
4.242424242424242	7.575757575757576	0.055921292962046676
4.242424242424242	7.6767676767676765	0.0538059223053996
4.242424242424242	7.777777777777778	0.05178036918088791
4.242424242424242	7.878787878787879	0.049840730564440626
4.242424242424242	7.97979797979798	0.0479832467484983
4.242424242424242	8.080808080808081	0.046204301021917964
4.242424242424242	8.181818181818182	0.044500418446289644
4.242424242424242	8.282828282828282	0.042868263891558164
4.242424242424242	8.383838383838384	0.041304639470872075
4.242424242424242	8.484848484848484	0.039806481496858816
4.242424242424242	8.585858585858587	0.03837085706123568
4.242424242424242	8.686868686868687	0.03699496032827939
4.242424242424242	8.787878787878787	0.03567610861556915
4.242424242424242	8.88888888888889	0.034411738326942234
4.242424242424242	8.98989898989899	0.03319940079136855
4.242424242424242	9.090909090909092	0.03203675805249318
4.242424242424242	9.191919191919192	0.030921578647338605
4.242424242424242	9.292929292929292	0.02985173340404105
4.242424242424242	9.393939393939394	0.02882519128567439
4.242424242424242	9.494949494949495	0.02784001530077615
4.242424242424242	9.595959595959595	0.02689435849617299
4.242424242424242	9.696969696969697	0.025986460046585103
4.242424242424242	9.797979797979798	0.02511464145110668
4.242424242424242	9.8989898989899	0.02427730284338871
4.242424242424242	10.0	0.02347291942208623
4.343434343434343	0.0	0.0
4.343434343434343	0.10101010101010101	0.00028189122770237024
4.343434343434343	0.20202020202020202	0.0011253690216674113
4.343434343434343	0.30303030303030304	0.0025238911693382595
4.343434343434343	0.40404040404040403	0.004466703867249975
4.343434343434343	0.5050505050505051	0.006939060906571894
4.343434343434343	0.6060606060606061	0.009922519519613076
4.343434343434343	0.7070707070707071	0.013395302484874324
4.343434343434343	0.8080808080808081	0.01733271396784477
4.343434343434343	0.9090909090909091	0.021707595042495205
4.343434343434343	1.0101010101010102	0.02649080397263708
4.343434343434343	1.1111111111111112	0.03165170617107169
4.343434343434343	1.2121212121212122	0.037158659292685435
4.343434343434343	1.3131313131313131	0.04297948010552263
4.343434343434343	1.4141414141414141	0.04908188152848625
4.343434343434343	1.5151515151515151	0.05543387039423194
4.343434343434343	1.6161616161616161	0.06200409893150006
4.343434343434343	1.7171717171717171	0.06876216549813233
4.343434343434343	1.8181818181818181	0.07567886256448948
4.343434343434343	1.9191919191919191	0.0827263722096383
4.343434343434343	2.0202020202020203	0.08987841132408503
4.343434343434343	2.121212121212121	0.09711033025492283
4.343434343434343	2.2222222222222223	0.10439916973230695
4.343434343434343	2.323232323232323	0.11172368159425594
4.343434343434343	2.4242424242424243	0.11375011115484286
4.343434343434343	2.525252525252525	0.10867792594829315
4.343434343434343	2.6262626262626263	0.10400499427283247
4.343434343434343	2.727272727272727	0.0997357131653146
4.343434343434343	2.8282828282828283	0.09586987357075621
4.343434343434343	2.9292929292929295	0.09240324962943289
4.343434343434343	3.0303030303030303	0.08932817272001045
4.343434343434343	3.1313131313131315	0.08663407967202293
4.343434343434343	3.2323232323232323	0.08430802748429882
4.343434343434343	3.3333333333333335	0.082335169347365
4.343434343434343	3.4343434343434343	0.08069918880524898
4.343434343434343	3.5353535353535355	0.07938269055530796
4.343434343434343	3.6363636363636362	0.07836754771782033
4.343434343434343	3.7373737373737375	0.0776352064498901
4.343434343434343	3.8383838383838382	0.07716694957499541
4.343434343434343	3.9393939393939394	0.07694412148346154
4.343434343434343	4.040404040404041	0.076948316964739
4.343434343434343	4.141414141414141	0.07716153688739215
4.343434343434343	4.242424242424242	0.07756631377769183
4.343434343434343	4.343434343434343	0.07814581037911786
4.343434343434343	4.444444444444445	0.07888389423183349
4.343434343434343	4.545454545454546	0.07976519120330682
4.343434343434343	4.646464646464646	0.08077512075138647
4.343434343434343	4.747474747474747	0.08189991551651925
4.343434343434343	4.848484848484849	0.08312662763649452
4.343434343434343	4.94949494949495	0.08444312396176629
4.343434343434343	5.05050505050505	0.08583807213103564
4.343434343434343	5.151515151515151	0.0873009192510435
4.343434343434343	5.252525252525253	0.0888218647174353
4.343434343434343	5.353535353535354	0.09039182851743109
4.343434343434343	5.454545454545454	0.0920024161746041
4.343434343434343	5.555555555555555	0.09364588133385601
4.343434343434343	5.656565656565657	0.0953150868412065
4.343434343434343	5.757575757575758	0.0970034650519784
4.343434343434343	5.858585858585859	0.09870497800412371
4.343434343434343	5.959595959595959	0.10041407802370533
4.343434343434343	6.0606060606060606	0.10212566928756993
4.343434343434343	6.161616161616162	0.10315163294541496
4.343434343434343	6.262626262626263	0.09916635456474744
4.343434343434343	6.363636363636363	0.09533562430164004
4.343434343434343	6.4646464646464645	0.0916552588573633
4.343434343434343	6.565656565656566	0.088120881017618
4.343434343434343	6.666666666666667	0.08472797672264139
4.343434343434343	6.767676767676767	0.08147194416689847
4.343434343434343	6.8686868686868685	0.07834813576582667
4.343434343434343	6.96969696969697	0.0753518937833437
4.343434343434343	7.070707070707071	0.07247858034619233
4.343434343434343	7.171717171717172	0.06972360251553059
4.343434343434343	7.2727272727272725	0.06708243302294206
4.343434343434343	7.373737373737374	0.06455062721984452
4.343434343434343	7.474747474747475	0.06212383673239295
4.343434343434343	7.575757575757576	0.05979782026178202
4.343434343434343	7.6767676767676765	0.05756845192238881
4.343434343434343	7.777777777777778	0.055431727462995635
4.343434343434343	7.878787878787879	0.05338376867715314
4.343434343434343	7.97979797979798	0.05142082627355357
4.343434343434343	8.080808080808081	0.04953928143984494
4.343434343434343	8.181818181818182	0.047735646308548624
4.343434343434343	8.282828282828282	0.0460065635038449
4.343434343434343	8.383838383838384	0.044348804927110144
4.343434343434343	8.484848484848484	0.042759269915211146
4.343434343434343	8.585858585858587	0.04123498289064156
4.343434343434343	8.686868686868687	0.03977309060397153
4.343434343434343	8.787878787878787	0.038370859055841824
4.343434343434343	8.88888888888889	0.03702567017351869
4.343434343434343	8.98989898989899	0.03573501830426952
4.343434343434343	9.090909090909092	0.034496506582072345
4.343434343434343	9.191919191919192	0.033307843211127584
4.343434343434343	9.292929292929292	0.03216683770628512
4.343434343434343	9.393939393939394	0.03107139712234132
4.343434343434343	9.494949494949495	0.030019522299214074
4.343434343434343	9.595959595959595	0.029009304145003946
4.343434343434343	9.696969696969697	0.02803891997430926
4.343434343434343	9.797979797979798	0.027106629919780963
4.343434343434343	9.8989898989899	0.026210773423472278
4.343434343434343	10.0	0.025349765821775866
4.444444444444445	0.0	0.0
4.444444444444445	0.10101010101010101	0.0002688604336282801
4.444444444444445	0.20202020202020202	0.0010734508421311026
4.444444444444445	0.30303030303030304	0.002407837861850882
4.444444444444445	0.40404040404040403	0.00426226223681236
4.444444444444445	0.5050505050505051	0.006623328638659135
4.444444444444445	0.6060606060606061	0.009474262225083066
4.444444444444445	0.7070707070707071	0.012795223248198517
4.444444444444445	0.8080808080808081	0.016563669240885148
4.444444444444445	0.9090909090909091	0.020754753002329172
4.444444444444445	1.0101010101010102	0.025341743842189193
4.444444444444445	1.1111111111111112	0.030296459350035044
4.444444444444445	1.2121212121212122	0.035589695334126835
4.444444444444445	1.3131313131313131	0.04119164248053601
4.444444444444445	1.4141414141414141	0.04707227964882421
4.444444444444445	1.5151515151515151	0.05320173544396005
4.444444444444445	1.6161616161616161	0.05955061166414675
4.444444444444445	1.7171717171717171	0.06609026428686841
4.444444444444445	1.8181818181818181	0.0727930396984562
4.444444444444445	1.9191919191919191	0.07963246577016418
4.444444444444445	2.0202020202020203	0.08658339904990851
4.444444444444445	2.121212121212121	0.09362213070406587
4.444444444444445	2.2222222222222223	0.10072645487137341
4.444444444444445	2.323232323232323	0.10787570378096839
4.444444444444445	2.4242424242424243	0.11505075435089612
4.444444444444445	2.525252525252525	0.1113583526973476
4.444444444444445	2.6262626262626263	0.10655248290562687
4.444444444444445	2.727272727272727	0.1021309982765809
4.444444444444445	2.8282828282828283	0.09809632274404065
4.444444444444445	2.9292929292929295	0.09444686246279267
4.444444444444445	3.0303030303030303	0.09117752877331343
4.444444444444445	3.1313131313131315	0.08828024472616894
4.444444444444445	3.2323232323232323	0.0857444269051341
4.444444444444445	3.3333333333333335	0.08355743660858796
4.444444444444445	3.4343434343434343	0.08170499640203717
4.444444444444445	3.5353535353535355	0.0801715696798069
4.444444444444445	3.6363636363636362	0.07894070220238518
4.444444444444445	3.7373737373737375	0.07799532564090067
4.444444444444445	3.8383838383838382	0.07731802399941447
4.444444444444445	3.9393939393939394	0.07689126442452542
4.444444444444445	4.040404040404041	0.07669759438276398
4.444444444444445	4.141414141414141	0.07671980751179439
4.444444444444445	4.242424242424242	0.07694108065781435
4.444444444444445	4.343434343434343	0.07734508471808665
4.444444444444445	4.444444444444445	0.07791607193136986
4.444444444444445	4.545454545454546	0.07863894222149309
4.444444444444445	4.646464646464646	0.07949929110854567
4.444444444444445	4.747474747474747	0.08048344157572149
4.444444444444445	4.848484848484849	0.08157846212736394
4.444444444444445	4.94949494949495	0.08277217310019641
4.444444444444445	5.05050505050505	0.08405314311413917
4.444444444444445	5.151515151515151	0.08541067735845911
4.444444444444445	5.252525252525253	0.08683479923388922
4.444444444444445	5.353535353535354	0.08831622669000466
4.444444444444445	5.454545454545454	0.08984634443322337
4.444444444444445	5.555555555555555	0.09141717302526862
4.444444444444445	5.656565656565657	0.0930213357503358
4.444444444444445	5.757575757575758	0.09465202400361127
4.444444444444445	5.858585858585859	0.0963029618470322
4.444444444444445	5.959595959595959	0.09796837028541103
4.444444444444445	6.0606060606060606	0.09964293174917556
4.444444444444445	6.161616161616162	0.10132175522164903
4.444444444444445	6.262626262626263	0.10300034242646672
4.444444444444445	6.363636363636363	0.10083255564886369
4.444444444444445	6.4646464646464645	0.09702149620324832
4.444444444444445	6.565656565656566	0.0933560631194178
4.444444444444445	6.666666666666667	0.08983223350732567
4.444444444444445	6.767676767676767	0.0864458364514377
4.444444444444445	6.8686868686868685	0.08319260019560623
4.444444444444445	6.96969696969697	0.08006819273631839
4.444444444444445	7.070707070707071	0.07706825652452383
4.444444444444445	7.171717171717172	0.0741884379260338
4.444444444444445	7.2727272727272725	0.0714244120417185
4.444444444444445	7.373737373737374	0.06877190343847475
4.444444444444445	7.474747474747475	0.0662267032867282
4.444444444444445	7.575757575757576	0.06378468335798598
4.444444444444445	7.6767676767676765	0.06144180728512867
4.444444444444445	7.777777777777778	0.05919413944686519
4.444444444444445	7.878787878787879	0.05703785180004341
4.444444444444445	7.97979797979798	0.054969228942858106
4.444444444444445	8.080808080808081	0.05298467166357572
4.444444444444445	8.181818181818182	0.05108069919596751
4.444444444444445	8.282828282828282	0.04925395037782895
4.444444444444445	8.383838383838384	0.04750118388373621
4.444444444444445	8.484848484848484	0.0458192776817903
4.444444444444445	8.585858585858587	0.044205227845360406
4.444444444444445	8.686868686868687	0.04265614683325834
4.444444444444445	8.787878787878787	0.041169261336753
4.444444444444445	8.88888888888889	0.039741909778506196
4.444444444444445	8.98989898989899	0.03837153953837329
4.444444444444445	9.090909090909092	0.03705570396598087
4.444444444444445	9.191919191919192	0.035792059237578874
4.444444444444445	9.292929292929292	0.034578361101442974
4.444444444444445	9.393939393939394	0.033412461551222565
4.444444444444445	9.494949494949495	0.032292305461224746
4.444444444444445	9.595959595959595	0.031215927209762438
4.444444444444445	9.696969696969697	0.03018144731568408
4.444444444444445	9.797979797979798	0.029187069107345774
4.444444444444445	9.8989898989899	0.028231075436899355
4.444444444444445	10.0	0.027311825458596724
4.545454545454546	0.0	0.0
4.545454545454546	0.10101010101010101	0.00025670978344199697
4.545454545454546	0.20202020202020202	0.001025030126563375
4.545454545454546	0.30303030303030304	0.0022995681060688335
4.545454545454546	0.40404040404040403	0.004071448037106225
4.545454545454546	0.5050505050505051	0.006328476321363181
4.545454545454546	0.6060606060606061	0.009055364545015206
4.545454545454546	0.7070707070707071	0.012234003552540668
4.545454545454546	0.8080808080808081	0.015843779712817176
4.545454545454546	0.9090909090909091	0.019861923479113183
4.545454545454546	1.0101010101010102	0.0242638796710829
4.545454545454546	1.1111111111111112	0.029023688698527318
4.545454545454546	1.2121212121212122	0.03411436820336857
4.545454545454546	1.3131313131313131	0.039508285285713
4.545454545454546	1.4141414141414141	0.04517751055140198
4.545454545454546	1.5151515151515151	0.051094146588679196
4.545454545454546	1.6161616161616161	0.05723062506127291
4.545454545454546	1.7171717171717171	0.06355996828918459
4.545454545454546	1.8181818181818181	0.07005601287539812
4.545454545454546	1.9191919191919191	0.07669359453319502
4.545454545454546	2.0202020202020203	0.08344869469613192
4.545454545454546	2.121212121212121	0.09029855069451163
4.545454545454546	2.2222222222222223	0.09722173222473687
4.545454545454546	2.323232323232323	0.10419818750694222
4.545454545454546	2.4242424242424243	0.11120926293551467
4.545454545454546	2.525252525252525	0.11405608003753749
4.545454545454546	2.6262626262626263	0.1091352284172254
4.545454545454546	2.727272727272727	0.10457921958195958
4.545454545454546	2.8282828282828283	0.10039286075035202
4.545454545454546	2.9292929292929295	0.09657697496603876
4.545454545454546	3.0303030303030303	0.09312887366235123
4.545454545454546	3.1313131313131315	0.09004282105009186
4.545454545454546	3.2323232323232323	0.08731048169577603
4.545454545454546	3.3333333333333335	0.08492134481889652
4.545454545454546	3.4343434343434343	0.08286312068815141
4.545454545454546	3.5353535353535355	0.08112210605875946
4.545454545454546	3.6363636363636362	0.07968351689508182
4.545454545454546	3.7373737373737375	0.07853178768915443
4.545454545454546	3.8383838383838382	0.07765083754307339
4.545454545454546	3.9393939393939394	0.0770243038591685
4.545454545454546	4.040404040404041	0.07663574499857599
4.545454545454546	4.141414141414141	0.07646881364786892
4.545454545454546	4.242424242424242	0.0765074028989911
4.545454545454546	4.343434343434343	0.07673576721137758
4.545454545454546	4.444444444444445	0.07713862051270423
4.545454545454546	4.545454545454546	0.07770121371044765
4.545454545454546	4.646464646464646	0.07840939385567483
4.545454545454546	4.747474747474747	0.0792496471208621
4.545454545454546	4.848484848484849	0.08020912765092987
4.545454545454546	4.94949494949495	0.08127567421483377
4.545454545454546	5.05050505050505	0.08243781644292592
4.545454545454546	5.151515151515151	0.0836847722834749
4.545454545454546	5.252525252525253	0.08500643815484103
4.545454545454546	5.353535353535354	0.08639337311796635
4.545454545454546	5.454545454545454	0.08783677824232462
4.545454545454546	5.555555555555555	0.08932847219689806
4.545454545454546	5.656565656565657	0.09086086396521889
4.545454545454546	5.757575757575758	0.09242692345900229
4.545454545454546	5.858585858585859	0.0940201506987377
4.545454545454546	5.959595959595959	0.09563454412961601
4.545454545454546	6.0606060606060606	0.09726456856154424
4.545454545454546	6.161616161616162	0.09890512315454437
4.545454545454546	6.262626262626263	0.10055150982333828
4.545454545454546	6.363636363636363	0.1021994024024366
4.545454545454546	6.4646464646464645	0.10245347860857375
4.545454545454546	6.565656565656566	0.09866329793668893
4.545454545454546	6.666666666666667	0.09501415716403099
4.545454545454546	6.767676767676767	0.09150236213061899
4.545454545454546	6.8686868686868685	0.08812406156582762
4.545454545454546	6.96969696969697	0.08487529234704215
4.545454545454546	7.070707070707071	0.08175201867039199
4.545454545454546	7.171717171717172	0.07875016575138091
4.545454545454546	7.2727272727272725	0.07586564863717318
4.545454545454546	7.373737373737374	0.07309439666937813
4.545454545454546	7.474747474747475	0.07043237409265193
4.545454545454546	7.575757575757576	0.06787559726430414
4.545454545454546	7.6767676767676765	0.06542014887407777
4.545454545454546	7.777777777777778	0.06306218954645182
4.545454545454546	7.878787878787879	0.06079796715888087
4.545454545454546	7.97979797979798	0.05862382417426941
4.545454545454546	8.080808080808081	0.056536203253977554
4.545454545454546	8.181818181818182	0.05453165138676798
4.545454545454546	8.282828282828282	0.05260682274573208
4.545454545454546	8.383838383838384	0.0507584804529534
4.545454545454546	8.484848484848484	0.04898349742124819
4.545454545454546	8.585858585858587	0.04727885641011201
4.545454545454546	8.686868686868687	0.04564164942495984
4.545454545454546	8.787878787878787	0.044069076567638144
4.545454545454546	8.88888888888889	0.04255844443362622
4.545454545454546	8.98989898989899	0.041107164139480186
4.545454545454546	9.090909090909092	0.03971274905247104
4.545454545454546	9.191919191919192	0.03837281228406094
4.545454545454546	9.292929292929292	0.03708506400071478
4.545454545454546	9.393939393939394	0.03584730859975772
4.545454545454546	9.494949494949495	0.034657441787424415
4.545454545454546	9.595959595959595	0.03351344759464738
4.545454545454546	9.696969696969697	0.03241339535815142
4.545454545454546	9.797979797979798	0.031355436689914154
4.545454545454546	9.8989898989899	0.030337802458813432
4.545454545454546	10.0	0.029358799796192554
4.646464646464646	0.0	0.0
4.646464646464646	0.10101010101010101	0.00024536246758146617
4.646464646464646	0.20202020202020202	0.0009798026479295174
4.646464646464646	0.30303030303030304	0.0021984085295226915
4.646464646464646	0.40404040404040403	0.0038930913252261104
4.646464646464646	0.5050505050505051	0.006052729021386099
4.646464646464646	0.6060606060606061	0.008663360899058897
4.646464646464646	0.7070707070707071	0.01170842691711569
4.646464646464646	0.8080808080808081	0.015169044571198387
4.646464646464646	0.9090909090909091	0.019024314886232994
4.646464646464646	1.0101010101010102	0.023251648604889468
4.646464646464646	1.1111111111111112	0.027827103421775683
4.646464646464646	1.2121212121212122	0.032725723276225596
4.646464646464646	1.3131313131313131	0.03792187124402957
4.646464646464646	1.4141414141414141	0.043389548404041536
4.646464646464646	1.5151515151515151	0.04910269215003364
4.646464646464646	1.6161616161616161	0.055035448695553456
4.646464646464646	1.7171717171717171	0.061162415891453784
4.646464646464646	1.8181818181818181	0.06745885387573328
4.646464646464646	1.9191919191919191	0.07390086241433917
4.646464646464646	2.0202020202020203	0.08046552501303032
4.646464646464646	2.121212121212121	0.08713102093267186
4.646464646464646	2.2222222222222223	0.09387670709060737
4.646464646464646	2.323232323232323	0.10068317246838578
4.646464646464646	2.4242424242424243	0.10753226806554018
4.646464646464646	2.525252525252525	0.1144071156661283
4.646464646464646	2.6262626262626263	0.11174067877387275
4.646464646464646	2.727272727272727	0.10706690921027019
4.646464646464646	2.8282828282828283	0.10274529272432613
4.646464646464646	2.9292929292929295	0.09877885569287474
4.646464646464646	3.0303030303030303	0.09516712670958745
4.646464646464646	3.1313131313131315	0.09190655911482397
4.646464646464646	3.2323232323232323	0.08899094371611539
4.646464646464646	3.3333333333333335	0.08641180487808932
4.646464646464646	3.4343434343434343	0.08415877489443777
4.646464646464646	3.5353535353535355	0.08221994303976488
4.646464646464646	3.6363636363636362	0.08058217695621854
4.646464646464646	3.7373737373737375	0.0792314150777237
4.646464646464646	3.8383838383838382	0.07815292965594203
4.646464646464646	3.9393939393939394	0.0773315606447915
4.646464646464646	4.040404040404041	0.07675192124806235
4.646464646464646	4.141414141414141	0.07639857635355084
4.646464646464646	4.242424242424242	0.0762561953846521
4.646464646464646	4.343434343434343	0.07630968131555353
4.646464646464646	4.444444444444445	0.07654427772925537
4.646464646464646	4.545454545454546	0.07694565586692671
4.646464646464646	4.646464646464646	0.07749998362955542
4.646464646464646	4.747474747474747	0.07819397846334793
4.646464646464646	4.848484848484849	0.07901494599713992
4.646464646464646	4.94949494949495	0.0799508062085362
4.646464646464646	5.05050505050505	0.08099010878786701
4.646464646464646	5.151515151515151	0.08212203924853388
4.646464646464646	5.252525252525253	0.0833364172019287
4.646464646464646	5.353535353535354	0.08462368808662475
4.646464646464646	5.454545454545454	0.0859749095065556
4.646464646464646	5.555555555555555	0.08738173321104128
4.646464646464646	5.656565656565657	0.08883638362139079
4.646464646464646	5.757575757575758	0.09033163369991604
4.646464646464646	5.858585858585859	0.09186077884704094
4.646464646464646	5.959595959595959	0.09341760941973747
4.646464646464646	6.0606060606060606	0.0949963823765838
4.646464646464646	6.161616161616162	0.09659179248278901
4.646464646464646	6.262626262626263	0.09819894344568074
4.646464646464646	6.363636363636363	0.09981331930409945
4.646464646464646	6.4646464646464645	0.10143075636050097
4.646464646464646	6.565656565656566	0.10304741592742443
4.646464646464646	6.666666666666667	0.10026232714379811
4.646464646464646	6.767676767676767	0.09663069308585104
4.646464646464646	6.8686868686868685	0.09313227353960953
4.646464646464646	6.96969696969697	0.08976351488684857
4.646464646464646	7.070707070707071	0.08652074248954665
4.646464646464646	7.171717171717172	0.08340019840917186
4.646464646464646	7.2727272727272725	0.08039807405217896
4.646464646464646	7.373737373737374	0.0775105382609618
4.646464646464646	7.474747474747475	0.07473376133023674
4.646464646464646	7.575757575757576	0.07206393540080364
4.646464646464646	7.6767676767676765	0.0694972916376339
4.646464646464646	7.777777777777778	0.06703011457093226
4.646464646464646	7.878787878787879	0.06465875393757933
4.646464646464646	7.97979797979798	0.06237963433277771
4.646464646464646	8.080808080808081	0.06018926294563576
4.646464646464646	8.181818181818182	0.058084235629435904
4.646464646464646	8.282828282828282	0.056061241523216676
4.646464646464646	8.383838383838384	0.05411706642586136
4.646464646464646	8.484848484848484	0.05224859509230508
4.646464646464646	8.585858585858587	0.05045281260985271
4.646464646464646	8.686868686868687	0.048726804989521214
4.646464646464646	8.787878787878787	0.04706775909010147
4.646464646464646	8.88888888888889	0.04547296198428178
4.646464646464646	8.98989898989899	0.04393979985502007
4.646464646464646	9.090909090909092	0.042465756505075655
4.646464646464646	9.191919191919192	0.04104841154905709
4.646464646464646	9.292929292929292	0.03968543834943455
4.646464646464646	9.393939393939394	0.03837460174822446
4.646464646464646	9.494949494949495	0.03711375564246398
4.646464646464646	9.595959595959595	0.035900840439740955
4.646464646464646	9.696969696969697	0.0347338804303646
4.646464646464646	9.797979797979798	0.033610981103986345
4.646464646464646	9.8989898989899	0.032530326434700114
4.646464646464646	10.0	0.03149017615635156
4.747474747474747	0.0	0.0
4.747474747474747	0.10101010101010101	0.000234749761912506
4.747474747474747	0.20202020202020202	0.0009374960805231587
4.747474747474747	0.30303030303030304	0.002103755916409671
4.747474747474747	0.40404040404040403	0.003726142941493115
4.747474747474747	0.5050505050505051	0.005794492873591921
4.747474747474747	0.6060606060606061	0.008296033522141125
4.747474747474747	0.7070707070707071	0.011215594400741056
4.747474747474747	0.8080808080808081	0.014535849679418691
4.747474747474747	0.9090909090909091	0.01823758742425929
4.747474747474747	1.0101010101010102	0.02229999754989666
4.747474747474747	1.1111111111111112	0.02670097069567837
4.747474747474747	1.2121212121212122	0.03141740033547573
4.747474747474747	1.3131313131313131	0.03642548082709475
4.747474747474747	1.4141414141414141	0.04170099476354161
4.747474747474747	1.5151515151515151	0.047219583862136566
4.747474747474747	1.6161616161616161	0.052956998659600865
4.747474747474747	1.7171717171717171	0.05888932340576264
4.747474747474747	1.8181818181818181	0.06499317370781098
4.747474747474747	1.9191919191919191	0.0712458656009134
4.747474747474747	2.0202020202020203	0.07762555576604284
4.747474747474747	2.121212121212121	0.08411135352963495
4.747474747474747	2.2222222222222223	0.09068340604483996
4.747474747474747	2.323232323232323	0.09732295864401244
4.747474747474747	2.4242424242424243	0.10401239277119771
4.747474747474747	2.525252525252525	0.11073524415687754
4.747474747474747	2.6262626262626263	0.11435772427003127
4.747474747474747	2.727272727272727	0.10958200907099803
4.747474747474747	2.8282828282828283	0.10514077812532198
4.747474747474747	2.9292929292929295	0.10103905203793727
4.747474747474747	3.0303030303030303	0.09727839368761244
4.747474747474747	3.1313131313131315	0.09385728976556587
4.747474747474747	3.2323232323232323	0.09077152864081534
4.747474747474747	3.3333333333333335	0.08801456753669246
4.747474747474747	3.4343434343434343	0.08557788361035296
4.747474747474747	3.5353535353535355	0.08345130492168104
4.747474747474747	3.6363636363636362	0.08162331847961396
4.747474747474747	3.7373737373737375	0.08008135356671746
4.747474747474747	3.8383838383838382	0.07881203939533198
4.747474747474747	3.9393939393939394	0.07780143684233258
4.747474747474747	4.040404040404041	0.0770352445764789
4.747474747474747	4.141414141414141	0.07649898033483014
4.747474747474747	4.242424242424242	0.07617813844688878
4.747474747474747	4.343434343434343	0.07605832495594181
4.747474747474747	4.444444444444445	0.07612537186126996
4.747474747474747	4.545454545454546	0.07636543211319824
4.747474747474747	4.646464646464646	0.07676505704983895
4.747474747474747	4.747474747474747	0.07731125797071232
4.747474747474747	4.848484848484849	0.07799155351907153
4.747474747474747	4.94949494949495	0.07879400448926004
4.747474747474747	5.05050505050505	0.0797072375987058
4.747474747474747	5.151515151515151	0.08072045967341597
4.747474747474747	5.252525252525253	0.08182346359197884
4.747474747474747	5.353535353535354	0.08300662722633355
4.747474747474747	5.454545454545454	0.08426090650387431
4.747474747474747	5.555555555555555	0.08557782360471522
4.747474747474747	5.656565656565657	0.08694945120063895
4.747474747474747	5.757575757575758	0.08836839353506945
4.747474747474747	5.858585858585859	0.08982776504728368
4.747474747474747	5.959595959595959	0.0913211671509155
4.747474747474747	6.0606060606060606	0.0928426636939695
4.747474747474747	6.161616161616162	0.09438675555210538
4.747474747474747	6.262626262626263	0.09594835474074932
4.747474747474747	6.363636363636363	0.09752275837557889
4.747474747474747	6.4646464646464645	0.09910562276519755
4.747474747474747	6.565656565656566	0.1006929378847134
4.747474747474747	6.666666666666667	0.10228100245638365
4.747474747474747	6.767676767676767	0.10181986380046905
4.747474747474747	6.8686868686868685	0.09820681756775715
4.747474747474747	6.96969696969697	0.0947229805220012
4.747474747474747	7.070707070707071	0.09136507613731067
4.747474747474747	7.171717171717172	0.08812969932787279
4.747474747474747	7.2727272727272725	0.0850133527044083
4.747474747474747	7.373737373737374	0.0820124781287092
4.747474747474747	7.474747474747475	0.07912348402567215
4.747474747474747	7.575757575757576	0.07634276888595673
4.747474747474747	7.6767676767676765	0.07366674136327117
4.747474747474747	7.777777777777778	0.07109183733859818
4.747474747474747	7.878787878787879	0.06861453429222597
4.747474747474747	7.97979797979798	0.0662313632976377
4.747474747474747	8.080808080808081	0.06393891891665114
4.747474747474747	8.181818181818182	0.06173386725435139
4.747474747474747	8.282828282828282	0.059612952401840454
4.747474747474747	8.383838383838384	0.05757300147348174
4.747474747474747	8.484848484848484	0.055610928421666414
4.747474747474747	8.585858585858587	0.053723736795601953
4.747474747474747	8.686868686868687	0.051908521587148065
4.747474747474747	8.787878787878787	0.05016247029427297
4.747474747474747	8.88888888888889	0.048482863316376135
4.747474747474747	8.98989898989899	0.04686707378292057
4.747474747474747	9.090909090909092	0.045312566901591134
4.747474747474747	9.191919191919192	0.04381689890666294
4.747474747474747	9.292929292929292	0.042377715674657465
4.747474747474747	9.393939393939394	0.04099275106625025
4.747474747474747	9.494949494949495	0.039659825047166995
4.747474747474747	9.595959595959595	0.038376841633257
4.747474747474747	9.696969696969697	0.03714178669833474
4.747474747474747	9.797979797979798	0.035952725679199146
4.747474747474747	9.8989898989899	0.03480780120621407
4.747474747474747	10.0	0.03370523068503533
4.848484848484849	0.0	0.0
4.848484848484849	0.10101010101010101	0.00022481004537700314
4.848484848484849	0.20202020202020202	0.0008978661421028487
4.848484848484849	0.30303030303030304	0.002015068784705143
4.848484848484849	0.40404040404040403	0.0035696601632440035
4.848484848484849	0.5050505050505051	0.005552333876525002
4.848484848484849	0.6060606060606061	0.007951383958432487
4.848484848484849	0.7070707070707071	0.01075288887496439
4.848484848484849	0.8080808080808081	0.013940925225780465
4.848484848484849	0.9090909090909091	0.017497805175489076
4.848484848484849	1.0101010101010102	0.021404331175511944
4.848484848484849	1.1111111111111112	0.02564006133090217
4.848484848484849	1.2121212121212122	0.03018357881676249
4.848484848484849	1.3131313131313131	0.035012759042639396
4.848484848484849	1.4141414141414141	0.04010502878215248
4.848484848484849	1.5151515151515151	0.04543761217799252
4.848484848484849	1.6161616161616161	0.05098775937314152
4.848484848484849	1.7171717171717171	0.05673295443882981
4.848484848484849	1.8181818181818181	0.06265110023141848
4.848484848484849	1.9191919191919191	0.06872067875534506
4.848484848484849	2.0202020202020203	0.07492088649922839
4.848484848484849	2.121212121212121	0.0812317450088185
4.848484848484849	2.2222222222222223	0.08763418763516602
4.848484848484849	2.323232323232323	0.09411012394500005
4.848484848484849	2.4242424242424243	0.10064248367663528
4.848484848484849	2.525252525252525	0.10721524239894076
4.848484848484849	2.6262626262626263	0.11381343116893144
4.848484848484849	2.727272727272727	0.11211377407335915
4.848484848484849	2.8282828282828283	0.10756775317415491
4.848484848484849	2.9292929292929295	0.1033453325661824
4.848484848484849	3.0303030303030303	0.09944992915029255
4.848484848484849	3.1313131313131315	0.09588190616548758
4.848484848484849	3.2323232323232323	0.09263891670567087
4.848484848484849	3.3333333333333335	0.08971624179838969
4.848484848484849	3.4343434343434343	0.08710711744213188
4.848484848484849	3.5353535353535355	0.08480304629586977
4.848484848484849	3.6363636363636362	0.08279409084927022
4.848484848484849	3.7373737373737375	0.0810691458723723
4.848484848484849	3.8383838383838382	0.07961618877068938
4.848484848484849	3.9393939393939394	0.07842250716105822
4.848484848484849	4.040404040404041	0.07747490355098624
4.848484848484849	4.141414141414141	0.07675987746637865
4.848484848484849	4.242424242424242	0.07626378573360927
4.848484848484849	4.343434343434343	0.07597298190100261
4.848484848484849	4.444444444444445	0.07587393599096334
4.848484848484849	4.545454545454546	0.07595333591538721
4.848484848484849	4.646464646464646	0.07619817197580005
4.848484848484849	4.747474747474747	0.07659580591403092
4.848484848484849	4.848484848484849	0.07713402598551977
4.848484848484849	4.94949494949495	0.07780108950459949
4.848484848484849	5.05050505050505	0.07858575426473081
4.848484848484849	5.151515151515151	0.07947730017145117
4.848484848484849	5.252525252525253	0.08046554234822308
4.848484848484849	5.353535353535354	0.08154083688846206
4.848484848484849	5.454545454545454	0.08269408033460447
4.848484848484849	5.555555555555555	0.08391670386957495
4.848484848484849	5.656565656565657	0.08520066311164297
4.848484848484849	5.757575757575758	0.08653842431029689
4.848484848484849	5.858585858585859	0.08792294765042656
4.848484848484849	5.959595959595959	0.08934766828803643
4.848484848484849	6.0606060606060606	0.0908064756611455
4.848484848484849	6.161616161616162	0.09229369154538225
4.848484848484849	6.262626262626263	0.09380404725963008
4.848484848484849	6.363636363636363	0.09533266036666131
4.848484848484849	6.4646464646464645	0.09687501116323559
4.848484848484849	6.565656565656566	0.09842691921195824
4.848484848484849	6.666666666666667	0.09998452013256905
4.848484848484849	6.767676767676767	0.10154424284569605
4.848484848484849	6.8686868686868685	0.10310278745055561
4.848484848484849	6.96969696969697	0.0997436669614446
4.848484848484849	7.070707070707071	0.09627549625031517
4.848484848484849	7.171717171717172	0.09292963548045707
4.848484848484849	7.2727272727272725	0.08970293134851905
4.848484848484849	7.373737373737374	0.08659213068308477
4.848484848484849	7.474747474747475	0.08359391088529766
4.848484848484849	7.575757575757576	0.0807049064218219
4.848484848484849	7.6767676767676765	0.07792173175793185
4.848484848484849	7.777777777777778	0.07524100109500563
4.848484848484849	7.878787878787879	0.07265934524890376
4.848484848484849	7.97979797979798	0.07017342597900444
4.848484848484849	8.080808080808081	0.06777994805623375
4.848484848484849	8.181818181818182	0.06547566932694387
4.848484848484849	8.282828282828282	0.06325740900972093
4.848484848484849	8.383838383838384	0.06112205443844973
4.848484848484849	8.484848484848484	0.05906656644299635
4.848484848484849	8.585858585858587	0.057087983539615056
4.848484848484849	8.686868686868687	0.05518342508630191
4.848484848484849	8.787878787878787	0.053350093539654586
4.848484848484849	8.88888888888889	0.051585275934779046
4.848484848484849	8.98989898989899	0.0498863447000876
4.848484848484849	9.090909090909092	0.048250757898442964
4.848484848484849	9.191919191919192	0.04667605898626032
4.848484848484849	9.292929292929292	0.045159876157586716
4.848484848484849	9.393939393939394	0.04369992134729292
4.848484848484849	9.494949494949495	0.042293988945064136
4.848484848484849	9.595959595959595	0.04093995427460356
4.848484848484849	9.696969696969697	0.03963577188118963
4.848484848484849	9.797979797979798	0.03837947366596774
4.848484848484849	9.8989898989899	0.03716916690084922
4.848484848484849	10.0	0.03600303215437459
4.94949494949495	0.0	0.0
4.94949494949495	0.10101010101010101	0.00021548795133700626
4.94949494949495	0.20202020202020202	0.000860693257000847
4.94949494949495	0.30303030303030304	0.0019318600938299801
4.94949494949495	0.40404040404040403	0.003422794258985265
4.94949494949495	0.5050505050505051	0.005324959449320969
4.94949494949495	0.6060606060606061	0.007627608188705089
4.94949494949495	0.7070707070707071	0.010317943726412733
4.94949494949495	0.8080808080808081	0.01338130844262502
4.94949494949495	0.9090909090909091	0.01680139368409634
4.94949494949495	1.0101010101010102	0.020560465544203366
4.94949494949495	1.1111111111111112	0.02463960090197764
4.94949494949495	1.2121212121212122	0.029018928050446178
4.94949494949495	1.3131313131313131	0.03367786646365732
4.94949494949495	1.4141414141414141	0.038595360654121634
4.94949494949495	1.5151515151515151	0.04375010363059341
4.94949494949495	1.6161616161616161	0.049120746145293825
4.94949494949495	1.7171717171717171	0.05468608867597316
4.94949494949495	1.8181818181818181	0.06042525388677228
4.94949494949495	1.9191919191919191	0.06631783810512967
4.94949494949495	2.0202020202020203	0.0723440411119698
4.94949494949495	2.121212121212121	0.0784847742297232
4.94949494949495	2.2222222222222223	0.08472174729319903
4.94949494949495	2.323232323232323	0.09103753558158159
4.94949494949495	2.4242424242424243	0.09741562817017893
4.94949494949495	2.525252525252525	0.10384045943002931
4.94949494949495	2.6262626262626263	0.11029742556787574
4.94949494949495	2.727272727272727	0.11465267466969921
4.94949494949495	2.8282828282828283	0.11001584957340778
4.94949494949495	2.9292929292929295	0.10568662285383283
4.94949494949495	3.0303030303030303	0.1016700898258787
4.94949494949495	3.1313131313131315	0.09796833470904232
4.94949494949495	3.2323232323232323	0.09458074070454277
4.94949494949495	3.3333333333333335	0.09150429922411117
4.94949494949495	3.4343434343434343	0.08873391257771111
4.94949494949495	3.5353535353535355	0.08626268562400319
4.94949494949495	3.6363636363636362	0.08408220294824335
4.94949494949495	3.7373737373737375	0.08218278905285153
4.94949494949495	3.8383838383838382	0.08055374983886313
4.94949494949495	3.9393939393939394	0.07918359433020529
4.94949494949495	4.040404040404041	0.07806023615622076
4.94949494949495	4.141414141414141	0.07717117477360672
4.94949494949495	4.242424242424242	0.07650365678454188
4.94949494949495	4.343434343434343	0.07604481800655317
4.94949494949495	4.444444444444445	0.07578180717691867
4.94949494949495	4.545454545454546	0.0757018923443203
4.94949494949495	4.646464646464646	0.07579255111596112
4.94949494949495	4.747474747474747	0.0760415460002677
4.94949494949495	4.848484848484849	0.07643698612333547
4.94949494949495	4.94949494949495	0.07696737659764596
4.94949494949495	5.05050505050505	0.07762165680561535
4.94949494949495	5.151515151515151	0.07838922881701449
4.94949494949495	5.252525252525253	0.07925997710723905
4.94949494949495	5.353535353535354	0.08022428067467095
4.94949494949495	5.454545454545454	0.08127301858262274
4.94949494949495	5.555555555555555	0.08239756987248927
4.94949494949495	5.656565656565657	0.08358980871306766
4.94949494949495	5.757575757575758	0.08484209557062905
4.94949494949495	5.858585858585859	0.0861472651028032
4.94949494949495	5.959595959595959	0.08749861140453051
4.94949494949495	6.0606060606060606	0.08888987115788277
4.94949494949495	6.161616161616162	0.09031520517189208
4.94949494949495	6.262626262626263	0.0917691787317657
4.94949494949495	6.363636363636363	0.09324674112186054
4.94949494949495	6.4646464646464645	0.09474320463117132
4.94949494949495	6.565656565656566	0.09625422330779149
4.94949494949495	6.666666666666667	0.09777577168726229
4.94949494949495	6.767676767676767	0.09930412368724367
4.94949494949495	6.8686868686868685	0.1008358318388455
4.94949494949495	6.96969696969697	0.10236770700441161
4.94949494949495	7.070707070707071	0.10124236325852808
4.94949494949495	7.171717171717172	0.0977908294660921
4.94949494949495	7.2727272727272725	0.09445808802218596
4.94949494949495	7.373737373737374	0.09124122074414978
4.94949494949495	7.474747474747475	0.08813720329373691
4.94949494949495	7.575757575757576	0.0851429344932612
4.94949494949495	7.6767676767676765	0.08225526197178706
4.94949494949495	7.777777777777778	0.07947100448692762
4.94949494949495	7.878787878787879	0.07678697125030251
4.94949494949495	7.97979797979798	0.07419997856043054
4.94949494949495	8.080808080808081	0.07170686402628706
4.94949494949495	8.181818181818182	0.06930449864361789
4.94949494949495	8.282828282828282	0.06698979695951142
4.94949494949495	8.383838383838384	0.06475972554561887
4.94949494949495	8.484848484848484	0.06261130997612792
4.94949494949495	8.585858585858587	0.060541640488711385
4.94949494949495	8.686868686868687	0.05854787649025547
4.94949494949495	8.787878787878787	0.05662725005097246
4.94949494949495	8.88888888888889	0.054777068517739766
4.94949494949495	8.98989898989899	0.05299471636011303
4.94949494949495	9.090909090909092	0.05127765635529366
4.94949494949495	9.191919191919192	0.04962343020084671
4.94949494949495	9.292929292929292	0.04802965863866367
4.94949494949495	9.393939393939394	0.04649404116214067
4.94949494949495	9.494949494949495	0.04501435536837974
4.94949494949495	9.595959595959595	0.04358845601454526
4.94949494949495	9.696969696969697	0.04221427382527605
4.94949494949495	9.797979797979798	0.04088981409701067
4.94949494949495	9.8989898989899	0.03961315513394473
4.94949494949495	10.0	0.03838244655269832
5.05050505050505	0.0	0.0
5.05050505050505	0.10101010101010101	0.0002067336325674849
5.05050505050505	0.20202020202020202	0.0008257796642014323
5.05050505050505	0.30303030303030304	0.0018536909159230595
5.05050505050505	0.40404040404040403	0.003284779668565328
5.05050505050505	0.5050505050505051	0.005111202360969645
5.05050505050505	0.6060606060606061	0.00732307489077106
5.05050505050505	0.7070707070707071	0.009908615400669573
5.05050505050505	0.8080808080808081	0.012854310753408047
5.05050505050505	0.9090909090909091	0.016145102372698887
5.05050505050505	1.0101010101010102	0.019764586762415225
5.05050505050505	1.1111111111111112	0.02369522583065845
5.05050505050505	1.2121212121212122	0.027918562133699622
5.05050505050505	1.3131313131313131	0.03241543431574783
5.05050505050505	1.4141414141414141	0.03716618833427217
5.05050505050505	1.5151515151515151	0.04215088050802179
5.05050505050505	1.6161616161616161	0.04734946897446283
5.05050505050505	1.7171717171717171	0.05274199076815606
5.05050505050505	1.8181818181818181	0.05830872239228963
5.05050505050505	1.9191919191919191	0.0640303224250536
5.05050505050505	2.0202020202020203	0.06988795534802653
5.05050505050505	2.121212121212121	0.07586339637897062
5.05050505050505	2.2222222222222223	0.08193911761988663
5.05050505050505	2.323232323232323	0.08809835627558087
5.05050505050505	2.4242424242424243	0.09432516605144184
5.05050505050505	2.525252525252525	0.10060445310359038
5.05050505050505	2.6262626262626263	0.10692199808733649
5.05050505050505	2.727272727272727	0.11326446594454576
5.05050505050505	2.8282828282828283	0.1124758117431265
5.05050505050505	2.9292929292929295	0.10805293729301728
5.05050505050505	3.0303030303030303	0.10392828166434155
5.05050505050505	3.1313131313131315	0.10010549756273854
5.05050505050505	3.2323232323232323	0.096585563894041
5.05050505050505	3.3333333333333335	0.09336706674150504
5.05050505050505	3.4343434343434343	0.0904464777668334
5.05050505050505	3.5353535353535355	0.08781842543785763
5.05050505050505	3.6363636363636362	0.08547595546691197
5.05050505050505	3.7373737373737375	0.08341077770976768
5.05050505050505	3.8383838383838382	0.08161349752856115
5.05050505050505	3.9393939393939394	0.08007383027130824
5.05050505050505	4.040404040404041	0.07878079807294402
5.05050505050505	4.141414141414141	0.07772290864547216
5.05050505050505	4.242424242424242	0.076888316106482
5.05050505050505	4.343434343434343	0.07626496420485494
5.05050505050505	4.444444444444445	0.07584071254841329
5.05050505050505	4.545454545454546	0.07560344662431812
5.05050505050505	4.646464646464646	0.07554117254464232
5.05050505050505	4.747474747474747	0.07564209754203487
5.05050505050505	4.848484848484849	0.07589469730221989
5.05050505050505	4.94949494949495	0.07628777124764614
5.05050505050505	5.05050505050505	0.07681048688786707
5.05050505050505	5.151515151515151	0.07745241433873376
5.05050505050505	5.252525252525253	0.07820355207250529
5.05050505050505	5.353535353535354	0.0790543449186787
5.05050505050505	5.454545454545454	0.07999569527577294
5.05050505050505	5.555555555555555	0.0810189684325599
5.05050505050505	5.656565656565657	0.08211599282914384
5.05050505050505	5.757575757575758	0.08327905601965045
5.05050505050505	5.858585858585859	0.08450089702749906
5.05050505050505	5.959595959595959	0.08577469571633854
5.05050505050505	6.0606060606060606	0.08709405973303476
5.05050505050505	6.161616161616162	0.08845300951468135
5.05050505050505	6.262626262626263	0.08984596179364167
5.05050505050505	6.363636363636363	0.09126771197620283
5.05050505050505	6.4646464646464645	0.0927134157228144
5.05050505050505	6.565656565656566	0.09417857000883835
5.05050505050505	6.666666666666667	0.09565899390476255
5.05050505050505	6.767676767676767	0.0971508092799936
5.05050505050505	6.8686868686868685	0.09865042160261599
5.05050505050505	6.96969696969697	0.10015450098468376
5.05050505050505	7.070707070707071	0.10165996360332305
5.05050505050505	7.171717171717172	0.10270401082033825
5.05050505050505	7.2727272727272725	0.09926998046974406
5.05050505050505	7.373737373737374	0.09595132915291807
5.05050505050505	7.474747474747475	0.09274535819753389
5.05050505050505	7.575757575757576	0.08964925762051866
5.05050505050505	7.6767676767676765	0.08666013431948824
5.05050505050505	7.777777777777778	0.08377503685471821
5.05050505050505	7.878787878787879	0.08099097712886771
5.05050505050505	7.97979797979798	0.07830494925862114
5.05050505050505	8.080808080808081	0.07571394591470428
5.05050505050505	8.181818181818182	0.07321497238580023
5.05050505050505	8.282828282828282	0.0708050586063933
5.05050505050505	8.383838383838384	0.06848126936553496
5.05050505050505	8.484848484848484	0.06624071289696883
5.05050505050505	8.585858585858587	0.0640805480346594
5.05050505050505	8.686868686868687	0.06199799009859555
5.05050505050505	8.787878787878787	0.059990315660270715
5.05050505050505	8.88888888888889	0.05805486632506889
5.05050505050505	8.98989898989899	0.056189051651168886
5.05050505050505	9.090909090909092	0.05439035131638549
5.05050505050505	9.191919191919192	0.05265631662904884
5.05050505050505	9.292929292929292	0.05098457147033774
5.05050505050505	9.393939393939394	0.04937281274795999
5.05050505050505	9.494949494949495	0.04781881042749009
5.05050505050505	9.595959595959595	0.04632040720444927
5.05050505050505	9.696969696969697	0.04487551787105365
5.05050505050505	9.797979797979798	0.04348212842551721
5.05050505050505	9.8989898989899	0.042138294967178344
5.05050505050505	10.0	0.040842142412601076
5.151515151515151	0.0	0.0
5.151515151515151	0.10101010101010101	0.00019850212308875396
5.151515151515151	0.20202020202020202	0.0007929469055933949
5.151515151515151	0.30303030303030304	0.001780164931502325
5.151515151515151	0.40404040404040403	0.003154924577504616
5.151515151515151	0.5050505050505051	0.004910006698882898
5.151515151515151	0.6060606060606061	0.0070363064061584445
5.151515151515151	0.7070707070707071	0.009522959280131131
5.151515151515151	0.8080808080808081	0.01235748878941082
5.151515151515151	0.9090909090909091	0.015525971219961377
5.151515151515151	1.0101010101010102	0.01901321410137009
5.151515151515151	1.1111111111111112	0.02280294394272518
5.151515151515151	1.2121212121212122	0.02687799906071954
5.151515151515151	1.3131313131313131	0.031220523397888805
5.151515151515151	1.4141414141414141	0.0358121574743271
5.151515151515151	1.5151515151515151	0.0406342229729096
5.151515151515151	1.6161616161616161	0.045667897905541426
5.151515151515151	1.7171717171717171	0.050894379821974645
5.151515151515151	1.8181818181818181	0.056295035072875435
5.151515151515151	1.9191919191919191	0.06185153270100599
5.151515151515151	2.0202020202020203	0.06754596208561121
5.151515151515151	2.121212121212121	0.07336093397669695
5.151515151515151	2.2222222222222223	0.07927966502270363
5.151515151515151	2.323232323232323	0.08528604628916396
5.151515151515151	2.4242424242424243	0.09136469659502586
5.151515151515151	2.525252525252525	0.09750100174308095
5.151515151515151	2.6262626262626263	0.10368114089826824
5.151515151515151	2.727272727272727	0.10989210147676914
5.151515151515151	2.8282828282828283	0.11493941432388538
5.151515151515151	2.9292929292929295	0.11043530884724258
5.151515151515151	3.0303030303030303	0.10621490269140614
5.151515151515151	3.1313131313131315	0.1022832690854782
5.151515151515151	3.2323232323232323	0.09864285009803597
5.151515151515151	3.3333333333333335	0.09529371023841794
5.151515151515151	3.4343434343434343	0.09223379093943558
5.151515151515151	3.5353535353535355	0.08945916129579468
5.151515151515151	3.6363636363636362	0.08696426133584007
5.151515151515151	3.7373737373737375	0.08474213490818283
5.151515151515151	3.8383838383838382	0.0827846499776257
5.151515151515151	3.9393939393939394	0.08108270474180873
5.151515151515151	4.040404040404041	0.07962641851668521
5.151515151515151	4.141414141414141	0.07840530679041444
5.151515151515151	4.242424242424242	0.07740844022884025
5.151515151515151	4.343434343434343	0.07662458772872852
5.151515151515151	4.444444444444445	0.07604234387195791
5.151515151515151	4.545454545454546	0.07565024133535145
5.151515151515151	4.646464646464646	0.07543684896619217
5.151515151515151	4.747474747474747	0.0753908563481098
5.151515151515151	4.848484848484849	0.07550114576121365
5.151515151515151	4.94949494949495	0.07575685248838478
5.151515151515151	5.05050505050505	0.07614741444286031
5.151515151515151	5.151515151515151	0.07666261209430093
5.151515151515151	5.252525252525253	0.07729259965383314
5.151515151515151	5.353535353535354	0.07802792845015392
5.151515151515151	5.454545454545454	0.07885956338714901
5.151515151515151	5.555555555555555	0.0797788933257332
5.151515151515151	5.656565656565657	0.08077773617913718
5.151515151515151	5.757575757575758	0.08184833945095694
5.151515151515151	5.858585858585859	0.08298337688836392
5.151515151515151	5.959595959595959	0.08417594186146413
5.151515151515151	6.0606060606060606	0.08541953802042435
5.151515151515151	6.161616161616162	0.08670806772464221
5.151515151515151	6.262626262626263	0.08803581868407807
5.151515151515151	6.363636363636363	0.08939744919926917
5.151515151515151	6.4646464646464645	0.09078797233880105
5.151515151515151	6.565656565656566	0.0922027393487563
5.151515151515151	6.666666666666667	0.0936374225461385
5.151515151515151	6.767676767676767	0.09508799791351026
5.151515151515151	6.8686868686868685	0.096550727579048
5.151515151515151	6.96969696969697	0.09802214233725515
5.151515151515151	7.070707070707071	0.0994990243457822
5.151515151515151	7.171717171717172	0.1009783901113805
5.151515151515151	7.2727272727272725	0.1024574738695758
5.151515151515151	7.373737373737374	0.10071393780599783
5.151515151515151	7.474747474747475	0.09741025061801456
5.151515151515151	7.575757575757576	0.094216138416969
5.151515151515151	7.6767676767676765	0.09112899196182668
5.151515151515151	7.777777777777778	0.08814611362368305
5.151515151515151	7.878787878787879	0.08526474129413605
5.151515151515151	7.97979797979798	0.08248206940056732
5.151515151515151	8.080808080808081	0.07979526729319776
5.151515151515151	8.181818181818182	0.07720149525197643
5.151515151515151	8.282828282828282	0.07469791834769576
5.151515151515151	8.383838383838384	0.0722817183725247
5.151515151515151	8.484848484848484	0.06995010404241
5.151515151515151	8.585858585858587	0.06770031965468601
5.151515151515151	8.686868686868687	0.06552965236999353
5.151515151515151	8.787878787878787	0.06343543827226639
5.151515151515151	8.88888888888889	0.061415067346405054
5.151515151515151	8.98989898989899	0.05946598750108787
5.151515151515151	9.090909090909092	0.057585707749794365
5.151515151515151	9.191919191919192	0.05577180065503113
5.151515151515151	9.292929292929292	0.05402190412514339
5.151515151515151	9.393939393939394	0.05233372264978629
5.151515151515151	9.494949494949495	0.05070502804634317
5.151515151515151	9.595959595959595	0.04913365978441021
5.151515151515151	9.696969696969697	0.04761752494615318
5.151515151515151	9.797979797979798	0.04615459787628723
5.151515151515151	9.8989898989899	0.04474291956789414
5.151515151515151	10.0	0.043380596823391744
5.252525252525253	0.0	0.0
5.252525252525253	0.10101010101010101	0.0001907527831220142
5.252525252525253	0.20202020202020202	0.000762033638675233
5.252525252525253	0.30303030303030304	0.001710923633080774
5.252525252525253	0.40404040404040403	0.0030326026890759826
5.252525252525253	0.5050505050505051	0.00472041559489983
5.252525252525253	0.6060606060606061	0.006765962046410277
5.252525252525253	0.7070707070707071	0.00915920845955306
5.252525252525253	0.8080808080808081	0.011888618788611643
5.252525252525253	0.9090909090909091	0.014941301191214215
5.252525252525253	1.0101010101010102	0.01830316709395343
5.252525252525253	1.1111111111111112	0.021959099050811528
5.252525252525253	1.2121212121212122	0.025893123747950678
5.252525252525253	1.3131313131313131	0.03008858658614086
5.252525252525253	1.4141414141414141	0.03452832446366495
5.252525252525253	1.5151515151515151	0.03919483366726893
5.252525252525253	1.6161616161616161	0.04407043014355372
5.252525252525253	1.7171717171717171	0.04913739984614969
5.252525252525253	1.8181818181818181	0.054378137311508805
5.252525252525253	1.9191919191919191	0.05977527109191466
5.252525252525253	2.0202020202020203	0.06531177513889809
5.252525252525253	2.121212121212121	0.07097106567850363
5.252525252525253	2.2222222222222223	0.07673708351996267
5.252525252525253	2.323232323232323	0.08259436209828835
5.252525252525253	2.4242424242424243	0.08852808184529347
5.252525252525253	2.525252525252525	0.09452411172408343
5.252525252525253	2.6262626262626263	0.10056903893046457
5.252525252525253	2.727272727272727	0.10665018789037228
5.252525252525253	2.8282828282828283	0.11275562973776365
5.252525252525253	2.9292929292929295	0.11282571834225032
5.252525252525253	3.0303030303030303	0.10852128343520487
5.252525252525253	3.1313131313131315	0.1044924280180283
5.252525252525253	3.2323232323232323	0.10074292797050924
5.252525252525253	3.3333333333333335	0.09727421092037744
5.252525252525253	3.4343434343434343	0.09408558742082514
5.252525252525253	3.5353535353535355	0.09117448139868241
5.252525252525253	3.6363636363636362	0.08853665610437535
5.252525252525253	3.7373737373737375	0.086166432539168
5.252525252525253	3.8383838383838382	0.08405689799894511
5.252525252525253	3.9393939393939394	0.08220010296133333
5.252525252525253	4.040404040404041	0.08058724505170362
5.252525252525253	4.141414141414141	0.07920883926771892
5.252525252525253	4.242424242424242	0.07805487401380634
5.252525252525253	4.343434343434343	0.07711495281476304
5.252525252525253	4.444444444444445	0.07637842183762726
5.252525252525253	4.545454545454546	0.07583448356186723
5.252525252525253	4.646464646464646	0.07547229710649904
5.252525252525253	4.747474747474747	0.0752810658511362
5.252525252525253	4.848484848484849	0.07525011308232041
5.252525252525253	4.94949494949495	0.07536894646218262
5.252525252525253	5.05050505050505	0.07562731215701639
5.252525252525253	5.151515151515151	0.07601523948016024
5.252525252525253	5.252525252525253	0.07652307690623085
5.252525252525253	5.353535353535354	0.07714152029855817
5.252525252525253	5.454545454545454	0.07786163416654253
5.252525252525253	5.555555555555555	0.07867486673496486
5.252525252525253	5.656565656565657	0.0795730595647071
5.252525252525253	5.757575757575758	0.08054845242035928
5.252525252525253	5.858585858585859	0.08159368402703007
5.252525252525253	5.959595959595959	0.08270178931076995
5.252525252525253	6.0606060606060606	0.08386619366323617
5.252525252525253	6.161616161616162	0.0850807047204964
5.252525252525253	6.262626262626263	0.08633950209721024
5.252525252525253	6.363636363636363	0.08763712546702987
5.252525252525253	6.4646464646464645	0.08896846133821507
5.252525252525253	6.565656565656566	0.09032872882665122
5.252525252525253	6.666666666666667	0.09171346469408015
5.252525252525253	6.767676767676767	0.09311850787847209
5.252525252525253	6.8686868686868685	0.09453998371396709
5.252525252525253	6.96969696969697	0.09597428800789973
5.252525252525253	7.070707070707071	0.09741807111662586
5.252525252525253	7.171717171717172	0.09886822214090651
5.252525252525253	7.2727272727272725	0.10032185334376852
5.252525252525253	7.373737373737374	0.10177628488115191
5.252525252525253	7.474747474747475	0.10212367554839724
5.252525252525253	7.575757575757576	0.09883573722295634
5.252525252525253	7.6767676767676765	0.09565435633011288
5.252525252525253	7.777777777777778	0.09257711158250544
5.252525252525253	7.878787878787879	0.08960148893632465
5.252525252525253	7.97979797979798	0.08672490462546965
5.252525252525253	8.080808080808081	0.08394472549867965
5.252525252525253	8.181818181818182	0.08125828689786384
5.252525252525253	8.282828282828282	0.07866290830121872
5.252525252525253	8.383838383838384	0.0761559069433565
5.252525252525253	8.484848484848484	0.07373460960990928
5.252525252525253	8.585858585858587	0.07139636279000046
5.252525252525253	8.686868686868687	0.06913854135680436
5.252525252525253	8.787878787878787	0.06695855593157307
5.252525252525253	8.88888888888889	0.06485385907359462
5.252525252525253	8.98989898989899	0.06282195042668677
5.252525252525253	9.090909090909092	0.060860380940670034
5.252525252525253	9.191919191919192	0.058966756274091404
5.252525252525253	9.292929292929292	0.05713873947628377
5.252525252525253	9.393939393939394	0.055374053034881555
5.252525252525253	9.494949494949495	0.0536704803688028
5.252525252525253	9.595959595959595	0.05202586683602218
5.252525252525253	9.696969696969697	0.05043812032006234
5.252525252525253	9.797979797979798	0.048905211450772486
5.252525252525253	9.8989898989899	0.04742517351202801
5.252525252525253	10.0	0.045996102077582306
5.353535353535354	0.0	0.0
5.353535353535354	0.10101010101010101	0.0001834488151168212
5.353535353535354	0.20202020202020202	0.0007328937287567392
5.353535353535354	0.30303030303030304	0.0016456421351941665
5.353535353535354	0.40404040404040403	0.0029172460275193987
5.353535353535354	0.5050505050505051	0.004541560468454904
5.353535353535354	0.6060606060606061	0.0065108234269543675
5.353535353535354	0.7070707070707071	0.00881575504255429
5.353535353535354	0.8080808080808081	0.011445673953654891
5.353535353535354	0.9090909090909091	0.014388627975007276
5.353535353535354	1.0101010101010102	0.017631536163250767
5.353535353535354	1.1111111111111112	0.021160339153144175
5.353535353535354	1.2121212121212122	0.02496015460626709
5.353535353535354	1.3131313131313131	0.029015434661461614
5.353535353535354	1.4141414141414141	0.03331012242688985
5.353535353535354	1.5151515151515151	0.03782780477912897
5.353535353535354	1.6161616161616161	0.0425518590332632
5.353535353535354	1.7171717171717171	0.04746559139512461
5.353535353535354	1.8181818181818181	0.05255236549061515
5.353535353535354	1.9191919191919191	0.05779571966396813
5.353535353535354	2.0202020202020203	0.06317947213751164
5.353535353535354	2.121212121212121	0.06868781350576565
5.353535353535354	2.2222222222222223	0.07430538639246533
5.353535353535354	2.323232323232323	0.08001735241120549
5.353535353535354	2.4242424242424243	0.08580944684409275
5.353535353535354	2.525252525252525	0.0916680216676202
5.353535353535354	2.6262626262626263	0.09758007772737946
5.353535353535354	2.727272727272727	0.10353328698207828
5.353535353535354	2.8282828282828283	0.10951600581230607
5.353535353535354	2.9292929292929295	0.1152170245329886
5.353535353535354	3.0303030303030303	0.11083962635253188
5.353535353535354	3.1313131313131315	0.10672460700698387
5.353535353535354	3.2323232323232323	0.1028769510741967
5.353535353535354	3.3333333333333335	0.09929933613580248
5.353535353535354	3.4343434343434343	0.09599234145530902
5.353535353535354	3.5353535353535355	0.09295465855050584
5.353535353535354	3.6363636363636362	0.0901832998969314
5.353535353535354	3.7373737373737375	0.0876738026822705
5.353535353535354	3.8383838383838382	0.0854204251470589
5.353535353535354	3.9393939393939394	0.08341633359779987
5.353535353535354	4.040404040404041	0.08165377866424318
5.353535353535354	4.141414141414141	0.08012425979434538
5.353535353535354	4.242424242424242	0.07881867734853627
5.353535353535354	4.343434343434343	0.0777274719622315
5.353535353535354	4.444444444444445	0.07684075111196007
5.353535353535354	4.545454545454546	0.07614840303218726
5.353535353535354	4.646464646464646	0.0756401983094187
5.353535353535354	4.747474747474747	0.07530587961769096
5.353535353535354	4.848484848484849	0.07513524016661505
5.353535353535354	4.94949494949495	0.07511819151258542
5.353535353535354	5.05050505050505	0.07524482143709156
5.353535353535354	5.151515151515151	0.07550544262966785
5.353535353535354	5.252525252525253	0.07589063292750026
5.353535353535354	5.353535353535354	0.07639126786362976
5.353535353535354	5.454545454545454	0.07699854626442779
5.353535353535354	5.555555555555555	0.07770400961255317
5.353535353535354	5.656565656565657	0.07849955586472554
5.353535353535354	5.757575757575758	0.07937744837481228
5.353535353535354	5.858585858585859	0.08033032053474345
5.353535353535354	5.959595959595959	0.08135117670209001
5.353535353535354	6.0606060606060606	0.08243338993989632
5.353535353535354	6.161616161616162	0.08357069704784637
5.353535353535354	6.262626262626263	0.08475719132164503
5.353535353535354	6.363636363636363	0.0859873134333013
5.353535353535354	6.4646464646464645	0.08725584078260597
5.353535353535354	6.565656565656566	0.08855787563216566
5.353535353535354	6.666666666666667	0.08988883229964834
5.353535353535354	6.767676767676767	0.09124442364703214
5.353535353535354	6.8686868686868685	0.09262064707487401
5.353535353535354	6.96969696969697	0.09401377019980725
5.353535353535354	7.070707070707071	0.0954203163682854
5.353535353535354	7.171717171717172	0.09683705013616335
5.353535353535354	7.2727272727272725	0.09826096282375048
5.353535353535354	7.373737373737374	0.09968925823952039
5.353535353535354	7.474747474747475	0.10111933865259858
5.353535353535354	7.575757575757576	0.10254879108391529
5.353535353535354	7.6767676767676765	0.10022866408683188
5.353535353535354	7.777777777777778	0.09706080385384637
5.353535353535354	7.878787878787879	0.09399432505936119
5.353535353535354	7.97979797979798	0.09102688603926758
5.353535353535354	8.080808080808081	0.08815607097028509
5.353535353535354	8.181818181818182	0.08537940952236535
5.353535353535354	8.282828282828282	0.0826943942109935
5.353535353535354	8.383838383838384	0.08009849565204799
5.353535353535354	8.484848484848484	0.0775891759117676
5.353535353535354	8.585858585858587	0.07516390013037043
5.353535353535354	8.686868686868687	0.07282014658895296
5.353535353535354	8.787878787878787	0.0705554153750293
5.353535353535354	8.88888888888889	0.06836723578833256
5.353535353535354	8.98989898989899	0.06625317262291341
5.353535353535354	9.090909090909092	0.064210831444106
5.353535353535354	9.191919191919192	0.06223786296982124
5.353535353535354	9.292929292929292	0.06033196665896304
5.353535353535354	9.393939393939394	0.05849089359677848
5.353535353535354	9.494949494949495	0.056712448759772015
5.353535353535354	9.595959595959595	0.05499449273375442
5.353535353535354	9.696969696969697	0.053334942953347286
5.353535353535354	9.797979797979798	0.051731774523178536
5.353535353535354	9.8989898989899	0.05018302067268477
5.353535353535354	10.0	0.04868677289578925
5.454545454545454	0.0	0.0
5.454545454545454	0.10101010101010101	0.00017655684069692467
5.454545454545454	0.20202020202020202	0.0007053945806539674
5.454545454545454	0.30303030303030304	0.001584025508131131
5.454545454545454	0.40404040404040403	0.002808338630394122
5.454545454545454	0.5050505050505051	0.004372651581121222
5.454545454545454	0.6060606060606061	0.006269781558489519
5.454545454545454	0.7070707070707071	0.008491133633840792
5.454545454545454	0.8080808080808081	0.011026804401042279
5.454545454545454	0.9090909090909091	0.013865698632564493
5.454545454545454	1.0101010101010102	0.016995656387167834
5.454545454545454	1.1111111111111112	0.020403587874585585
5.454545454545454	1.2121212121212122	0.024075613332416222
5.454545454545454	1.3131313131313131	0.02799720520264735
5.454545454545454	1.4141414141414141	0.032153330006899725
5.454545454545454	1.5151515151515151	0.036528587502947456
5.454545454545454	1.6161616161616161	0.0411073449457824
5.454545454545454	1.7171717171717171	0.04587386456406558
5.454545454545454	1.8181818181818181	0.05081242268279934
5.454545454545454	1.9191919191919191	0.05590741925756253
5.454545454545454	2.0202020202020203	0.06114347692661992
5.454545454545454	2.121212121212121	0.06650552901620135
5.454545454545454	2.2222222222222223	0.07197889624084215
5.454545454545454	2.323232323232323	0.07754935212286597
5.454545454545454	2.4242424242424243	0.08320317739342535
5.454545454545454	2.525252525252525	0.08892720384502403
5.454545454545454	2.6262626262626263	0.09470884826043532
5.454545454545454	2.727272727272727	0.10053613716692039
5.454545454545454	2.8282828282828283	0.10639772324371859
5.454545454545454	2.9292929292929295	0.11228289425335998
5.454545454545454	3.0303030303030303	0.11316294539152505
5.454545454545454	3.1313131313131315	0.10897224074682206
5.454545454545454	3.2323232323232323	0.10503685516381892
5.454545454545454	3.3333333333333335	0.10136060612519644
5.454545454545454	3.4343434343434343	0.09794524252402746
5.454545454545454	3.5353535353535355	0.09479063594787018
5.454545454545454	3.6363636363636362	0.09189497240084671
5.454545454545454	3.7373737373737375	0.08925494137133254
5.454545454545454	3.8383838383838382	0.08686591971929815
5.454545454545454	3.9393939393939394	0.08472214837210185
5.454545454545454	4.040404040404041	0.08281690027189585
5.454545454545454	4.141414141414141	0.08114263842360601
5.454545454545454	4.242424242424242	0.07969116324262131
5.454545454545454	4.343434343434343	0.07845374870598243
5.454545454545454	4.444444444444445	0.07742126707008813
5.454545454545454	4.545454545454546	0.07658430213542816
5.454545454545454	4.646464646464646	0.07593325121922262
5.454545454545454	4.747474747474747	0.07545841614411498
5.454545454545454	4.848484848484849	0.07515008366625439
5.454545454545454	4.94949494949495	0.07499859585609626
5.454545454545454	5.05050505050505	0.07499441101020211
5.454545454545454	5.151515151515151	0.07512815571808243
5.454545454545454	5.252525252525253	0.07539066873413447
5.454545454545454	5.353535353535354	0.07577303731819077
5.454545454545454	5.454545454545454	0.07626662670638683
5.454545454545454	5.555555555555555	0.07686310336440716
5.454545454545454	5.656565656565657	0.07755445265430883
5.454545454545454	5.757575757575758	0.07833299152175703
5.454545454545454	5.858585858585859	0.07919137677860734
5.454545454545454	5.959595959595959	0.08012260952160057
5.454545454545454	6.0606060606060606	0.08112003619076899
5.454545454545454	6.161616161616162	0.08217734673363795
5.454545454545454	6.262626262626263	0.08328857030172575
5.454545454545454	6.363636363636363	0.08444806886754129
5.454545454545454	6.4646464646464645	0.0856505291139515
5.454545454545454	6.565656565656566	0.08689095290914867
5.454545454545454	6.666666666666667	0.08816464664820028
5.454545454545454	6.767676767676767	0.08946720970803314
5.454545454545454	6.8686868686868685	0.09079452223244787
5.454545454545454	6.96969696969697	0.09214273243657475
5.454545454545454	7.070707070707071	0.09350824359275202
5.454545454545454	7.171717171717172	0.09488770083765244
5.454545454545454	7.2727272727272725	0.09627797791950447
5.454545454545454	7.373737373737374	0.0976761639861189
5.454545454545454	7.474747474747475	0.0990795504972156
5.454545454545454	7.575757575757576	0.10048561833518609
5.454545454545454	7.6767676767676765	0.101892025174981
5.454545454545454	7.777777777777778	0.10158989437276082
5.454545454545454	7.878787878787879	0.09843626716538562
5.454545454545454	7.97979797979798	0.09538134114705639
5.454545454545454	8.080808080808081	0.0924229364788627
5.454545454545454	8.181818181818182	0.08955879544822906
5.454545454545454	8.282828282828282	0.08678660143385038
5.454545454545454	8.383838383838384	0.08410399572168231
5.454545454545454	8.484848484848484	0.08150859235284855
5.454545454545454	8.585858585858587	0.07899799117942313
5.454545454545454	8.686868686868687	0.0765697892893955
5.454545454545454	8.787878787878787	0.07422159095681324
5.454545454545454	8.88888888888889	0.07195101625825723
5.454545454545454	8.98989898989899	0.0697557084889388
5.454545454545454	9.090909090909092	0.06763334050097207
5.454545454545454	9.191919191919192	0.06558162007555746
5.454545454545454	9.292929292929292	0.06359829443265
5.454545454545454	9.393939393939394	0.061681153971057674
5.454545454545454	9.494949494949495	0.05982803532585672
5.454545454545454	9.595959595959595	0.05803682381916238
5.454545454545454	9.696969696969697	0.056305455375611914
5.454545454545454	9.797979797979798	0.054631917966500465
5.454545454545454	9.8989898989899	0.05301425263811865
5.454545454545454	10.0	0.05145055417778569
5.555555555555555	0.0	0.0
5.555555555555555	0.10101010101010101	0.0001700465302327188
5.555555555555555	0.20202020202020202	0.0006794156770976235
5.555555555555555	0.30303030303030304	0.0015258055617479707
5.555555555555555	0.40404040404040403	0.0027054110094745618
5.555555555555555	0.5050505050505051	0.004212969727496494
5.555555555555555	0.6060606060606061	0.006041825467546814
5.555555555555555	0.7070707070707071	0.00818400674694361
5.555555555555555	0.8080808080808081	0.010630319380915739
5.555555555555555	0.9090909090909091	0.013370450814793128
5.555555555555555	1.0101010101010102	0.016393084047499847
5.555555555555555	1.1111111111111112	0.019686018810655667
5.555555555555555	1.2121212121212122	0.02323629761509513
5.555555555555555	1.3131313131313131	0.027030334293291082
5.555555555555555	1.4141414141414141	0.031054042752024034
5.555555555555555	1.5151515151515151	0.035292963794048275
5.555555555555555	1.6161616161616161	0.03973238806573791
5.555555555555555	1.7171717171717171	0.04435747342278349
5.555555555555555	1.8181818181818181	0.049153355275456084
5.555555555555555	1.9191919191919191	0.05410524875482113
5.555555555555555	2.0202020202020203	0.059198541834885945
5.555555555555555	2.121212121212121	0.06441887882358865
5.555555555555555	2.2222222222222223	0.06975223390999186
5.555555555555555	2.323232323232323	0.07518497469638724
5.555555555555555	2.4242424242424243	0.08070391586395842
5.555555555555555	2.525252525252525	0.08629636330587488
5.555555555555555	2.6262626262626263	0.09195014921126
5.555555555555555	2.727272727272727	0.09765365870034472
5.555555555555555	2.8282828282828283	0.10339584869496096
5.555555555555555	2.9292929292929295	0.1091662597588657
5.555555555555555	3.0303030303030303	0.11495502166960983
5.555555555555555	3.1313131313131315	0.11122851377447338
5.555555555555555	3.2323232323232323	0.10721531382304475
5.555555555555555	3.3333333333333335	0.10345025792273714
5.555555555555555	3.4343434343434343	0.09993616773377237
5.555555555555555	3.5353535353535355	0.09667400809286895
5.555555555555555	3.6363636363636362	0.09366306217352655
5.555555555555555	3.7373737373737375	0.09090110601930461
5.555555555555555	3.8383838383838382	0.08838457990171998
5.555555555555555	3.9393939393939394	0.08610875442762685
5.555555555555555	4.040404040404041	0.08406788974786907
5.555555555555555	4.141414141414141	0.0822553866017649
5.555555555555555	4.242424242424242	0.08066392826655952
5.555555555555555	4.343434343434343	0.07928561277566173
5.555555555555555	4.444444444444445	0.07811207502352338
5.555555555555555	4.545454545454546	0.07713459858962149
5.555555555555555	4.646464646464646	0.07634421729866023
5.555555555555555	4.747474747474747	0.07573180668233102
5.555555555555555	4.848484848484849	0.07528816563265714
5.555555555555555	4.94949494949495	0.07500408863273442
5.555555555555555	5.05050505050505	0.07487042902529936
5.555555555555555	5.151515151515151	0.0748781538361297
5.555555555555555	5.252525252525253	0.07501839070349682
5.555555555555555	5.353535353535354	0.0752824674909272
5.555555555555555	5.454545454545454	0.0756619451672926
5.555555555555555	5.555555555555555	0.07614864453953894
5.555555555555555	5.656565656565657	0.07673466741242825
5.555555555555555	5.757575757575758	0.07741241273323411
5.555555555555555	5.858585858585859	0.07817458825681464
5.555555555555555	5.959595959595959	0.0790142182396555
5.555555555555555	6.0606060606060606	0.07992464764216178
5.555555555555555	6.161616161616162	0.080899543284596
5.555555555555555	6.262626262626263	0.08193289237315268
5.555555555555555	6.363636363636363	0.08301899877328847
5.555555555555555	6.4646464646464645	0.08415247737891492
5.555555555555555	6.565656565656566	0.08532824689079092
5.555555555555555	6.666666666666667	0.08654152128677606
5.555555555555555	6.767676767676767	0.0877878002352079
5.555555555555555	6.8686868686868685	0.08906285867539779
5.555555555555555	6.96969696969697	0.09036273576118135
5.555555555555555	7.070707070707071	0.09168372333943643
5.555555555555555	7.171717171717172	0.09302235411177161
5.555555555555555	7.2727272727272725	0.09437538960703307
5.555555555555555	7.373737373737374	0.09573980807424311
5.555555555555555	7.474747474747475	0.09711279238719714
5.555555555555555	7.575757575757576	0.09849171803939037
5.555555555555555	7.6767676767676765	0.09987414129541554
5.555555555555555	7.777777777777778	0.10125778755268579
5.555555555555555	7.878787878787879	0.10264053996542172
5.555555555555555	7.97979797979798	0.09978152441260786
5.555555555555555	8.080808080808081	0.09673886610272876
5.555555555555555	8.181818181818182	0.09379027455230904
5.555555555555555	8.282828282828282	0.09093364087004634
5.555555555555555	8.383838383838384	0.08816679350272519
5.555555555555555	8.484848484848484	0.08548751450794409
5.555555555555555	8.585858585858587	0.0828935539825146
5.555555555555555	8.686868686868687	0.08038264280503137
5.555555555555555	8.787878787878787	0.07795250383923945
5.555555555555555	8.88888888888889	0.07560086174057348
5.555555555555555	8.98989898989899	0.07332545149730962
5.555555555555555	9.090909090909092	0.07112402582532021
5.555555555555555	9.191919191919192	0.06899436153346772
5.555555555555555	9.292929292929292	0.06693426496150087
5.555555555555555	9.393939393939394	0.06494157658607569
5.555555555555555	9.494949494949495	0.06301417488478339
5.555555555555555	9.595959595959595	0.061149979535994506
5.555555555555555	9.696969696969697	0.05934695402866907
5.555555555555555	9.797979797979798	0.05760310774880944
5.555555555555555	9.8989898989899	0.05591649760156847
5.555555555555555	10.0	0.0542852292253887
5.656565656565657	0.0	0.0
5.656565656565657	0.10101010101010101	0.00016389027811225548
5.656565656565657	0.20202020202020202	0.0006548472953855798
5.656565656565657	0.30303030303030304	0.0014707380201474849
5.656565656565657	0.40404040404040403	0.002608035276855535
5.656565656565657	0.5050505050505051	0.004061858911878016
5.656565656565657	0.6060606060606061	0.005826032145693058
5.656565656565657	0.7070707070707071	0.007893151885345987
5.656565656565657	0.8080808080808081	0.01025467148885741
5.656565656565657	0.9090909090909091	0.012900994244236392
5.656565656565657	1.0101010101010102	0.0158215756502382
5.656565656565657	1.1111111111111112	0.01900503246959967
5.656565656565657	1.2121212121212122	0.022439256473853128
5.656565656565657	1.3131313131313131	0.02611153080221057
5.656565656565657	1.4141414141414141	0.03000864692319204
5.656565656565657	1.5151515151515151	0.03411702030221235
5.656565656565657	1.6161616161616161	0.03842280303814152
5.656565656565657	1.7171717171717171	0.042911991928390875
5.656565656565657	1.8181818181818181	0.047570530645392066
5.656565656565657	1.9191919191919191	0.0523844049448291
5.656565656565657	2.0202020202020203	0.05733973007406351
5.656565656565657	2.121212121212121	0.06242282979285059
5.656565656565657	2.2222222222222223	0.0676203066500104
5.656565656565657	2.323232323232323	0.07291910338094172
5.656565656565657	2.4242424242424243	0.0783065554797764
5.656565656565657	2.525252525252525	0.0837704351739179
5.656565656565657	2.6262626262626263	0.08929898716362032
5.656565656565657	2.727272727272727	0.09488095660526166
5.656565656565657	2.8282828282828283	0.10050560989646751
5.656565656565657	2.9292929292929295	0.10616274888074176
5.656565656565657	3.0303030303030303	0.1118427191189064
5.656565656565657	3.1313131313131315	0.1134873087389123
5.656565656565657	3.2323232323232323	0.1094056933944994
5.656565656565657	3.3333333333333335	0.10556120744005396
5.656565656565657	3.4343434343434343	0.10195765136703365
5.656565656565657	3.5353535353535355	0.09859699795289334
5.656565656565657	3.6363636363636362	0.09547955139930706
5.656565656565657	3.7373737373737375	0.09260410762161632
5.656565656565657	3.8383838383838382	0.08996811314622324
5.656565656565657	3.9393939393939394	0.08756782050949742
5.656565656565657	4.040404040404041	0.08539843844824233
5.656565656565657	4.141414141414141	0.08345427553073242
5.656565656565657	4.242424242424242	0.081728876195162
5.656565656565657	4.343434343434343	0.08021514844404995
5.656565656565657	4.444444444444445	0.07890548269015783
5.656565656565657	4.545454545454546	0.07779186145987599
5.656565656565657	4.646464646464646	0.07686595984338103
5.656565656565657	4.747474747474747	0.07611923673206414
5.656565656565657	4.848484848484849	0.07554301701065312
5.656565656565657	4.94949494949495	0.07512856497492133
5.656565656565657	5.05050505050505	0.07486714932588649
5.656565656565657	5.151515151515151	0.07475010015516961
5.656565656565657	5.252525252525253	0.07476885838218149
5.656565656565657	5.353535353535354	0.07491501813345354
5.656565656565657	5.454545454545454	0.07518036257558801
5.656565656565657	5.555555555555555	0.07555689371774595
5.656565656565657	5.656565656565657	0.07603685670338689
5.656565656565657	5.757575757575758	0.07661275909657968
5.656565656565657	5.858585858585859	0.07727738565815154
5.656565656565657	5.959595959595959	0.0780238090851125
5.656565656565657	6.0606060606060606	0.07884539716370785
5.656565656565657	6.161616161616162	0.07973581676169274
5.656565656565657	6.262626262626263	0.08068903505610137
5.656565656565657	6.363636363636363	0.08169931836576226
5.656565656565657	6.4646464646464645	0.08276122892656532
5.656565656565657	6.565656565656566	0.08386961992073325
5.656565656565657	6.666666666666667	0.0850196290405014
5.656565656565657	6.767676767676767	0.0862066708402988
5.656565656565657	6.8686868686868685	0.08742642810421934
5.656565656565657	6.96969696969697	0.08867484243151101
5.656565656565657	7.070707070707071	0.08994810421650558
5.656565656565657	7.171717171717172	0.09124264218141279
5.656565656565657	7.2727272727272725	0.09255511259512852
5.656565656565657	7.373737373737374	0.0938823882975565
5.656565656565657	7.474747474747475	0.0952215476274264
5.656565656565657	7.575757575757576	0.09656986334074033
5.656565656565657	7.6767676767676765	0.0979247915892977
5.656565656565657	7.777777777777778	0.0992839610222964
5.656565656565657	7.878787878787879	0.10064516205993378
5.656565656565657	7.97979797979798	0.10200633638327163
5.656565656565657	8.080808080808081	0.10109734380459272
5.656565656565657	8.181818181818182	0.09806760141125474
5.656565656565657	8.282828282828282	0.09512953470793077
5.656565656565657	8.383838383838384	0.09228117485465742
5.656565656565657	8.484848484848484	0.08952048717937058
5.656565656565657	8.585858585858587	0.08684538690510847
5.656565656565657	8.686868686868687	0.0842537531513331
5.656565656565657	8.787878787878787	0.08174344134675195
5.656565656565657	8.88888888888889	0.07931229419435717
5.656565656565657	8.98989898989899	0.076958151312844
5.656565656565657	9.090909090909092	0.07467885767658092
5.656565656565657	9.191919191919192	0.07247227096579377
5.656565656565657	9.292929292929292	0.07033626793166808
5.656565656565657	9.393939393939394	0.06826874987224879
5.656565656565657	9.494949494949495	0.06626764731072814
5.656565656565657	9.595959595959595	0.06433092395419053
5.656565656565657	9.696969696969697	0.06245658001178284
5.656565656565657	9.797979797979798	0.06064265493815227
5.656565656565657	9.8989898989899	0.05888722966640725
5.656565656565657	10.0	0.05718842838651606
5.757575757575758	0.0	0.0
5.757575757575758	0.10101010101010101	0.00015806291677575784
5.757575757575758	0.20202020202020202	0.00063158937830159
5.757575757575758	0.30303030303030304	0.0014186000329454165
5.757575757575758	0.40404040404040403	0.0025158208485683013
5.757575757575758	0.5050505050505051	0.003918719882853158
5.757575757575758	0.6060606060606061	0.005621557658916553
5.757575757575758	0.7070707070707071	0.007617450086659361
5.757575757575758	0.8080808080808081	0.009898442627206032
5.757575757575758	0.9090909090909091	0.012455594195600992
5.757575757575758	1.0101010101010102	0.01527906914068496
5.757575757575758	1.1111111111111112	0.01835823553765672
5.757575757575758	1.2121212121212122	0.02168176797438144
5.757575757575758	1.3131313131313131	0.025237753010830363
5.757575757575758	1.4141414141414141	0.02901379553811155
5.757575757575758	1.5151515151515151	0.03299712435483658
5.757575757575758	1.6161616161616161	0.03717469540940604
5.757575757575758	1.7171717171717171	0.041533291318380426
5.757575757575758	1.8181818181818181	0.04605961595722772
5.757575757575758	1.9191919191919191	0.050740383122106214
5.757575757575758	2.0202020202020203	0.05556239847105346
5.757575757575758	2.121212121212121	0.06051263416328285
5.757575757575758	2.2222222222222223	0.06557829581734954
5.757575757575758	2.323232323232323	0.07074688160182256
5.757575757575758	2.4242424242424243	0.07600623344284477
5.757575757575758	2.525252525252525	0.08134458048726162
5.757575757575758	2.6262626262626263	0.08675057508815251
5.757575757575758	2.727272727272727	0.09221332168569553
5.757575757575758	2.8282828282828283	0.09772239903762175
5.757575757575758	2.9292929292929295	0.10326787631179349
5.757575757575758	3.0303030303030303	0.10884032359021106
5.757575757575758	3.1313131313131315	0.11443081735599393
5.757575757575758	3.2323232323232323	0.11160200796175264
5.757575757575758	3.3333333333333335	0.10768701058159828
5.757575757575758	3.4343434343434343	0.10400285251117633
5.757575757575758	3.5353535353535355	0.10055243133009786
5.757575757575758	3.6363636363636362	0.09733699708321208
5.757575757575758	3.7373737373737375	0.09435629872623888
5.757575757575758	3.8383838383838382	0.09160873075341783
5.757575757575758	3.9393939393939394	0.08909147789584983
5.757575757575758	4.040404040404041	0.08680065614489432
5.757575757575758	4.141414141414141	0.08473144868946829
5.757575757575758	4.242424242424242	0.08287823565585953
5.757575757575758	4.343434343434343	0.08123471680720677
5.757575757575758	4.444444444444445	0.07979402659549384
5.757575757575758	4.545454545454546	0.07854884116560287
5.757575757575758	4.646464646464646	0.0774914770900452
5.757575757575758	4.747474747474747	0.07661398176403028
5.757575757575758	4.848484848484849	0.0759082155207098
5.757575757575758	4.94949494949495	0.07536592563043056
5.757575757575758	5.05050505050505	0.0749788124370742
5.757575757575758	5.151515151515151	0.07473858795044754
5.757575757575758	5.252525252525253	0.07463702726820808
5.757575757575758	5.353535353535354	0.07466601323836122
5.757575757575758	5.454545454545454	0.07481757479924121
5.757575757575758	5.555555555555555	0.07508391945107484
5.757575757575758	5.656565656565657	0.07545746031718424
5.757575757575758	5.757575757575758	0.07593083825292811
5.757575757575758	5.858585858585859	0.07649693945393782
5.757575757575758	5.959595959595959	0.07714890899935445
5.757575757575758	6.0606060606060606	0.07788016075133102
5.757575757575758	6.161616161616162	0.07868438401110284
5.757575757575758	6.262626262626263	0.07955554730816705
5.757575757575758	6.363636363636363	0.08048789967807525
5.757575757575758	6.4646464646464645	0.08147596975538184
5.757575757575758	6.565656565656566	0.08251456298585885
5.757575757575758	6.666666666666667	0.08359875723550292
5.757575757575758	6.767676767676767	0.08472389704850607
5.757575757575758	6.8686868686868685	0.08588558678286055
5.757575757575758	6.96969696969697	0.08707968282821671
5.757575757575758	7.070707070707071	0.08830228508893094
5.757575757575758	7.171717171717172	0.08954972789408618
5.757575757575758	7.2727272727272725	0.09081857047650001
5.757575757575758	7.373737373737374	0.09210558714454802
5.757575757575758	7.474747474747475	0.09340775725536413
5.757575757575758	7.575757575757576	0.09472225507983378
5.757575757575758	7.6767676767676765	0.0960464396398037
5.757575757575758	7.777777777777778	0.09737784458240321
5.757575757575758	7.878787878787879	0.09871416814859571
5.757575757575758	7.97979797979798	0.10005326328175967
5.757575757575758	8.080808080808081	0.10139312791637607
5.757575757575758	8.181818181818182	0.10238448203530144
5.757575757575758	8.282828282828282	0.09936824186295026
5.757575757575758	8.383838383838384	0.09644134931390899
5.757575757575758	8.484848484848484	0.09360196732481818
5.757575757575758	8.585858585858587	0.09084819035328906
5.757575757575758	8.686868686868687	0.08817805956227137
5.757575757575758	8.787878787878787	0.0855895763867395
5.757575757575758	8.88888888888889	0.08308071460990409
5.757575757575758	8.98989898989899	0.0806494310723628
5.757575757575758	9.090909090909092	0.07829367513161549
5.757575757575758	9.191919191919192	0.07601139698109952
5.757575757575758	9.292929292929292	0.07380055493282446
5.757575757575758	9.393939393939394	0.07165912175990899
5.757575757575758	9.494949494949495	0.06958509018791625
5.757575757575758	9.595959595959595	0.06757647761950347
5.757575757575758	9.696969696969697	0.0656313301664262
5.757575757575758	9.797979797979798	0.06374772606156924
5.757575757575758	9.8989898989899	0.06192377851402378
5.757575757575758	10.0	0.06015763806602963
5.858585858585859	0.0	0.0
5.858585858585859	0.10101010101010101	0.0001525414649108241
5.858585858585859	0.20202020202020202	0.0006095505388950009
5.858585858585859	0.30303030303030304	0.0013691879807429211
5.858585858585859	0.40404040404040403	0.002428410649724293
5.858585858585859	0.5050505050505051	0.003783004414010238
5.858585858585859	0.6060606060606061	0.0054276292687591675
5.858585858585859	0.7070707070707071	0.0073558757488076006
5.858585858585859	0.8080808080808081	0.009560331505284412
5.858585858585859	0.9090909090909091	0.012032656742260202
5.858585858585859	1.0101010101010102	0.014763667067832128
5.858585858585859	1.1111111111111112	0.01774342222124727
5.858585858585859	1.2121212121212122	0.02096131908408506
5.858585858585859	1.3131313131313131	0.024406187377057756
5.858585858585859	1.4141414141414141	0.02806638647648832
5.858585858585859	1.5151515151515151	0.031929901858515665
5.858585858585859	1.6161616161616161	0.035984439782235825
5.858585858585859	1.7171717171717171	0.04021751896019776
5.858585858585859	1.8181818181818181	0.04461655811742511
5.858585858585859	1.9191919191919191	0.04916895851354605
5.858585858585859	2.0202020202020203	0.05386218067903082
5.858585858585859	2.121212121212121	0.0586838147990636
5.858585858585859	2.2222222222222223	0.06362164435493371
5.858585858585859	2.323232323232323	0.06866370279946775
5.858585858585859	2.4242424242424243	0.07379832319787467
5.858585858585859	2.525252525252525	0.07901418090266504
5.858585858585859	2.6262626262626263	0.08430032944905635
5.858585858585859	2.727272727272727	0.08964622995756025
5.858585858585859	2.8282828282828283	0.09504177440812289
5.858585858585859	2.9292929292929295	0.10047730320786034
5.858585858585859	3.0303030303030303	0.105943617517901
5.858585858585859	3.1313131313131315	0.11143198682671222
5.858585858585859	3.2323232323232323	0.11379887498168913
5.858585858585859	3.3333333333333335	0.10982182408710767
5.858585858585859	3.4343434343434343	0.10606552153562385
5.858585858585859	3.5353535353535355	0.10253370926290202
5.858585858585859	3.6363636363636362	0.09922850953569046
5.858585858585859	3.7373737373737375	0.09615055803955165
5.858585858585859	3.8383838383838382	0.09329913852697971
5.858585858585859	3.9393939393939394	0.09067231693100865
5.858585858585859	4.040404040404041	0.08826707318432907
5.858585858585859	4.141414141414141	0.0860794292963227
5.858585858585859	4.242424242424242	0.08410457251898852
5.858585858585859	4.343434343434343	0.08233697268761597
5.858585858585859	4.444444444444445	0.08077049304678745
5.858585858585859	4.545454545454546	0.07939849407169641
5.858585858585859	4.646464646464646	0.07821392996847336
5.858585858585859	4.747474747474747	0.07720943768758395
5.858585858585859	4.848484848484849	0.0763774184136878
5.858585858585859	4.94949494949495	0.07571011160175646
5.858585858585859	5.05050505050505	0.07519966172107785
5.858585858585859	5.151515151515151	0.0748381779401326
5.858585858585859	5.252525252525253	0.07461778704384298
5.858585858585859	5.353535353535354	0.07453067991827265
5.858585858585859	5.454545454545454	0.07456915197235893
5.858585858585859	5.555555555555555	0.07472563788473433
5.858585858585859	5.656565656565657	0.07499274107970404
5.858585858585859	5.757575757575758	0.07536325834042196
5.858585858585859	5.858585858585859	0.07583019996515751
5.858585858585859	5.959595959595959	0.07638680586715965
5.858585858585859	6.0606060606060606	0.07702655800604984
5.858585858585859	6.161616161616162	0.07774318952449036
5.858585858585859	6.262626262626263	0.07853069094609853
5.858585858585859	6.363636363636363	0.07938331377119559
5.858585858585859	6.4646464646464645	0.08029557178461731
5.858585858585859	6.565656565656566	0.0812622403714736
5.858585858585859	6.666666666666667	0.08227835410885743
5.858585858585859	6.767676767676767	0.08333920288513556
5.858585858585859	6.8686868686868685	0.08444032677317354
5.858585858585859	6.96969696969697	0.0855775098620628
5.858585858585859	7.070707070707071	0.08674677323398748
5.858585858585859	7.171717171717172	0.08794436725125314
5.858585858585859	7.2727272727272725	0.08916676329973824
5.858585858585859	7.373737373737374	0.0904106451206063
5.858585858585859	7.474747474747475	0.09167289984090372
5.858585858585859	7.575757575757576	0.09295060880373712
5.858585858585859	7.6767676767676765	0.09424103828319741
5.858585858585859	7.777777777777778	0.09554163015506835
5.858585858585859	7.878787878787879	0.09684999258624126
5.858585858585859	7.97979797979798	0.09816389079467087
5.858585858585859	8.080808080808081	0.09948123792242311
5.858585858585859	8.181818181818182	0.10080008605893426
5.858585858585859	8.282828282828282	0.10211861744519991
5.858585858585859	8.383838383838384	0.10064147393938772
5.858585858585859	8.484848484848484	0.09772634675038464
5.858585858585859	8.585858585858587	0.09489658833770317
5.858585858585859	8.686868686868687	0.0921504149542632
5.858585858585859	8.787878787878787	0.0894859868430512
5.858585858585859	8.88888888888889	0.08690142136728267
5.858585858585859	8.98989898989899	0.08439480474156821
5.858585858585859	9.090909090909092	0.0819642024753892
5.858585858585859	9.191919191919192	0.07960766863574018
5.858585858585859	9.292929292929292	0.07732325402811427
5.858585858585859	9.393939393939394	0.07510901339326527
5.858585858585859	9.494949494949495	0.072963011707277
5.858585858585859	9.595959595959595	0.07088332966748846
5.858585858585859	9.696969696969697	0.0688680684427963
5.858585858585859	9.797979797979798	0.0669153537576545
5.858585858585859	9.8989898989899	0.06502333937782775
5.858585858585859	10.0	0.06319021005526536
5.959595959595959	0.0	0.0
5.959595959595959	0.10101010101010101	0.00014730490511092025
5.959595959595959	0.20202020202020202	0.0005886471814661123
5.959595959595959	0.30303030303030304	0.001322315534405099
5.959595959595959	0.40404040404040403	0.0023454777567735383
5.959595959595959	0.5050505050505051	0.0036542102361196887
5.959595959595959	0.6060606060606061	0.005243538439608225
5.959595959595959	0.7070707070707071	0.0071074875815867805
5.959595959595959	0.8080808080808081	0.009239142493836748
5.959595959595959	0.9090909090909091	0.011630715563739772
5.959595959595959	1.0101010101010102	0.014273621480818878
5.959595959595959	1.1111111111111112	0.017158557447145183
5.959595959595959	1.2121212121212122	0.02027558745689857
5.959595959595959	1.3131313131313131	0.02361422923878732
5.959595959595959	1.4141414141414141	0.027163542477105073
5.959595959595959	1.5151515151515151	0.0309122169857461
5.959595959595959	1.6161616161616161	0.03484865959383118
5.959595959595959	1.7171717171717171	0.03896107861409901
5.959595959595959	1.8181818181818181	0.04323756489294017
5.959595959595959	1.9191919191919191	0.0476661685886679
5.959595959595959	2.0202020202020203	0.052234970973922046
5.959595959595959	2.121212121212121	0.05693215071594715
5.959595959595959	2.2222222222222223	0.06174604424145505
5.959595959595959	2.323232323232323	0.06666519993898762
5.959595959595959	2.4242424242424243	0.0716784260886439
5.959595959595959	2.525252525252525	0.07677483253376462
5.959595959595959	2.6262626262626263	0.0819438662156
5.959595959595959	2.727272727272727	0.08717534078475488
5.959595959595959	2.8282828282828283	0.09245946057729985
5.959595959595959	2.9292929292929295	0.09778683930354283
5.959595959595959	3.0303030303030303	0.10314851383659465
5.959595959595959	3.1313131313131315	0.10853595351666723
5.959595959595959	3.2323232323232323	0.11394106540403394
5.959595959595959	3.3333333333333335	0.11196036665938108
5.959595959595959	3.4343434343434343	0.10813996605087525
5.959595959595959	3.5353535353535355	0.10453477915076316
5.959595959595959	3.6363636363636362	0.10114772888037576
5.959595959595959	3.7373737373737375	0.09798027242325717
5.959595959595959	3.8383838383838382	0.09503252426353408
5.959595959595959	3.9393939393939394	0.09230337991857121
5.959595959595959	4.040404040404041	0.08979063861302199
5.959595959595959	4.141414141414141	0.08749112342662167
5.959595959595959	4.242424242424242	0.08540079770967778
5.959595959595959	4.343434343434343	0.08351487679843393
5.959595959595959	4.444444444444445	0.08182793427636433
5.959595959595959	4.545454545454546	0.080334002216576
5.959595959595959	4.646464646464646	0.07902666501086902
5.959595959595959	4.747474747474747	0.07789914653657282
5.959595959595959	4.848484848484849	0.07694439053932824
5.959595959595959	4.94949494949495	0.07615513421927629
5.959595959595959	5.05050505050505	0.07552397509955501
5.959595959595959	5.151515151515151	0.07504343133093941
5.959595959595959	5.252525252525253	0.07470599564958084
5.959595959595959	5.353535353535354	0.07450418325238312
5.959595959595959	5.454545454545454	0.07443057389289033
5.959595959595959	5.555555555555555	0.07447784852691137
5.959595959595959	5.656565656565657	0.07463882085731613
5.959595959595959	5.757575757575758	0.07490646413566937
5.959595959595959	5.858585858585859	0.07527393358531162
5.959595959595959	5.959595959595959	0.07573458480565813
5.959595959595959	6.0606060606060606	0.07628198851582514
5.959595959595959	6.161616161616162	0.07690994198090793
5.959595959595959	6.262626262626263	0.077612477454606
5.959595959595959	6.363636363636363	0.07838386795565713
5.959595959595959	6.4646464646464645	0.07921863067738974
5.959595959595959	6.565656565656566	0.08011152831249607
5.959595959595959	6.666666666666667	0.08105756855606784
5.959595959595959	6.767676767676767	0.08205200202972608
5.959595959595959	6.8686868686868685	0.08309031884976949
5.959595959595959	6.96969696969697	0.08416824404540621
5.959595959595959	7.070707070707071	0.08528173201133193
5.959595959595959	7.171717171717172	0.08642696016200031
5.959595959595959	7.2727272727272725	0.08760032193946607
5.959595959595959	7.373737373737374	0.0887984193067825
5.959595959595959	7.474747474747475	0.09001805484597657
5.959595959595959	7.575757575757576	0.09125622356504232
5.959595959595959	7.6767676767676765	0.09251010450424924
5.959595959595959	7.777777777777778	0.09377705221985924
5.959595959595959	7.878787878787879	0.0950545882132201
5.959595959595959	7.97979797979798	0.09634039236229641
5.959595959595959	8.080808080808081	0.09763229440360267
5.959595959595959	8.181818181818182	0.09892826550512299
5.959595959595959	8.282828282828282	0.10022640996470507
5.959595959595959	8.383838383838384	0.1015249570602703
5.959595959595959	8.484848484848484	0.1018879744687469
5.959595959595959	8.585858585858587	0.09898514978651649
5.959595959595959	8.686868686868687	0.0961656062115281
5.959595959595959	8.787878787878787	0.09342767485741008
5.959595959595959	8.88888888888889	0.09076962853914224
5.959595959595959	8.98989898989899	0.0881896944684247
5.959595959595959	9.090909090909092	0.08568606563600796
5.959595959595959	9.191919191919192	0.08325691098117602
5.959595959595959	9.292929292929292	0.08090038444408214
5.959595959595959	9.393939393939394	0.07861463299758355
5.959595959595959	9.494949494949495	0.07639780374087474
5.959595959595959	9.595959595959595	0.07424805013958714
5.959595959595959	9.696969696969697	0.0721635374891082
5.959595959595959	9.797979797979798	0.07014244767169692
5.959595959595959	9.8989898989899	0.06818298327481288
5.959595959595959	10.0	0.066283371129166
6.0606060606060606	0.0	0.0
6.0606060606060606	0.10101010101010101	0.00014233398736409025
6.0606060606060606	0.20202020202020202	0.0005688027238086014
6.0606060606060606	0.30303030303030304	0.0012778119371980867
6.0606060606060606	0.40404040404040403	0.0022667224209537416
6.0606060606060606	0.5050505050505051	0.0035318765394635587
6.0606060606060606	0.6060606060606061	0.005068634620949632
6.0606060606060606	0.7070707070707071	0.006871420544945288
6.0606060606060606	0.8080808080808081	0.008933775673409092
6.0606060606060606	0.9090909090909091	0.011248420135537262
6.0606060606060606	1.0101010101010102	0.013807320366133625
6.0606060606060606	1.1111111111111112	0.01660176172234243
6.0606060606060606	1.2121212121212122	0.019622424952693642
6.0606060606060606	1.3131313131313131	0.02285946527925285
6.0606060606060606	1.4141414141414141	0.026302592869327495
6.0606060606060606	1.5151515151515151	0.029941153516736974
6.0606060606060606	1.6161616161616161	0.03376420842197731
6.0606060606060606	1.7171717171717171	0.03776061205332519
6.0606060606060606	1.8181818181818181	0.04191908717907081
6.0606060606060606	1.9191919191919191	0.04622829628316215
6.0606060606060606	2.0202020202020203	0.05067690870739991
6.0606060606060606	2.121212121212121	0.055253662997092334
6.0606060606060606	2.2222222222222223	0.05994742405886771
6.0606060606060606	2.323232323232323	0.06474723487192324
6.0606060606060606	2.4242424242424243	0.06964236261035311
6.0606060606060606	2.525252525252525	0.0746223391485315
6.0606060606060606	2.6262626262626263	0.0796769960174626
6.0606060606060606	2.727272727272727	0.08479649396830648
6.0606060606060606	2.8282828282828283	0.08997134736365114
6.0606060606060606	2.9292929292929295	0.09519244368080101
6.0606060606060606	3.0303030303030303	0.10045105844814421
6.0606060606060606	3.1313131313131315	0.10573886596863555
6.0606060606060606	3.2323232323232323	0.11104794620066887
6.0606060606060606	3.3333333333333335	0.11409788081929963
6.0606060606060606	3.4343434343434343	0.110221016867509
6.0606060606060606	3.5353535353535355	0.10655010518054207
6.0606060606060606	3.6363636363636362	0.10308880020835559
6.0606060606060606	3.7373737373737375	0.09983931693707247
6.0606060606060606	3.8383838383838382	0.09680254274846578
6.0606060606060606	3.9393939393939394	0.09397815104897927
6.0606060606060606	4.040404040404041	0.09136471493619633
6.0606060606060606	4.141414141414141	0.08895981943339486
6.0606060606060606	4.242424242424242	0.08676017106410042
6.0606060606060606	4.343434343434343	0.08476170376173398
6.0606060606060606	4.444444444444445	0.08295968031072905
6.0606060606060606	4.545454545454546	0.08134878869547653
6.0606060606060606	4.646464646464646	0.07992323289691627
6.0606060606060606	4.747474747474747	0.07867681781701821
6.0606060606060606	4.848484848484849	0.07760302813778557
6.0606060606060606	4.94949494949495	0.07669510102725319
6.0606060606060606	5.05050505050505	0.07594609269933669
6.0606060606060606	5.151515151515151	0.07534893890925136
6.0606060606060606	5.252525252525253	0.07489650953323401
6.0606060606060606	5.353535353535354	0.07458165743141205
6.0606060606060606	5.454545454545454	0.07439726183542529
6.0606060606060606	5.555555555555555	0.07433626653407291
6.0606060606060606	5.656565656565657	0.07439171315215198
6.0606060606060606	5.757575757575758	0.07455676983443242
6.0606060606060606	5.858585858585859	0.07482475565590493
6.0606060606060606	5.959595959595959	0.07518916108107014
6.0606060606060606	6.0606060606060606	0.07564366479526072
6.0606060606060606	6.161616161616162	0.07618214722494239
6.0606060606060606	6.262626262626263	0.07679870105453813
6.0606060606060606	6.363636363636363	0.07748763903723921
6.0606060606060606	6.4646464646464645	0.07824349938207296
6.0606060606060606	6.565656565656566	0.07906104898660386
6.0606060606060606	6.666666666666667	0.07993528476602138
6.0606060606060606	6.767676767676767	0.08086143331581393
6.0606060606060606	6.8686868686868685	0.08183494912425561
6.0606060606060606	6.96969696969697	0.08285151153791119
6.0606060606060606	7.070707070707071	0.0839070206634498
6.0606060606060606	7.171717171717172	0.08499759237252134
6.0606060606060606	7.2727272727272725	0.08611955256431626
6.0606060606060606	7.373737373737374	0.08726943081852408
6.0606060606060606	7.474747474747475	0.08844395356395185
6.0606060606060606	7.575757575757576	0.0896400368682494
6.0606060606060606	7.6767676767676765	0.09085477894598276
6.0606060606060606	7.777777777777778	0.09208545246764833
6.0606060606060606	7.878787878787879	0.09332949674195484
6.0606060606060606	7.97979797979798	0.09458450983422231
6.0606060606060606	8.080808080808081	0.09584824067366768
6.0606060606060606	8.181818181818182	0.09711858119479083
6.0606060606060606	8.282828282828282	0.0983935585520689
6.0606060606060606	8.383838383838384	0.09967132743556968
6.0606060606060606	8.484848484848484	0.10095016251877478
6.0606060606060606	8.585858585858587	0.1022284510563168
6.0606060606060606	8.686868686868687	0.10021837420739055
6.0606060606060606	8.787878787878787	0.09740958591602955
6.0606060606060606	8.88888888888889	0.09468048406109415
6.0606060606060606	8.98989898989899	0.0920294478594306
6.0606060606060606	9.090909090909092	0.08945480858986164
6.0606060606060606	9.191919191919192	0.08695486062377641
6.0606060606060606	9.292929292929292	0.08452787131426788
6.0606060606060606	9.393939393939394	0.08217208983242036
6.0606060606060606	9.494949494949495	0.07988575503487591
6.0606060606060606	9.595959595959595	0.07766710244285044
6.0606060606060606	9.696969696969697	0.07551437040853042
6.0606060606060606	9.797979797979798	0.07342580553793544
6.0606060606060606	9.8989898989899	0.071399667441011
6.0606060606060606	10.0	0.06943423286480596
6.161616161616162	0.0	0.0
6.161616161616162	0.10101010101010101	0.00013761105498735326
6.161616161616162	0.20202020202020202	0.0005499469074232044
6.161616161616162	0.30303030303030304	0.0012355204803979614
6.161616161616162	0.40404040404040403	0.0021918694253461202
6.161616161616162	0.5050505050505051	0.0034155799744241986
6.161616161616162	0.6060606060606061	0.00490231971094432
6.161616161616162	0.7070707070707071	0.006646878657679641
6.161616161616162	0.8080808080808081	0.00864321793696649
6.161616161616162	0.9090909090909091	0.010884525141927523
6.161616161616162	1.0101010101010102	0.01336327545460947
6.161616161616162	1.1111111111111112	0.016071297480189376
6.161616161616162	1.2121212121212122	0.018999842719605455
6.161616161616162	1.3131313131313131	0.022139657587286296
6.161616161616162	1.4141414141414141	0.02548105688922051
6.161616161616162	1.5151515151515151	0.029013997711066934
6.161616161616162	1.6161616161616161	0.03272815272230494
6.161616161616162	1.7171717171717171	0.03661298197754461
6.161616161616162	1.8181818181818181	0.040657802389093486
6.161616161616162	1.9191919191919191	0.044851854145305854
6.161616161616162	2.0202020202020203	0.04918436346331821
6.161616161616162	2.121212121212121	0.05364460117882376
6.161616161616162	2.2222222222222223	0.0582219367906172
6.161616161616162	2.323232323232323	0.06290588769214324
6.161616161616162	2.4242424242424243	0.06768616342833933
6.161616161616162	2.525252525252525	0.07255270491481366
6.161616161616162	2.6262626262626263	0.07749571864720035
6.161616161616162	2.727272727272727	0.08250570600369088
6.161616161616162	2.8282828282828283	0.08757348781281679
6.161616161616162	2.9292929292929295	0.09269022440967677
6.161616161616162	3.0303030303030303	0.0978474314490694
6.161616161616162	3.1313131313131315	0.1030369917705708
6.161616161616162	3.2323232323232323	0.10825116363597909
6.161616161616162	3.3333333333333335	0.11348258566613137
6.161616161616162	3.4343434343434343	0.11230399436958159
6.161616161616162	3.5353535353535355	0.10857463853089527
6.161616161616162	3.6363636363636362	0.10504634790429113
6.161616161616162	3.7373737373737375	0.10172203348696264
6.161616161616162	3.8383838383838382	0.09860329884151049
6.161616161616162	3.9393939393939394	0.09569054395536462
6.161616161616162	4.040404040404041	0.092983070103626
6.161616161616162	4.141414141414141	0.09047918425668358
6.161616161616162	4.242424242424242	0.0881763017978695
6.161616161616162	4.343434343434343	0.0860710465227614
6.161616161616162	4.444444444444445	0.08415934707950011
6.161616161616162	4.545454545454546	0.08243652918277851
6.161616161616162	4.646464646464646	0.08089740308574819
6.161616161616162	4.747474747474747	0.07953634593321929
6.161616161616162	4.848484848484849	0.0783473787391341
6.161616161616162	4.94949494949495	0.07732423783805492
6.161616161616162	5.05050505050505	0.07646044075160063
6.161616161616162	5.151515151515151	0.07574934648896513
6.161616161616162	5.252525252525253	0.07518421036669846
6.161616161616162	5.353535353535354	0.07475823348777488
6.161616161616162	5.454545454545454	0.07446460706424406
6.161616161616162	5.555555555555555	0.07429655180216299
6.161616161616162	5.656565656565657	0.0742473525972384
6.161616161616162	5.757575757575758	0.07431038880479796
6.161616161616162	5.858585858585859	0.07447916036505783
6.161616161616162	5.959595959595959	0.07474731006894196
6.161616161616162	6.0606060606060606	0.07510864225530284
6.161616161616162	6.161616161616162	0.07555713822556537
6.161616161616162	6.262626262626263	0.0760869686598555
6.161616161616162	6.363636363636363	0.07669250331001203
6.161616161616162	6.4646464646464645	0.07736831823296335
6.161616161616162	6.565656565656566	0.07810920081955937
6.161616161616162	6.666666666666667	0.07891015285818263
6.161616161616162	6.767676767676767	0.07976639185943545
6.161616161616162	6.8686868686868685	0.08067335085229561
6.161616161616162	6.96969696969697	0.08162667685023925
6.161616161616162	7.070707070707071	0.08262222816607338
6.161616161616162	7.171717171717172	0.08365607074364863
6.161616161616162	7.2727272727272725	0.08472447365759563
6.161616161616162	7.373737373737374	0.08582390391804694
6.161616161616162	7.474747474747475	0.08695102070590706
6.161616161616162	7.575757575757576	0.08810266914782647
6.161616161616162	7.6767676767676765	0.0892758737319493
6.161616161616162	7.777777777777778	0.09046783144945404
6.161616161616162	7.878787878787879	0.0916759047411845
6.161616161616162	7.97979797979798	0.09289761431456268
6.161616161616162	8.080808080808081	0.0941306318887259
6.161616161616162	8.181818181818182	0.09537277291894121
6.161616161616162	8.282828282828282	0.09662198934077108
6.161616161616162	8.383838383838384	0.09787636236987815
6.161616161616162	8.484848484848484	0.09913409538773973
6.161616161616162	8.585858585858587	0.10039350693708668
6.161616161616162	8.686868686868687	0.10165302384664088
6.161616161616162	8.787878787878787	0.10142662766254831
6.161616161616162	8.88888888888889	0.09862908769388799
6.161616161616162	8.98989898989899	0.09590935510519506
6.161616161616162	9.090909090909092	0.0932659096688224
6.161616161616162	9.191919191919192	0.09069718123499348
6.161616161616162	9.292929292929292	0.08820156041242748
6.161616161616162	9.393939393939394	0.08577740817237622
6.161616161616162	9.494949494949495	0.08342306446261744
6.161616161616162	9.595959595959595	0.08113685590136242
6.161616161616162	9.696969696969697	0.07891710263160685
6.161616161616162	9.797979797979798	0.07676212439964733
6.161616161616162	9.8989898989899	0.07467024592658102
6.161616161616162	10.0	0.0726398016338755
6.262626262626263	0.0	0.0
6.262626262626263	0.10101010101010101	0.0001331198894589969
6.262626262626263	0.20202020202020202	0.0005320151850940561
6.262626262626263	0.30303030303030304	0.0011952971484449333
6.262626262626263	0.40404040404040403	0.0021206657336157453
6.262626262626263	0.5050505050505051	0.0033049310893033357
6.262626262626263	0.6060606060606061	0.004744043118557858
6.262626262626263	0.7070707070707071	0.006433128571671876
6.262626262626263	0.8080808080808081	0.008366535022893607
6.262626262626263	0.9090909090909091	0.010537880975253194
6.262626262626263	1.0101010101010102	0.012940111250047518
6.262626262626263	1.1111111111111112	0.015565556754883934
6.262626262626263	1.2121212121212122	0.018405997681118426
6.262626262626263	1.3131313131313131	0.02145272916386955
6.262626262626263	1.4141414141414141	0.024696628442853558
6.262626262626263	1.5151515151515151	0.028128222588297898
6.262626262626263	1.6161616161616161	0.031737755899336834
6.262626262626263	1.7171717171717171	0.03551525614981903
6.262626262626263	1.8181818181818181	0.03945059892637144
6.262626262626263	1.9191919191919191	0.043533569397324896
6.262626262626263	2.0202020202020203	0.04775392094084573
6.262626262626263	2.121212121212121	0.0521014301634243
6.262626262626263	2.2222222222222223	0.05656594793941661
6.262626262626263	2.323232323232323	0.06113744619985757
6.262626262626263	2.4242424242424243	0.06580606029606997
6.262626262626263	2.525252525252525	0.07056212684944006
6.262626262626263	2.6262626262626263	0.07539621708115572
6.262626262626263	2.727272727272727	0.08029916568532072
6.262626262626263	2.8282828282828283	0.08526209537201294
6.262626262626263	2.9292929292929295	0.0902764372561311
6.262626262626263	3.0303030303030303	0.09533394731150523
6.262626262626263	3.1313131313131315	0.10042671913726993
6.262626262626263	3.2323232323232323	0.10554719330922795
6.262626262626263	3.3333333333333335	0.11068816360002627
6.262626262626263	3.4343434343434343	0.11438467563122605
6.262626262626263	3.5353535353535355	0.1106037877430483
6.262626262626263	3.6363636363636362	0.10701544958149807
6.262626262626263	3.7373737373737375	0.10362320855528229
6.262626262626263	3.8383838383838382	0.10042932915439422
6.262626262626263	3.9393939393939394	0.09743488741801855
6.262626262626263	4.040404040404041	0.09463986725006021
6.262626262626263	4.141414141414141	0.09204325714607836
6.262626262626263	4.242424242424242	0.08964314610148523
6.262626262626263	4.343434343434343	0.08743681766011462
6.262626262626263	4.444444444444445	0.08542084124156814
6.262626262626263	4.545454545454546	0.08359116004234315
6.262626262626263	4.646464646464646	0.08194317495568892
6.262626262626263	4.747474747474747	0.08047182408363972
6.262626262626263	4.848484848484849	0.07917165753293133
6.262626262626263	4.94949494949495	0.07803690728890832
6.262626262626263	5.05050505050505	0.0770615520519626
6.262626262626263	5.151515151515151	0.07623937699871992
6.262626262626263	5.252525252525253	0.07556402849788652
6.262626262626263	5.353535353535354	0.07502906386554707
6.262626262626263	5.454545454545454	0.07462799629168462
6.262626262626263	5.555555555555555	0.07435433510871076
6.262626262626263	5.656565656565657	0.07420162160096742
6.262626262626263	5.757575757575758	0.07416346057821796
6.262626262626263	5.858585858585859	0.07423354795328223
6.262626262626263	5.959595959595959	0.07440569457231178
6.262626262626263	6.0606060606060606	0.07467384655690786
6.262626262626263	6.161616161616162	0.0750321024152716
6.262626262626263	6.262626262626263	0.0754747271799725
6.262626262626263	6.363636363636363	0.07599616382612653
6.262626262626263	6.4646464646464645	0.07659104221507083
6.262626262626263	6.565656565656566	0.07725418580167352
6.262626262626263	6.666666666666667	0.07798061633221635
6.262626262626263	6.767676767676767	0.07876555674685888
6.262626262626263	6.8686868686868685	0.07960443249190337
6.262626262626263	6.96969696969697	0.08049287142989894
6.262626262626263	7.070707070707071	0.08142670252539197
6.262626262626263	7.171717171717172	0.082401953469923
6.262626262626263	7.2727272727272725	0.08341484739607496
6.262626262626263	7.373737373737374	0.08446179881856539
6.262626262626263	7.474747474747475	0.08553940892708639
6.262626262626263	7.575757575757576	0.08664446034355669
6.262626262626263	7.6767676767676765	0.08777391144580715
6.262626262626263	7.777777777777778	0.08892489034745409
6.262626262626263	7.878787878787879	0.09009468861475703
6.262626262626263	7.97979797979798	0.0912807547914779
6.262626262626263	8.080808080808081	0.09248068779230309
6.262626262626263	8.181818181818182	0.09369223022075891
6.262626262626263	8.282828282828282	0.09491326165461193
6.262626262626263	8.383838383838384	0.0961417919422577
6.262626262626263	8.484848484848484	0.09737595453944174
6.262626262626263	8.585858585858587	0.09861399991637128
6.262626262626263	8.686868686868687	0.09985428905801352
6.262626262626263	8.787878787878787	0.10109528707552111
6.262626262626263	8.88888888888889	0.10233555694542966
6.262626262626263	8.98989898989899	0.09982466588824779
6.262626262626263	9.090909090909092	0.09711479770471733
6.262626262626263	9.191919191919192	0.09447947894666218
6.262626262626263	9.292929292929292	0.0919172328164503
6.262626262626263	9.393939393939394	0.08942654125890649
6.262626262626263	9.494949494949495	0.08700585428224206
6.262626262626263	9.595959595959595	0.08465359834101205
6.262626262626263	9.696969696969697	0.08236818385375312
6.262626262626263	9.797979797979798	0.08014801191901037
6.262626262626263	9.8989898989899	0.07799148029891707
6.262626262626263	10.0	0.07589698872610787
6.363636363636363	0.0	0.0
6.363636363636363	0.10101010101010101	0.00012884557300142912
6.363636363636363	0.20202020202020202	0.0005149481761181093
6.363636363636363	0.30303030303030304	0.0011570094130646691
6.363636363636363	0.40404040404040403	0.0020528783945447855
6.363636363636363	0.5050505050505051	0.0031995711532314024
6.363636363636363	0.6060606060606061	0.0045932973515720125
6.363636363636363	0.7070707070707071	0.006229493822060799
6.363636363636363	0.8080808080808081	0.008102864373647413
6.363636363636363	0.9090909090909091	0.010207425198897897
6.363636363636363	1.0101010101010102	0.012536555144793814
6.363636363636363	1.1111111111111112	0.015083050046447881
6.363636363636363	1.2121212121212122	0.017839180288470483
6.363636363636363	1.3131313131313131	0.020796750737289458
6.363636363636363	1.4141414141414141	0.023947162190162224
6.363636363636363	1.5151515151515151	0.027281473506026485
6.363636363636363	1.6161616161616161	0.03079046361861373
6.363636363636363	1.7171717171717171	0.03446469268601212
6.363636363636363	1.8181818181818181	0.038294561692145665
6.363636363636363	1.9191919191919191	0.04227036989239401
6.363636363636363	2.0202020202020203	0.04638236957491842
6.363636363636363	2.121212121212121	0.050620817694202354
6.363636363636363	2.2222222222222223	0.054976024024129364
6.363636363636363	2.323232323232323	0.05943839555970612
6.363636363636363	2.4242424242424243	0.06399847698490804
6.363636363636363	2.525252525252525	0.06864698709759472
6.363636363636363	2.6262626262626263	0.0733748511619106
6.363636363636363	2.727272727272727	0.07817322921624903
6.363636363636363	2.8282828282828283	0.08303354042646548
6.363636363636363	2.9292929292929295	0.08794748362182388
6.363636363636363	3.0303030303030303	0.09290705418726541
6.363636363636363	3.1313131313131315	0.09790455752143462
6.363636363636363	3.2323232323232323	0.10293261928878687
6.363636363636363	3.3333333333333335	0.10798419271111709
6.363636363636363	3.4343434343434343	0.11305256315317157
6.363636363636363	3.5353535353535355	0.11263338956954723
6.363636363636363	3.6363636363636362	0.1089916099873687
6.363636363636363	3.7373737373737375	0.10553805041401006
6.363636363636363	3.8383838383838382	0.10227558275340651
6.363636363636363	3.9393939393939394	0.0992059096699275
6.363636363636363	4.040404040404041	0.09632965265456526
6.363636363636363	4.141414141414141	0.0936464412653914
6.363636363636363	4.242424242424242	0.09115500232656862
6.363636363636363	4.343434343434343	0.08885324804455416
6.363636363636363	4.444444444444445	0.08673836216533236
6.363636363636363	4.545454545454546	0.08480688344496028
6.363636363636363	4.646464646464646	0.08305478584620274
6.363636363636363	4.747474747474747	0.08147755499545899
6.363636363636363	4.848484848484849	0.08007026054930387
6.363636363636363	4.94949494949495	0.07882762421623268
6.363636363636363	5.05050505050505	0.0777440832719735
6.363636363636363	5.151515151515151	0.07681384947797164
6.363636363636363	5.252525252525253	0.07603096338552173
6.363636363636363	5.353535353535354	0.07538934405860215
6.363636363636363	5.454545454545454	0.07488283430221054
6.363636363636363	5.555555555555555	0.07450524151914398
6.363636363636363	5.656565656565657	0.07425037435163971
6.363636363636363	5.757575757575758	0.07411207529025142
6.363636363636363	5.858585858585859	0.07408424945111451
6.363636363636363	5.959595959595959	0.0741608897379535
6.363636363636363	6.0606060606060606	0.07433609861276305
6.363636363636363	6.161616161616162	0.07460410670706621
6.363636363636363	6.262626262626263	0.07495928850409668
6.363636363636363	6.363636363636363	0.07539617532356332
6.363636363636363	6.4646464646464645	0.07590946583579482
6.363636363636363	6.565656565656566	0.07649403432473603
6.363636363636363	6.666666666666667	0.07714493691355977
6.363636363636363	6.767676767676767	0.07785741595631515
6.363636363636363	6.8686868686868685	0.07862690278872456
6.363636363636363	6.96969696969697	0.07944901902099308
6.363636363636363	7.070707070707071	0.0803195765438448
6.363636363636363	7.171717171717172	0.08123457640652497
6.363636363636363	7.2727272727272725	0.08219020671594934
6.363636363636363	7.373737373737374	0.08318283969126752
6.363636363636363	7.474747474747475	0.08420902800034198
6.363636363636363	7.575757575757576	0.08526550049062213
6.363636363636363	7.6767676767676765	0.08634915741685614
6.363636363636363	7.777777777777778	0.08745706525967592
6.363636363636363	7.878787878787879	0.0885864512170736
6.363636363636363	7.97979797979798	0.08973469744225385
6.363636363636363	8.080808080808081	0.09089933509363893
6.363636363636363	8.181818181818182	0.0920780382543142
6.363636363636363	8.282828282828282	0.09326861777030797
6.363636363636363	8.383838383838384	0.0944690150510927
6.363636363636363	8.484848484848484	0.09567729586877663
6.363636363636363	8.585858585858587	0.09689164418810764
6.363636363636363	8.686868686868687	0.09811035605238658
6.363636363636363	8.787878787878787	0.09933183354810227
6.363636363636363	8.88888888888889	0.10055457886504643
6.363636363636363	8.98989898989899	0.10177718846786171
6.363636363636363	9.090909090909092	0.10099686795147278
6.363636363636363	9.191919191919192	0.09829731757447412
6.363636363636363	9.292929292929292	0.09567061944631701
6.363636363636363	9.393939393939394	0.09311538516548189
6.363636363636363	9.494949494949495	0.09063018334793989
6.363636363636363	9.595959595959595	0.08821354866343858
6.363636363636363	9.696969696969697	0.08586398998657072
6.363636363636363	9.797979797979798	0.08357999772923043
6.363636363636363	9.8989898989899	0.081360050415785
6.363636363636363	10.0	0.07920262055921316
6.4646464646464645	0.0	0.0
6.4646464646464645	0.10101010101010101	0.00012477436647096788
6.4646464646464645	0.20202020202020202	0.0004986911801929517
6.4646464646464645	0.30303030303030304	0.0011205351574775653
6.4646464646464645	0.40404040404040403	0.001988292672450267
6.4646464646464645	0.5050505050505051	0.0030991693170051657
6.4646464646464645	0.6060606060606061	0.004449614070365359
6.4646464646464645	0.7070707070707071	0.006035349675183729
6.4646464646464645	0.8080808080808081	0.007851408723108482
6.4646464646464645	0.9090909090909091	0.009892174866487764
6.4646464646464645	1.0101010101010102	0.012151428506055315
6.4646464646464645	1.1111111111111112	0.0146223962510614
6.4646464646464645	1.2121212121212122	0.017297803411393527
6.4646464646464645	1.3131313131313131	0.020169928763501117
6.4646464646464645	1.4141414141414141	0.02323066083023769
6.4646464646464645	1.5151515151515151	0.02647155492827914
6.4646464646464645	1.6161616161616161	0.02988389026713537
6.4646464646464645	1.7171717171717171	0.033458726424685774
6.4646464646464645	1.8181818181818181	0.03718695857936237
6.4646464646464645	1.9191919191919191	0.041059370940856516
6.4646464646464645	2.0202020202020203	0.045066687890318036
6.4646464646464645	2.121212121212121	0.04919962241567023
6.4646464646464645	2.2222222222222223	0.05344892150334146
6.4646464646464645	2.323232323232323	0.05780540822184552
6.4646464646464645	2.4242424242424243	0.06226002031011622
6.4646464646464645	2.525252525252525	0.0668038451482434
6.4646464646464645	2.6262626262626263	0.07142815106021988
6.4646464646464645	2.727272727272727	0.0761244149505716
6.4646464646464645	2.8282828282828283	0.08088434633457968
6.4646464646464645	2.9292929292929295	0.08569990786328703
6.4646464646464645	3.0303030303030303	0.09056333248369458
6.4646464646464645	3.1313131313131315	0.09546713740526763
6.4646464646464645	3.2323232323232323	0.10040413506441888
6.4646464646464645	3.3333333333333335	0.10536744130057674
6.4646464646464645	3.4343434343434343	0.11035048095990473
6.4646464646464645	3.5353535353535355	0.1146596805453023
6.4646464646464645	3.6363636363636362	0.11097073517244302
6.4646464646464645	3.7373737373737375	0.10746216615453089
6.4646464646464645	3.8383838383838382	0.10413740125219038
6.4646464646464645	3.9393939393939394	0.10099872169434261
6.4646464646464645	4.040404040404041	0.09804734232534656
6.4646464646464645	4.141414141414141	0.09528349359240362
6.4646464646464645	4.242424242424242	0.0927065041796624
6.4646464646464645	4.343434343434343	0.09031488325735174
6.4646464646464645	4.444444444444445	0.08810640146319866
6.4646464646464645	4.545454545454546	0.08607816987585022
6.4646464646464645	4.646464646464646	0.0842267163676314
6.4646464646464645	4.747474747474747	0.08254805884290194
6.4646464646464645	4.848484848484849	0.08103777497454412
6.4646464646464645	4.94949494949495	0.07969106814660594
6.4646464646464645	5.05050505050505	0.0785028293979247
6.4646464646464645	5.151515151515151	0.07746769523485948
6.4646464646464645	5.252525252525253	0.076580101249626
6.4646464646464645	5.353535353535354	0.07583433153565781
6.4646464646464645	5.454545454545454	0.07522456394153358
6.4646464646464645	5.555555555555555	0.07474491124515026
6.4646464646464645	5.656565656565657	0.07438945836505345
6.4646464646464645	5.757575757575758	0.0741522957527892
6.4646464646464645	5.858585858585859	0.07402754913129558
6.4646464646464645	5.959595959595959	0.0740094057632226
6.4646464646464645	6.0606060606060606	0.07409213744247292
6.4646464646464645	6.161616161616162	0.0742701204125062
6.4646464646464645	6.262626262626263	0.07453785241784161
6.4646464646464645	6.363636363636363	0.0748899670977237
6.4646464646464645	6.4646464646464645	0.0753212459267473
6.4646464646464645	6.565656565656566	0.07582662790939386
6.4646464646464645	6.666666666666667	0.0764012172233573
6.4646464646464645	6.767676767676767	0.07704028900418662
6.4646464646464645	6.8686868686868685	0.07773929345359083
6.4646464646464645	6.96969696969697	0.07849385844638562
6.4646464646464645	7.070707070707071	0.07929979079942169
6.4646464646464645	7.171717171717172	0.08015307635730279
6.4646464646464645	7.2727272727272725	0.08104987903951187
6.4646464646464645	7.373737373737374	0.08198653898129059
6.4646464646464645	7.474747474747475	0.08295956989264111
6.4646464646464645	7.575757575757576	0.08396565574919321
6.4646464646464645	7.6767676767676765	0.08500164691558068
6.4646464646464645	7.777777777777778	0.0860645557990777
6.4646464646464645	7.878787878787879	0.08715155211524594
6.4646464646464645	7.97979797979798	0.08825995784178665
6.4646464646464645	8.080808080808081	0.08938724193053948
6.4646464646464645	8.181818181818182	0.09053101483517259
6.4646464646464645	8.282828282828282	0.0916890229093255
6.4646464646464645	8.383838383838384	0.09285914272053218
6.4646464646464645	8.484848484848484	0.09403937532068607
6.4646464646464645	8.585858585858587	0.09522784050719305
6.4646464646464645	8.686868686868687	0.09642277110384435
6.4646464646464645	8.787878787878787	0.0976225072879483
6.4646464646464645	8.88888888888889	0.09882549098097533
6.4646464646464645	8.98989898989899	0.10003026032391309
6.4646464646464645	9.090909090909092	0.10123544424724841
6.4646464646464645	9.191919191919192	0.10214623361302866
6.4646464646464645	9.292929292929292	0.09945741542162974
6.4646464646464645	9.393939393939394	0.09683979252784751
6.4646464646464645	9.494949494949495	0.09429206022304717
6.4646464646464645	9.595959595959595	0.09181286935566876
6.4646464646464645	9.696969696969697	0.08940083508228963
6.4646464646464645	9.797979797979798	0.08705454478551349
6.4646464646464645	9.8989898989899	0.08477256522022936
6.4646464646464645	10.0	0.08255344893814953
6.565656565656566	0.0	0.0
6.565656565656566	0.10101010101010101	0.00012089359887553988
6.565656565656566	0.20202020202020202	0.00048319374408507603
6.565656565656566	0.30303030303030304	0.0010857617157640483
6.565656565656566	0.40404040404040403	0.0019267103751263418
6.565656565656566	0.5050505050505051	0.003003420072033713
6.565656565656566	0.6060606060606061	0.004312560551114758
6.565656565656566	0.7070707070707071	0.005850118504575655
6.565656565656566	0.8080808080808081	0.0076114303332059305
6.565656565656566	0.9090909090909091	0.00959121960361059
6.565656565656566	1.0101010101010102	0.011783638628339255
6.565656565656566	1.1111111111111112	0.014182313546911254
6.565656565656566	1.2121212121212122	0.016780392253979863
6.565656565656566	1.3131313131313131	0.019570594498816957
6.565656565656566	1.4141414141414141	0.022545263483081505
6.565656565656566	1.5151515151515151	0.025696418286274572
6.565656565656566	1.6161616161616161	0.029015806478017957
6.565656565656566	1.7171717171717171	0.032494956306272575
6.565656565656566	1.8181818181818181	0.03612522789953402
6.565656565656566	1.9191919191919191	0.039897862971469494
6.565656565656566	2.0202020202020203	0.0438040325760123
6.565656565656566	2.121212121212121	0.04783488252622867
6.565656565656566	2.2222222222222223	0.051981576153342424
6.565656565656566	2.323232323232323	0.05623533415241463
6.565656565656566	2.4242424242424243	0.06058747132155501
6.565656565656566	2.525252525252525	0.06502943006877308
6.565656565656566	2.6262626262626263	0.0695528106154783
6.565656565656566	2.727272727272727	0.0741493978814674
6.565656565656566	2.8282828282828283	0.07881118508264257
6.565656565656566	2.9292929292929295	0.0835303941162572
6.565656565656566	3.0303030303030303	0.0882994928429489
6.565656565656566	3.1313131313131315	0.0931112094035014
6.565656565656566	3.2323232323232323	0.09795854373393126
6.565656565656566	3.3333333333333335	0.10283477645604581
6.565656565656566	3.4343434343434343	0.10773347533631661
6.565656565656566	3.5353535353535355	0.11264849950990957
6.565656565656566	3.6363636363636362	0.11294910715791207
6.565656565656566	3.7373737373737375	0.10939153880964926
6.565656565656566	3.8383838383838382	0.1060104986030895
6.565656565656566	3.9393939393939394	0.10280879984709769
6.565656565656566	4.040404040404041	0.09978820756269237
6.565656565656566	4.141414141414141	0.09694951348070502
6.565656565656566	4.242424242424242	0.09429261229282247
6.565656565656566	4.343434343434343	0.09181657813763806
6.565656565656566	4.444444444444445	0.08951974044488202
6.565656565656566	4.545454545454546	0.08739975838787148
6.565656565656566	4.646464646464646	0.08545369331920377
6.565656565656566	4.747474747474747	0.08367807867061763
6.565656565656566	4.848484848484849	0.08206898690383141
6.565656565656566	4.94949494949495	0.08062209318725982
6.565656565656566	5.05050505050505	0.07933273555897774
6.565656565656566	5.151515151515151	0.07819597140616018
6.565656565656566	5.252525252525253	0.07720663015931993
6.565656565656566	5.353535353535354	0.0763593621536216
6.565656565656566	5.454545454545454	0.07564868366025516
6.565656565656566	5.555555555555555	0.07506901813165709
6.565656565656566	5.656565656565657	0.07461473373988611
6.565656565656566	5.757575757575758	0.07428017731771713
6.565656565656566	5.858585858585859	0.07405970483331584
6.565656565656566	5.959595959595959	0.07394770855158424
6.565656565656566	6.0606060606060606	0.07393864104606747
6.565656565656566	6.161616161616162	0.07402703623822608
6.565656565656566	6.262626262626263	0.07420752764621114
6.565656565656566	6.363636363636363	0.07447486402910179
6.565656565656566	6.4646464646464645	0.07482392261499034
6.565656565656566	6.565656565656566	0.0752497200975704
6.565656565656566	6.666666666666667	0.0757474215845772
6.565656565656566	6.767676767676767	0.07631234767649411
6.565656565656566	6.8686868686868685	0.07693997984662782
6.565656565656566	6.96969696969697	0.07762596428816376
6.565656565656566	7.070707070707071	0.07836611438403925
6.565656565656566	7.171717171717172	0.07915641194814699
6.565656565656566	7.2727272727272725	0.07999300737876751
6.565656565656566	7.373737373737374	0.0808722188516913
6.565656565656566	7.474747474747475	0.08179053067700207
6.565656565656566	7.575757575757576	0.08274459092925013
6.565656565656566	7.6767676767676765	0.08373120845531196
6.565656565656566	7.777777777777778	0.08474734935339316
6.565656565656566	7.878787878787879	0.0857901330092505
6.565656565656566	7.97979797979798	0.08685682776612848
6.565656565656566	8.080808080808081	0.0879448463000265
6.565656565656566	8.181818181818182	0.08905174076113188
6.565656565656566	8.282828282828282	0.09017519773646224
6.565656565656566	8.383838383838384	0.09131303308511847
6.565656565656566	8.484848484848484	0.09246318668700988
6.565656565656566	8.585858585858587	0.09362371714286652
6.565656565656566	8.686868686868687	0.09479279645870503
6.565656565656566	8.787878787878787	0.09596870474146942
6.565656565656566	8.88888888888889	0.097149824929997
6.565656565656566	8.98989898989899	0.09833463758047777
6.565656565656566	9.090909090909092	0.09952171572201245
6.565656565656566	9.191919191919192	0.10070971979718982
6.565656565656566	9.292929292929292	0.10189739269579376
6.565656565656566	9.393939393939394	0.10059558608921441
6.565656565656566	9.494949494949495	0.09798745615009355
6.565656565656566	9.595959595959595	0.09544767889492521
6.565656565656566	9.696969696969697	0.09297498318180465
6.565656565656566	9.797979797979798	0.09056806067297593
6.565656565656566	9.8989898989899	0.0882255735209724
6.565656565656566	10.0	0.08594616132082107
6.666666666666667	0.0	0.0
6.666666666666667	0.10101010101010101	0.00011719157090128856
6.666666666666667	0.20202020202020202	0.000468409273842023
6.666666666666667	0.30303030303030304	0.0010525850127348477
6.666666666666667	0.40404040404040403	0.0018679483568855711
6.666666666666667	0.5050505050505051	0.002912040973382075
6.666666666666667	0.6060606060606061	0.00418173651243899
6.666666666666667	0.7070707070707071	0.005673265636392239
6.666666666666667	0.8080808080808081	0.0073822458049053645
6.666666666666667	0.9090909090909091	0.009303715368724264
6.666666666666667	1.0101010101010102	0.011432171460408518
6.666666666666667	1.1111111111111112	0.013761611137407505
6.666666666666667	1.2121212121212122	0.016285575193814277
6.666666666666667	1.3131313131313131	0.018997194042729846
6.666666666666667	1.4141414141414141	0.02188923506700435
6.666666666666667	1.5151515151515151	0.024954150839502864
6.666666666666667	1.6161616161616161	0.028184127636521242
6.666666666666667	1.7171717171717171	0.031571133692976795
6.666666666666667	1.8181818181818181	0.03510696668772599
6.666666666666667	1.9191919191919191	0.038783299991691195
6.666666666666667	2.0202020202020203	0.042591727262612594
6.666666666666667	2.121212121212121	0.0465238050229974
6.666666666666667	2.2222222222222223	0.05057109291879035
6.666666666666667	2.323232323232323	0.05472519141082338
6.666666666666667	2.4242424242424243	0.058977776710562646
6.666666666666667	2.525252525252525	0.06332063282560639
6.666666666666667	2.6262626262626263	0.06774568063576776
6.666666666666667	2.727272727272727	0.0722450039645275
6.666666666666667	2.8282828282828283	0.07681087265986436
6.666666666666667	2.9292929292929295	0.08143576273216549
6.666666666666667	3.0303030303030303	0.08611237363439102
6.666666666666667	3.1313131313131315	0.09083364279575584
6.666666666666667	3.2323232323232323	0.09559275754251875
6.666666666666667	3.3333333333333335	0.10038316455789925
6.666666666666667	3.4343434343434343	0.10519857704707754
6.666666666666667	3.5353535353535355	0.1100329797763413
6.666666666666667	3.6363636363636362	0.11488063216823223
6.666666666666667	3.7373737373737375	0.1113225047901587
6.666666666666667	3.8383838383838382	0.10789094084391589
6.666666666666667	3.9393939393939394	0.10463196808886292
6.666666666666667	4.040404040404041	0.10154785980406031
6.666666666666667	4.141414141414141	0.09863993020100108
6.666666666666667	4.242424242424242	0.09590860449961439
6.666666666666667	4.343434343434343	0.09335348979123459
6.666666666666667	4.444444444444445	0.09097344581792187
6.666666666666667	4.545454545454546	0.08876665492181467
6.666666666666667	4.646464646464646	0.08673069052711206
6.666666666666667	4.747474747474747	0.08486258362372749
6.666666666666667	4.848484848484849	0.08315888681514304
6.666666666666667	4.94949494949495	0.08161573558224601
6.666666666666667	5.05050505050505	0.08022890649179443
6.666666666666667	5.151515151515151	0.0789938721508769
6.666666666666667	5.252525252525253	0.07790585276985995
6.666666666666667	5.353535353535354	0.0769598642537106
6.666666666666667	5.454545454545454	0.07615076278866312
6.666666666666667	5.555555555555555	0.07547328593554663
6.666666666666667	5.656565656565657	0.07492209027354844
6.666666666666667	5.757575757575758	0.07449178567286747
6.666666666666667	5.858585858585859	0.0741769662961624
6.666666666666667	5.959595959595959	0.07397223845112245
6.666666666666667	6.0606060606060606	0.07387224543228679
6.666666666666667	6.161616161616162	0.07387168950178087
6.666666666666667	6.262626262626263	0.07396535116854036
6.666666666666667	6.363636363636363	0.07414810593061659
6.666666666666667	6.4646464646464645	0.0744149386475168
6.666666666666667	6.565656565656566	0.07476095571354216
6.666666666666667	6.666666666666667	0.07518139519649715
6.666666666666667	6.767676767676767	0.07567163510863548
6.666666666666667	6.8686868686868685	0.07622719996961534
6.666666666666667	6.96969696969697	0.07684376581515903
6.666666666666667	7.070707070707071	0.07751716380150991
6.666666666666667	7.171717171717172	0.07824338254651508
6.666666666666667	7.2727272727272725	0.07901856934044355
6.666666666666667	7.373737373737374	0.07983903035439067
6.666666666666667	7.474747474747475	0.08070122996261785
6.666666666666667	7.575757575757576	0.08160178928973709
6.666666666666667	7.6767676767676765	0.08253748408364257
6.666666666666667	7.777777777777778	0.08350524200820576
6.666666666666667	7.878787878787879	0.08450213944251368
6.666666666666667	7.97979797979798	0.08552539786238253
6.666666666666667	8.080808080808081	0.08657237987818493
6.666666666666667	8.181818181818182	0.08764058499102463
6.666666666666667	8.282828282828282	0.08872764512517424
6.666666666666667	8.383838383838384	0.08983131998840188
6.666666666666667	8.484848484848484	0.09094949230538675
6.666666666666667	8.585858585858587	0.09208016296349524
6.666666666666667	8.686868686868687	0.09322144610735114
6.666666666666667	8.787878787878787	0.09437156421120434
6.666666666666667	8.88888888888889	0.09552884315544435
6.666666666666667	8.98989898989899	0.0966917073296317
6.666666666666667	9.090909090909092	0.09785867478022163
6.666666666666667	9.191919191919192	0.09902835241890082
6.666666666666667	9.292929292929292	0.10019943130401691
6.666666666666667	9.393939393939394	0.10137068200402918
6.666666666666667	9.494949494949495	0.10171231783202274
6.666666666666667	9.595959595959595	0.09911406400318952
6.666666666666667	9.696969696969697	0.09658266005190257
6.666666666666667	9.797979797979798	0.0941169088318794
6.666666666666667	9.8989898989899	0.09171557471734866
6.666666666666667	10.0	0.08937739105589358
6.767676767676767	0.0	0.0
6.767676767676767	0.10101010101010101	0.00011365746610355935
6.767676767676767	0.20202020202020202	0.0004542946868138121
6.767676767676767	0.30303030303030304	0.0010209087936552531
6.767676767676767	0.40404040404040403	0.0018118371759445154
6.767676767676767	0.5050505050505051	0.0028247705953693882
6.767676767676767	0.6060606060606061	0.004056771263457564
6.767676767676767	0.7070707070707071	0.0055042956099088805
6.767676767676767	0.8080808080808081	0.0071632214028183845
6.767676767676767	0.9090909090909091	0.009028878819609622
6.767676767676767	1.0101010101010102	0.011096085024658633
6.767676767676767	1.1111111111111112	0.013359181762366735
6.767676767676767	1.2121212121212122	0.015812075453528817
6.767676767676767	1.3131313131313131	0.018448279260737315
6.767676767676767	1.4141414141414141	0.02126095658418681
6.767676767676767	1.5151515151515151	0.024242965452788087
6.767676767676767	1.6161616161616161	0.02738690329064283
6.767676767676767	1.7171717171717171	0.030685151562815535
6.767676767676767	1.8181818181818181	0.0341299198328079
6.767676767676767	1.9191919191919191	0.03771328880635127
6.767676767676767	2.0202020202020203	0.04142725197601501
6.767676767676767	2.121212121212121	0.045263755531041484
6.767676767676767	2.2222222222222223	0.04921473624370105
6.767676767676767	2.323232323232323	0.05327215709810021
6.767676767676767	2.4242424242424243	0.05742804047307736
6.767676767676767	2.525252525252525	0.06167449874500131
6.767676767676767	2.6262626262626263	0.06600376222047882
6.767676767676767	2.727272727272727	0.0704082043531762
6.767676767676767	2.8282828282828283	0.07488036423872003
6.767676767676767	2.9292929292929295	0.07941296641978582
6.767676767676767	3.0303030303030303	0.08399893806202098
6.767676767676767	3.1313131313131315	0.08863142358724836
6.767676767676767	3.2323232323232323	0.09330379687801987
6.767676767676767	3.3333333333333335	0.0980096711775952
6.767676767676767	3.4343434343434343	0.1027429068281331
6.767676767676767	3.5353535353535355	0.10749761699612956
6.767676767676767	3.6363636363636362	0.11226817154152631
6.767676767676767	3.7373737373737375	0.11325173181629936
6.767676767676767	3.8383838383838382	0.10977512601047235
6.767676767676767	3.9393939393939394	0.10646438006392747
6.767676767676767	4.040404040404041	0.10332223501275799
6.767676767676767	4.141414141414141	0.10035048973899896
6.767676767676767	4.242424242424242	0.09755006510405535
6.767676767676767	4.343434343434343	0.09492106935240406
6.767676767676767	4.444444444444445	0.09246286393184958
6.767676767676767	4.545454545454546	0.09017412898710273
6.767676767676767	4.646464646464646	0.0880529278894037
6.767676767676767	4.747474747474747	0.08609677025875576
6.767676767676767	4.848484848484849	0.08430267302915105
6.767676767676767	4.94949494949495	0.0826672191850111
6.767676767676767	5.05050505050505	0.08118661387786236
6.767676767676767	5.151515151515151	0.07985673769387303
6.767676767676767	5.252525252525253	0.07867319691003716
6.767676767676767	5.353535353535354	0.07763137062657499
6.767676767676767	5.454545454545454	0.07672645471394678
6.767676767676767	5.555555555555555	0.07595350255240989
6.767676767676767	5.656565656565657	0.07530746258179098
6.767676767676767	5.757575757575758	0.07478321270597554
6.767676767676767	5.858585858585859	0.07437559162628601
6.767676767676767	5.959595959595959	0.0740794271972244
6.767676767676767	6.0606060606060606	0.07388956191787716
6.767676767676767	6.161616161616162	0.0738008756832232
6.767676767676767	6.262626262626263	0.07380830593356137
6.767676767676767	6.363636363636363	0.07390686534415608
6.767676767676767	6.4646464646464645	0.07409165720606979
6.767676767676767	6.565656565656566	0.074357888647951
6.767676767676767	6.666666666666667	0.07470088185137719
6.767676767676767	6.767676767676767	0.07511608341233929
6.767676767676767	6.8686868686868685	0.07559907199264729
6.767676767676767	6.96969696969697	0.07614556441276357
6.767676767676767	7.070707070707071	0.07675142031909608
6.767676767676767	7.171717171717172	0.07741264556337808
6.767676767676767	7.2727272727272725	0.07812539442153554
6.767676767676767	7.373737373737374	0.07888597077292546
6.767676767676767	7.474747474747475	0.07969082835346455
6.767676767676767	7.575757575757576	0.0805365701909545
6.767676767676767	7.6767676767676765	0.08141994732136398
6.767676767676767	7.777777777777778	0.08233785687908134
6.767676767676767	7.878787878787879	0.0832873396458497
6.767676767676767	7.97979797979798	0.08426557713791638
6.767676767676767	8.080808080808081	0.08526988830132669
6.767676767676767	8.181818181818182	0.08629772588244036
6.767676767676767	8.282828282828282	0.08734667253050274
6.767676767676767	8.383838383838384	0.08841443668690822
6.767676767676767	8.484848484848484	0.08949884830715847
6.767676767676767	8.585858585858587	0.09059785445869853
6.767676767676767	8.686868686868687	0.09170951483065345
6.767676767676767	8.787878787878787	0.09283199718979909
6.767676767676767	8.88888888888889	0.09396357280859367
6.767676767676767	8.98989898989899	0.0951026118921422
6.767676767676767	9.090909090909092	0.09624757902401508
6.767676767676767	9.191919191919192	0.0973970286480892
6.767676767676767	9.292929292929292	0.09854960060169995
6.767676767676767	9.393939393939394	0.09970401571251619
6.767676767676767	9.494949494949495	0.10085907146812047
6.767676767676767	9.595959595959595	0.1020136377663047
6.767676767676767	9.696969696969697	0.10022006476411452
6.767676767676767	9.797979797979798	0.09769741966087377
6.767676767676767	9.8989898989899	0.09523902943493913
6.767676767676767	10.0	0.09284372755758728
6.8686868686868685	0.0	0.0
6.8686868686868685	0.10101010101010101	0.00011028127304743957
6.8686868686868685	0.20202020202020202	0.0004408101009635219
6.8686868686868685	0.30303030303030304	0.0009906439326877736
6.8686868686868685	0.40404040404040403	0.0017582198886383672
6.8686868686868685	0.5050505050505051	0.0027413666939802538
6.8686868686868685	0.6060606060606061	0.003937321136671707
6.8686868686868685	0.7070707070707071	0.005342748809161778
6.8686868686868685	0.8080808080808081	0.006953768834034509
6.8686868686868685	0.9090909090909091	0.008765982220811116
6.8686868686868685	1.0101010101010102	0.010774503457083022
6.8686868686868685	1.1111111111111112	0.012973994901653605
6.8686868686868685	1.2121212121212122	0.01535870352223518
6.8686868686868685	1.3131313131313131	0.01792249950147042
6.8686868686868685	1.4141414141414141	0.02065891623085422
6.8686868686868685	1.5151515151515151	0.023561191211637196
6.8686868686868685	1.6161616161616161	0.02662230739567353
6.8686868686868685	1.7171717171717171	0.02983503451547783
6.8686868686868685	1.8181818181818181	0.03319196998141976
6.8686868686868685	1.9191919191919191	0.0366855789547312
6.8686868686868685	2.0202020202020203	0.04030823324264545
6.8686868686868685	2.121212121212121	0.04405224870247498
6.8686868686868685	2.2222222222222223	0.04790992088410589
6.8686868686868685	2.323232323232323	0.05187355868824371
6.8686868686868685	2.4242424242424243	0.055935515855515816
6.8686868686868685	2.525252525252525	0.06008822015283781
6.8686868686868685	2.6262626262626263	0.0643242001614197
6.8686868686868685	2.727272727272727	0.06863610960914314
6.8686868686868685	2.8282828282828283	0.07301674923145615
6.8686868686868685	2.9292929292929295	0.07745908617192392
6.8686868686868685	3.0303030303030303	0.0819562709681991
6.8686868686868685	3.1313131313131315	0.08650165218896312
6.8686868686868685	3.2323232323232323	0.09108878881360043
6.8686868686868685	3.3333333333333335	0.09571146046000653
6.8686868686868685	3.4343434343434343	0.10036367557989195
6.8686868686868685	3.5353535353535355	0.10503967775294826
6.8686868686868685	3.6363636363636362	0.10973395021390896
6.8686868686868685	3.7373737373737375	0.11444121875457638
6.8686868686868685	3.8383838383838382	0.11165976438634057
6.8686868686868685	3.9393939393939394	0.10830250122503582
6.8686868686868685	4.040404040404041	0.10510757782914001
6.8686868686868685	4.141414141414141	0.10207724108923645
6.8686868686868685	4.242424242424242	0.09921287339431863
6.8686868686868685	4.343434343434343	0.09651505276234872
6.8686868686868685	4.444444444444445	0.09398361383014794
6.8686868686868685	4.545454545454546	0.09161770896894714
6.8686868686868685	4.646464646464646	0.0894158688898568
6.8686868686868685	4.747474747474747	0.08737606219332424
6.8686868686868685	4.848484848484849	0.08549575340030915
6.8686868686868685	4.94949494949495	0.08377195908200163
6.8686868686868685	5.05050505050505	0.08220130177398918
6.8686868686868685	5.151515151515151	0.08078006142808095
6.8686868686868685	5.252525252525253	0.07950422421245901
6.8686868686868685	5.353535353535354	0.07836952852372531
6.8686868686868685	5.454545454545454	0.07737150812205174
6.8686868686868685	5.555555555555555	0.07650553234080301
6.8686868686868685	5.656565656565657	0.07576684335969126
6.8686868686868685	5.757575757575758	0.07515059056120242
6.8686868686868685	5.858585858585859	0.07465186201598852
6.8686868686868685	5.959595959595959	0.07426571316747761
6.8686868686868685	6.0606060606060606	0.07398719280352194
6.8686868686868685	6.161616161616162	0.07381136641664643
6.8686868686868685	6.262626262626263	0.0737333370698523
6.8686868686868685	6.363636363636363	0.07374826389079864
6.8686868686868685	6.4646464646464645	0.07385137832532263
6.8686868686868685	6.565656565656566	0.0740379982851239
6.8686868686868685	6.666666666666667	0.07430354032588003
6.8686868686868685	6.767676767676767	0.07464352999489192
6.8686868686868685	6.8686868686868685	0.0750536104817129
6.8686868686868685	6.96969696969697	0.07552954970913059
6.8686868686868685	7.070707070707071	0.0760672459912418
6.8686868686868685	7.171717171717172	0.07666273238910495
6.8686868686868685	7.2727272727272725	0.07731217988085495
6.8686868686868685	7.373737373737374	0.07801189946526275
6.8686868686868685	7.474747474747475	0.07875834330712127
6.8686868686868685	7.575757575757576	0.07954810502753279
6.8686868686868685	7.6767676767676765	0.08037791923808277
6.8686868686868685	7.777777777777778	0.08124466040699799
6.8686868686868685	7.878787878787879	0.08214534114388168
6.8686868686868685	7.97979797979798	0.08307710997973643
6.8686868686868685	8.080808080808081	0.08403724871369617
6.8686868686868685	8.181818181818182	0.08502316939280717
6.8686868686868685	8.282828282828282	0.08603241098419512
6.8686868686868685	8.383838383838384	0.08706263579325897
6.8686868686868685	8.484848484848484	0.08811162567775309
6.8686868686868685	8.585858585858587	0.08917727810042833
6.8686868686868685	8.686868686868687	0.0902576020602936
6.8686868686868685	8.787878787878787	0.09135071393562037
6.8686868686868685	8.88888888888889	0.09245483327080246
6.8686868686868685	8.98989898989899	0.09356827853288761
6.8686868686868685	9.090909090909092	0.09468946285965565
6.8686868686868685	9.191919191919192	0.09581688982138149
6.8686868686868685	9.292929292929292	0.09694914921132249
6.8686868686868685	9.393939393939394	0.09808491287880533
6.8686868686868685	9.494949494949495	0.09922293061776014
6.8686868686868685	9.595959595959595	0.1003620261193787
6.8686868686868685	9.696969696969697	0.101501092996365
6.8686868686868685	9.797979797979798	0.10130590146588736
6.8686868686868685	9.8989898989899	0.09879237003388354
6.8686868686868685	10.0	0.09634172638296513
6.96969696969697	0.0	0.0
6.96969696969697	0.10101010101010101	0.00010705371461294482
6.96969696969697	0.20202020202020202	0.0004279185539536513
6.96969696969697	0.30303030303030304	0.0009617078111283699
6.96969696969697	0.40404040404040403	0.0017069509646371358
6.96969696969697	0.5050505050505051	0.002661604552301078
6.96969696969697	0.6060606060606061	0.0038230671757329845
6.96969696969697	0.7070707070707071	0.005188198421955556
6.96969696969697	0.8080808080808081	0.006753341436098945
6.96969696969697	0.9090909090909091	0.00851434883431998
6.96969696969697	1.0101010101010102	0.01046661160258101
6.96969696969697	1.1111111111111112	0.012605090599577288
6.96969696969697	1.2121212121212122	0.014924350254479532
6.96969696969697	1.3131313131313131	0.017418594035455967
6.96969696969697	1.4141414141414141	0.020081701258316396
6.96969696969697	1.5151515151515151	0.022907264804302607
6.96969696969697	1.6161616161616161	0.025888629325160378
6.96969696969697	1.7171717171717171	0.02901892952878479
6.96969696969697	1.8181818181818181	0.03229112816100827
6.96969696969697	1.9191919191919191	0.035698053325081004
6.96969696969697	2.0202020202020203	0.0392324348148431
6.96969696969697	2.121212121212121	0.04288693916917841
6.96969696969697	2.2222222222222223	0.04665420319631406
6.96969696969697	2.323232323232323	0.050526865753150775
6.96969696969697	2.4242424242424243	0.054497597604353264
6.96969696969697	2.525252525252525	0.05855912922693854
6.96969696969697	2.6262626262626263	0.06270427645993801
6.96969696969697	2.727272727272727	0.06692596393923961
6.96969696969697	2.8282828282828283	0.07121724628422221
6.96969696969697	2.9292929292929295	0.0755713270414522
6.96969696969697	3.0303030303030303	0.07998157540855654
6.96969696969697	3.1313131313131315	0.08444154079344975
6.96969696969697	3.2323232323232323	0.08894496527774207
6.96969696969697	3.3333333333333335	0.09348579407313737
6.96969696969697	3.4343434343434343	0.09805818407275156
6.96969696969697	3.5353535353535355	0.10265651060793934
6.96969696969697	3.6363636363636362	0.10727537253044994
6.96969696969697	3.7373737373737375	0.11190959574206076
6.96969696969697	3.8383838383838382	0.11354185922639293
6.96969696969697	3.9393939393939394	0.11014309116656058
6.96969696969697	4.040404040404041	0.10690042567099566
6.96969696969697	4.141414141414141	0.10381652224738108
6.96969696969697	4.242424242424242	0.10089319161970818
6.96969696969697	4.343434343434343	0.09813145078976707
6.96969696969697	4.444444444444445	0.09553157934534628
6.96969696969697	4.545454545454546	0.09309317629756649
6.96969696969697	4.646464646464646	0.09081521681711462
6.96969696969697	4.747474747474747	0.08869610832461289
6.96969696969697	4.848484848484849	0.08673374546673605
6.96969696969697	4.94949494949495	0.08492556358412282
6.96969696969697	5.05050505050505	0.08326859034374659
6.96969696969697	5.151515151515151	0.08175949527078058
6.96969696969697	5.252525252525253	0.08039463697064135
6.96969696969697	5.353535353535354	0.07917010788421826
6.96969696969697	5.454545454545454	0.07808177646202534
6.96969696969697	5.555555555555555	0.07712532668811733
6.96969696969697	5.656565656565657	0.07629629491510186
6.96969696969697	5.757575757575758	0.07559010400898912
6.96969696969697	5.858585858585859	0.07500209482345307
6.96969696969697	5.959595959595959	0.07452755505185135
6.96969696969697	6.0606060606060606	0.07416174552120502
6.96969696969697	6.161616161616162	0.07389992401024845
6.96969696969697	6.262626262626263	0.07373736668570378
6.96969696969697	6.363636363636363	0.07366938726319187
6.96969696969697	6.4646464646464645	0.07369135400446833
6.96969696969697	6.565656565656566	0.07379870466973631
6.96969696969697	6.666666666666667	0.07398695954780121
6.96969696969697	6.767676767676767	0.0742517326875755
6.96969696969697	6.8686868686868685	0.0745887414543137
6.96969696969697	6.96969696969697	0.07499381453589135
6.96969696969697	7.070707070707071	0.07546289851790644
6.96969696969697	7.171717171717172	0.07599206314729313
6.96969696969697	7.2727272727272725	0.07657750539772779
6.96969696969697	7.373737373737374	0.07721555244731318
6.96969696969697	7.474747474747475	0.07790266367281516
6.96969696969697	7.575757575757576	0.07863543175997358
6.96969696969697	7.6767676767676765	0.07941058302420075
6.96969696969697	7.777777777777778	0.08022497703066332
6.96969696969697	7.878787878787879	0.08107560559408164
6.96969696969697	7.97979797979798	0.0819595912379241
6.96969696969697	8.080808080808081	0.0828741851816618
6.96969696969697	8.181818181818182	0.0838167649234904
6.96969696969697	8.282828282828282	0.08478483147697423
6.96969696969697	8.383838383838384	0.08577600631778715
6.96969696969697	8.484848484848484	0.08678802808935727
6.96969696969697	8.585858585858587	0.08781874911332113
6.96969696969697	8.686868686868687	0.0888661317445088
6.96969696969697	8.787878787878787	0.0899282446068985
6.96969696969697	8.88888888888889	0.09100325874311953
6.96969696969697	8.98989898989899	0.0920894437053959
6.96969696969697	9.090909090909092	0.0931851636125553
6.96969696969697	9.191919191919192	0.09428887319563295
6.96969696969697	9.292929292929292	0.09539911385029219
6.96969696969697	9.393939393939394	0.09651450971164229
6.96969696969697	9.494949494949495	0.09763376376511856
6.96969696969697	9.595959595959595	0.09875565400507091
6.96969696969697	9.696969696969697	0.0998790296496727
6.96969696969697	9.797979797979798	0.10100280741799082
6.96969696969697	9.8989898989899	0.1021259678791275
6.96969696969697	10.0	0.09986791918039545
7.070707070707071	0.0	0.0
7.070707070707071	0.10101010101010101	0.00010396618427442797
7.070707070707071	0.20202020202020202	0.0004155857515091198
7.070707070707071	0.30303030303030304	0.0009340237576491268
7.070707070707071	0.40404040404040403	0.0016578953097521189
7.070707070707071	0.5050505050505051	0.0025852754887714506
7.070707070707071	0.6060606060606061	0.0037137130472924933
7.070707070707071	0.7070707070707071	0.005040247693544661
7.070707070707071	0.8080808080808081	0.006561430726323666
7.070707070707071	0.9090909090909091	0.008273348743013772
7.070707070707071	1.0101010101010102	0.010171650109534512
7.070707070707071	1.1111111111111112	0.012251573847959628
7.070707070707071	1.2121212121212122	0.014507980580117623
7.070707070707071	1.3131313131313131	0.016935385147208225
7.070707070707071	1.4141414141414141	0.019527990518533593
7.070707070707071	1.5151515151515151	0.022279722603759003
7.070707070707071	1.6161616161616161	0.025184265586278926
7.070707070707071	1.7171717171717171	0.028235097411355225
7.070707070707071	1.8181818181818181	0.03142552507763925
7.070707070707071	1.9191919191919191	0.03474871940592687
7.070707070707071	2.0202020202020203	0.03819774898530012
7.070707070707071	2.121212121212121	0.041765613027479345
7.070707070707071	2.2222222222222223	0.04544527289197309
7.070707070707071	2.323232323232323	0.04922968208038931
7.070707070707071	2.4242424242424243	0.05311181453110514
7.070707070707071	2.525252525252525	0.05708469108159548
7.070707070707071	2.6262626262626263	0.06114140399703849
7.070707070707071	2.727272727272727	0.06527513949928512
7.070707070707071	2.8282828282828283	0.06947919825673526
7.070707070707071	2.9292929292929295	0.07374701382570725
7.070707070707071	3.0303030303030303	0.07807216905799412
7.070707070707071	3.1313131313131315	0.08244841051208406
7.070707070707071	3.2323232323232323	0.08686966092150802
7.070707070707071	3.3333333333333335	0.09133002979650676
7.070707070707071	3.4343434343434343	0.0958238222397492
7.070707070707071	3.5353535353535355	0.10034554607447309
7.070707070707071	3.6363636363636362	0.10488991738681283
7.070707070707071	3.7373737373737375	0.10945186459108118
7.070707070707071	3.8383838383838382	0.11402653112925293
7.070707070707071	3.9393939393939394	0.11198318629708129
7.070707070707071	4.040404040404041	0.10869759293702995
7.070707070707071	4.141414141414141	0.10556494607492597
7.070707070707071	4.242424242424242	0.10258745261864417
7.070707070707071	4.343434343434343	0.09976653849557977
7.070707070707071	4.444444444444445	0.09710290044470901
7.070707070707071	4.545454545454546	0.09459655869370252
7.070707070707071	4.646464646464646	0.09224690990277488
7.070707070707071	4.747474747474747	0.09005277983238119
7.070707070707071	4.848484848484849	0.0880124752664475
7.070707070707071	4.94949494949495	0.08612383479004732
7.070707070707071	5.05050505050505	0.08438427808394115
7.070707070707071	5.151515151515151	0.0827908534577318
7.070707070707071	5.252525252525253	0.0813402833958762
7.070707070707071	5.353535353535354	0.08002900794116134
7.070707070707071	5.454545454545454	0.07885322578249596
7.070707070707071	5.555555555555555	0.07780893295617615
7.070707070707071	5.656565656565657	0.07689195910115282
7.070707070707071	5.757575757575758	0.07609800124527227
7.070707070707071	5.858585858585859	0.07542265512053804
7.070707070707071	5.959595959595959	0.07486144403496914
7.070707070707071	6.0606060606060606	0.07440984534337182
7.070707070707071	6.161616161616162	0.07406331458108086
7.070707070707071	6.262626262626263	0.07381730733442654
7.070707070707071	6.363636363636363	0.07366729893740083
7.070707070707071	6.4646464646464645	0.07360880208799432
7.070707070707071	6.565656565656566	0.07363738248991741
7.070707070707071	6.666666666666667	0.07374867262482189
7.070707070707071	6.767676767676767	0.0739383837681096
7.070707070707071	6.8686868686868685	0.07420231635865827
7.070707070707071	6.96969696969697	0.07453636883657684
7.070707070707071	7.070707070707071	0.0749365450589461
7.070707070707071	7.171717171717172	0.07539896040542968
7.070707070707071	7.2727272727272725	0.07591984667798367
7.070707070707071	7.373737373737374	0.0764955559007538
7.070707070707071	7.474747474747475	0.07712256311693533
7.070707070707071	7.575757575757576	0.07779746828063766
7.070707070707071	7.6767676767676765	0.0785169973320884
7.070707070707071	7.777777777777778	0.07927800254215737
7.070707070707071	7.878787878787879	0.08007746220718888
7.070707070707071	7.97979797979798	0.0809124797680742
7.070707070707071	8.080808080808081	0.08178028242588004
7.070707070707071	8.181818181818182	0.08267821931604957
7.070707070707071	8.282828282828282	0.08360375930420781
7.070707070707071	8.383838383838384	0.08455448845640033
7.070707070707071	8.484848484848484	0.08552810723536944
7.070707070707071	8.585858585858587	0.0865224274684252
7.070707070707071	8.686868686868687	0.08753536912822543
7.070707070707071	8.787878787878787	0.08856495696478185
7.070707070707071	8.88888888888889	0.08960931702084755
7.070707070707071	8.98989898989899	0.09066667306199322
7.070707070707071	9.090909090909092	0.09173534294742863
7.070707070707071	9.191919191919192	0.09281373496395953
7.070707070707071	9.292929292929292	0.09390034414565364
7.070707070707071	9.393939393939394	0.09499374859345952
7.070707070707071	9.494949494949495	0.09609260581441714
7.070707070707071	9.595959595959595	0.09719564908829344
7.070707070707071	9.696969696969697	0.0983016838763696
7.070707070707071	9.797979797979798	0.0994095842788609
7.070707070707071	9.8989898989899	0.10051828954883
7.070707070707071	10.0	0.1016268006685999
7.171717171717172	0.0	0.0
7.171717171717172	0.10101010101010101	0.00010101068911913634
7.171717171717172	0.20202020202020202	0.0004037798402723696
7.171717171717172	0.30303030303030304	0.0009075205434100933
7.171717171717172	0.40404040404040403	0.001610927384103337
7.171717171717172	0.5050505050505051	0.0025121855105146823
7.171717171717172	0.6060606060606061	0.0036089831548656187
7.171717171717172	0.7070707070707071	0.004898527442136534
7.171717171717172	0.8080808080808081	0.006377563276932804
7.171717171717172	0.9090909090909091	0.008042395062554553
7.171717171717172	1.0101010101010102	0.009888910972886536
7.171717171717172	1.1111111111111112	0.011912609473489497
7.171717171717172	1.2121212121212122	0.014108627766191295
7.171717171717172	1.3131313131313131	0.016471771818643902
7.171717171717172	1.4141414141414141	0.018996547630636552
7.171717171717172	1.5151515151515151	0.02167719339193346
7.171717171717172	1.6161616161616161	0.024507712184373583
7.171717171717172	1.7171717171717171	0.027481904897557266
7.171717171717172	1.8181818181818181	0.030593403038197114
7.171717171717172	1.9191919191919191	0.03383570113485376
7.171717171717172	2.0202020202020203	0.037202188461773776
7.171717171717172	2.121212121212121	0.040686179833155776
7.171717171717172	2.2222222222222223	0.044280945246258224
7.171717171717172	2.323232323232323	0.047979738181007536
7.171717171717172	2.4242424242424243	0.05177582239841606
7.171717171717172	2.525252525252525	0.055662497103711926
7.171717171717172	2.6262626262626263	0.05963312037709116
7.171717171717172	2.727272727272727	0.06368113079921758
7.171717171717172	2.8282828282828283	0.06780006722722254
7.171717171717172	2.9292929292929295	0.07198358670412941
7.171717171717172	3.0303030303030303	0.0762254805025295
7.171717171717172	3.1313131313131315	0.08051968833135083
7.171717171717172	3.2323232323232323	0.08486031074438141
7.171717171717172	3.3333333333333335	0.08924161981122798
7.171717171717172	3.4343434343434343	0.09365806812113665
7.171717171717172	3.5353535353535355	0.09810429619848704
7.171717171717172	3.6363636363636362	0.10257513842401263
7.171717171717172	3.7373737373737375	0.107065627549464
7.171717171717172	3.8383838383838382	0.11157099791093147
7.171717171717172	3.9393939393939394	0.11382008295818573
7.171717171717172	4.040404040404041	0.1104961554390691
7.171717171717172	4.141414141414141	0.10731938618089251
7.171717171717172	4.242424242424242	0.10429234725825302
7.171717171717172	4.343434343434343	0.10141684431330107
7.171717171717172	4.444444444444445	0.09869396400855003
7.171717171717172	4.545454545454546	0.09612412267787183
7.171717171717172	4.646464646464646	0.09370711557121425
7.171717171717172	4.747474747474747	0.09144216615592249
7.171717171717172	4.848484848484849	0.08932797501071699
7.171717171717172	4.94949494949495	0.08736276790581209
7.171717171717172	5.05050505050505	0.08554434272616368
7.171717171717172	5.151515151515151	0.08387011494884145
7.171717171717172	5.252525252525253	0.08233716143710708
7.171717171717172	5.353535353535354	0.08094226235921852
7.171717171717172	5.454545454545454	0.0796819410834254
7.171717171717172	5.555555555555555	0.07855250193976293
7.171717171717172	5.656565656565657	0.07755006577161597
7.171717171717172	5.757575757575758	0.07667060323254966
7.171717171717172	5.858585858585859	0.07590996581070805
7.171717171717172	5.959595959595959	0.07526391458460009
7.171717171717172	6.0606060606060606	0.07472814673911227
7.171717171717172	6.161616161616162	0.07429831988191293
7.171717171717172	6.262626262626263	0.07397007422140205
7.171717171717172	6.363636363636363	0.07373905267461474
7.171717171717172	6.4646464646464645	0.07360091898607601
7.171717171717172	6.565656565656566	0.07355137394576977
7.171717171717172	6.666666666666667	0.07358616979988741
7.171717171717172	6.767676767676767	0.07370112295191927
7.171717171717172	6.8686868686868685	0.07389212505591634
7.171717171717172	6.96969696969697	0.07415515260193861
7.171717171717172	7.070707070707071	0.07448627509807247
7.171717171717172	7.171717171717172	0.07488166194780335
7.171717171717172	7.2727272727272725	0.07533758812463509
7.171717171717172	7.373737373737374	0.07585043873788759
7.171717171717172	7.474747474747475	0.076416712586896
7.171717171717172	7.575757575757576	0.0770330247913069
7.171717171717172	7.6767676767676765	0.0776961085851813
7.171717171717172	7.777777777777778	0.07840281635672307
7.171717171717172	7.878787878787879	0.07915012001179339
7.171717171717172	7.97979797979798	0.07993511073387122
7.171717171717172	8.080808080808081	0.08075499820988062
7.171717171717172	8.181818181818182	0.0816071093848144
7.171717171717172	8.282828282828282	0.08248888680638207
7.171717171717172	8.383838383838384	0.08339788661250766
7.171717171717172	8.484848484848484	0.0843317762144069
7.171717171717172	8.585858585858587	0.08528833172004391
7.171717171717172	8.686868686868687	0.08626543514057401
7.171717171717172	8.787878787878787	0.08726107141952484
7.171717171717172	8.88888888888889	0.08827332531725973
7.171717171717172	8.98989898989899	0.08930037818345395
7.171717171717172	9.090909090909092	0.09034050464488078
7.171717171717172	9.191919191919192	0.09139206923287392
7.171717171717172	9.292929292929292	0.09245352297386147
7.171717171717172	9.393939393939394	0.09352339996002189
7.171717171717172	9.494949494949495	0.09460031391795992
7.171717171717172	9.595959595959595	0.09568295478985751
7.171717171717172	9.696969696969697	0.09677008533836984
7.171717171717172	9.797979797979798	0.09786053778700164
7.171717171717172	9.8989898989899	0.09895321050237724
7.171717171717172	10.0	0.1000470647273174
7.2727272727272725	0.0	0.0
7.2727272727272725	0.10101010101010101	9.817979808590808e-5
7.2727272727272725	0.20202020202020202	0.00039247120286076153
7.2727272727272725	0.30303030303030304	0.0008821319269440159
7.2727272727272725	0.40404040404040403	0.0015659304063882244
7.2727272727272725	0.5050505050505051	0.0024421540964079114
7.2727272727272725	0.6060606060606061	0.003508620932363998
7.2727272727272725	0.7070707070707071	0.004762693807453856
7.2727272727272725	0.8080808080808081	0.006201297881316929
7.2727272727272725	0.9090909090909091	0.00782094049996683
7.2727272727272725	1.0101010101010102	0.009617733479075862
7.2727272727272725	1.1111111111111112	0.0115874174787847
7.2727272727272725	1.2121212121212122	0.013725388178717863
7.2727272727272725	1.3131313131313131	0.01602672395023641
7.2727272727272725	1.4141414141414141	0.018486214713974342
7.2727272727272725	1.5151515151515151	0.021098391668516826
7.2727272727272725	1.6161616161616161	0.023857557580863532
7.2727272727272725	1.7171717171717171	0.0267578173360838
7.2727272727272725	1.8181818181818181	0.02979310845461227
7.2727272727272725	1.9191919191919191	0.03295723130660781
7.2727272727272725	2.0202020202020203	0.036243878767181575
7.2727272727272725	2.121212121212121	0.039646665083305874
7.2727272727272725	2.2222222222222223	0.043159153745124225
7.2727272727272725	2.323232323232323	0.046774884182049815
7.2727272727272725	2.4242424242424243	0.050487397130577594
7.2727272727272725	2.525252525252525	0.0542902585469994
7.2727272727272725	2.6262626262626263	0.05817708196621704
7.2727272727272725	2.727272727272727	0.06214154923330695
7.2727272727272725	2.8282828282828283	0.06617742955839645
7.2727272727272725	2.9292929292929295	0.07027859686944778
7.2727272727272725	3.0303030303030303	0.0744390454593947
7.2727272727272725	3.1313131313131315	0.07865290393905153
7.2727272727272725	3.2323232323232323	0.08291444753170911
7.2727272727272725	3.3333333333333335	0.08721810874985088
7.2727272727272725	3.4343434343434343	0.09155848651857146
7.2727272727272725	3.5353535353535355	0.09593035380713937
7.2727272727272725	3.6363636363636362	0.10032866385231164
7.2727272727272725	3.7373737373737375	0.10474855505027159
7.2727272727272725	3.8383838383838382	0.10918535460660772
7.2727272727272725	3.9393939393939394	0.11363458103414778
7.2727272727272725	4.040404040404041	0.1122934351661895
7.2727272727272725	4.141414141414141	0.10907696294076516
7.2727272727272725	4.242424242424242	0.10600481182160397
7.2727272727272725	4.343434343434343	0.10307913889440609
7.2727272727272725	4.444444444444445	0.10030139420114537
7.2727272727272725	4.545454545454546	0.0976723655106515
7.2727272727272725	4.646464646464646	0.09519222397118254
7.2727272727272725	4.747474747474747	0.09286057012021251
7.2727272727272725	4.848484848484849	0.09067647978818505
7.2727272727272725	4.94949494949495	0.08863854949344169
7.2727272727272725	5.05050505050505	0.08674494098059041
7.2727272727272725	5.151515151515151	0.08499342460527179
7.2727272727272725	5.252525252525253	0.08338142131914966
7.2727272727272725	5.353535353535354	0.08190604305090478
7.2727272727272725	5.454545454545454	0.08056413132118098
7.2727272727272725	5.555555555555555	0.07935229396583807
7.2727272727272725	5.656565656565657	0.07826693987580678
7.2727272727272725	5.757575757575758	0.07730431169146491
7.2727272727272725	5.858585858585859	0.07646051641620244
7.2727272727272725	5.959595959595959	0.0757315539366059
7.2727272727272725	6.0606060606060606	0.075113343460503
7.2727272727272725	6.161616161616162	0.07460174789658536
7.2727272727272725	6.262626262626263	0.07419259622021979
7.2727272727272725	6.363636363636363	0.07388170387670626
7.2727272727272725	6.4646464646464645	0.0736648912920337
7.2727272727272725	6.565656565656566	0.07353800056067107
7.2727272727272725	6.666666666666667	0.07349691039326778
7.2727272727272725	6.767676767676767	0.07353754940935064
7.2727272727272725	6.8686868686868685	0.07365590786424517
7.2727272727272725	6.96969696969697	0.07384804790229796
7.2727272727272725	7.070707070707071	0.07411011242846562
7.2727272727272725	7.171717171717172	0.07443833268971069
7.2727272727272725	7.2727272727272725	0.07482903466137619
7.2727272727272725	7.373737373737374	0.07527864432601909
7.2727272727272725	7.474747474747475	0.07578369193254667
7.2727272727272725	7.575757575757576	0.0763408153230513
7.2727272727272725	7.6767676767676765	0.07694676240783509
7.2727272727272725	7.777777777777778	0.07759839286778632
7.2727272727272725	7.878787878787879	0.07829267915901097
7.2727272727272725	7.97979797979798	0.0790267068897745
7.2727272727272725	8.080808080808081	0.07979767463840982
7.2727272727272725	8.181818181818182	0.08060289327310104
7.2727272727272725	8.282828282828282	0.08143978483251807
7.2727272727272725	8.383838383838384	0.08230588102320417
7.2727272727272725	8.484848484848484	0.08319882138228081
7.2727272727272725	8.585858585858587	0.0841163511525992
7.2727272727272725	8.686868686868687	0.08505631891410716
7.2727272727272725	8.787878787878787	0.08601667400841675
7.2727272727272725	8.88888888888889	0.08699546379414809
7.2727272727272725	8.98989898989899	0.08799083076420035
7.2727272727272725	9.090909090909092	0.08900100955275946
7.2727272727272725	9.191919191919192	0.09002432386125614
7.2727272727272725	9.292929292929292	0.09105918332220979
7.2727272727272725	9.393939393939394	0.09210408032492444
7.2727272727272725	9.494949494949495	0.09315758681914647
7.2727272727272725	9.595959595959595	0.0942183511132546
7.2727272727272725	9.696969696969697	0.09528509468002855
7.2727272727272725	9.797979797979798	0.09635660898090513
7.2727272727272725	9.8989898989899	0.09743175232240445
7.2727272727272725	10.0	0.09850944674601635
7.373737373737374	0.0	0.0
7.373737373737374	0.10101010101010101	9.54665955759604e-5
7.373737373737374	0.20202020202020202	0.00038163227262948086
7.373737373737374	0.30303030303030304	0.0008577962416440373
7.373737373737374	0.40404040404040403	0.0015227956326099446
7.373737373737374	0.5050505050505051	0.0023750130940254923
7.373737373737374	0.6060606060606061	0.003412387297072489
7.373737373737374	0.7070707070707071	0.004632426210074665
7.373737373737374	0.8080808080808081	0.006032222980498233
7.373737373737374	0.9090909090909091	0.007608474225825411
7.373737373737374	1.0101010101010102	0.009357500514605564
7.373737373737374	1.1111111111111112	0.011275268792771955
7.373737373737374	1.2121212121212122	0.013357416494966773
7.373737373737374	1.3131313131313131	0.015599277070028731
7.373737373737374	1.4141414141414141	0.01799590663751995
7.373737373737374	1.5151515151515151	0.020542111496048808
7.373737373737374	1.6161616161616161	0.023232476198937528
7.373737373737374	1.7171717171717171	0.026061391926468218
7.373737373737374	1.8181818181818181	0.02902308488772538
7.373737373737374	1.9191919191919191	0.032111644503767946
7.373737373737374	2.0202020202020203	0.03532105113792794
7.373737373737374	2.121212121212121	0.03864520316022786
7.373737373737374	2.2222222222222223	0.042077943153397926
7.373737373737374	2.323232323232323	0.04561308309171103
7.373737373737374	2.4242424242424243	0.049244428345689525
7.373737373737374	2.525252525252525	0.05296580039327826
7.373737373737374	2.6262626262626263	0.05677105813766871
7.373737373737374	2.727272727272727	0.060654117759261605
7.373737373737374	2.8282828282828283	0.06460897104772423
7.373737373737374	2.9292929292929295	0.06862970218472947
7.373737373737374	3.0303030303030303	0.07271050296473067
7.373737373737374	3.1313131313131315	0.07684568645938795
7.373737373737374	3.2323232323232323	0.08102969914853847
7.373737373737374	3.3333333333333335	0.08525713155236704
7.373737373737374	3.4343434343434343	0.08952272741161768
7.373737373737374	3.5353535353535355	0.09382139147488287
7.373737373737374	3.6363636363636362	0.09814819595698743
7.373737373737374	3.7373737373737375	0.10249838573933823
7.373737373737374	3.8383838383838382	0.1068673823909468
7.373737373737374	3.9393939393939394	0.11125078708668953
7.373737373737374	4.040404040404041	0.1140869854611518
7.373737373737374	4.141414141414141	0.11083502975132954
7.373737373737374	4.242424242424242	0.1077220154567343
7.373737373737374	4.343434343434343	0.10475042384624267
7.373737373737374	4.444444444444445	0.10192204257078194
7.373737373737374	4.545454545454546	0.09923800670804768
7.373737373737374	4.646464646464646	0.0966988409418664
7.373737373737374	4.747474747474747	0.09430450236615118
7.373737373737374	4.848484848484849	0.09205442345543166
7.373737373737374	4.94949494949495	0.08994755480264287
7.373737373737374	5.05050505050505	0.08798240727512746
7.373737373737374	5.151515151515151	0.086157093288217
7.373737373737374	5.252525252525253	0.0844693669417614
7.373737373737374	5.353535353535354	0.0829166628082134
7.373737373737374	5.454545454545454	0.08149613319621107
7.373737373737374	5.555555555555555	0.08020468375443698
7.373737373737374	5.656565656565657	0.07903900730710539
7.373737373737374	5.757575757575758	0.07799561584651557
7.373737373737374	5.858585858585859	0.07707087063150353
7.373737373737374	5.959595959595959	0.07626101036439989
7.373737373737374	6.0606060606060606	0.07556217743979209
7.373737373737374	6.161616161616162	0.07497044227791827
7.373737373737374	6.262626262626263	0.07448182576711683
7.373737373737374	6.363636363636363	0.07409231985778846
7.373737373737374	6.4646464646464645	0.07379790635780599
7.373737373737374	6.565656565656566	0.07359457399038287
7.373737373737374	6.666666666666667	0.07347833378302679
7.373737373737374	6.767676767676767	0.07344523285997512
7.373737373737374	6.8686868686868685	0.07349136671834196
7.373737373737374	6.96969696969697	0.07361289006751191
7.373737373737374	7.070707070707071	0.07380602631688016
7.373737373737374	7.171717171717172	0.07406707579437884
7.373737373737374	7.2727272727272725	0.07439242278177811
7.373737373737374	7.373737373737374	0.07477854144876551
7.373737373737374	7.474747474747475	0.07522200076902869
7.373737373737374	7.575757575757576	0.07571946849736208
7.373737373737374	7.6767676767676765	0.07626771428657379
7.373737373737374	7.777777777777778	0.0768636120171645
7.373737373737374	7.878787878787879	0.07750414141380067
7.373737373737374	7.97979797979798	0.07818638901430426
7.373737373737374	8.080808080808081	0.07890754855722151
7.373737373737374	8.181818181818182	0.07966492084973795
7.373737373737374	8.282828282828282	0.08045591317083668
7.373737373737374	8.383838383838384	0.08127803826645066
7.373737373737374	8.484848484848484	0.08212891298365367
7.373737373737374	8.585858585858587	0.08300625659236961
7.373737373737374	8.686868686868687	0.08390788883658809
7.373737373737374	8.787878787878787	0.08483172775385645
7.373737373737374	8.88888888888889	0.0857757873001243
7.373737373737374	8.98989898989899	0.08673817481258003
7.373737373737374	9.090909090909092	0.0877170883387246
7.373737373737374	9.191919191919192	0.08871081386166015
7.373737373737374	9.292929292929292	0.08971772244237046
7.373737373737374	9.393939393939394	0.09073626730294067
7.373737373737374	9.494949494949495	0.09176498086935957
7.373737373737374	9.595959595959595	0.09280247178999504
7.373737373737374	9.696969696969697	0.09384742194569828
7.373737373737374	9.797979797979798	0.09489858346382939
7.373737373737374	9.8989898989899	0.09595477574693291
7.373737373737374	10.0	0.09701488252725465
7.474747474747475	0.0	0.0
7.474747474747475	0.10101010101010101	9.286463880905968e-5
7.474747474747475	0.20202020202020202	0.00037123736550394884
7.474747474747475	0.30303030303030304	0.0008344560230911235
7.474747474747475	0.40404040404040403	0.0014814217041602149
7.474747474747475	0.5050505050505051	0.002310605721774048
7.474747474747475	0.6060606060606061	0.0033200592474073925
7.474747474747475	0.7070707070707071	0.00450742549780514
7.474747474747475	0.8080808080808081	0.005869954324013765
7.474747474747475	0.9090909090909091	0.007404519026712254
7.474747474747475	1.0101010101010102	0.009107635200899975
7.474747474747475	1.1111111111111112	0.010975481391337485
7.474747474747475	1.2121212121212122	0.01300392132624288
7.474747474747475	1.3131313131313131	0.015188527483661039
7.474747474747475	1.4141414141414141	0.01752460573850018
7.474747474747475	1.5151515151515151	0.0200072208347458
7.474747474747475	1.6161616161616161	0.022631222429963863
7.474747474747475	1.7171717171717171	0.025391271461076212
7.474747474747475	1.8181818181818181	0.028281866592088353
7.474747474747475	1.9191919191919191	0.03129737051485421
7.474747474747475	2.0202020202020203	0.0344320358874278
7.474747474747475	2.121212121212121	0.03768003071411087
7.474747474747475	2.2222222222222223	0.04103546298653142
7.474747474747475	2.323232323232323	0.044492404428156586
7.474747474747475	2.4242424242424243	0.04804491320447564
7.474747474747475	2.525252525252525	0.051687055480351185
7.474747474747475	2.6262626262626263	0.05541292573189032
7.474747474747475	2.727272727272727	0.059216665735969294
7.474747474747475	2.8282828282828283	0.0630924821856002
7.474747474747475	2.9292929292929295	0.06703466289174156
7.474747474747475	3.0303030303030303	0.07103759155980369
7.474747474747475	3.1313131313131315	0.07509576113477498
7.474747474747475	3.2323232323232323	0.07920378573082153
7.474747474747475	3.3333333333333335	0.08335641117118484
7.474747474747475	3.4343434343434343	0.08754852417821156
7.474747474747475	3.5353535353535355	0.09177516025691126
7.474747474747475	3.6363636363636362	0.09603151033181657
7.474747474747475	3.7373737373737375	0.10031292619732146
7.474747474747475	3.8383838383838382	0.10461492484491373
7.474747474747475	3.9393939393939394	0.10893319174412519
7.474747474747475	4.040404040404041	0.11326358314255285
7.474747474747475	4.141414141414141	0.1125911596022452
7.474747474747475	4.242424242424242	0.10944134778212433
7.474747474747475	4.343434343434343	0.10642792046923168
7.474747474747475	4.444444444444445	0.10355297799863838
7.474747474747475	4.545454545454546	0.10081797926272569
7.474747474747475	4.646464646464646	0.09822378054664001
7.474747474747475	4.747474747474747	0.09577067522263154
7.474747474747475	4.848484848484849	0.09345843385628483
7.474747474747475	4.94949494949495	0.09128634432924485
7.474747474747475	5.05050505050505	0.0892532516308964
7.474747474747475	5.151515151515151	0.08735759701674561
7.474747474747475	5.252525252525253	0.08559745627448982
7.474747474747475	5.353535353535354	0.08397057687786584
7.474747474747475	5.454545454545454	0.08247441384592852
7.474747474747475	5.555555555555555	0.08110616415881161
7.474747474747475	5.656565656565657	0.07986279961333076
7.474747474747475	5.757575757575758	0.07874109802827378
7.474747474747475	5.858585858585859	0.07773767273597613
7.474747474747475	5.959595959595959	0.07684900031936817
7.474747474747475	6.0606060606060606	0.07607144657479185
7.474747474747475	6.161616161616162	0.075401290696455
7.474747474747475	6.262626262626263	0.07483474769699329
7.474747474747475	6.363636363636363	0.07436798909102675
7.474747474747475	6.4646464646464645	0.07399716187890837
7.474747474747475	6.565656565656566	0.07371840587999928
7.474747474747475	6.666666666666667	0.07352786947099917
7.474747474747475	6.767676767676767	0.07342172379202118
7.474747474747475	6.8686868686868685	0.0733961754885322
7.474747474747475	6.96969696969697	0.073447478060448
7.474747474747475	7.070707070707071	0.07357194189303427
7.474747474747475	7.171717171717172	0.07376594304564069
7.474747474747475	7.2727272727272725	0.07402593087367469
7.474747474747475	7.373737373737374	0.07434843456287059
7.474747474747475	7.474747474747475	0.07473006865024519
7.474747474747475	7.575757575757576	0.07516753760570298
7.474747474747475	7.6767676767676765	0.07565763954985283
7.474747474747475	7.777777777777778	0.07619726917550945
7.474747474747475	7.878787878787879	0.0767834199437793
7.474747474747475	7.97979797979798	0.0774131856172308
7.474747474747475	8.080808080808081	0.07808376119545922
7.474747474747475	8.181818181818182	0.07879244330966702
7.474747474747475	8.282828282828282	0.07953663013323913
7.474747474747475	8.383838383838384	0.08031382086066842
7.474747474747475	8.484848484848484	0.0811216148039231
7.474747474747475	8.585858585858587	0.0819577101520083
7.474747474747475	8.686868686868687	0.08281990243651613
7.474747474747475	8.787878787878787	0.08370608274286732
7.474747474747475	8.88888888888889	0.08461423570200248
7.474747474747475	8.98989898989899	0.08554243729854712
7.474747474747475	9.090909090909092	0.08648885252269051
7.474747474747475	9.191919191919192	0.08745173289619455
7.474747474747475	9.292929292929292	0.08842941389521762
7.474747474747475	9.393939393939394	0.08942031229457602
7.474747474747475	9.494949494949495	0.0904229234519582
7.474747474747475	9.595959595959595	0.0914358185512321
7.474747474747475	9.696969696969697	0.09245764181956186
7.474747474747475	9.797979797979798	0.09348710773400744
7.474747474747475	9.8989898989899	0.09452299822843908
7.474747474747475	10.0	0.09556415991146827
7.575757575757576	0.0	0.0
7.575757575757576	0.10101010101010101	9.03679199438426e-5
7.575757575757576	0.20202020202020202	0.0003612625289282532
7.575757575757576	0.30303030303030304	0.0008120576707317284
7.575757575757576	0.40404040404040403	0.0014417140556074834
7.575757575757576	0.5050505050505051	0.002248785661361072
7.575757575757576	0.6060606060606061	0.003231428588276906
7.575757575757576	0.7070707070707071	0.004387412260303756
7.575757575757576	0.8080808080808081	0.005714132840932949
7.575757575757576	0.9090909090909091	0.007208628710725383
7.575757575757576	1.0101010101010102	0.0088675978235375
7.575757575757576	1.1111111111111112	0.010687416752293214
7.575757575757576	1.2121212121212122	0.012664161210102066
7.575757575757576	1.3131313131313131	0.01479362782934309
7.575757575757576	1.4141414141414141	0.017071356969700396
7.575757575757576	1.5151515151515151	0.01949265632547721
7.575757575757576	1.6161616161616161	0.02205262510179666
7.575757575757576	1.7171717171717171	0.024746178533037882
7.575757575757576	1.8181818181818181	0.02756807252449741
7.575757575757576	1.9191919191919191	0.030512928207083644
7.575757575757576	2.0202020202020203	0.033575256208915855
7.575757575757576	2.121212121212121	0.036749480460411064
7.575757575757576	2.2222222222222223	0.040029961366686406
7.575757575757576	2.323232323232323	0.04341101819808631
7.575757575757576	2.4242424242424243	0.04688695056989373
7.575757575757576	2.525252525252525	0.050452058897818966
7.575757575757576	2.6262626262626263	0.05410066373788383
7.575757575757576	2.727272727272727	0.05782712393627942
7.575757575757576	2.8282828282828283	0.06162585353511715
7.575757575757576	2.9292929292929295	0.0654913373928345
7.575757575757576	3.0303030303030303	0.06941814550037506
7.575757575757576	3.1313131313131315	0.07340094598441571
7.575757575757576	3.2323232323232323	0.07743451680437122
7.575757575757576	3.3333333333333335	0.08151375616324609
7.575757575757576	3.4343434343434343	0.08563369166048165
7.575757575757576	3.5353535353535355	0.08978948822651686
7.575757575757576	3.6363636363636362	0.09397645488640649
7.575757575757576	3.7373737373737375	0.09819005040365218
7.575757575757576	3.8383838383838382	0.10242588786403865
7.575757575757576	3.9393939393939394	0.10667973825937238
7.575757575757576	4.040404040404041	0.1109475331369347
7.575757575757576	4.141414141414141	0.11434313202550506
7.575757575757576	4.242424242424242	0.11116040672603644
7.575757575757576	4.343434343434343	0.10810905858483681
7.575757575757576	4.444444444444445	0.10519147659646623
7.575757575757576	4.545454545454546	0.1024094206776206
7.575757575757576	4.646464646464646	0.09976405729278284
7.575757575757576	4.747474747474747	0.09725599614467294
7.575757575757576	4.848484848484849	0.09488532749524894
7.575757575757576	4.94949494949495	0.0926516597270661
7.575757575757576	5.05050505050505	0.09055415680154026
7.575757575757576	5.151515151515151	0.08859157531225839
7.575757575757576	5.252525252525253	0.08676230087113035
7.575757575757576	5.353535353535354	0.08506438360259871
7.575757575757576	5.454545454545454	0.08349557255830685
7.575757575757576	5.555555555555555	0.08205334889234016
7.575757575757576	5.656565656565657	0.08073495767303045
7.575757575757576	5.757575757575758	0.07953743822881452
7.575757575757576	5.858585858585859	0.07845765295456428
7.575757575757576	5.959595959595959	0.07749231452439699
7.575757575757576	6.0606060606060606	0.07663801147957384
7.575757575757576	6.161616161616162	0.07589123217474603
7.575757575757576	6.262626262626263	0.07524838708514883
7.575757575757576	6.363636363636363	0.0747058294876292
7.575757575757576	6.4646464646464645	0.07425987454331939
7.575757575757576	6.565656565656566	0.07390681681692805
7.575757575757576	6.666666666666667	0.07364294627970115
7.575757575757576	6.767676767676767	0.0734645628453444
7.575757575757576	6.8686868686868685	0.07336798949994836
7.575757575757576	6.96969696969697	0.07334958408571493
7.575757575757576	7.070707070707071	0.07340574980485122
7.575757575757576	7.171717171717172	0.07353294451228568
7.575757575757576	7.2727272727272725	0.07372768886463882
7.575757575757576	7.373737373737374	0.07398657339798509
7.575757575757576	7.474747474747475	0.07430626460208013
7.575757575757576	7.575757575757576	0.07468351006093098
7.575757575757576	7.6767676767676765	0.07511514272924122
7.575757575757576	7.777777777777778	0.07559808440824468
7.575757575757576	7.878787878787879	0.07612934848820783
7.575757575757576	7.97979797979798	0.07670604201802414
7.575757575757576	8.080808080808081	0.07732536716196149
7.575757575757576	8.181818181818182	0.07798462210123172
7.575757575757576	8.282828282828282	0.07868120143217233
7.575757575757576	8.383838383838384	0.0794125961148611
7.575757575757576	8.484848484848484	0.08017639301932732
7.575757575757576	8.585858585858587	0.08097027411285782
7.575757575757576	8.686868686868687	0.08179201533341349
7.575757575757576	8.787878787878787	0.08263948518550586
7.575757575757576	8.88888888888889	0.08351064309742741
7.575757575757576	8.98989898989899	0.08440353757109055
7.575757575757576	9.090909090909092	0.08531630415621438
7.575757575757576	9.191919191919192	0.08624716327800519
7.575757575757576	9.292929292929292	0.08719441794178359
7.575757575757576	9.393939393939394	0.08815645133967515
7.575757575757576	9.494949494949495	0.08913172437969692
7.575757575757576	9.595959595959595	0.09011877315565718
7.575757575757576	9.696969696969697	0.09111620637608611
7.575757575757576	9.797979797979798	0.0921227027652626
7.575757575757576	9.8989898989899	0.09313700845163154
7.575757575757576	10.0	0.09415793435302408
7.6767676767676765	0.0	0.0
7.6767676767676765	0.10101010101010101	8.797083136815172e-5
7.6767676767676765	0.20202020202020202	0.000351685403314199
7.6767676767676765	0.30303030303030304	0.0007905511413277132
7.6767676767676765	0.40404040404040403	0.001403584377126694
7.6767676767676765	0.5050505050505051	0.00218941623447141
7.6767676767676765	0.6060606060606061	0.003146300773186072
7.6767676767676765	0.7070707070707071	0.0042721252957594325
7.6767676767676765	0.8080808080808081	0.005564422700834765
7.6767676767676765	0.9090909090909091	0.007020385741094179
7.6767676767676765	1.0101010101010102	0.008636883028706046
7.6767676767676765	1.1111111111111112	0.010410476612794716
7.6767676767676765	1.2121212121212122	0.012337440939184994
7.6767676767676765	1.3131313131313131	0.014413782995750796
7.6767676767676765	1.4141414141414141	0.01663526343741017
7.6767676767676765	1.5151515151515151	0.018997418481933266
7.6767676767676765	1.6161616161616161	0.02149558236885133
7.6767676767676765	1.7171717171717171	0.02412491017410633
7.6767676767676765	1.8181818181818181	0.02688040078224222
7.6767676767676765	1.9191919191919191	0.029756919822159472
7.6767676767676765	2.0202020202020203	0.032749222386899715
7.6767676767676765	2.121212121212121	0.035851975367227236
7.6767676767676765	2.2222222222222223	0.039059779245456804
7.6767676767676765	2.323232323232323	0.0423671892101914
7.6767676767676765	2.4242424242424243	0.04576873546755396
7.6767676767676765	2.525252525252525	0.04925894264524194
7.6767676767676765	2.6262626262626263	0.05283234819674151
7.6767676767676765	2.727272727272727	0.056483519736810636
7.6767676767676765	2.8282828282828283	0.06020707124822394
7.6767676767676765	2.9292929292929295	0.06399767812369106
7.6767676767676765	3.0303030303030303	0.06785009101201421
7.6767676767676765	3.1313131313131315	0.07175914846278912
7.6767676767676765	3.2323232323232323	0.07571978836580763
7.6767676767676765	3.3333333333333335	0.07972705819917826
7.6767676767676765	3.4343434343434343	0.08377612411027449
7.6767676767676765	3.5353535353535355	0.08786227885844129
7.6767676767676765	3.6363636363636362	0.09198094865978165
7.6767676767676765	3.7373737373737375	0.09612769897865459
7.6767676767676765	3.8383838383838382	0.10029823931640962
7.6767676767676765	3.9393939393939394	0.10448842705105332
7.6767676767676765	4.040404040404041	0.10869427038514852
7.6767676767676765	4.141414141414141	0.11291193045843807
7.6767676767676765	4.242424242424242	0.11287698666236225
7.6767676767676765	4.343434343434343	0.10979146552757836
7.6767676767676765	4.444444444444445	0.10683501164005038
7.6767676767676765	4.545454545454546	0.10400966390949684
7.6767676767676765	4.646464646464646	0.10131687813905235
7.6767676767676765	4.747474747474747	0.09875756082475418
7.6767676767676765	4.848484848484849	0.09633210377790885
7.6767676767676765	4.94949494949495	0.09404041918894605
7.6767676767676765	5.05050505050505	0.09188197479408412
7.6767676767676765	5.151515151515151	0.08985582884494708
7.6767676767676765	5.252525252525253	0.08796066461805939
7.6767676767676765	5.353535353535354	0.08619482423732354
7.6767676767676765	5.454545454545454	0.08455634161500224
7.6767676767676765	5.555555555555555	0.08304297434833002
7.6767676767676765	5.656565656565657	0.08165223443542481
7.6767676767676765	5.757575757575758	0.08038141770220678
7.6767676767676765	5.858585858585859	0.0792276318558901
7.6767676767676765	5.959595959595959	0.07818782310082613
7.6767676767676765	6.0606060606060606	0.07725880127336798
7.6767676767676765	6.161616161616162	0.0764372634696373
7.6767676767676765	6.262626262626263	0.07571981615613121
7.6767676767676765	6.363636363636363	0.07510299576553296
7.6767676767676765	6.4646464646464645	0.07458328779434474
7.6767676767676765	6.565656565656566	0.0741571444269562
7.6767676767676765	6.666666666666667	0.07382100072140073
7.6767676767676765	6.767676767676767	0.07357128939937953
7.6767676767676765	6.8686868686868685	0.07340445428752346
7.6767676767676765	6.96969696969697	0.07331696246459109
7.6767676767676765	7.070707070707071	0.07330531517111259
7.6767676767676765	7.171717171717172	0.07336605754201411
7.6767676767676765	7.2727272727272725	0.0734957872229592
7.6767676767676765	7.373737373737374	0.07369116193617292
7.6767676767676765	7.474747474747475	0.07394890605767394
7.6767676767676765	7.575757575757576	0.07426581626972435
7.6767676767676765	7.6767676767676765	0.07463876635342158
7.6767676767676765	7.777777777777778	0.07506471118117876
7.6767676767676765	7.878787878787879	0.07554068997174797
7.6767676767676765	7.97979797979798	0.07606382886533325
7.6767676767676765	8.080808080808081	0.07663134287545983
7.6767676767676765	8.181818181818182	0.07724053727408978
7.6767676767676765	8.282828282828282	0.07788880845797254
7.6767676767676765	8.383838383838384	0.07857364435058055
7.6767676767676765	8.484848484848484	0.07929262438331937
7.6767676767676765	8.585858585858587	0.0800434190997809
7.6767676767676765	8.686868686868687	0.08082378942740527
7.6767676767676765	8.787878787878787	0.0816315856524614
7.6767676767676765	8.88888888888889	0.08246474613522524
7.6767676767676765	8.98989898989899	0.08332129580045308
7.6767676767676765	9.090909090909092	0.08419934443055123
7.6767676767676765	9.191919191919192	0.08509708479459495
7.6767676767676765	9.292929292929292	0.0860127906345686
7.6767676767676765	9.393939393939394	0.08694481453582437
7.6767676767676765	9.494949494949495	0.08789158570300919
7.6767676767676765	9.595959595959595	0.08885160765900829
7.6767676767676765	9.696969696969697	0.0898234558870072
7.6767676767676765	9.797979797979798	0.09080577543103302
7.6767676767676765	9.8989898989899	0.09179727846646185
7.6767676767676765	10.0	0.09279674185805573
7.777777777777778	0.0	0.0
7.777777777777778	0.10101010101010101	8.566813389541473e-5
7.777777777777778	0.20202020202020202	0.00034248509694917586
7.777777777777778	0.30303030303030304	0.0007698896694443713
7.777777777777778	0.40404040404040403	0.0013669501259097661
7.777777777777778	0.5050505050505051	0.002132369652980291
7.777777777777778	0.6060606060606061	0.003064493848030349
7.777777777777778	0.7070707070707071	0.004161320213732627
7.777777777777778	0.8080808080808081	0.005420509544162752
7.777777777777778	0.9090909090909091	0.006839399075431667
7.777777777777778	1.0101010101010102	0.008415017258971435
7.777777777777778	1.1111111111111112	0.01014410000066374
7.777777777777778	1.2121212121212122	0.012023108194716766
7.777777777777778	1.3131313131313131	0.014048246374685923
7.777777777777778	1.4141414141414141	0.01621548229560221
7.777777777777778	1.5151515151515151	0.01852056725921899
7.777777777777778	1.6161616161616161	0.02095905699186484
7.777777777777778	1.7171717171717171	0.023526332888533803
7.777777777777778	1.8181818181818181	0.02621762343967414
7.777777777777778	1.9191919191919191	0.02902802566603386
7.777777777777778	2.0202020202020203	0.031952526392922405
7.777777777777778	2.121212121212121	0.03498602321037219
7.777777777777778	2.2222222222222223	0.038123344972987395
7.777777777777778	2.323232323232323	0.041359271711420884
7.777777777777778	2.4242424242424243	0.044688553838600924
7.777777777777778	2.525252525252525	0.04810593054920741
7.777777777777778	2.6262626262626263	0.051606147327755675
7.777777777777778	2.727272727272727	0.05518397249330082
7.777777777777778	2.8282828282828283	0.05883421272525109
7.777777777777778	2.9292929292929295	0.06255172752837783
7.777777777777778	3.0303030303030303	0.06633144260823635
7.777777777777778	3.1313131313131315	0.07016836214243127
7.777777777777778	3.2323232323232323	0.07405757994267972
7.777777777777778	3.3333333333333335	0.07799428951647978
7.777777777777778	3.4343434343434343	0.08197379304180633
7.777777777777778	3.5353535353535355	0.08599150928337262
7.777777777777778	3.6363636363636362	0.09004298047930175
7.777777777777778	3.7373737373737375	0.09412387823764225
7.777777777777778	3.8383838383838382	0.09823000848778041
7.777777777777778	3.9393939393939394	0.10235731552935695
7.777777777777778	4.040404040404041	0.10650188523396899
7.777777777777778	4.141414141414141	0.11065994744828904
7.777777777777778	4.242424242424242	0.11458906689177883
7.777777777777778	4.343434343434343	0.11147295536345754
7.777777777777778	4.444444444444445	0.10848124360896784
7.777777777777778	4.545454545454546	0.10561622830157141
7.777777777777778	4.646464646464646	0.10287963437967439
7.777777777777778	4.747474747474747	0.10027264607262192
7.777777777777778	4.848484848484849	0.09779593891813379
7.777777777777778	4.94949494949495	0.09544971240026272
7.777777777777778	5.05050505050505	0.09323372287498748
7.777777777777778	5.151515151515151	0.09114731648813884
7.777777777777778	5.252525252525253	0.08918946182220606
7.777777777777778	5.353535353535354	0.08735878204532527
7.777777777777778	5.454545454545454	0.08565358636325501
7.777777777777778	5.555555555555555	0.0840719006076622
7.777777777777778	5.656565656565657	0.08261149681747389
7.777777777777778	5.757575757575758	0.0812699216986621
7.777777777777778	5.858585858585859	0.0800445238676372
7.777777777777778	5.959595959595959	0.07893247980729247
7.777777777777778	6.0606060606060606	0.07793081848165792
7.777777777777778	6.161616161616162	0.07703644457291235
7.777777777777778	6.262626262626263	0.07624616032182674
7.777777777777778	6.363636363636363	0.07555668596248706
7.777777777777778	6.4646464646464645	0.07496467875890397
7.777777777777778	6.565656565656566	0.07446675065759031
7.777777777777778	6.666666666666667	0.07405948458261688
7.777777777777778	6.767676767676767	0.07373944940434318
7.777777777777778	6.8686868686868685	0.07350321362352716
7.777777777777778	6.96969696969697	0.07334735781261148
7.777777777777778	7.070707070707071	0.07326848586721192
7.777777777777778	7.171717171717172	0.07326323511520202
7.777777777777778	7.2727272727272725	0.07332828534493169
7.777777777777778	7.373737373737374	0.0734603668033917
7.777777777777778	7.474747474747475	0.07365626722639228
7.777777777777778	7.575757575757576	0.0739128379569056
7.777777777777778	7.6767676767676765	0.07422699921136519
7.777777777777778	7.777777777777778	0.07459574455010275
7.777777777777778	7.878787878787879	0.07501614461000751
7.777777777777778	7.97979797979798	0.07548535015364226
7.777777777777778	8.080808080808081	0.07600059448993762
7.777777777777778	8.181818181818182	0.0765591953162637
7.777777777777778	8.282828282828282	0.07715855603458681
7.777777777777778	8.383838383838384	0.0777961665857331
7.777777777777778	8.484848484848484	0.07846960385178184
7.777777777777778	8.585858585858587	0.0791765316641468
7.777777777777778	8.686868686868687	0.07991470046213936
7.777777777777778	8.787878787878787	0.08068194663894919
7.777777777777778	8.88888888888889	0.0814761916092586
7.777777777777778	8.98989898989899	0.08229544063302678
7.777777777777778	9.090909090909092	0.08313778142721993
7.777777777777778	9.191919191919192	0.08400138259167085
7.777777777777778	9.292929292929292	0.08488449187748089
7.777777777777778	9.393939393939394	0.08578543432108172
7.777777777777778	9.494949494949495	0.08670261026743377
7.777777777777778	9.595959595959595	0.08763449329986175
7.777777777777778	9.696969696969697	0.08857962809784216
7.777777777777778	9.797979797979798	0.0895366282378742
7.777777777777778	9.8989898989899	0.09050417395123136
7.777777777777778	10.0	0.09148100985466238
7.878787878787879	0.0	0.0
7.878787878787879	0.10101010101010101	8.34549285990335e-5
7.878787878787879	0.20202020202020202	0.0003336420719895197
7.878787878787879	0.30303030303030304	0.0007500295139532305
7.878787878787879	0.40404040404040403	0.0013317340812713232
7.878787878787879	0.5050505050505051	0.0020775263366328025
7.878787878787879	0.6060606060606061	0.0029858374909523147
7.878787878787879	0.7070707070707071	0.004054768159398406
7.878787878787879	0.8080808080808081	0.005282098866944094
7.878787878787879	0.9090909090909091	0.006665302189991289
7.878787878787879	1.0101010101010102	0.008201556406742793
7.878787878787879	1.1111111111111112	0.009887760514120322
7.878787878787879	1.2121212121212122	0.011720550457882301
7.878787878787879	1.3131313131313131	0.013696316415928562
7.878787878787879	1.4141414141414141	0.015811220965514246
7.878787878787879	1.5151515151515151	0.01806121796443354
7.878787878787879	1.6161616161616161	0.020442071974078258
7.878787878787879	1.7171717171717171	0.022949378052494133
7.878787878787879	1.8181818181818181	0.025578581752968937
7.878787878787879	1.9191919191919191	0.028324999164134074
7.878787878787879	2.0202020202020203	0.0311838368399655
7.878787878787879	2.121212121212121	0.0341502114758723
7.878787878787879	2.2222222222222223	0.03721916919540194
7.878787878787879	2.323232323232323	0.04038570432896936
7.878787878787879	2.4242424242424243	0.04364477757235814
7.878787878787879	2.525252525252525	0.046991333432078654
7.878787878787879	2.6262626262626263	0.05042031687330926
7.878787878787879	2.727272727272727	0.0539266891015373
7.878787878787879	2.8282828282828283	0.05750544242467176
7.878787878787879	2.9292929292929295	0.061151614149689636
7.878787878787879	3.0303030303030303	0.06486029948553296
7.878787878787879	3.1313131313131315	0.06862666343428027
7.878787878787879	3.2323232323232323	0.07244595166020992
7.878787878787879	3.3333333333333335	0.0763135003424797
7.878787878787879	3.4343434343434343	0.0802247450197445
7.878787878787879	3.5353535353535355	0.0841752284465306
7.878787878787879	3.6363636363636362	0.08816060748916264
7.878787878787879	3.7373737373737375	0.09217665909115744
7.878787878787879	3.8383838383838382	0.09621928534507633
7.878787878787879	3.9393939393939394	0.10028451771450375
7.878787878787879	4.040404040404041	0.10436852044661998
7.878787878787879	4.141414141414141	0.10846759322437853
7.878787878787879	4.242424242424242	0.11257817310533552
7.878787878787879	4.343434343434343	0.11315151838374282
7.878787878787879	4.444444444444445	0.11012801039307266
7.878787878787879	4.545454545454546	0.10722681057522776
7.878787878787879	4.646464646464646	0.10444989348146197
7.878787878787879	4.747474747474747	0.10179870254667253
7.878787878787879	4.848484848484849	0.09927417960023358
7.878787878787879	4.94949494949495	0.09687679515631582
7.878787878787879	5.05050505050505	0.09460657915661301
7.878787878787879	5.151515151515151	0.09246315187674514
7.878787878787879	5.252525252525253	0.09044575473403803
7.878787878787879	5.353535353535354	0.08855328077066973
7.878787878787879	5.454545454545454	0.0867843046118037
7.878787878787879	5.555555555555555	0.08513711172617917
7.878787878787879	5.656565656565657	0.083609726845412
7.878787878787879	5.757575757575758	0.08219994141649573
7.878787878787879	5.858585858585859	0.08090533999037708
7.878787878787879	5.959595959595959	0.0797233254638674
7.878787878787879	6.0606060606060606	0.07865114311606923
7.878787878787879	6.161616161616162	0.07768590339176333
7.878787878787879	6.262626262626263	0.07682460340547212
7.878787878787879	6.363636363636363	0.07606414714733913
7.878787878787879	6.4646464646464645	0.07540136438938624
7.878787878787879	6.565656565656566	0.0748330282969684
7.878787878787879	6.666666666666667	0.07435587176360328
7.878787878787879	6.767676767676767	0.07396660249145776
7.878787878787879	6.8686868686868685	0.0736619168502018
7.878787878787879	6.96969696969697	0.07343851254944783
7.878787878787879	7.070707070707071	0.07329310016798703
7.878787878787879	7.171717171717172	0.0732224135839076
7.878787878787879	7.2727272727272725	0.0732232193547851
7.878787878787879	7.373737373737374	0.07329232509794875
7.878787878787879	7.474747474747475	0.07342658692357466
7.878787878787879	7.575757575757576	0.0736229159732411
7.878787878787879	7.6767676767676765	0.07387828411774384
7.878787878787879	7.777777777777778	0.07418972886665091
7.878787878787879	7.878787878787879	0.07455435754360004
7.878787878787879	7.97979797979798	0.07496935077786174
7.878787878787879	8.080808080808081	0.07543196536381147
7.878787878787879	8.181818181818182	0.0759395365374405
7.878787878787879	8.282828282828282	0.0764894797165152
7.878787878787879	8.383838383838384	0.07707929175126088
7.878787878787879	8.484848484848484	0.0777065517275712
7.878787878787879	8.585858585858587	0.07836892136710516
7.878787878787879	8.686868686868687	0.07906414506029008
7.878787878787879	8.787878787878787	0.0797900495729834
7.878787878787879	8.88888888888889	0.08054454345746363
7.878787878787879	8.98989898989899	0.0813256162064384
7.878787878787879	9.090909090909092	0.08213133717511968
7.878787878787879	9.191919191919192	0.08295985430339521
7.878787878787879	9.292929292929292	0.08380939266270085
7.878787878787879	9.393939393939394	0.08467825285415334
7.878787878787879	9.494949494949495	0.08556480927739159
7.878787878787879	9.595959595959595	0.0864675082932864
7.878787878787879	9.696969696969697	0.0873848662984722
7.878787878787879	9.797979797979798	0.08831546772790685
7.878787878787879	9.8989898989899	0.08925796300274463
7.878787878787879	10.0	0.09021106643518768
7.97979797979798	0.0	0.0
7.97979797979798	0.10101010101010101	8.13266299105294e-5
7.97979797979798	0.20202020202020202	0.0003251380407273107
7.97979797979798	0.30303030303030304	0.0007309297267141417
7.97979797979798	0.40404040404040403	0.0012978639386304136
7.97979797979798	0.5050505050505051	0.002024774289673872
7.97979797979798	0.6060606060606061	0.0029101721340793066
7.97979797979798	0.7070707070707071	0.0039522546502779934
7.97979797979798	0.8080808080808081	0.005148914544839148
7.97979797979798	0.9090909090909091	0.006497751273468576
7.97979797979798	1.0101010101010102	0.007996083666083358
7.97979797979798	1.1111111111111112	0.009640963827161229
7.97979797979798	1.2121212121212122	0.011429192172381263
7.97979797979798	1.3131313131313131	0.01335733345871504
7.97979797979798	1.4141414141414141	0.015421733652499572
7.97979797979798	1.5151515151515151	0.017618537483134494
7.97979797979798	1.6161616161616161	0.019943706524471503
7.97979797979798	1.7171717171717171	0.02239303764973996
7.97979797979798	1.8181818181818181	0.024962181705173343
7.97979797979798	1.9191919191919191	0.027646662257386594
7.97979797979798	2.0202020202020203	0.030441894271093516
7.97979797979798	2.121212121212121	0.0333432025852927
7.97979797979798	2.2222222222222223	0.036345840063267285
7.97979797979798	2.323232323232323	0.039445005303736666
7.97979797979798	2.4242424242424243	0.042635859809551514
7.97979797979798	2.525252525252525	0.04591354452514165
7.97979797979798	2.6262626262626263	0.0492731956613585
7.97979797979798	2.727272727272727	0.05270995974371601
7.97979797979798	2.8282828282828283	0.056219007827722316
7.97979797979798	2.9292929292929295	0.05979554883866348
7.97979797979798	3.0303030303030303	0.0634348420049505
7.97979797979798	3.1313131313131315	0.06713220836344658
7.97979797979798	3.2323232323232323	0.07088304132583388
7.97979797979798	3.3333333333333335	0.07468281630402447
7.97979797979798	3.4343434343434343	0.07852709940257123
7.97979797979798	3.5353535353535355	0.08241155519126828
7.97979797979798	3.6363636363636362	0.08633195357874597
7.97979797979798	3.7373737373737375	0.09028417581343226
7.97979797979798	3.8383838383838382	0.09426421964536111
7.97979797979798	3.9393939393939394	0.09826820368081811
7.97979797979798	4.040404040404041	0.10229237097169852
7.97979797979798	4.141414141414141	0.10633309187837214
7.97979797979798	4.242424242424242	0.11038686625108353
7.97979797979798	4.343434343434343	0.11445032497017117
7.97979797979798	4.444444444444445	0.11177331771256721
7.97979797979798	4.545454545454546	0.10883927593632406
7.97979797979798	4.646464646464646	0.10602539093861962
7.97979797979798	4.747474747474747	0.10333334740797767
7.97979797979798	4.848484848484849	0.10076433647273955
7.97979797979798	4.94949494949495	0.09831908372533392
7.97979797979798	5.05050505050505	0.09599787784849495
7.97979797979798	5.151515151515151	0.0938005995558438
7.97979797979798	5.252525252525253	0.09172675059314347
7.97979797979798	5.353535353535354	0.08977548257184059
7.97979797979798	5.454545454545454	0.08794562543578432
7.97979797979798	5.555555555555555	0.08623571538722542
7.97979797979798	5.656565656565657	0.08464402212245697
7.97979797979798	5.757575757575758	0.08316857524978905
7.97979797979798	5.858585858585859	0.08180718978429155
7.97979797979798	5.959595959595959	0.0805574906331276
7.97979797979798	6.0606060606060606	0.07941693600230142
7.97979797979798	6.161616161616162	0.07838283967339968
7.97979797979798	6.262626262626263	0.07745239211176168
7.97979797979798	6.363636363636363	0.07662268038349686
7.97979797979798	6.4646464646464645	0.07589070686833481
7.97979797979798	6.565656565656566	0.075253406767341
7.97979797979798	6.666666666666667	0.07470766441327195
7.97979797979798	6.767676767676767	0.07425032839915488
7.97979797979798	6.8686868686868685	0.07387822555096905
7.97979797979798	6.96969696969697	0.07358817376935423
7.97979797979798	7.070707070707071	0.07337699377937221
7.97979797979798	7.171717171717172	0.07324151982359876
7.97979797979798	7.2727272727272725	0.0731786093414344
7.97979797979798	7.373737373737374	0.07318515168075078
7.97979797979798	7.474747474747475	0.0732580758852959
7.97979797979798	7.575757575757576	0.07339435760912309
7.97979797979798	7.6767676767676765	0.07359102520351375
7.97979797979798	7.777777777777778	0.0738451650281467
7.97979797979798	7.878787878787879	0.07415392603232325
7.97979797979798	7.97979797979798	0.07451452365805059
7.97979797979798	8.080808080808081	0.07492424310926493
7.97979797979798	8.181818181818182	0.07538044203505077
7.97979797979798	8.282828282828282	0.07588055267235314
7.97979797979798	8.383838383838384	0.07642208349075524
7.97979797979798	8.484848484848484	0.07700262038111405
7.97979797979798	8.585858585858587	0.07761982742928403
7.97979797979798	8.686868686868687	0.07827144731217407
7.97979797979798	8.787878787878787	0.07895530135235726
7.97979797979798	8.88888888888889	0.07966928926594878
7.97979797979798	8.98989898989899	0.08041138863609033
7.97979797979798	9.090909090909092	0.08117965414189166
7.97979797979798	9.191919191919192	0.08197221657106482
7.97979797979798	9.292929292929292	0.08278728164416314
7.97979797979798	9.393939393939394	0.08362312867116534
7.97979797979798	9.494949494949495	0.0844781090693287
7.97979797979798	9.595959595959595	0.08535064475543246
7.97979797979798	9.696969696969697	0.08623922643889044
7.97979797979798	9.797979797979798	0.08714241182734656
7.97979797979798	9.8989898989899	0.08805882376497014
7.97979797979798	10.0	0.08898714831527368
8.080808080808081	0.0	0.0
8.080808080808081	0.10101010101010101	7.927894294277475e-5
8.080808080808081	0.20202020202020202	0.0003169558710583802
8.080808080808081	0.30303030303030304	0.0007125519416200305
8.080808080808081	0.40404040404040403	0.0012652719400598215
8.080808080808081	0.5050505050505051	0.0019740085331754905
8.080808080808081	0.6060606060606061	0.002837348161945895
8.080808080808081	0.7070707070707071	0.0038535785113705512
8.080808080808081	0.8080808080808081	0.005020697481700835
8.080808080808081	0.9090909090909091	0.006336423570805311
8.080808080808081	1.0101010101010102	0.0077982075611896205
8.080808080808081	1.1111111111111112	0.009403245398509563
8.080808080808081	1.2121212121212122	0.011148492136192433
8.080808080808081	1.3131313131313131	0.013030676814014375
8.080808080808081	1.4141414141414141	0.015046318134420065
8.080808080808081	1.5151515151515151	0.01719174079321172
8.080808080808081	1.6161616161616161	0.019463092324627434
8.080808080808081	1.7171717171717171	0.02185636031827441
8.080808080808081	1.8181818181818181	0.02436738986708458
8.080808080808081	1.9191919191919191	0.026991901113544194
8.080808080808081	2.0202020202020203	0.029725506760319726
8.080808080808081	2.121212121212121	0.03256372942652826
8.080808080808081	2.2222222222222223	0.03550201873162249
8.080808080808081	2.323232323232323	0.03853576800161222
8.080808080808081	2.4242424242424243	0.04166033050317142
8.080808080808081	2.525252525252525	0.044871035117133314
8.080808080808081	2.6262626262626263	0.04816320137884139
8.080808080808081	2.727272727272727	0.051532153819953457
8.080808080808081	2.8282828282828283	0.05497323555791253
8.080808080808081	2.9292929292929295	0.058481821091878355
8.080808080808081	3.0303030303030303	0.06205332827054161
8.080808080808081	3.1313131313131315	0.06568322941029171
8.080808080808081	3.2323232323232323	0.06936706155069702
8.080808080808081	3.3333333333333335	0.07310043584119166
8.080808080808081	3.4343434343434343	0.07687904606217914
8.080808080808081	3.5353535353535355	0.08069867629090957
8.080808080808081	3.6363636363636362	0.08455520772827947
8.080808080808081	3.7373737373737375	0.0884446247085298
8.080808080808081	3.8383838383838382	0.09236301991739755
8.080808080808081	3.9393939393939394	0.09630659884975445
8.080808080808081	4.040404040404041	0.10027168354208568
8.080808080808081	4.141414141414141	0.10425471561247
8.080808080808081	4.242424242424242	0.1082522586496501
8.080808080808081	4.343434343434343	0.11226099998871253
8.080808080808081	4.444444444444445	0.1134153297928272
8.080808080808081	4.545454545454546	0.11045164934496345
8.080808080808081	4.646464646464646	0.10760402220018106
8.080808080808081	4.747474747474747	0.10487435695872506
8.080808080808081	4.848484848484849	0.10226407754009441
8.080808080808081	4.94949494949495	0.09977414902802385
8.080808080808081	5.05050505050505	0.09740510424814255
8.080808080808081	5.151515151515151	0.09515707079757568
8.080808080808081	5.252525252525253	0.09302979827674715
8.080808080808081	5.353535353535354	0.0910226854975668
8.080808080808081	5.454545454545454	0.0891348074708538
8.080808080808081	5.555555555555555	0.08736494199537934
8.080808080808081	5.656565656565657	0.08571159570019708
8.080808080808081	5.757575757575758	0.08417302940640281
8.080808080808081	5.858585858585859	0.08274728270019016
8.080808080808081	5.959595959595959	0.08143219762549583
8.080808080808081	6.0606060606060606	0.08022544141890642
8.080808080808081	6.161616161616162	0.07912452823271746
8.080808080808081	6.262626262626263	0.0781268397974265
8.080808080808081	6.363636363636363	0.07722964499519683
8.080808080808081	6.4646464646464645	0.0764301183238339
8.080808080808081	6.565656565656566	0.0757253572422744
8.080808080808081	6.666666666666667	0.07511239839897707
8.080808080808081	6.767676767676767	0.07458823275151986
8.080808080808081	6.8686868686868685	0.0741498195925546
8.080808080808081	6.96969696969697	0.07379409950656968
8.080808080808081	7.070707070707071	0.07351800628363994
8.080808080808081	7.171717171717172	0.07331847782175507
8.080808080808081	7.2727272727272725	0.07319246605563011
8.080808080808081	7.373737373737374	0.07313694594828801
8.080808080808081	7.474747474747475	0.07314892358840157
8.080808080808081	7.575757575757576	0.07322544343473551
8.080808080808081	7.6767676767676765	0.07336359475374987
8.080808080808081	7.777777777777778	0.0735605172917128
8.080808080808081	7.878787878787879	0.07381340622924176
8.080808080808081	7.97979797979798	0.07411951646134428
8.080808080808081	8.080808080808081	0.07447616624817047
8.080808080808081	8.181818181818182	0.0748807402783391
8.080808080808081	8.282828282828282	0.07533069218977065
8.080808080808081	8.383838383838384	0.07582354658695087
8.080808080808081	8.484848484848484	0.07635690059706375
8.080808080808081	8.585858585858587	0.07692842499978775
8.080808080808081	8.686868686868687	0.07753586497229219
8.080808080808081	8.787878787878787	0.07817704048034566
8.080808080808081	8.88888888888889	0.07884984635136622
8.080808080808081	8.98989898989899	0.079552252059615
8.080808080808081	9.090909090909092	0.08028230125492125
8.080808080808081	9.191919191919192	0.08103811106047344
8.080808080808081	9.292929292929292	0.08181787116850155
8.080808080808081	9.393939393939394	0.08261984275635109
8.080808080808081	9.494949494949495	0.08344235724673059
8.080808080808081	9.595959595959595	0.08428381493142159
8.080808080808081	9.696969696969697	0.08514268348144315
8.080808080808081	9.797979797979798	0.08601749635664738
8.080808080808081	9.8989898989899	0.08690685113571116
8.080808080808081	10.0	0.08780940777737241
8.181818181818182	0.0	0.0
8.181818181818182	0.10101010101010101	7.730784071590164e-5
8.181818181818182	0.20202020202020202	0.00030907949959422474
8.181818181818182	0.30303030303030304	0.0006948601817121868
8.181818181818182	0.40404040404040403	0.0012338945354642852
8.181818181818182	0.5050505050505051	0.0019251305851038245
8.181818181818182	0.6060606060606061	0.002767225179059704
8.181818181818182	0.7070707070707071	0.003758550900958461
8.181818181818182	0.8080808080808081	0.004897204372310815
8.181818181818182	0.9090909090909091	0.006181015866480199
8.181818181818182	1.0101010101010102	0.007607560138575833
8.181818181818182	1.1111111111111112	0.009174168368339978
8.181818181818182	1.2121212121212122	0.010877941102396763
8.181818181818182	1.3131313131313131	0.012715762077467918
8.181818181818182	1.4141414141414141	0.014684312798300533
8.181818181818182	1.5151515151515151	0.016780087743557204
8.181818181818182	1.6161616161616161	0.018999410069613698
8.181818181818182	1.7171717171717171	0.02133844768237006
8.181818181818182	1.8181818181818181	0.023793229550222398
8.181818181818182	1.9191919191919191	0.026359662132469097
8.181818181818182	2.0202020202020203	0.029033545805243147
8.181818181818182	2.121212121212121	0.03181059116949604
8.181818181818182	2.2222222222222223	0.03468643513598224
8.181818181818182	2.323232323232323	0.03765665668683345
8.181818181818182	2.4242424242424243	0.040716792224979086
8.181818181818182	2.525252525252525	0.04386235043027767
8.181818181818182	2.6262626262626263	0.04708882654926167
8.181818181818182	2.727272727272727	0.050391716060314576
8.181818181818182	2.8282828282828283	0.05376652765820245
8.181818181818182	2.9292929292929295	0.05720879551881078
8.181818181818182	3.0303030303030303	0.06071409080998365
8.181818181818182	3.1313131313131315	0.06427803242409999
8.181818181818182	3.2323232323232323	0.06789629691611797
8.181818181818182	3.3333333333333335	0.07156462764187595
8.181818181818182	3.4343434343434343	0.07527884309444471
8.181818181818182	3.5353535353535355	0.07903484444420086
8.181818181818182	3.6363636363636362	0.08282862229803752
8.181818181818182	3.7373737373737375	0.0866562626910573
8.181818181818182	3.8383838383838382	0.09051395233605738
8.181818181818182	3.9393939393939394	0.09439798315629541
8.181818181818182	4.040404040404041	0.09830475612893606
8.181818181818182	4.141414141414141	0.10223078447433742
8.181818181818182	4.242424242424242	0.10617269622049892
8.181818181818182	4.343434343434343	0.11012723618289465
8.181818181818182	4.444444444444445	0.11409126739219554
8.181818181818182	4.545454545454546	0.11206210698669106
8.181818181818182	4.646464646464646	0.10918383471605156
8.181818181818182	4.747474747474747	0.10641965931733811
8.181818181818182	4.848484848484849	0.10377122151310572
8.181818181818182	4.94949494949495	0.1012397106976699
8.181818181818182	5.05050505050505	0.09882588953882719
8.181818181818182	5.151515151515151	0.09653011915492997
8.181818181818182	5.252525252525253	0.09435238462009059
8.181818181818182	5.353535353535354	0.09229232057865444
8.181818181818182	5.454545454545454	0.09034923676945059
8.181818181818182	5.555555555555555	0.0885221432868995
8.181818181818182	5.656565656565657	0.08680977542376694
8.181818181818182	5.757575757575758	0.0852106179660278
8.181818181818182	5.858585858585859	0.08372292882224279
8.181818181818182	5.959595959595959	0.08234476189392567
8.181818181818182	6.0606060606060606	0.08107398910732072
8.181818181818182	6.161616161616162	0.07990832154019
8.181818181818182	6.262626262626263	0.07884532959637425
8.181818181818182	6.363636363636363	0.07788246218805804
8.181818181818182	6.4646464646464645	0.07701706490049555
8.181818181818182	6.565656565656566	0.07624639712507904
8.181818181818182	6.666666666666667	0.07556764815127287
8.181818181818182	6.767676767676767	0.07497795222383909
8.181818181818182	6.8686868686868685	0.0744744025704446
8.181818181818182	6.96969696969697	0.07405406441887484
8.181818181818182	7.070707070707071	0.07371398702378673
8.181818181818182	7.171717171717172	0.07345121472765102
8.181818181818182	7.2727272727272725	0.07326279708926507
8.181818181818182	7.373737373737374	0.07314579811000234
8.181818181818182	7.474747474747475	0.07309730459487263
8.181818181818182	7.575757575757576	0.07311443368637864
8.181818181818182	7.6767676767676765	0.07319433961022134
8.181818181818182	7.777777777777778	0.0733342196738039
8.181818181818182	7.878787878787879	0.07353131955701518
8.181818181818182	7.97979797979798	0.07378293793864522
8.181818181818182	8.080808080808081	0.07408643049813445
8.181818181818182	8.181818181818182	0.07443921333261627
8.181818181818182	8.282828282828282	0.07483876583072843
8.181818181818182	8.383838383838384	0.0752826330418748
8.181818181818182	8.484848484848484	0.07576842757758738
8.181818181818182	8.585858585858587	0.07629383108300983
8.181818181818182	8.686868686868687	0.07685659531333164
8.181818181818182	8.787878787878787	0.0774545428489001
8.181818181818182	8.88888888888889	0.07808556748192609
8.181818181818182	8.98989898989899	0.07874763430425849
8.181818181818182	9.090909090909092	0.07943877952690653
8.181818181818182	9.191919191919192	0.0801571100571866
8.181818181818182	9.292929292929292	0.08090080286099086
8.181818181818182	9.393939393939394	0.08166810413270248
8.181818181818182	9.494949494949495	0.08245732829645962
8.181818181818182	9.595959595959595	0.08326685686007856
8.181818181818182	9.696969696969697	0.08409513713855865
8.181818181818182	9.797979797979798	0.08494068087043526
8.181818181818182	9.8989898989899	0.08580206273700144
8.181818181818182	10.0	0.08667791880487724
8.282828282828282	0.0	0.0
8.282828282828282	0.10101010101010101	7.540954480009732e-5
8.282828282828282	0.20202020202020202	0.0003014938533752903
8.282828282828282	0.30303030303030304	0.0006778206834986231
8.282828282828282	0.40404040404040403	0.0012036720742301943
8.282828282828282	0.5050505050505051	0.001878047984684167
8.282828282828282	0.6060606060606061	0.0026996713376900485
8.282828282828282	0.7070707070707071	0.003666994418717705
8.282828282828282	0.8080808080808081	0.004778206568035671
8.282828282828282	0.9090909090909091	0.006031243091522539
8.282828282828282	1.0101010101010102	0.007423795305589203
8.282828282828282	1.1111111111111112	0.008953321621936931
8.282828282828282	1.2121212121212122	0.010617059570458116
8.282828282828282	1.3131313131313131	0.012412038651581782
8.282828282828282	1.4141414141414141	0.014335093904276407
8.282828282828282	1.5151515151515151	0.016382880074754875
8.282828282828282	1.6161616161616161	0.01855188626581908
8.282828282828282	1.7171717171717171	0.02083845094983458
8.282828282828282	1.8181818181818181	0.02323877722863703
8.282828282828282	1.9191919191919191	0.025748948223676627
8.282828282828282	2.0202020202020203	0.028364942490691
8.282828282828282	2.121212121212121	0.031082649348628217
8.282828282828282	2.2222222222222223	0.03389788402773369
8.282828282828282	2.323232323232323	0.03680640254255624
8.282828282828282	2.4242424242424243	0.03980391620704763
8.282828282828282	2.525252525252525	0.042886105714059625
8.282828282828282	2.6262626262626263	0.046048634711211046
8.282828282828282	2.727272727272727	0.049287162816684285
8.282828282828282	2.8282828282828283	0.05259735802166531
8.282828282828282	2.9292929292929295	0.05597490843829922
8.282828282828282	3.0303030303030303	0.05941553336191894
8.282828282828282	3.1313131313131315	0.0629149936204908
8.282828282828282	3.2323232323232323	0.06646910119565358
8.282828282828282	3.3333333333333335	0.07007372810325144
8.282828282828282	3.4343434343434343	0.07372481453394418
8.282828282828282	3.5353535353535355	0.07741837625300574
8.282828282828282	3.6363636363636362	0.08115051127126566
8.282828282828282	3.7373737373737375	0.08491740580078887
8.282828282828282	3.8383838383838382	0.08871533951046957
8.282828282828282	3.9393939393939394	0.09254069010794597
8.282828282828282	4.040404040404041	0.09638993726977717
8.282828282828282	4.141414141414141	0.10025966594933768
8.282828282828282	4.242424242424242	0.10414656909276389
8.282828282828282	4.343434343434343	0.10804744979125136
8.282828282828282	4.444444444444445	0.11195922290763279
8.282828282828282	4.545454545454546	0.11366896797538313
8.282828282828282	4.646464646464646	0.1107630201401148
8.282828282828282	4.747474747474747	0.1079673271748176
8.282828282828282	4.848484848484849	0.1052837311644029
8.282828282828282	4.94949494949495	0.1027136310740583
8.282828282828282	5.05050505050505	0.10025800545217951
8.282828282828282	5.151515151515151	0.09791743581488274
8.282828282828282	5.252525252525253	0.09569213047563106
8.282828282828282	5.353535353535354	0.09358194859825843
8.282828282828282	5.454545454545454	0.09158642428487553
8.282828282828282	5.555555555555555	0.08970479051968874
8.282828282828282	5.656565656565657	0.08793600281737954
8.282828282828282	5.757575757575758	0.08627876244277452
8.282828282828282	5.858585858585859	0.0847315390836002
8.282828282828282	5.959595959595959	0.08329259287816475
8.282828282828282	6.0606060606060606	0.08195999571370008
8.282828282828282	6.161616161616162	0.080731651727183
8.282828282828282	6.262626262626263	0.0796053169524889
8.282828282828282	6.363636363636363	0.07857861807088516
8.282828282828282	6.4646464646464645	0.07764907023378463
8.282828282828282	6.565656565656566	0.07681409393435651
8.282828282828282	6.666666666666667	0.07607103091883224
8.282828282828282	6.767676767676767	0.07541715913007664
8.282828282828282	6.8686868686868685	0.07484970668889893
8.282828282828282	6.96969696969697	0.07436586492285219
8.282828282828282	7.070707070707071	0.07396280045657305
8.282828282828282	7.171717171717172	0.07363766638549088
8.282828282828282	7.2727272727272725	0.07338761255695386
8.282828282828282	7.373737373737374	0.07320979498619998
8.282828282828282	7.474747474747475	0.07310138443898186
8.282828282828282	7.575757575757576	0.07305957421352413
8.282828282828282	7.6767676767676765	0.07308158715589656
8.282828282828282	7.777777777777778	0.07316468194799997
8.282828282828282	7.878787878787879	0.07330615870090544
8.282828282828282	7.97979797979798	0.07350336389577487
8.282828282828282	8.080808080808081	0.07375369470624225
8.282828282828282	8.181818181818182	0.07405460274344104
8.282828282828282	8.282828282828282	0.07440359725779205
8.282828282828282	8.383838383838384	0.07479824783660517
8.282828282828282	8.484848484848484	0.0752361866322687
8.282828282828282	8.585858585858587	0.07571511015518413
8.282828282828282	8.686868686868687	0.07623278066815417
8.282828282828282	8.787878787878787	0.07678702720905273
8.282828282828282	8.88888888888889	0.0773757462800825
8.282828282828282	8.98989898989899	0.0779969022273648
8.282828282828282	9.090909090909092	0.0786485273424675
8.282828282828282	9.191919191919192	0.07932872171087507
8.282828282828282	9.292929292929292	0.0800356528350425
8.282828282828282	9.393939393939394	0.08076755505335523
8.282828282828282	9.494949494949495	0.08152272877910671
8.282828282828282	9.595959595959595	0.08229953957931373
8.282828282828282	9.696969696969697	0.08309641711441504
8.282828282828282	9.797979797979798	0.08391185395504663
8.282828282828282	9.8989898989899	0.08474440429428222
8.282828282828282	10.0	0.08559268256978517
8.383838383838384	0.0	0.0
8.383838383838384	0.10101010101010101	7.358050721101499e-5
8.383838383838384	0.20202020202020202	0.00029418477692418375
8.383838383838384	0.30303030303030304	0.0006614017351749718
8.383838383838384	0.40404040404040403	0.0011745485211722777
8.383838383838384	0.5050505050505051	0.0018326738575153707
8.383838383838384	0.6060606060606061	0.0026345627237618916
8.383838383838384	0.7070707070707071	0.003578742287018658
8.383838383838384	0.8080808080808081	0.004663489035538528
8.383838383838384	0.9090909090909091	0.005886837044857826
8.383838383838384	1.0101010101010102	0.007246587303145942
8.383838383838384	1.1111111111111112	0.008740318009228795
8.383838383838384	1.2121212121212122	0.010365395749885976
8.383838383838384	1.3131313131313131	0.01211898745948406
8.383838383838384	1.4141414141414141	0.013998073058189564
8.383838383838384	1.5151515151515151	0.01599945866269557
8.383838383838384	1.6161616161616161	0.01811979026235161
8.383838383838384	1.7171717171717171	0.020355567751433584
8.383838383838384	1.8181818181818181	0.022703159211106275
8.383838383838384	1.9191919191919191	0.025158815336386007
8.383838383838384	2.0202020202020203	0.027718683905629024
8.383838383838384	2.121212121212121	0.03037882419602154
8.383838383838384	2.2222222222222223	0.03313522125295417
8.383838383838384	2.323232323232323	0.03598379992817334
8.383838383838384	2.4242424242424243	0.03892043860581864
8.383838383838384	2.525252525252525	0.041940982546905654
8.383838383838384	2.6262626262626263	0.04504125678638283
8.383838383838384	2.727272727272727	0.048217078526480425
8.383838383838384	2.8282828282828283	0.051464268978155536
8.383838383838384	2.9292929292929295	0.05477866460990399
8.383838383838384	3.0303030303030303	0.05815612777113227
8.383838383838384	3.1313131313131315	0.061592556663255
8.383838383838384	3.2323232323232323	0.06508389464178532
8.383838383838384	3.3333333333333335	0.06862613883698394
8.383838383838384	3.4343434343434343	0.07221534808858747
8.383838383838384	3.5353535353535355	0.07584765019291834
8.383838383838384	3.6363636363636362	0.07951924847168595
8.383838383838384	3.7373737373737375	0.08322642767078349
8.383838383838384	3.8383838383838382	0.08696555920306044
8.383838383838384	3.9393939393939394	0.0907331057572627
8.383838383838384	4.040404040404041	0.09452562529030038
8.383838383838384	4.141414141414141	0.09833977443087864
8.383838383838384	4.242424242424242	0.10217231131882495
8.383838383838384	4.343434343434343	0.10602009790684609
8.383838383838384	4.444444444444445	0.10988010175956252
8.383838383838384	4.545454545454546	0.11374939737183526
8.383838383838384	4.646464646464646	0.11233990672001845
8.383838383838384	4.747474747474747	0.1095155706691273
8.383838383838384	4.848484848484849	0.10679970673366634
8.383838383838384	4.94949494949495	0.1041939091796497
8.383838383838384	5.05050505050505	0.10169935884669687
8.383838383838384	5.151515151515151	0.09931684480668518
8.383838383838384	5.252525252525253	0.09704678656647844
8.383838383838384	5.353535353535354	0.0948892566037724
8.383838383838384	5.454545454545454	0.09284400304419711
8.383838383838384	5.555555555555555	0.09091047230764045
8.383838383838384	5.656565656565657	0.08908783157052065
8.383838383838384	5.757575757575758	0.0873749909111521
8.383838383838384	5.858585858585859	0.08577062501696994
8.383838383838384	5.959595959595959	0.08427319435466527
8.383838383838384	6.0606060606060606	0.08288096571471282
8.383838383838384	6.161616161616162	0.08159203205887915
8.383838383838384	6.262626262626263	0.08040433160840083
8.383838383838384	6.363636363636363	0.07931566612825545
8.383838383838384	6.4646464646464645	0.0783237183683329
8.383838383838384	6.565656565656566	0.07742606863494798
8.383838383838384	6.666666666666667	0.07662021047574653
8.383838383838384	6.767676767676767	0.07590356546800532
8.383838383838384	6.8686868686868685	0.07527349710813665
8.383838383838384	6.96969696969697	0.07472732380606449
8.383838383838384	7.070707070707071	0.07426233099586296
8.383838383838384	7.171717171717172	0.07387578237671756
8.383838383838384	7.2727272727272725	0.07356493030355232
8.383838383838384	7.373737373737374	0.07332702535074882
8.383838383838384	7.474747474747475	0.0731593250750118
8.383838383838384	7.575757575757576	0.07305910200599852
8.383838383838384	7.6767676767676765	0.07302365089566784
8.383838383838384	7.777777777777778	0.07305029525797618
8.383838383838384	7.878787878787879	0.07313639323320893
8.383838383838384	7.97979797979798	0.07327934281058911
8.383838383838384	8.080808080808081	0.0734765864445307
8.383838383838384	8.181818181818182	0.07372561509748093
8.383838383838384	8.282828282828282	0.07402397174738622
8.383838383838384	8.383838383838384	0.0743692543900892
8.383838383838384	8.484848484848484	0.07475911857311995
8.383838383838384	8.585858585858587	0.07519127949297306
8.383838383838384	8.686868686868687	0.0756635136884826
8.383838383838384	8.787878787878787	0.07617366035904352
8.383838383838384	8.88888888888889	0.07671962234128986
8.383838383838384	8.98989898989899	0.07729936676977571
8.383838383838384	9.090909090909092	0.07791092545021289
8.383838383838384	9.191919191919192	0.07855239497252979
8.383838383838384	9.292929292929292	0.07922193658547126
8.383838383838384	9.393939393939394	0.07991777586039202
8.383838383838384	9.494949494949495	0.08063820216240378
8.383838383838384	9.595959595959595	0.08138156795192775
8.383838383838384	9.696969696969697	0.08214628793591097
8.383838383838384	9.797979797979798	0.08293083808491816
8.383838383838384	9.8989898989899	0.08373375453633057
8.383838383838384	10.0	0.08455363239544218
8.484848484848484	0.0	0.0
8.484848484848484	0.10101010101010101	7.181739326901624e-5
8.484848484848484	0.20202020202020202	0.00028713896622209586
8.484848484848484	0.30303030303030304	0.0006455735295636761
8.484848484848484	0.40404040404040403	0.0011464711979218515
8.484848484848484	0.5050505050505051	0.00178892651612251
8.484848484848484	0.6060606060606061	0.002571782791951407
8.484848484848484	0.7070707070707071	0.003493637599808162
8.484848484848484	0.8080808080808081	0.004552849400172579
8.484848484848484	0.9090909090909091	0.005747545216654595
8.484848484848484	1.0101010101010102	0.007075629300286234
8.484848484848484	1.1111111111111112	0.008534792704128328
8.484848484848484	1.2121212121212122	0.010122523683661875
8.484848484848484	1.3131313131313131	0.011836118834676718
8.484848484848484	1.4141414141414141	0.013672694873922718
8.484848484848484	1.5151515151515151	0.015629200965984396
8.484848484848484	1.6161616161616161	0.0177024314982643
8.484848484848484	1.7171717171717171	0.019889039205602546
8.484848484848484	1.8181818181818181	0.022185548545036144
8.484848484848484	1.9191919191919191	0.02458836922488149
8.484848484848484	2.0202020202020203	0.02709380979474227
8.484848484848484	2.121212121212121	0.029698091206412987
8.484848484848484	2.2222222222222223	0.03239736025994883
8.484848484848484	2.323232323232323	0.03518770285550581
8.484848484848484	2.4242424242424243	0.03806515697654167
8.484848484848484	2.525252525252525	0.04102572533765206
8.484848484848484	2.6262626262626263	0.04406538763464277
8.484848484848484	2.727272727272727	0.04718011234451533
8.484848484848484	2.8282828282828283	0.05036586802809502
8.484848484848484	2.9292929292929295	0.053618634095025215
8.484848484848484	3.0303030303030303	0.05693441099909663
8.484848484848484	3.1313131313131315	0.06030922983828629
8.484848484848484	3.2323232323232323	0.06373916134017443
8.484848484848484	3.3333333333333335	0.0672203242184953
8.484848484848484	3.4343434343434343	0.07074889289602404
8.484848484848484	3.5353535353535355	0.07432110459020617
8.484848484848484	3.6363636363636362	0.07793326576502106
8.484848484848484	3.7373737373737375	0.08158175795836071
8.484848484848484	3.8383838383838382	0.08526304299512068
8.484848484848484	3.9393939393939394	0.08897366760111383
8.484848484848484	4.040404040404041	0.0927102674397539
8.484848484848484	4.141414141414141	0.09646957058571082
8.484848484848484	4.242424242424242	0.1002484004673476
8.484848484848484	4.343434343434343	0.1040436782948199
8.484848484848484	4.444444444444445	0.10785242500505503
8.484848484848484	4.545454545454546	0.11167176274898205
8.484848484848484	4.646464646464646	0.11391295189985286
8.484848484848484	4.747474747474747	0.11106273040793647
8.484848484848484	4.848484848484849	0.10831737941846543
8.484848484848484	4.94949494949495	0.10567867471758739
8.484848484848484	5.05050505050505	0.10314798624850148
8.484848484848484	5.151515151515151	0.1007262981092182
8.484848484848484	5.252525252525253	0.0984142291852319
8.484848484848484	5.353535353535354	0.09621205420977329
8.484848484848484	5.454545454545454	0.09411972506459278
8.484848484848484	5.555555555555555	0.09213689215109072
8.484848484848484	5.656565656565657	0.0902629256814249
8.484848484848484	5.757575757575758	0.08849693675336914
8.484848484848484	5.858585858585859	0.08683779809112918
8.484848484848484	5.959595959595959	0.08528416434784067
8.484848484848484	6.0606060606060606	0.08383449188146866
8.484848484848484	6.161616161616162	0.08248705792638887
8.484848484848484	6.262626262626263	0.0812399790993171
8.484848484848484	6.363636363636363	0.08009122918556283
8.484848484848484	6.4646464646464645	0.07903865616651795
8.484848484848484	6.565656565656566	0.0780799984544585
8.484848484848484	6.666666666666667	0.07721290031395046
8.484848484848484	6.767676767676767	0.07643492645468429
8.484848484848484	6.8686868686868685	0.07574357578806576
8.484848484848484	6.96969696969697	0.07513629434716243
8.484848484848484	7.070707070707071	0.0746104873751938
8.484848484848484	7.171717171717172	0.07416353059243808
8.484848484848484	7.2727272727272725	0.07379278065650015
8.484848484848484	7.373737373737374	0.07349558483296016
8.484848484848484	7.474747474747475	0.07326928990091422
8.484848484848484	7.575757575757576	0.07311125031401551
8.484848484848484	7.6767676767676765	0.07301883564772954
8.484848484848484	7.777777777777778	0.07298943735770894
8.484848484848484	7.878787878787879	0.07302047488118482
8.484848484848484	7.97979797979798	0.07310940111217093
8.484848484848484	8.080808080808081	0.07325370728142505
8.484848484848484	8.181818181818182	0.07345092727186266
8.484848484848484	8.282828282828282	0.07369864140565968
8.484848484848484	8.383838383838384	0.07399447972931536
8.484848484848484	8.484848484848484	0.07433612483275892
8.484848484848484	8.585858585858587	0.07472131423086671
8.484848484848484	8.686868686868687	0.07514784233929597
8.484848484848484	8.787878787878787	0.07561356207256148
8.484848484848484	8.88888888888889	0.07611638609482392
8.484848484848484	8.98989898989899	0.0766542877493055
8.484848484848484	9.090909090909092	0.07722530169361592
8.484848484848484	9.191919191919192	0.0778275242654539
8.484848484848484	9.292929292929292	0.07845911360524736
8.484848484848484	9.393939393939394	0.07911828955463862
8.484848484848484	9.494949494949495	0.07980333335621534
8.484848484848484	9.595959595959595	0.0805125871729325
8.484848484848484	9.696969696969697	0.0812444534467842
8.484848484848484	9.797979797979798	0.08199739411542806
8.484848484848484	9.8989898989899	0.08276992970266946
8.484848484848484	10.0	0.0835606382987612
8.585858585858587	0.0	0.0
8.585858585858587	0.10101010101010101	7.011706729658782e-5
8.585858585858587	0.20202020202020202	0.0002803439086109916
8.585858585858587	0.30303030303030304	0.0006303080278631531
8.585858585858587	0.40404040404040403	0.001119390544224661
8.585858585858587	0.5050505050505051	0.0017467290929547128
8.585858585858587	0.6060606060606061	0.0025112218476741536
8.585858585858587	0.7070707070707071	0.003411532631777341
8.585858585858587	0.8080808080808081	0.004446097066615312
8.585858585858587	0.9090909090909091	0.00561312970716385
8.585858585858587	1.0101010101010102	0.006910632099803811
8.585858585858587	1.1111111111111112	0.008336401691366199
8.585858585858587	1.2121212121212122	0.009888041514952213
8.585858585858587	1.3131313131313131	0.011562970570104036
8.585858585858587	1.4141414141414141	0.013358434811592995
8.585858585858587	1.5151515151515151	0.015271518661227411
8.585858585858587	1.6161616161616161	0.017299156948001184
8.585858585858587	1.7171717171717171	0.019438147191335558
8.585858585858587	1.8181818181818181	0.021685162132841128
8.585858585858587	1.9191919191919191	0.024036762431116403
8.585858585858587	2.0202020202020203	0.026489409430386104
8.585858585858587	2.121212121212121	0.029039477922591206
8.585858585858587	2.2222222222222223	0.03168326882152985
8.585858585858587	2.323232323232323	0.034417021675596994
8.585858585858587	2.4242424242424243	0.03723692695029873
8.585858585858587	2.525252525252525	0.04013913801599499
8.585858585858587	2.6262626262626263	0.043119782784016854
8.585858585858587	2.727272727272727	0.04617497493945368
8.585858585858587	2.8282828282828283	0.04930082472695776
8.585858585858587	2.9292929292929295	0.0524934492479434
8.585858585858587	3.0303030303030303	0.05574898224140451
8.585858585858587	3.1313131313131315	0.059063583319422644
8.585858585858587	3.2323232323232323	0.062433446638904655
8.585858585858587	3.3333333333333335	0.06585480899283977
8.585858585858587	3.4343434343434343	0.06932395731915225
8.585858585858587	3.5353535353535355	0.07283723561314653
8.585858585858587	3.6363636363636362	0.07639105125602225
8.585858585858587	3.7373737373737375	0.07998188075465959
8.585858585858587	3.8383838383838382	0.08360627491099377
8.585858585858587	3.9393939393939394	0.08726086342414109
8.585858585858587	4.040404040404041	0.09094235895064097
8.585858585858587	4.141414141414141	0.09464756063206727
8.585858585858587	4.242424242424242	0.09837335711680481
8.585858585858587	4.343434343434343	0.10211672909425014
8.585858585858587	4.444444444444445	0.10587475136543716
8.585858585858587	4.545454545454546	0.10964459447616517
8.585858585858587	4.646464646464646	0.11342352593521095
8.585858585858587	4.747474747474747	0.11260727066499103
8.585858585858587	4.848484848484849	0.10983510497892529
8.585858585858587	4.94949494949495	0.10716618212708309
8.585858585858587	5.05050505050505	0.10460204839059585
8.585858585858587	5.151515151515151	0.102143870706095
8.585858585858587	5.252525252525253	0.09979245578432236
8.585858585858587	5.353535353535354	0.09754826974181294
8.585858585858587	5.454545454545454	0.09541145806142469
8.585858585858587	5.555555555555555	0.09338186571646356
8.585858585858587	5.656565656565657	0.0914590573070061
8.585858585858587	5.757575757575758	0.08964233707639646
8.585858585858587	5.858585858585859	0.087930768686709
8.585858585858587	5.959595959595959	0.08632319465093548
8.585858585858587	6.0606060606060606	0.08481825532771958
8.585858585858587	6.161616161616162	0.08341440740414512
8.585858585858587	6.262626262626263	0.08210994179586478
8.585858585858587	6.363636363636363	0.08090300091302137
8.585858585858587	6.4646464646464645	0.0797915952442442
8.585858585858587	6.565656565656566	0.07877361922456048
8.585858585858587	6.666666666666667	0.07784686635921982
8.585858585858587	6.767676767676767	0.07700904358581717
8.585858585858587	6.8686868686868685	0.07625778486163247
8.585858585858587	6.96969696969697	0.07559066397077484
8.585858585858587	7.070707070707071	0.07500520655360182
8.585858585858587	7.171717171717172	0.07449890136063318
8.585858585858587	7.2727272727272725	0.07406921074433102
8.585858585858587	7.373737373737374	0.07371358040042536
8.585858585858587	7.474747474747475	0.07342944837831444
8.585858585858587	7.575757575757576	0.07321425337823928
8.585858585858587	7.6767676767676765	0.0730654423608941
8.585858585858587	7.777777777777778	0.07298047749263534
8.585858585858587	7.878787878787879	0.07295684245228912
8.585858585858587	7.97979797979798	0.0729920481293148
8.585858585858587	8.080808080808081	0.07308363773806116
8.585858585858587	8.181818181818182	0.07322919138256952
8.585858585858587	8.282828282828282	0.07342633009536868
8.585858585858587	8.383838383838384	0.0736727193851078
8.585858585858587	8.484848484848484	0.07396607231799598
8.585858585858587	8.585858585858587	0.07430415216586045
8.585858585858587	8.686868686868687	0.07468477464641467
8.585858585858587	8.787878787878787	0.07510580978535479
8.585858585858587	8.88888888888889	0.07556518342730466
8.585858585858587	8.98989898989899	0.07606087842090309
8.585858585858587	9.090909090909092	0.07659093550491429
8.585858585858587	9.191919191919192	0.07715345391875303
8.585858585858587	9.292929292929292	0.07774659176100705
8.585858585858587	9.393939393939394	0.07836856611894243
8.585858585858587	9.494949494949495	0.07901765298833353
8.585858585858587	9.595959595959595	0.0796921870067138
8.585858585858587	9.696969696969697	0.08039056101581828
8.585858585858587	9.797979797979798	0.08111122547288825
8.585858585858587	9.8989898989899	0.08185268772777918
8.585858585858587	10.0	0.08261351117979257
8.686868686868687	0.0	0.0
8.686868686868687	0.10101010101010101	6.847657767780094e-5
8.686868686868687	0.20202020202020202	0.0002737878262512921
8.686868686868687	0.30303030303030304	0.0006155788361703889
8.686868686868687	0.40404040404040403	0.0010932598996706692
8.686868686868687	0.5050505050505051	0.0017060092042317351
8.686868686868687	0.6060606060606061	0.002452776571071658
8.686868686868687	0.7070707070707071	0.003332288204426615
8.686868686868687	0.8080808080808081	0.0043430524092831204
8.686868686868687	0.9090909090909091	0.005483366229084688
8.686868686868687	1.0101010101010102	0.006751322944417246
8.686868686868687	1.1111111111111112	0.008144820371354894
8.686868686868687	1.2121212121212122	0.009661569887547962
8.686868686868687	1.3131313131313131	0.01129910611426203
8.686868686868687	1.4141414141414141	0.013054797174944621
8.686868686868687	1.5151515151515151	0.014925855450883497
8.686868686868687	1.6161616161616161	0.01690934875032814
8.686868686868687	1.7171717171717171	0.019002211810744043
8.686868686868687	1.8181818181818181	0.02120125804733083
8.686868686868687	1.9191919191919191	0.023503191470316133
8.686868686868687	2.0202020202020203	0.025904618688512727
8.686868686868687	2.121212121212121	0.028402060923062345
8.686868686868687	2.2222222222222223	0.030991965958395713
8.686868686868687	2.323232323232323	0.033670719960389346
8.686868686868687	2.4242424242424243	0.03643465909723145
8.686868686868687	2.525252525252525	0.039280080903377985
8.686868686868687	2.6262626262626263	0.04220325533156771
8.686868686868687	2.727272727272727	0.045200435445731976
8.686868686868687	2.8282828282828283	0.0482678677092759
8.686868686868687	2.9292929292929295	0.05140180183477548
8.686868686868687	3.0303030303030303	0.05459850016037898
8.686868686868687	3.1313131313131315	0.05785424652964788
8.686868686868687	3.2323232323232323	0.06116535465353229
8.686868686868687	3.3333333333333335	0.06452817593955001
8.686868686868687	3.4343434343434343	0.06793910677928484
8.686868686868687	3.5353535353535355	0.07139459528704128
8.686868686868687	3.6363636363636362	0.07489114749170737
8.686868686868687	3.7373737373737375	0.07842533298200742
8.686868686868687	3.8383838383838382	0.08199379001530073
8.686868686868687	3.9393939393939394	0.08559323009599065
8.686868686868687	4.040404040404041	0.08922044204072112
8.686868686868687	4.141414141414141	0.09287229554396807
8.686868686868687	4.242424242424242	0.09654574425950979
8.686868686868687	4.343434343434343	0.10023782842209211
8.686868686868687	4.444444444444445	0.10394567702432422
8.686868686868687	4.545454545454546	0.1076665095759179
8.686868686868687	4.646464646464646	0.1113976374633554
8.686868686868687	4.747474747474747	0.11414777276979533
8.686868686868687	4.848484848484849	0.11135135748319022
8.686868686868687	4.94949494949495	0.10865480472413912
8.686868686868687	5.05050505050505	0.10605982478588996
8.686868686868687	5.151515151515151	0.10356775561930777
8.686868686868687	5.252525252525253	0.10117958049651768
8.686868686868687	5.353535353535354	0.0988959462622046
8.686868686868687	5.454545454545454	0.0967171819941561
8.686868686868687	5.555555555555555	0.09464331790908519
8.686868686868687	5.656565656565657	0.09267410436802599
8.686868686868687	5.757575757575758	0.09080903084753816
8.686868686868687	5.858585858585859	0.08904734475771046
8.686868686868687	5.959595959595959	0.08738807000280323
8.686868686868687	6.0606060606060606	0.0858300251915531
8.686868686868687	6.161616161616162	0.08437184141753028
8.686868686868687	6.262626262626263	0.08301197953991786
8.686868686868687	6.363636363636363	0.0817487469073601
8.686868686868687	6.4646464646464645	0.08058031347603306
8.686868686868687	6.565656565656566	0.07950472728290175
8.686868686868687	6.666666666666667	0.07851992924338076
8.686868686868687	6.767676767676767	0.07762376725152535
8.686868686868687	6.8686868686868685	0.07681400956440347
8.686868686868687	6.96969696969697	0.0760883574639231
8.686868686868687	7.070707070707071	0.07544445719041751
8.686868686868687	7.171717171717172	0.07487991115029852
8.686868686868687	7.2727272727272725	0.07439228840332548
8.686868686868687	7.373737373737374	0.0739791344402522
8.686868686868687	7.474747474747475	0.0736379802627586
8.686868686868687	7.575757575757576	0.07336635078446593
8.686868686868687	7.6767676767676765	0.07316177256967402
8.686868686868687	7.777777777777778	0.07302178093403995
8.686868686868687	7.878787878787879	0.07294392642658999
8.686868686868687	7.97979797979798	0.07292578072142468
8.686868686868687	8.080808080808081	0.0729649419419564
8.686868686868687	8.181818181818182	0.07305903944417454
8.686868686868687	8.282828282828282	0.07320573808823454
8.686868686868687	8.383838383838384	0.07340274202237496
8.686868686868687	8.484848484848484	0.07364779800849576
8.686868686868687	8.585858585858587	0.07393869831547475
8.686868686868687	8.686868686868687	0.0742732832072973
8.686868686868687	8.787878787878787	0.0746494430529728
8.686868686868687	8.88888888888889	0.07506512008278621
8.686868686868687	8.98989898989899	0.07551830981596416
8.686868686868687	9.090909090909092	0.07600706218616964
8.686868686868687	9.191919191919192	0.07652948238584847
8.686868686868687	9.292929292929292	0.07708373145262372
8.686868686868687	9.393939393939394	0.07766802662055858
8.686868686868687	9.494949494949495	0.07828064145494931
8.686868686868687	9.595959595959595	0.07891990579223264
8.686868686868687	9.696969696969697	0.07958420550159961
8.686868686868687	9.797979797979798	0.0802719820884732
8.686868686868687	9.8989898989899	0.08098173215326547
8.686868686868687	10.0	0.08171200672354714
8.787878787878787	0.0	0.0
8.787878787878787	0.10101010101010101	6.689314424886036e-5
8.787878787878787	0.20202020202020202	0.0002674596248198368
8.787878787878787	0.30303030303030304	0.000601361090369574
8.787878787878787	0.40404040404040403	0.0010680353024968988
8.787878787878787	0.5050505050505051	0.0016666986405691733
8.787878787878787	0.6060606060606061	0.0023963495779786015
8.787878787878787	0.7070707070707071	0.003255773100575744
8.787878787878787	0.8080808080808081	0.0042435460270703815
8.787878787878787	0.9090909090909091	0.005358043189055458
8.787878787878787	1.0101010101010102	0.006597444416164548
8.787878787878787	1.1111111111111112	0.00795974227066296
8.787878787878787	1.2121212121212122	0.009442750465842885
8.787878787878787	1.3131313131313131	0.011044112903471374
8.787878787878787	1.4141414141414141	0.012761313257272876
8.787878787878787	1.5151515151515151	0.01459168502953121
8.787878787878787	1.6161616161616161	0.016532422005562347
8.787878787878787	1.7171717171717171	0.018580589030403015
8.787878787878787	1.8181818181818181	0.02073313303005873
8.787878787878787	1.9191919191919191	0.02298689420401239
8.787878787878787	2.0202020202020203	0.025338617314429088
8.787878787878787	2.121212121212121	0.0277849630005854
8.787878787878787	2.2222222222222223	0.03032251905149057
8.787878787878787	2.323232323232323	0.032947811570236435
8.787878787878787	2.4242424242424243	0.03565731597169405
8.787878787878787	2.525252525252525	0.03844746775579072
8.787878787878787	2.6262626262626263	0.041314673006076115
8.787878787878787	2.727272727272727	0.044255318565937174
8.787878787878787	2.8282828282828283	0.04726578185366105
8.787878787878787	2.9292929292929295	0.050342440278405814
8.787878787878787	3.0303030303030303	0.05348168022687431
8.787878787878787	3.1313131313131315	0.0566799055963505
8.787878787878787	3.2323232323232323	0.059933545852808745
8.787878787878787	3.3333333333333335	0.06323906359809187
8.787878787878787	3.4343434343434343	0.0665929616375069
8.787878787878787	3.5353535353535355	0.06999178953787845
8.787878787878787	3.6363636363636362	0.07343214967815238
8.787878787878787	3.7373737373737375	0.07691070278887145
8.787878787878787	3.8383838383838382	0.08042417299105047
8.787878787878787	3.9393939393939394	0.08396935233669016
8.787878787878787	4.040404040404041	0.08754310486609164
8.787878787878787	4.141414141414141	0.09114237019277563
8.787878787878787	4.242424242424242	0.09476416663189079
8.787878787878787	4.343434343434343	0.09840559388868923
8.787878787878787	4.444444444444445	0.10206383532667154
8.787878787878787	4.545454545454546	0.1057361598323247
8.787878787878787	4.646464646464646	0.109419923300464
8.787878787878787	4.747474747474747	0.11311256975707679
8.787878787878787	4.848484848484849	0.11286472321190757
8.787878787878787	4.94949494949495	0.11014302895346723
8.787878787878787	5.05050505050505	0.10751970836079586
8.787878787878787	5.151515151515151	0.10499625895594963
8.787878787878787	5.252525252525253	0.10257382962016062
8.787878787878787	5.353535353535354	0.10025323751560603
8.787878787878787	5.454545454545454	0.09803498548629308
8.787878787878787	5.555555555555555	0.09591927978060177
8.787878787878787	5.656565656565657	0.09390604794951712
8.787878787878787	5.757575757575758	0.09199495679079822
8.787878787878787	5.858585858585859	0.09018543021994502
8.787878787878787	5.959595959595959	0.08847666696482898
8.787878787878787	6.0606060606060606	0.08686765798854301
8.787878787878787	6.161616161616162	0.085357203562035
8.787878787878787	6.262626262626263	0.08394392991279168
8.787878787878787	6.363636363636363	0.08262630539157
8.787878787878787	6.4646464646464645	0.08140265610524622
8.787878787878787	6.565656565656566	0.08027118097189563
8.787878787878787	6.666666666666667	0.07922996616861443
8.787878787878787	6.767676767676767	0.07827699894051847
8.787878787878787	6.8686868686868685	0.07741018075434784
8.787878787878787	6.96969696969697	0.07662733978325811
8.787878787878787	7.070707070707071	0.07592624271429979
8.787878787878787	7.171717171717172	0.07530460587657675
8.787878787878787	7.2727272727272725	0.07476010569257878
8.787878787878787	7.373737373737374	0.07429038845828481
8.787878787878787	7.474747474747475	0.07389307946273704
8.787878787878787	7.575757575757576	0.07356579145890701
8.787878787878787	7.6767676767676765	0.07330613250314356
8.787878787878787	7.777777777777778	0.07311171317892538
8.787878787878787	7.878787878787879	0.07298015322748552
8.787878787878787	7.97979797979798	0.07290908760416283
8.787878787878787	8.080808080808081	0.07289617198523739
8.787878787878787	8.181818181818182	0.07293908774762434
8.787878787878787	8.282828282828282	0.07303554644617975
8.787878787878787	8.383838383838384	0.07318329381440625
8.787878787878787	8.484848484848484	0.0733801133113497
8.787878787878787	8.585858585858587	0.07362382924245676
8.787878787878787	8.686868686868687	0.0739123094781086
8.787878787878787	8.787878787878787	0.07424346779292404
8.787878787878787	8.88888888888889	0.07461526585422265
8.787878787878787	8.98989898989899	0.07502571487937094
8.787878787878787	9.090909090909092	0.07547287698689036
8.787878787878787	9.191919191919192	0.07595486626469868
8.787878787878787	9.292929292929292	0.07646984957445109
8.787878787878787	9.393939393939394	0.07701604711652281
8.787878787878787	9.494949494949495	0.07759173277180194
8.787878787878787	9.595959595959595	0.07819523424223118
8.787878787878787	9.696969696969697	0.07882493300727572
8.787878787878787	9.797979797979798	0.079479264112651
8.787878787878787	9.8989898989899	0.08015671580949509
8.787878787878787	10.0	0.08085582905774276
8.88888888888889	0.0	0.0
8.88888888888889	0.10101010101010101	6.536414699002868e-5
8.88888888888889	0.20202020202020202	0.00026134884767308874
8.88888888888889	0.30303030303030304	0.0005876313514985306
8.88888888888889	0.40404040404040403	0.0010436753047233668
8.88888888888889	0.5050505050505051	0.00162873308101178
8.88888888888889	0.6060606060606061	0.002341849016978385
8.88888888888889	0.7070707070707071	0.0031818635264079798
8.88888888888889	0.8080808080808081	0.0041474180552446074
8.88888888888889	0.9090909090909091	0.00523696083992957
8.88888888888889	1.0101010101010102	0.006448753419813847
8.88888888888889	1.1111111111111112	0.00778087785142828
8.88888888888889	1.2121212121212122	0.009231244566889325
8.88888888888889	1.3131313131313131	0.010797600815222663
8.88888888888889	1.4141414141414141	0.012477539621467857
8.88888888888889	1.5151515151515151	0.014268509196505864
8.88888888888889	1.6161616161616161	0.016167822728472482
8.88888888888889	1.7171717171717171	0.018172668485199644
8.88888888888889	1.8181818181818181	0.02028012015968199
8.88888888888889	1.9191919191919191	0.02248714738690182
8.88888888888889	2.0202020202020203	0.02479062636580941
8.88888888888889	2.121212121212121	0.027187350519487535
8.88888888888889	2.2222222222222223	0.02967404113139578
8.88888888888889	2.323232323232323	0.0322473578952104
8.88888888888889	2.4242424242424243	0.034903909324732585
8.88888888888889	2.525252525252525	0.03764026296903562
8.88888888888889	2.6262626262626263	0.040452955384287254
8.88888888888889	2.727272727272727	0.043338501820247725
8.88888888888889	2.8282828282828283	0.046293405580758305
8.88888888888889	2.9292929292929295	0.04931416702333513
8.88888888888889	3.0303030303030303	0.052397292170100966
8.88888888888889	3.1313131313131315	0.05553930090292174
8.88888888888889	3.2323232323232323	0.058736734723260825
8.88888888888889	3.3333333333333335	0.06198616406230975
8.88888888888889	3.4343434343434343	0.06528419512633356
8.88888888888889	3.5353535353535355	0.06862747627367694
8.88888888888889	3.6363636363636362	0.0720127039164435
8.88888888888889	3.7373737373737375	0.07543662794980006
8.88888888888889	3.8383838383838382	0.07889605670812425
8.88888888888889	3.9393939393939394	0.08238786145868975
8.88888888888889	4.040404040404041	0.085908980437497
8.88888888888889	4.141414141414141	0.08945642244098724
8.88888888888889	4.242424242424242	0.0930272699836305
8.88888888888889	4.343434343434343	0.09661868204212856
8.88888888888889	4.444444444444445	0.10022789639407413
8.88888888888889	4.545454545454546	0.10385223157583454
8.88888888888889	4.646464646464646	0.1074890884729452
8.88888888888889	4.747474747474747	0.11113595156724496
8.88888888888889	4.848484848484849	0.11437389473831625
8.88888888888889	4.94949494949495	0.11162944876996807
8.88888888888889	5.05050505050505	0.10898020017419988
8.88888888888889	5.151515151515151	0.10642779499521975
8.88888888888889	5.252525252525253	0.10397353710114177
8.88888888888889	5.353535353535354	0.10161840382643074
8.88888888888889	5.454545454545454	0.0993630621579514
8.88888888888889	5.555555555555555	0.09720788530858455
8.88888888888889	5.656565656565657	0.09515296953629886
8.88888888888889	5.757575757575758	0.09319815108220451
8.88888888888889	5.858585858585859	0.09134302310894132
8.88888888888889	5.959595959595959	0.08958695253618945
8.88888888888889	6.0606060606060606	0.0879290966800172
8.88888888888889	6.161616161616162	0.0863684196130263
8.88888888888889	6.262626262626263	0.08490370817472524
8.88888888888889	6.363636363636363	0.0835335875691019
8.88888888888889	6.4646464646464645	0.08225653649533744
8.88888888888889	6.565656565656566	0.08107090176877055
8.88888888888889	6.666666666666667	0.07997491239428099
8.88888888888889	6.767676767676767	0.0789666930621472
8.88888888888889	6.8686868686868685	0.07804427704507887
8.88888888888889	6.96969696969697	0.07720561847781869
8.88888888888889	7.070707070707071	0.07644860401062491
8.88888888888889	7.171717171717172	0.07577106382845651
8.88888888888889	7.2727272727272725	0.07517078203703798
8.88888888888889	7.373737373737374	0.07464550641523104
8.88888888888889	7.474747474747475	0.07419295754404095
8.88888888888889	7.575757575757576	0.07381083731900884
8.88888888888889	7.6767676767676765	0.07349683685911493
8.88888888888889	7.777777777777778	0.07324864382843413
8.88888888888889	7.878787878787879	0.07306394918428412
8.88888888888889	7.97979797979798	0.07294045337421257
8.88888888888889	8.080808080808081	0.07287587199938665
8.88888888888889	8.181818181818182	0.07286794096540508
8.88888888888889	8.282828282828282	0.07291442114414858
8.88888888888889	8.383838383838384	0.07301310256745365
8.88888888888889	8.484848484848484	0.07316180817709805
8.88888888888889	8.585858585858587	0.07335839715240738
8.88888888888889	8.686868686868687	0.07360076784153315
8.88888888888889	8.787878787878787	0.073886860315614
8.88888888888889	8.88888888888889	0.07421465857287356
8.88888888888889	8.98989898989899	0.07458219241154632
8.88888888888889	9.090909090909092	0.0749875389957697
8.88888888888889	9.191919191919192	0.07542882413489703
8.88888888888889	9.292929292929292	0.07590422329729447
8.88888888888889	9.393939393939394	0.07641196237904198
8.88888888888889	9.494949494949495	0.07695031824454887
8.88888888888889	9.595959595959595	0.07751761906249957
8.88888888888889	9.696969696969697	0.07811224444912193
8.88888888888889	9.797979797979798	0.07873262543918585
8.88888888888889	9.8989898989899	0.07937724429999406
8.88888888888889	10.0	0.08004463420333689
8.98989898989899	0.0	0.0
8.98989898989899	0.10101010101010101	6.388711432203637e-5
8.98989898989899	0.20202020202020202	0.00025544563087494
8.98989898989899	0.30303030303030304	0.0005743675086440326
8.98989898989899	0.40404040404040403	0.001020140801789332
8.98989898989899	0.5050505050505051	0.0015920518307880056
8.98989898989899	0.6060606060606061	0.0022891881968318765
8.98989898989899	0.7070707070707071	0.0031104426144433444
8.98989898989899	0.8080808080808081	0.004054517531234017
8.98989898989899	0.9090909090909091	0.005119930497761783
8.98989898989899	1.0101010101010102	0.006305020242958767
8.98989898989899	1.1111111111111112	0.0076079534093818025
8.98989898989899	1.2121212121212122	0.009026731893424293
8.98989898989899	1.3131313131313131	0.010559200736433556
8.98989898989899	1.4141414141414141	0.012203056505142312
8.98989898989899	1.5151515151515151	0.01395585610283816
8.98989898989899	1.6161616161616161	0.015815025943987728
8.98989898989899	1.7171717171717171	0.017777871432789995
8.98989898989899	1.8181818181818181	0.019841586677155555
8.98989898989899	1.9191919191919191	0.022003264376432647
8.98989898989899	2.0202020202020203	0.024259905820782076
8.98989898989899	2.121212121212121	0.02660843093788617
8.98989898989899	2.2222222222222223	0.02904568833258956
8.98989898989899	2.323232323232323	0.03156846525927963
8.98989898989899	2.4242424242424243	0.034173497477044734
8.98989898989899	2.525252525252525	0.03685747893691944
8.98989898989899	2.6262626262626263	0.03961707125546777
8.98989898989899	2.727272727272727	0.0424489129329187
8.98989898989899	2.8282828282828283	0.04534962828060237
8.98989898989899	2.9292929292929295	0.04831583602125103
8.98989898989899	3.0303030303030303	0.05134415753623408
8.98989898989899	3.1313131313131315	0.05443122473321793
8.98989898989899	3.2323232323232323	0.05757368751629399
8.98989898989899	3.3333333333333335	0.060768220839233986
8.98989898989899	3.4343434343434343	0.06401153133431932
8.98989898989899	3.5353535353535355	0.06730036350261029
8.98989898989899	3.6363636363636362	0.07063150546604212
8.98989898989899	3.7373737373737375	0.07400179427791387
8.98989898989899	3.8383838383838382	0.07740812079087969
8.98989898989899	3.9393939393939394	0.08084743409261008
8.98989898989899	4.040404040404041	0.08431674550966381
8.98989898989899	4.141414141414141	0.08781313219289133
8.98989898989899	4.242424242424242	0.09133374029442655
8.98989898989899	4.343434343434343	0.09487578774809513
8.98989898989899	4.444444444444445	0.09843656666860355
8.98989898989899	4.545454545454546	0.10201344538519025
8.98989898989899	4.646464646464646	0.10560387012513747
8.98989898989899	4.747474747474747	0.10920536636372774
8.98989898989899	4.848484848484849	0.11281553986160457
8.98989898989899	4.94949494949495	0.11311276016706115
8.98989898989899	5.05050505050505	0.11043990424055553
8.98989898989899	5.151515151515151	0.10786088133784628
8.98989898989899	5.252525252525253	0.1053771400346951
8.98989898989899	5.353535353535354	0.1029898079776277
8.98989898989899	5.454545454545454	0.1006997068993064
8.98989898989899	5.555555555555555	0.09850736807930752
8.98989898989899	5.656565656565657	0.09641304811639614
8.98989898989899	5.757575757575758	0.09441674488123947
8.98989898989899	5.858585858585859	0.09251821354068875
8.98989898989899	5.959595959595959	0.0907169825453704
8.98989898989899	6.0606060606060606	0.08901236948983084
8.98989898989899	6.161616161616162	0.08740349676204799
8.98989898989899	6.262626262626263	0.08588930691110849
8.98989898989899	6.363636363636363	0.08446857766651547
8.98989898989899	6.4646464646464645	0.08313993655629141
8.98989898989899	6.565656565656566	0.0819018750774191
8.98989898989899	6.666666666666667	0.08075276237728315
8.98989898989899	6.767676767676767	0.07969085841647125
8.98989898989899	6.8686868686868685	0.07871432658499532
8.98989898989899	6.96969696969697	0.0778212457547567
8.98989898989899	7.070707070707071	0.0770096217519153
8.98989898989899	7.171717171717172	0.07627739824197592
8.98989898989899	7.2727272727272725	0.07562246702148788
8.98989898989899	7.373737373737374	0.07504267771775883
8.98989898989899	7.474747474747475	0.07453584689766318
8.98989898989899	7.575757575757576	0.07409976659489378
8.98989898989899	7.6767676767676765	0.07373221226093495
8.98989898989899	7.777777777777778	0.07343095015686336
8.98989898989899	7.878787878787879	0.07319374419500337
8.98989898989899	7.97979797979798	0.07301836224983915
8.98989898989899	8.080808080808081	0.07290258195295993
8.98989898989899	8.181818181818182	0.07284419599319816
8.98989898989899	8.282828282828282	0.07284101693899067
8.98989898989899	8.383838383838384	0.07289088160581579
8.98989898989899	8.484848484848484	0.07299165498675182
8.98989898989899	8.585858585858587	0.07314123377054771
8.98989898989899	8.686868686868687	0.07333754946652458
8.98989898989899	8.787878787878787	0.07357857115777781
8.98989898989899	8.88888888888889	0.0738623079056946
8.98989898989899	8.98989898989899	0.07418681082489419
8.98989898989899	9.090909090909092	0.07455017485122019
8.98989898989899	9.191919191919192	0.0749505402200149
8.98989898989899	9.292929292929292	0.0753860936795497
8.98989898989899	9.393939393939394	0.0758550694535843
8.98989898989899	9.494949494949495	0.07635574997431759
8.98989898989899	9.595959595959595	0.07688646640355112
8.98989898989899	9.696969696969697	0.07744559895848521
8.98989898989899	9.797979797979798	0.0780315770590616
8.98989898989899	9.8989898989899	0.07864287931142483
8.98989898989899	10.0	0.0792780333452057
9.090909090909092	0.0	0.0
9.090909090909092	0.10101010101010101	6.245971376087223e-5
9.090909090909092	0.20202020202020202	0.00024974066442388297
9.090909090909092	0.30303030303030304	0.0005615486897298591
9.090909090909092	0.40404040404040403	0.000997394875385535
9.090909090909092	0.5050505050505051	0.0015565975797592415
9.090909090909092	0.6060606060606061	0.00223828524355687
9.090909090909092	0.7070707070707071	0.003041399964913899
9.090909090909092	0.8080808080808081	0.003964701808797277
9.090909090909092	0.9090909090909091	0.005006773818049964
9.090909090909092	1.0101010101010102	0.006166027687332871
9.090909090909092	1.1111111111111112	0.007440710053801726
9.090909090909092	1.2121212121212122	0.008828909360328282
9.090909090909092	1.3131313131313131	0.010328563235369903
9.090909090909092	1.4141414141414141	0.011937466340049828
9.090909090909092	1.5151515151515151	0.01365327862116929
9.090909090909092	1.6161616161616161	0.015473533916240479
9.090909090909092	1.7171717171717171	0.01739564884887582
9.090909090909092	1.8181818181818181	0.01941693195697833
9.090909090909092	1.9191919191919191	0.02153459299276063
9.090909090909092	2.0202020202020203	0.023745752339589265
9.090909090909092	2.121212121212121	0.02604745048570353
9.090909090909092	2.2222222222222223	0.028436657503494712
9.090909090909092	2.323232323232323	0.03091028247837609
9.090909090909092	2.4242424242424243	0.03346518284142503
9.090909090909092	2.525252525252525	0.036098173557469054
9.090909090909092	2.6262626262626263	0.03880603612511324
9.090909090909092	2.727272727272727	0.04158552735163584
9.090909090909092	2.8282828282828283	0.04443338786444804
9.090909090909092	2.9292929292929295	0.04734635032983198
9.090909090909092	3.0303030303030303	0.050321147349468624
9.090909090909092	3.1313131313131315	0.05335451901115341
9.090909090909092	3.2323232323232323	0.056443220075747834
9.090909090909092	3.3333333333333335	0.059584026780053874
9.090909090909092	3.4343434343434343	0.06277374324800472
9.090909090909092	3.5353535353535355	0.06600920749724098
9.090909090909092	3.6363636363636362	0.0692872970367472
9.090909090909092	3.7373737373737375	0.07260493405423266
9.090909090909092	3.8383838383838382	0.07595909019031807
9.090909090909092	3.9393939393939394	0.07934679090671473
9.090909090909092	4.040404040404041	0.08276511944966036
9.090909090909092	4.141414141414141	0.08621122041876658
9.090909090909092	4.242424242424242	0.08968230294899081
9.090909090909092	4.343434343434343	0.09317564351794366
9.090909090909092	4.444444444444445	0.09668858839190254
9.090909090909092	4.545454545454546	0.1002185557200744
9.090909090909092	4.646464646464646	0.10376303729709259
9.090909090909092	4.747474747474747	0.10731960000496936
9.090909090909092	4.848484848484849	0.11088588695406278
9.090909090909092	4.94949494949495	0.11445961833554065
9.090909090909092	5.05050505050505	0.1118975224745834
9.090909090909092	5.151515151515151	0.10929413413795742
9.090909090909092	5.252525252525253	0.10678317421261158
9.090909090909092	5.353535353535354	0.10436591109608255
9.090909090909092	5.454545454545454	0.10204331211331331
9.090909090909092	5.555555555555555	0.09981605790557145
9.090909090909092	5.656565656565657	0.0976845571844573
9.090909090909092	5.757575757575758	0.09564896172854698
9.090909090909092	5.858585858585859	0.09370918151021888
9.090909090909092	5.959595959595959	0.09186489984955126
9.090909090909092	6.0606060606060606	0.09011558850457654
9.090909090909092	6.161616161616162	0.08846052261346109
9.090909090909092	6.262626262626263	0.08689879541763902
9.090909090909092	6.363636363636363	0.0854293326990936
9.090909090909092	6.4646464646464645	0.08405090687727328
9.090909090909092	6.565656565656566	0.08276215071547476
9.090909090909092	6.666666666666667	0.08156157059800984
9.090909090909092	6.767676767676767	0.08044755933999553
9.090909090909092	6.8686868686868685	0.0794184085059367
9.090909090909092	6.96969696969697	0.07847232021162066
9.090909090909092	7.070707070707071	0.07760741839460493
9.090909090909092	7.171717171717172	0.07682175953943787
9.090909090909092	7.2727272727272725	0.0761133428531141
9.090909090909092	7.373737373737374	0.0754801198838478
9.090909090909092	7.474747474747475	0.07492000358660017
9.090909090909092	7.575757575757576	0.07443087683807996
9.090909090909092	7.6767676767676765	0.07401060040581128
9.090909090909092	7.777777777777778	0.07365702038379011
9.090909090909092	7.878787878787879	0.07336797510308865
9.090909090909092	7.97979797979798	0.0731413015326235
9.090909090909092	8.080808080808081	0.07297484118363147
9.090909090909092	8.181818181818182	0.07286644553438672
9.090909090909092	8.282828282828282	0.0728139809940351
9.090909090909092	8.383838383838384	0.07281533341993258
9.090909090909092	8.484848484848484	0.07286841221318939
9.090909090909092	8.585858585858587	0.07297115400558382
9.090909090909092	8.686868686868687	0.07312152596231472
9.090909090909092	8.787878787878787	0.07331752871823272
9.090909090909092	8.88888888888889	0.07355719896645536
9.090909090909092	8.98989898989899	0.07383861172296173
9.090909090909092	9.090909090909092	0.07415988228201635
9.090909090909092	9.191919191919192	0.0745191678844002
9.090909090909092	9.292929292929292	0.07491466911683001
9.090909090909092	9.393939393939394	0.07534463106121092
9.090909090909092	9.494949494949495	0.07580734420916022
9.090909090909092	9.595959595959595	0.07630114516222658
9.090909090909092	9.696969696969697	0.07682441713325636
9.090909090909092	9.797979797979798	0.07737559026312803
9.090909090909092	9.8989898989899	0.0779531417697783
9.090909090909092	10.0	0.07855559594506785
9.191919191919192	0.0	0.0
9.191919191919192	0.10101010101010101	6.107974204201317e-5
9.191919191919192	0.20202020202020202	0.00024422515500405954
9.191919191919192	0.30303030303030304	0.0005491551792068576
9.191919191919192	0.40404040404040403	0.0009754026485577504
9.191919191919192	0.5050505050505051	0.0015223161771752813
9.191919191919192	0.6060606060606061	0.002189062782910695
9.191919191919192	0.7070707070707071	0.002974631222595038
9.191919191919192	0.8080808080808081	0.003877836016036873
9.191919191919192	0.9090909090909091	0.004897322127233222
9.191919191919192	1.0101010101010102	0.006031570264370677
9.191919191919192	1.1111111111111112	0.007278902763214864
9.191919191919192	1.2121212121212122	0.008637490005708823
9.191919191919192	1.3131313131313131	0.010105357329156977
9.191919191919192	1.4141414141414141	0.011680392375989264
9.191919191919192	1.5151515151515151	0.013360352831908418
9.191919191919192	1.6161616161616161	0.015142874499333644
9.191919191919192	1.7171717171717171	0.017025479651513433
9.191919191919192	1.8181818181818181	0.019005585614156578
9.191919191919192	1.9191919191919191	0.021080513517349575
9.191919191919192	2.0202020202020203	0.023247497168256134
9.191919191919192	2.121212121212121	0.025503691987526375
9.191919191919192	2.2222222222222223	0.02784618396168471
9.191919191919192	2.323232323232323	0.030271998563211923
9.191919191919192	2.4242424242424243	0.03277810958865911
9.191919191919192	2.525252525252525	0.03536144787491369
9.191919191919192	2.6262626262626263	0.03801890985199036
9.191919191919192	2.727272727272727	0.04074736589357632
9.191919191919192	2.8282828282828283	0.043543668434786
9.191919191919192	2.9292929292929295	0.04640465982229308
9.191919191919192	3.0303030303030303	0.049327179875102156
9.191919191919192	3.1313131313131315	0.052308073129146516
9.191919191919192	3.2323232323232323	0.055344195746806414
9.191919191919192	3.3333333333333335	0.05843242207739452
9.191919191919192	3.4343434343434343	0.061569650851248214
9.191919191919192	3.5353535353535355	0.06475281100344316
9.191919191919192	3.6363636363636362	0.06797886711663237
9.191919191919192	3.7373737373737375	0.07124482448041808
9.191919191919192	3.8383838383838382	0.07454773376714081
9.191919191919192	3.9393939393939394	0.07788469532560598
9.191919191919192	4.040404040404041	0.08125286309579859
9.191919191919192	4.141414141414141	0.08464944815133014
9.191919191919192	4.242424242424242	0.08807172187785381
9.191919191919192	4.343434343434343	0.09151701879459279
9.191919191919192	4.444444444444445	0.09498273903454292
9.191919191919192	4.545454545454546	0.09846635048875066
9.191919191919192	4.646464646464646	0.101965390634475
9.191919191919192	4.747474747474747	0.10547746805674325
9.191919191919192	4.848484848484849	0.10900026367853592
9.191919191919192	4.94949494949495	0.11253153171605633
9.191919191919192	5.05050505050505	0.11335184976959792
9.191919191919192	5.151515151515151	0.1107262634334092
9.191919191919192	5.252525252525253	0.10819026973291804
9.191919191919192	5.353535353535354	0.10574526856434924
9.191919191919192	5.454545454545454	0.10339236395155886
9.191919191919192	5.555555555555555	0.10113237740078343
9.191919191919192	5.656565656565657	0.09896586167096338
9.191919191919192	5.757575757575758	0.09689311483972526
9.191919191919192	5.858585858585859	0.09491419455567553
9.191919191919192	5.959595959595959	0.09302893237436026
9.191919191919192	6.0606060606060606	0.09123694808889536
9.191919191919192	6.161616161616162	0.08953766397211589
9.191919191919192	6.262626262626263	0.0879303188566335
9.191919191919192	6.363636363636363	0.08641398198828586
9.191919191919192	6.4646464646464645	0.0849875665954186
9.191919191919192	6.565656565656566	0.08364984312384788
9.191919191919192	6.666666666666667	0.08239945209586956
9.191919191919192	6.767676767676767	0.08123491655500222
9.191919191919192	6.8686868686868685	0.08015465406855742
9.191919191919192	6.96969696969697	0.079156988261647
9.191919191919192	7.070707070707071	0.07824015986493262
9.191919191919192	7.171717171717172	0.07740233726005297
9.191919191919192	7.2727272727272725	0.07664162651514106
9.191919191919192	7.373737373737374	0.07595608090068486
9.191919191919192	7.474747474747475	0.07534370988916665
9.191919191919192	7.575757575757576	0.07480248763187086
9.191919191919192	7.6767676767676765	0.07433036092434116
9.191919191919192	7.777777777777778	0.07392525666222378
9.191919191919192	7.878787878787879	0.07358508879673957
9.191919191919192	7.97979797979798	0.07330776480323795
9.191919191919192	8.080808080808081	0.07309119167255144
9.191919191919192	8.181818181818182	0.0729332814392457
9.191919191919192	8.282828282828282	0.0728319562652039
9.191919191919192	8.383838383838384	0.07278515308908289
9.191919191919192	8.484848484848484	0.0727908278658346
9.191919191919192	8.585858585858587	0.07284695940488758
9.191919191919192	8.686868686868687	0.07295155283487287
9.191919191919192	8.787878787878787	0.07310264270473772
9.191919191919192	8.88888888888889	0.07329829574499304
9.191919191919192	8.98989898989899	0.07353661330397418
9.191919191919192	9.090909090909092	0.07381573348118517
9.191919191919192	9.191919191919192	0.07413383297119519
9.191919191919192	9.292929292929292	0.07448912864086664
9.191919191919192	9.393939393939394	0.07487987885192011
9.191919191919192	9.494949494949495	0.07530438455137564
9.191919191919192	9.595959595959595	0.07576099014165018
9.191919191919192	9.696969696969697	0.07624808414913511
9.191919191919192	9.797979797979798	0.07676409970550686
9.191919191919192	9.8989898989899	0.07730751485675323
9.191919191919192	10.0	0.07787685271349168
9.292929292929292	0.0	0.0
9.292929292929292	0.10101010101010101	5.9745117528554825e-5
9.292929292929292	0.20202020202020202	0.00023889079137498183
9.292929292929292	0.30303030303030304	0.0005371683420926747
9.292929292929292	0.40404040404040403	0.0009541311518828776
9.292929292929292	0.5050505050505051	0.0014891564271413177
9.292929292929292	0.6060606060606061	0.0021414476479928507
9.292929292929292	0.7070707070707071	0.0029100376841579663
9.292929292929292	0.8080808080808081	0.0037937925543445055
9.292929292929292	0.9090909090909091	0.004791415801480913
9.292929292929292	1.0101010101010102	0.005901453450135252
9.292929292929292	1.1111111111111112	0.0071222995095693905
9.292929292929292	1.2121212121212122	0.00845220198273417
9.292929292929292	1.3131313131313131	0.00988926933901658
9.292929292929292	1.4141414141414141	0.011431477402829245
9.292929292929292	1.5151515151515151	0.013076676612436803
9.292929292929292	1.6161616161616161	0.014822599600517067
9.292929292929292	1.7171717171717171	0.016666869043724355
9.292929292929292	1.8181818181818181	0.0186070057346989
9.292929292929292	1.9191919191919191	0.020640436822928307
9.292929292929292	2.0202020202020203	0.02276450417746151
9.292929292929292	2.121212121212121	0.024976472820019607
9.292929292929292	2.2222222222222223	0.027273539384933265
9.292929292929292	2.323232323232323	0.0296528405567801
9.292929292929292	2.4242424242424243	0.03211146144486712
9.292929292929292	2.525252525252525	0.034646443853961054
9.292929292929292	2.6262626262626263	0.03725479441084079
9.292929292929292	2.727272727272727	0.03993349251338509
9.292929292929292	2.8282828282828283	0.04267949807098521
9.292929292929292	2.9292929292929295	0.04548975900436735
9.292929292929292	3.0303030303030303	0.04836121848173672
9.292929292929292	3.1313131313131315	0.05129082186761458
9.292929292929292	3.2323232323232323	0.05427552336493628
9.292929292929292	3.3333333333333335	0.05731229233543505
9.292929292929292	3.4343434343434343	0.060398119284099216
9.292929292929292	3.5353535353535355	0.06353002149864626
9.292929292929292	3.6363636363636362	0.06670504833701413
9.292929292929292	3.7373737373737375	0.069920286157229
9.292929292929292	3.8383838383838382	0.07317286288996855
9.292929292929292	3.9393939393939394	0.0764599522521007
9.292929292929292	4.040404040404041	0.07977877760669772
9.292929292929292	4.141414141414141	0.08312661546918025
9.292929292929292	4.242424242424242	0.08650079867400193
9.292929292929292	4.343434343434343	0.08989871920111864
9.292929292929292	4.444444444444445	0.09331783067805498
9.292929292929292	4.545454545454546	0.09675565056534177
9.292929292929292	4.646464646464646	0.10020976203718845
9.292929292929292	4.747474747474747	0.10367781557003394
9.292929292929292	4.848484848484849	0.10715753025326462
9.292929292929292	4.94949494949495	0.11064669483116377
9.292929292929292	5.05050505050505	0.11414316849796478
9.292929292929292	5.151515151515151	0.11215606858862998
9.292929292929292	5.252525252525253	0.10959714668780124
9.292929292929292	5.353535353535354	0.10712652597952926
9.292929292929292	5.454545454545454	0.10474543856362556
9.292929292929292	5.555555555555555	0.10245483853873542
9.292929292929292	5.656565656565657	0.10025541482365745
9.292929292929292	5.757575757575758	0.09814760432089736
9.292929292929292	5.858585858585859	0.09613160531702056
9.292929292929292	5.959595959595959	0.09420739101980775
9.292929292929292	6.0606060606060606	0.0923747231418556
9.292929292929292	6.161616161616162	0.09063316545116436
9.292929292929292	6.262626262626263	0.08898209721295346
9.292929292929292	6.363636363636363	0.08742072645969906
9.292929292929292	6.4646464646464645	0.08594810303017182
9.292929292929292	6.565656565656566	0.0845631313261211
9.292929292929292	6.666666666666667	0.08326458274496275
9.292929292929292	6.767676767676767	0.08205110774699147
9.292929292929292	6.8686868686868685	0.0809212475287601
9.292929292929292	6.96969696969697	0.07987344527311685
9.292929292929292	7.070707070707071	0.07890605695664188
9.292929292929292	7.171717171717172	0.07801736169718791
9.292929292929292	7.2727272727272725	0.07720557162843547
9.292929292929292	7.373737373737374	0.07646884129396861
9.292929292929292	7.474747474747475	0.07580527655653418
9.292929292929292	7.575757575757576	0.0752129430189438
9.292929292929292	7.6767676767676765	0.07468987396180078
9.292929292929292	7.777777777777778	0.07423407779633984
9.292929292929292	7.878787878787879	0.073843545046631
9.292929292929292	7.97979797979798	0.07351625486093774
9.292929292929292	8.080808080808081	0.07325018107039467
9.292929292929292	8.181818181818182	0.07304329780155877
9.292929292929292	8.282828282828282	0.07289358465731734
9.292929292929292	8.383838383838384	0.07279903148187707
9.292929292929292	8.484848484848484	0.07275764272295121
9.292929292929292	8.585858585858587	0.07276744140746508
9.292929292929292	8.686868686868687	0.07282647274838935
9.292929292929292	8.787878787878787	0.07293280739728125
9.292929292929292	8.88888888888889	0.07308454436076442
9.292929292929292	8.98989898989899	0.07327981359891449
9.292929292929292	9.090909090909092	0.07351677831897747
9.292929292929292	9.191919191919192	0.07379363698664247
9.292929292929292	9.292929292929292	0.074108625067439
9.292929292929292	9.393939393939394	0.07446001651527873
9.292929292929292	9.494949494949495	0.07484612502733774
9.292929292929292	9.595959595959595	0.07526530507618408
9.292929292929292	9.696969696969697	0.07571595273977805
9.292929292929292	9.797979797979798	0.07619650633870391
9.292929292929292	9.8989898989899	0.07670544689935954
9.292929292929292	10.0	0.07724129845487987
9.393939393939394	0.0	0.0
9.393939393939394	0.10101010101010101	5.845387093028474e-5
9.393939393939394	0.20202020202020202	0.00023372971419841637
9.393939393939394	0.30303030303030304	0.0005255705535913329
9.393939393939394	0.40404040404040403	0.0009335491994349723
9.393939393939394	0.5050505050505051	0.0014570698954752075
9.393939393939394	0.6060606060606061	0.002095370607603231
9.393939393939394	0.7070707070707071	0.002847525936536221
9.393939393939394	0.8080808080808081	0.0037124506342257257
9.393939393939394	0.9090909090909091	0.004688903694717388
9.393939393939394	1.0101010101010102	0.005775492994808914
9.393939393939394	1.1111111111111112	0.006970680445327429
9.393939393939394	1.2121212121212122	0.008272787621121679
9.393939393939394	1.3131313131313131	0.009680001827338787
9.393939393939394	1.4141414141414141	0.011190382561052965
9.393939393939394	1.5151515151515151	0.012801868325046128
9.393939393939394	1.6161616161616161	0.014512283748868747
9.393939393939394	1.7171717171717171	0.01631934696869549
9.393939393939394	1.8181818181818181	0.018220677224643274
9.393939393939394	1.9191919191919191	0.020213802623169005
9.393939393939394	2.0202020202020203	0.022296168022788738
9.393939393939394	2.121212121212121	0.02446514299699954
9.393939393939394	2.2222222222222223	0.026718029828970757
9.393939393939394	2.323232323232323	0.029052071498430962
9.393939393939394	2.4242424242424243	0.03146445961673865
9.393939393939394	2.525252525252525	0.033952342276753034
9.393939393939394	2.6262626262626263	0.036512831775741335
9.393939393939394	2.727272727272727	0.039143012183804046
9.393939393939394	2.8282828282828283	0.04183994672360877
9.393939393939394	2.9292929292929295	0.04460068493454952
9.393939393939394	3.0303030303030303	0.047422269598450015
9.393939393939394	3.1313131313131315	0.05030174340244412
9.393939393939394	3.2323232323232323	0.05323615532192912
9.393939393939394	3.3333333333333335	0.05622256670712776
9.393939393939394	3.4343434343434343	0.05925805706134654
9.393939393939394	3.5353535353535355	0.062339729499066854
9.393939393939394	3.6363636363636362	0.06546471587650056
9.393939393939394	3.7373737373737375	0.06863018159269092
9.393939393939394	3.8383838383838382	0.07183333005355166
9.393939393939394	3.9393939393939394	0.07507140680188994
9.393939393939394	4.040404040404041	0.07834170331444956
9.393939393939394	4.141414141414141	0.08164156046946464
9.393939393939394	4.242424242424242	0.08496837168835505
9.393939393939394	4.343434343434343	0.08831958576158222
9.393939393939394	4.444444444444445	0.09169270936223964
9.393939393939394	4.545454545454546	0.09508530926187644
9.393939393939394	4.646464646464646	0.09849501425410137
9.393939393939394	4.747474747474747	0.101919516799795
9.393939393939394	4.848484848484849	0.10535657440478356
9.393939393939394	4.94949494949495	0.10880401074161596
9.393939393939394	5.05050505050505	0.11225971653064627
9.393939393939394	5.151515151515151	0.11358243385932104
9.393939393939394	5.252525252525253	0.11100261094515483
9.393939393939394	5.353535353535354	0.10850841517383843
9.393939393939394	5.454545454545454	0.1061011983778707
9.393939393939394	5.555555555555555	0.10378203921229065
9.393939393939394	5.656565656565657	0.1015517550608607
9.393939393939394	5.757575757575758	0.09941091432798
9.393939393939394	5.858585858585859	0.09735984901136412
9.393939393939394	5.959595959595959	0.09539866745907899
9.393939393939394	6.0606060606060606	0.09352726722276175
9.393939393939394	6.161616161616162	0.09174534792571354
9.393939393939394	6.262626262626263	0.0900524240747666
9.393939393939394	6.363636363636363	0.08844783774886333
9.393939393939394	6.4646464646464645	0.08693077110720124
9.393939393939394	6.565656565656566	0.0855002586651526
9.393939393939394	6.666666666666667	0.0841551992925706
9.393939393939394	6.767676767676767	0.08289436789561624
9.393939393939394	6.8686868686868685	0.08171642674855702
9.393939393939394	6.96969696969697	0.08061993644735163
9.393939393939394	7.070707070707071	0.07960336646177278
9.393939393939394	7.171717171717172	0.07866510526743246
9.393939393939394	7.2727272727272725	0.07780347004312133
9.393939393939394	7.373737373737374	0.07701671592333349
9.393939393939394	7.474747474747475	0.07630304479937786
9.393939393939394	7.575757575757576	0.07566061366291627
9.393939393939394	7.6767676767676765	0.07508754249510136
9.393939393939394	7.777777777777778	0.07458192170008304
9.393939393939394	7.878787878787879	0.07414181908827722
9.393939393939394	7.97979797979798	0.07376528641525922
9.393939393939394	8.080808080808081	0.07345036548494607
9.393939393939394	8.181818181818182	0.07319509382683656
9.393939393939394	8.282828282828282	0.07299750995807541
9.393939393939394	8.383838383838384	0.07285565824198051
9.393939393939394	8.484848484848484	0.07276759335898143
9.393939393939394	8.585858585858587	0.07273138439996615
9.393939393939394	8.686868686868687	0.07274511860041791
9.393939393939394	8.787878787878787	0.07280690472901981
9.393939393939394	8.88888888888889	0.07291487614528037
9.393939393939394	8.98989898989899	0.07306719354368633
9.393939393939394	9.090909090909092	0.07326204740013371
9.393939393939394	9.191919191919192	0.07349766013392248
9.393939393939394	9.292929292929292	0.07377228800427861
9.393939393939394	9.393939393939394	0.0740842227555006
9.393939393939394	9.494949494949495	0.07443179302499152
9.393939393939394	9.595959595959595	0.07481336553101477
9.393939393939394	9.696969696969697	0.07522734605442015
9.393939393939394	9.797979797979798	0.07567218022661909
9.393939393939394	9.8989898989899	0.07614635414002936
9.393939393939394	10.0	0.07664839479286839
9.494949494949495	0.0	0.0
9.494949494949495	0.10101010101010101	5.720413935834661e-5
9.494949494949495	0.20202020202020202	0.00022873448576677532
9.494949494949495	0.30303030303030304	0.0005143451341223748
9.494949494949495	0.40404040404040403	0.0009136272749903565
9.494949494949495	0.5050505050505051	0.001426010734713363
9.494949494949495	0.6060606060606061	0.002050766115454839
9.494949494949495	0.7070707070707071	0.002787007520944293
9.494949494949495	0.8080808080808081	0.0036336958453696
9.494949494949495	0.9090909090909091	0.004589642604650389
9.494949494949495	1.0101010101010102	0.005653514281072054
9.494949494949495	1.1111111111111112	0.006823837149768459
9.494949494949495	1.2121212121212122	0.008099002556770749
9.494949494949495	1.3131313131313131	0.00947727260807768
9.494949494949495	1.4141414141414141	0.010956786235076755
9.494949494949495	1.5151515151515151	0.012535565594285628
9.494949494949495	1.6161616161616161	0.014211522759713248
9.494949494949495	1.7171717171717171	0.015982466667134477
9.494949494949495	1.8181818181818181	0.017846110265536497
9.494949494949495	1.9191919191919191	0.01980007783433028
9.494949494949495	2.0202020202020203	0.021841912423089412
9.494949494949495	2.121212121212121	0.023969083370424214
9.494949494949495	2.2222222222222223	0.0261789938661768
9.494949494949495	2.323232323232323	0.02846898850950492
9.494949494949495	2.4242424242424243	0.03083636083381167
9.494949494949495	2.525252525252525	0.03327836075505901
9.494949494949495	2.6262626262626263	0.035792201915614406
9.494949494949495	2.727272727272727	0.03837506888792025
9.494949494949495	2.8282828282828283	0.04102412421260401
9.494949494949495	2.9292929292929295	0.04373651524131167
9.494949494949495	3.0303030303030303	0.046509380763607375
9.494949494949495	3.1313131313131315	0.04933985739537179
9.494949494949495	3.2323232323232323	0.05222508571063861
9.494949494949495	3.3333333333333335	0.05516221610088213
9.494949494949495	3.4343434343434343	0.058148414351005005
9.494949494949495	3.5353535353535355	0.06118086691796476
9.494949494949495	3.6363636363636362	0.06425678590794025
9.494949494949495	3.7373737373737375	0.06737341374346217
9.494949494949495	3.8383838383838382	0.07052802751970177
9.494949494949495	3.9393939393939394	0.07371794304668769
9.494949494949495	4.040404040404041	0.07694051857848679
9.494949494949495	4.141414141414141	0.08019315823460578
9.494949494949495	4.242424242424242	0.08347331511211667
9.494949494949495	4.343434343434343	0.08677849410038788
9.494949494949495	4.444444444444445	0.09010625440098773
9.494949494949495	4.545454545454546	0.09345421176148698
9.494949494949495	4.646464646464646	0.09682004043500868
9.494949494949495	4.747474747474747	0.10020147487046026
9.494949494949495	4.848484848484849	0.10359631114939308
9.494949494949495	4.94949494949495	0.1070024081746254
9.494949494949495	5.05050505050505	0.11041768862944445
9.494949494949495	5.151515151515151	0.11384013971105644
9.494949494949495	5.252525252525253	0.11240555003208892
9.494949494949495	5.353535353535354	0.10988975030972611
9.494949494949495	5.454545454545454	0.1074583884294115
9.494949494949495	5.555555555555555	0.10511265981183092
9.494949494949495	5.656565656565657	0.10285350281649218
9.494949494949495	5.757575757575758	0.10068161019233393
9.494949494949495	5.858585858585859	0.09859744084835156
9.494949494949495	5.959595959595959	0.09660123185220695
9.494949494949495	6.0606060606060606	0.09469301056806133
9.494949494949495	6.161616161616162	0.09287260685692765
9.494949494949495	6.262626262626263	0.09113966526521768
9.494949494949495	6.363636363636363	0.08949365713820757
9.494949494949495	6.4646464646464645	0.08793389259850823
9.494949494949495	6.565656565656566	0.08645953233945579
9.494949494949495	6.666666666666667	0.08506959918556488
9.494949494949495	6.767676767676767	0.08376298938148793
9.494949494949495	6.8686868686868685	0.08253848357382204
9.494949494949495	6.96969696969697	0.0813947574562008
9.494949494949495	7.070707070707071	0.08033039205460317
9.494949494949495	7.171717171717172	0.07934388362820721
9.494949494949495	7.2727272727272725	0.07843365317538893
9.494949494949495	7.373737373737374	0.0775980555269244
9.494949494949495	7.474747474747475	0.07683538802138429
9.494949494949495	7.575757575757576	0.0761438987546886
9.494949494949495	7.6767676767676765	0.07552179440146944
9.494949494949495	7.777777777777778	0.07496724760933034
9.494949494949495	7.878787878787879	0.07447840396598263
9.494949494949495	7.97979797979798	0.07405338854593597
9.494949494949495	8.080808080808081	0.07369031203960814
9.494949494949495	8.181818181818182	0.07338727647773928
9.494949494949495	8.282828282828282	0.07314238055543698
9.494949494949495	8.383838383838384	0.07295372456783121
9.494949494949495	8.484848484848484	0.07281941497154516
9.494949494949495	8.585858585858587	0.0727375685807907
9.494949494949495	8.686868686868687	0.07270631641214975
9.494949494949495	8.787878787878787	0.0727238071947773
9.494949494949495	8.88888888888889	0.0727882105545843
9.494949494949495	8.98989898989899	0.072897719892975
9.494949494949495	9.090909090909092	0.07305055496827403
9.494949494949495	9.191919191919192	0.07324496420237632
9.494949494949495	9.292929292929292	0.07347922671833815
9.494949494949495	9.393939393939394	0.07375165413159714
9.494949494949495	9.494949494949495	0.07406059210429557
9.494949494949495	9.595959595959595	0.07440442167688195
9.494949494949495	9.696969696969697	0.07478156039613222
9.494949494949495	9.797979797979798	0.07519046324497233
9.494949494949495	9.8989898989899	0.0756296233949763
9.494949494949495	10.0	0.07609757278890385
9.595959595959595	0.0	0.0
9.595959595959595	0.10101010101010101	5.599415892571862e-5
9.595959595959595	0.20202020202020202	0.00022389806377697168
9.595959595959595	0.30303030303030304	0.0005034762892005164
9.595959595959595	0.40404040404040403	0.0008943374250970741
9.595959595959595	0.5050505050505051	0.0013959355188904697
9.595959595959595	0.6060606060606061	0.002007572077839224
9.595959595959595	0.7070707070707071	0.0027283986206515834
9.595959595959595	0.8080808080808081	0.003557419757710594
9.595959595959595	0.9090909090909091	0.0044934967800688095
9.595959595959595	1.0101010101010102	0.005535351730130103
9.595959595959595	1.1111111111111112	0.006681571928149672
9.595959595959595	1.2121212121212122	0.007930614921907114
9.595959595959595	1.3131313131313131	0.009280813826842873
9.595959595959595	1.4141414141414141	0.010730383022667935
9.595959595959595	1.5151515151515151	0.012277424166602033
9.595959595959595	1.6161616161616161	0.013919932489075849
9.595959595959595	1.7171717171717171	0.015655803328641436
9.595959595959595	1.8181818181818181	0.017482838870046598
9.595959595959595	1.9191919191919191	0.019398755043038524
9.595959595959595	2.0202020202020203	0.02140118854449629
9.595959595959595	2.121212121212121	0.02348770394370084
9.595959595959595	2.2222222222222223	0.02565580083331172
9.595959595959595	2.323232323232323	0.027902920988704037
9.595959595959595	2.4242424242424243	0.030226455501979683
9.595959595959595	2.525252525252525	0.03262375185449137
9.595959595959595	2.6262626262626263	0.03509212089785664
9.595959595959595	2.727272727272727	0.03762884371430996
9.595959595959595	2.8282828282828283	0.040231178326741286
9.595959595959595	2.9292929292929295	0.04289636623651552
9.595959595959595	3.0303030303030303	0.045621638763055174
9.595959595959595	3.1313131313131315	0.0484042231681836
9.595959595959595	3.2323232323232323	0.05124134854461005
9.595959595959595	3.3333333333333335	0.054130251455651986
9.595959595959595	3.4343434343434343	0.05706818131244412
9.595959595959595	3.5353535353535355	0.060052405477548976
9.595959595959595	3.6363636363636362	0.06308021408753549
9.595959595959595	3.7373737373737375	0.06614892458895573
9.595959595959595	3.8383838383838382	0.06925588598368071
9.595959595959595	3.9393939393939394	0.07239848277952785
9.595959595959595	4.040404040404041	0.07557413865013268
9.595959595959595	4.141414141414141	0.0787803198012084
9.595959595959595	4.242424242424242	0.0820145380509556
9.595959595959595	4.343434343434343	0.08527435362517875
9.595959595959595	4.444444444444445	0.08855737767464573
9.595959595959595	4.545454545454546	0.09186127452070705
9.595959595959595	4.646464646464646	0.09518376364153085
9.595959595959595	4.747474747474747	0.09852262139832978
9.595959595959595	4.848484848484849	0.10187568252166354
9.595959595959595	4.94949494949495	0.10524084135924783
9.595959595959595	5.05050505050505	0.10861605290127402
9.595959595959595	5.151515151515151	0.11199933359153452
9.595959595959595	5.252525252525253	0.11380492913121136
9.595959595959595	5.353535353535354	0.11126942406135344
9.595959595959595	5.454545454545454	0.10881583274770208
9.595959595959595	5.555555555555555	0.10644545983789003
9.595959595959595	5.656565656565657	0.10415935739336368
9.595959595959595	5.757575757575758	0.10195833552804354
9.595959595959595	5.858585858585859	0.09984297340429754
9.595959595959595	5.959595959595959	0.0978136304942278
9.595959595959595	6.0606060606060606	0.09587045802175603
9.595959595959595	6.161616161616162	0.09401341050757456
9.595959595959595	6.262626262626263	0.09224225734588243
9.595959595959595	6.363636363636363	0.09055659434873138
9.595959595959595	6.4646464646464645	0.0889558551993622
9.595959595959595	6.565656565656566	0.08743932276273766
9.595959595959595	6.666666666666667	0.0860061402064465
9.595959595959595	6.767676767676767	0.08465532189227262
9.595959595959595	6.8686868686868685	0.08338576400067836
9.595959595959595	6.96969696969697	0.08219625485961066
9.595959595959595	7.070707070707071	0.08108548494951971
9.595959595959595	7.171717171717172	0.08005205656453104
9.595959595959595	7.2727272727272725	0.07909449311058915
9.595959595959595	7.373737373737374	0.07821124802553914
9.595959595959595	7.474747474747475	0.07740071331411667
9.595959595959595	7.575757575757576	0.07666122768538919
9.595959595959595	7.6767676767676765	0.07599108429124068
9.595959595959595	7.777777777777778	0.07538853806289676
9.595959595959595	7.878787878787879	0.07485181264557772
9.595959595959595	7.97979797979798	0.0743791069338365
9.595959595959595	8.080808080808081	0.0739686012118096
9.595959595959595	8.181818181818182	0.07361846290494295
9.595959595959595	8.282828282828282	0.07332685194967932
9.595959595959595	8.383838383838384	0.07309192579054921
9.595959595959595	8.484848484848484	0.07291184401542367
9.595959595959595	8.585858585858587	0.07278477263794099
9.595959595959595	8.686868686868687	0.07270888803984399
9.595959595959595	8.787878787878787	0.07268238058572662
9.595959595959595	8.88888888888889	0.07270345792228831
9.595959595959595	8.98989898989899	0.07277034797596671
9.595959595959595	9.090909090909092	0.07288130166091367
9.595959595959595	9.191919191919192	0.07303459531417268
9.595959595959595	9.292929292929292	0.0732285328671003
9.595959595959595	9.393939393939394	0.07346144776996592
9.595959595959595	9.494949494949495	0.07373170468369009
9.595959595959595	9.595959595959595	0.07403770094831126
9.595959595959595	9.696969696969697	0.07437786784639923
9.595959595959595	9.797979797979798	0.07475067166999491
9.595959595959595	9.8989898989899	0.07515461460664027
9.595959595959595	10.0	0.07558823545456705
9.696969696969697	0.0	0.0
9.696969696969697	0.10101010101010101	5.482225828569412e-5
9.696969696969697	0.20202020202020202	0.00021921377576972204
9.696969696969697	0.30303030303030304	0.0004929490529292609
9.696969696969697	0.40404040404040403	0.0008756531611447268
9.696969696969697	0.5050505050505051	0.0013668030928801155
9.696969696969697	0.6060606060606061	0.0019657296380354446
9.696969696969697	0.7070707070707071	0.0026716197738076634
9.696969696969697	0.8080808080808081	0.0034835195518939776
9.696969696969697	0.9090909090909091	0.004400337461433309
9.696969696969697	1.0101010101010102	0.005420848248114236
9.696969696969697	1.1111111111111112	0.006543697159703834
9.696969696969697	1.2121212121212122	0.007767404591951383
9.696969696969697	1.3131313131313131	0.0090903711046561
9.696969696969697	1.4141414141414141	0.01051088277405004
9.696969696969697	1.5151515151515151	0.012027116847933495
9.696969696969697	1.6161616161616161	0.013637147669733526
9.696969696969697	1.7171717171717171	0.015338952832711406
9.696969696969697	1.8181818181818181	0.0171304195311844
9.696969696969697	1.9191919191919191	0.019009351068225825
9.696969696969697	2.0202020202020203	0.020973473486824042
9.696969696969697	2.121212121212121	0.023020442285700327
9.696969696969697	2.2222222222222223	0.025147849185821452
9.696969696969697	2.323232323232323	0.02735322891299371
9.696969696969697	2.4242424242424243	0.02963406596341847
9.696969696969697	2.525252525252525	0.03198780132061302
9.696969696969697	2.6262626262626263	0.03441183909387624
9.696969696969697	2.727272727272727	0.03690355305029008
9.696969696969697	2.8282828282828283	0.039460293015997926
9.696969696969697	2.9292929292929295	0.04207939111840434
9.696969696969697	3.0303030303030303	0.044758167853811065
9.696969696969697	3.1313131313131315	0.04749393795573941
9.696969696969697	3.2323232323232323	0.05028401605033997
9.696969696969697	3.3333333333333335	0.053125722081253914
9.696969696969697	3.4343434343434343	0.05601638649445793
9.696969696969697	3.5353535353535355	0.0589533551688139
9.696969696969697	3.6363636363636362	0.06193399408817361
9.696969696969697	3.7373737373737375	0.06495569374392929
9.696969696969697	3.8383838383838382	0.06801587326948037
9.696969696969697	3.9393939393939394	0.07111198429782636
9.696969696969697	4.040404040404041	0.07424151454749733
9.696969696969697	4.141414141414141	0.07740199113102439
9.696969696969697	4.242424242424242	0.08059098359668115
9.696969696969697	4.343434343434343	0.08380610669829722
9.696969696969697	4.444444444444445	0.08704502290354536
9.696969696969697	4.545454545454546	0.09030544464644699
9.696969696969697	4.646464646464646	0.09358513632807085
9.696969696969697	4.747474747474747	0.09688191607381394
9.696969696969697	4.848484848484849	0.10019365725969215
9.696969696969697	4.94949494949495	0.10351828981086153
9.696969696969697	5.05050505050505	0.10685380128558655
9.696969696969697	5.151515151515151	0.1101982377525331
9.696969696969697	5.252525252525253	0.11354970447353172
9.696969696969697	5.353535353535354	0.11264640389117231
9.696969696969697	5.454545454545454	0.1101724308147855
9.696969696969697	5.555555555555555	0.1077792745602133
9.696969696969697	5.656565656565657	0.10546809383910068
9.696969696969697	5.757575757575758	0.10323980933900126
9.696969696969697	5.858585858585859	0.10109511397104867
9.696969696969697	5.959595959595959	0.09903448341773739
9.696969696969697	6.0606060606060606	0.09705818689764635
9.696969696969697	6.161616161616162	0.09516629807016704
9.696969696969697	6.262626262626263	0.09335870601370387
9.696969696969697	6.363636363636363	0.0916351262070145
9.696969696969697	6.4646464646464645	0.08999511146476458
9.696969696969697	6.565656565656566	0.08843806276662713
9.696969696969697	6.666666666666667	0.08696323993920034
9.696969696969697	6.767676767676767	0.08556977214565165
9.696969696969697	6.8686868686868685	0.08425666815024585
9.696969696969697	6.96969696969697	0.08302282632185255
9.696969696969697	7.070707070707071	0.08186704435152661
9.696969696969697	7.171717171717172	0.08078802866232355
9.696969696969697	7.2727272727272725	0.07978440348808177
9.696969696969697	7.373737373737374	0.07885471960894061
9.696969696969697	7.474747474747475	0.0779974627301642
9.696969696969697	7.575757575757576	0.07721106149337176
9.696969696969697	7.6767676767676765	0.07649389511757597
9.696969696969697	7.777777777777778	0.0758443006613985
9.696969696969697	7.878787878787879	0.07526057990963463
9.696969696969697	7.97979797979798	0.0747410058810928
9.696969696969697	8.080808080808081	0.0742838289628379
9.696969696969697	8.181818181818182	0.07388728267375422
9.696969696969697	8.282828282828282	0.07354958906448933
9.696969696969697	8.383838383838384	0.07326896375926908
9.696969696969697	8.484848484848484	0.07304362064930497
9.696969696969697	8.585858585858587	0.07287177624805662
9.696969696969697	8.686868686868687	0.07275165371398692
9.696969696969697	8.787878787878787	0.0726814865590289
9.696969696969697	8.88888888888889	0.07265952204769448
9.696969696969697	8.98989898989899	0.07268402430070028
9.696969696969697	9.090909090909092	0.07275327711843774
9.696969696969697	9.191919191919192	0.07286558653209926
9.696969696969697	9.292929292929292	0.0730192830982795
9.696969696969697	9.393939393939394	0.07321272394826879
9.696969696969697	9.494949494949495	0.07344429460570653
9.696969696969697	9.595959595959595	0.07371241058478649
9.696969696969697	9.696969696969697	0.07401551877981635
9.696969696969697	9.797979797979798	0.07435209866204126
9.696969696969697	9.8989898989899	0.07472066329326774
9.696969696969697	10.0	0.07511976016667198
9.797979797979798	0.0	0.0
9.797979797979798	0.10101010101010101	5.3686853339930084e-5
9.797979797979798	0.20202020202020202	0.00021467529712484518
9.797979797979798	0.30303030303030304	0.00048274923828994646
9.797979797979798	0.40404040404040403	0.0008575493687226904
9.797979797979798	0.5050505050505051	0.001338574430671342
9.797979797979798	0.6060606060606061	0.0019251829756767114
9.797979797979798	0.7070707070707071	0.002616595604325293
9.797979797979798	0.8080808080808081	0.0034118976742428453
9.797979797979798	0.9090909090909091	0.004310042455459307
9.797979797979798	1.0101010101010102	0.005309854712638674
9.797979797979798	1.1111111111111112	0.006410034691874578
9.797979797979798	1.2121212121212122	0.007609162484165984
9.797979797979798	1.3131313131313131	0.008905702738779029
9.797979797979798	1.4141414141414141	0.010298009696738422
9.797979797979798	1.5151515151515151	0.011784332511324654
9.797979797979798	1.6161616161616161	0.01336282082534216
9.797979797979798	1.7171717171717171	0.015031530570945284
9.797979797979798	1.8181818181818181	0.016788429957995836
9.797979797979798	1.9191919191919191	0.01863140561692933
9.797979797979798	2.0202020202020203	0.020558268861848795
9.797979797979798	2.121212121212121	0.02256676204277519
9.797979797979798	2.2222222222222223	0.0246545649491783
9.797979797979798	2.323232323232323	0.02681930123840463
9.797979797979798	2.4242424242424243	0.029058544853461
9.797979797979798	2.525252525252525	0.03136982640390433
9.797979797979798	2.6262626262626263	0.033750639479447064
9.797979797979798	2.727272727272727	0.03619844687097948
9.797979797979798	2.8282828282828283	0.03871068667629945
9.797979797979798	2.9292929292929295	0.04128477826211601
9.797979797979798	3.0303030303030303	0.04391812806931642
9.797979797979798	3.1313131313131315	0.04660813523701338
9.797979797979798	3.2323232323232323	0.049352197031594436
9.797979797979798	3.3333333333333335	0.05214771406501414
9.797979797979798	3.4343434343434343	0.05499209529071065
9.797979797979798	3.5353535353535355	0.05788276276702277
9.797979797979798	3.6363636363636362	0.060817156177393084
9.797979797979798	3.7373737373737375	0.0637927371052889
9.797979797979798	3.8383838383838382	0.06680699305304666
9.797979797979798	3.9393939393939394	0.06985744120728432
9.797979797979798	4.040404040404041	0.07294163194644344
9.797979797979798	4.141414141414141	0.0760571520903687
9.797979797979798	4.242424242424242	0.07920162789648026
9.797979797979798	4.343434343434343	0.08237272780009273
9.797979797979798	4.444444444444445	0.08556816490927842
9.797979797979798	4.545454545454546	0.08878569925316535
9.797979797979798	4.646464646464646	0.092023139794837
9.797979797979798	4.747474747474747	0.09527834621117569
9.797979797979798	4.848484848484849	0.09854923045022546
9.797979797979798	4.94949494949495	0.10183375807312717
9.797979797979798	5.05050505050505	0.1051299493884302
9.797979797979798	5.151515151515151	0.10843588038879425
9.797979797979798	5.252525252525253	0.11174968349903501
9.797979797979798	5.353535353535354	0.11401972842801489
9.797979797979798	5.454545454545454	0.11152715410349531
9.797979797979798	5.555555555555555	0.10911301173382883
9.797979797979798	5.656565656565657	0.10677855985700149
9.797979797979798	5.757575757575758	0.10452482313830203
9.797979797979798	5.858585858585859	0.10235260189732923
9.797979797979798	5.959595959595959	0.1002624819651635
9.797979797979798	6.0606060606060606	0.0982548447908883
9.797979797979798	6.161616161616162	0.09632987772506897
9.797979797979798	6.262626262626263	0.09448758440858517
9.797979797979798	6.363636363636363	0.092727795205534
9.797979797979798	6.4646464646464645	0.0910501776235867
9.797979797979798	6.565656565656566	0.08945424666830006
9.797979797979798	6.666666666666667	0.08793937508587252
9.797979797979798	6.767676767676767	0.08650480345197976
9.797979797979798	6.8686868686868685	0.08514965007027915
9.797979797979798	6.96969696969697	0.0838729206472052
9.797979797979798	7.070707070707071	0.08267351771598098
9.797979797979798	7.171717171717172	0.08155024978409607
9.797979797979798	7.2727272727272725	0.08050184018466089
9.797979797979798	7.373737373737374	0.07952693561537366
9.797979797979798	7.474747474747475	0.07862411434823159
9.797979797979798	7.575757575757576	0.07779189410399176
9.797979797979798	7.6767676767676765	0.07702873957855945
9.797979797979798	7.777777777777778	0.07633306961965525
9.797979797979798	7.878787878787879	0.07570326404833257
9.797979797979798	7.97979797979798	0.07513767012559878
9.797979797979798	8.080808080808081	0.07463460866529943
9.797979797979798	8.181818181818182	0.0741923797944104
9.797979797979798	8.282828282828282	0.07380926836770314
9.797979797979798	8.383838383838384	0.07348354903974554
9.797979797979798	8.484848484848484	0.07321349100289722
9.797979797979798	8.585858585858587	0.07299736239828668
9.797979797979798	8.686868686868687	0.07283343440920129
9.797979797979798	8.787878787878787	0.07271998504602202
9.797979797979798	8.88888888888889	0.07265530263353133
9.797979797979798	8.98989898989899	0.07263768901008383
9.797979797979798	9.090909090909092	0.07266546245172348
9.797979797979798	9.191919191919192	0.07273696033032076
9.797979797979798	9.292929292929292	0.07285054151889213
9.797979797979798	9.393939393939394	0.07300458855698469
9.797979797979798	9.494949494949495	0.07319750958479229
9.797979797979798	9.595959595959595	0.07342774006001196
9.797979797979798	9.696969696969697	0.07369374426951039
9.797979797979798	9.797979797979798	0.07399401664580185
9.797979797979798	9.8989898989899	0.07432708290060389
9.797979797979798	10.0	0.07469150098656527
9.8989898989899	0.0	0.0
9.8989898989899	0.10101010101010101	5.2586441466183916e-5
9.8989898989899	0.20202020202020202	0.0002102766281934885
9.8989898989899	0.30303030303030304	0.0004728633866599856
9.8989898989899	0.40404040404040403	0.0008400022221098348
9.8989898989899	0.5050505050505051	0.0013112125051104057
9.8989898989899	0.6060606060606061	0.0018858791212889828
9.8989898989899	0.7070707070707071	0.0025632545725381133
9.8989898989899	0.8080808080808081	0.0033424615187468026
9.8989898989899	0.9090909090909091	0.0042224957383998965
9.8989898989899	1.0101010101010102	0.005202229494098635
9.8989898989899	1.1111111111111112	0.006280415275880873
9.8989898989899	1.2121212121212122	0.007455689903969134
9.8989898989899	1.3131313131313131	0.008726578959266745
9.8989898989899	1.4141414141414141	0.010091501520016526
9.8989898989899	1.5151515151515151	0.011548775170345157
9.8989898989899	1.6161616161616161	0.013096621254750031
9.8989898989899	1.7171717171717171	0.01473317034509666
9.8989898989899	1.8181818181818181	0.016456467891344497
9.8989898989899	1.9191919191919191	0.018264480020934604
9.8989898989899	2.0202020202020203	0.0201550994598485
9.8989898989899	2.121212121212121	0.022126151539119072
9.8989898989899	2.2222222222222223	0.024175400261166494
9.8989898989899	2.323232323232323	0.026300554391660083
9.8989898989899	2.4242424242424243	0.02849927355104545
9.8989898989899	2.525252525252525	0.030769174276269615
9.8989898989899	2.6262626262626263	0.03310783602782433
9.8989898989899	2.727272727272727	0.035512807115032526
9.8989898989899	2.8282828282828283	0.03798161051953999
9.8989898989899	2.9292929292929295	0.04051174959181669
9.8989898989899	3.0303030303030303	0.04310071360377765
9.8989898989899	3.1313131313131315	0.04574598313866827
9.8989898989899	3.2323232323232323	0.04844503530223806
9.8989898989899	3.3333333333333335	0.05119534874078421
9.8989898989899	3.4343434343434343	0.053994408454471315
9.8989898989899	3.5353535353535355	0.05683971039496653
9.8989898989899	3.6363636363636362	0.05972876584087954
9.8989898989899	3.7373737373737375	0.06265910554041847
9.8989898989899	3.8383838383838382	0.06562828361967481
9.8989898989899	3.9393939393939394	0.06863388125241963
9.8989898989899	4.040404040404041	0.07167351008854606
9.8989898989899	4.141414141414141	0.0747448154400041
9.8989898989899	4.242424242424242	0.07784547922816103
9.8989898989899	4.343434343434343	0.08097322269278635
9.8989898989899	4.444444444444445	0.08412580886316404
9.8989898989899	4.545454545454546	0.08730104480164505
9.8989898989899	4.646464646464646	0.0904967836193726
9.8989898989899	4.747474747474747	0.09371092627173883
9.8989898989899	4.848484848484849	0.09694142314280749
9.8989898989899	4.94949494949495	0.10018627542042546
9.8989898989899	5.05050505050505	0.10344353627480518
9.8989898989899	5.151515151515151	0.10671131184748206
9.8989898989899	5.252525252525253	0.1099877620555595
9.8989898989899	5.353535353535354	0.11327110122470917
9.8989898989899	5.454545454545454	0.11287904270376138
9.8989898989899	5.555555555555555	0.11044564838193409
9.8989898989899	5.656565656565657	0.1080896727618006
9.8989898989899	5.757575757575758	0.10581223809286643
9.8989898989899	5.858585858585859	0.10361424593404055
9.8989898989899	5.959595959595959	0.10149638634485716
9.8989898989899	6.0606060606060606	0.0994591473553318
9.8989898989899	6.161616161616162	0.09750282464345716
9.8989898989899	6.262626262626263	0.09562753135060809
9.8989898989899	6.363636363636363	0.09383320797549172
9.8989898989899	6.4646464646464645	0.09211963228897732
9.8989898989899	6.565656565656566	0.09048642921768209
9.8989898989899	6.666666666666667	0.08893308065160689
9.8989898989899	6.767676767676767	0.08745893513159318
9.8989898989899	6.8686868686868685	0.08606321738165684
9.8989898989899	6.96969696969697	0.08474503765090892
9.8989898989899	7.070707070707071	0.08350340083722257
9.8989898989899	7.171717171717172	0.08233721536786279
9.8989898989899	7.2727272727272725	0.08124530181388921
9.8989898989899	7.373737373737374	0.08022640122183763
9.8989898989899	7.474747474747475	0.0792791831464779
9.8989898989899	7.575757575757576	0.0784022533737081
9.8989898989899	7.6767676767676765	0.07759416132233406
9.8989898989899	7.777777777777778	0.0768534071212964
9.8989898989899	7.878787878787879	0.07617844835249617
9.8989898989899	7.97979797979798	0.07556770646301604
9.8989898989899	8.080808080808081	0.07501957284220119
9.8989898989899	8.181818181818182	0.07453241456527611
9.8989898989899	8.282828282828282	0.07410457980804173
9.8989898989899	8.383838383838384	0.0737344029350992
9.8989898989899	8.484848484848484	0.07342020926866598
9.8989898989899	8.585858585858587	0.07316031954234946
9.8989898989899	8.686868686868687	0.07295305405119593
9.8989898989899	8.787878787878787	0.07279673650048156
9.8989898989899	8.88888888888889	0.0726896975689449
9.8989898989899	8.98989898989899	0.07263027819106922
9.8989898989899	9.090909090909092	0.07261683257020929
9.8989898989899	9.191919191919192	0.07264773093329323
9.8989898989899	9.292929292929292	0.07272136203776246
9.8989898989899	9.393939393939394	0.07283613543952482
9.8989898989899	9.494949494949495	0.07299048353788197
9.8989898989899	9.595959595959595	0.07318286340093985
9.8989898989899	9.696969696969697	0.0734117583901321
9.8989898989899	9.797979797979798	0.07367567959012898
9.8989898989899	9.8989898989899	0.0739731670559244
9.8989898989899	10.0	0.07430279088791425
10.0	0.0	0.0
10.0	0.10101010101010101	5.1519596727496076e-5
10.0	0.20202020202020202	0.00020601207540627177
10.0	0.30303030303030304	0.0004632787249042868
10.0	0.40404040404040403	0.0008229891065858107
10.0	0.5050505050505051	0.0012846821662557684
10.0	0.6060606060606061	0.0018477677836041151
10.0	0.7070707070707071	0.002511528744778567
10.0	0.8080808080808081	0.003275123128439379
10.0	0.9090909090909091	0.004137587087669581
10.0	1.0101010101010102	0.005097838010498511
10.0	1.1111111111111112	0.006154678041358351
10.0	1.2121212121212122	0.007306797936379913
10.0	1.3131313131313131	0.008552781234540327
10.0	1.4141414141414141	0.009891108714508838
10.0	1.5151515151515151	0.011320163114118998
10.0	1.6161616161616161	0.012838234082348715
10.0	1.7171717171717171	0.01444352333603563
10.0	1.8181818181818181	0.016134149993873394
10.0	1.9191919191919191	0.01790815605513506
10.0	2.0202020202020203	0.0197635119974631
10.0	2.121212121212121	0.02169812246250221
10.0	2.2222222222222223	0.023709832000924
10.0	2.323232323232323	0.02579643085002389
10.0	2.4242424242424243	0.02795566071610091
10.0	2.525252525252525	0.030185220535010618
10.0	2.6262626262626263	0.03248277218747266
10.0	2.727272727272727	0.03484594614560487
10.0	2.8282828282828283	0.0372723470258533
10.0	2.9292929292929295	0.039759559033374955
10.0	3.0303030303030303	0.042305151272244816
10.0	3.1313131313131315	0.044906682911660306
10.0	3.2323232323232323	0.04756170818643791
10.0	3.3333333333333335	0.05026778122138659
10.0	3.4343434343434343	0.05302246066759099
10.0	3.5353535353535355	0.05582331414068206
10.0	3.6363636363636362	0.0586679224490383
10.0	3.7373737373737375	0.06155388361096445
10.0	3.8383838383838382	0.06447881665120564
10.0	3.9393939393939394	0.06744036517332233
10.0	4.040404040404041	0.07043620070867723
10.0	4.141414141414141	0.07346402583692407
10.0	4.242424242424242	0.07652157708149407
10.0	4.343434343434343	0.07960662757985049
10.0	4.444444444444445	0.08271698953192363
10.0	4.545454545454546	0.08585051642890239
10.0	4.646464646464646	0.08900510506908942
10.0	4.747474747474747	0.0921786973624051
10.0	4.848484848484849	0.09536928193379945
10.0	4.94949494949495	0.09857489552750141
10.0	5.05050505050505	0.10179362422243857
10.0	5.151515151515151	0.10502360446431684
10.0	5.252525252525253	0.10826302392282477
10.0	5.353535353535354	0.11151012218011212
10.0	5.454545454545454	0.11422720204003581
10.0	5.555555555555555	0.11177622765280205
10.0	5.656565656565657	0.10940041649147336
10.0	5.757575757575758	0.10710098220260797
10.0	5.858585858585859	0.10487892159419555
10.0	5.959595959595959	0.10273502318481507
10.0	6.0606060606060606	0.10066987605853622
10.0	6.161616161616162	0.09868387895344262
10.0	6.262626262626263	0.09677724952024398
10.0	6.363636363636363	0.09495003368743445
10.0	6.4646464646464645	0.09320211508091016
10.0	6.565656565656566	0.09153322444390907
10.0	6.666666666666667	0.08994294901251265
10.0	6.767676767676767	0.0884307418054678
10.0	6.8686868686868685	0.08699593078817265
10.0	6.96969696969697	0.08563772788121819
10.0	7.070707070707071	0.08435523777951318
10.0	7.171717171717172	0.08314746656028042
10.0	7.2727272727272725	0.08201333005388617
10.0	7.373737373737374	0.08095166196055684
10.0	7.474747474747475	0.07996122169608873
10.0	7.575757575757576	0.07904070195372355
10.0	7.6767676767676765	0.07818873597049067
10.0	7.777777777777778	0.0774039044914472
10.0	7.878787878787879	0.07668474242510488
10.0	7.97979797979798	0.07602974518614442
10.0	8.080808080808081	0.07543737472410075
10.0	8.181818181818182	0.07490606523765252
10.0	8.282828282828282	0.07443422857667396
10.0	8.383838383838384	0.07402025933293764
10.0	8.484848484848484	0.07366253962670452
10.0	8.585858585858587	0.07335944359162164
10.0	8.686868686868687	0.07310934156629402
10.0	8.787878787878787	0.07291060399788071
10.0	8.88888888888889	0.07276160506735402
10.0	8.98989898989899	0.0726607260427844
10.0	9.090909090909092	0.0726063583726263
10.0	9.191919191919192	0.07259690652449331
10.0	9.292929292929292	0.07263079058287422
10.0	9.393939393939394	0.0727064486133828
10.0	9.494949494949495	0.07282233880457804
10.0	9.595959595959595	0.07297694139789873
10.0	9.696969696969697	0.07316876041400246
10.0	9.797979797979798	0.0733963251896386
10.0	9.8989898989899	0.07365819173005655
10.0	10.0	0.07395294389325394
