0.0 1.9007736739572112 0.0 1.8846153846153868
0.01 1.9007598560900387 0.0 1.8846107587929175
0.02 1.900736384821745 0.0 1.8845968819453276
0.03 1.90070326474977 0.0 1.8845737559318958
0.04 1.9006605017733647 0.0 1.8845413838506304
0.05 1.9006081030925985 0.0 1.884499770037195
0.06 1.9005460772068963 0.0 1.8844489200633028
0.07 1.9004744339131072 0.0 1.884388840734663
0.08 1.9003931843031074 0.0 1.884319540088595
0.09 1.9003023407609285 0.0 1.8842410273910357
0.1 1.90020191695942 0.0 1.8841533131331838
0.11 1.9000919278564414 0.0 1.884056409027733
0.12 1.8999723896905845 0.0 1.8839503280045795
0.13 1.899843319976429 0.0 1.883835084206167
0.14 1.8997047374993306 0.0 1.883710692982362
0.15 1.8995566623097433 0.0 1.8835771708848759
0.16 1.8993991157170802 0.0 1.8834345356613158
0.17 1.8992321202831086 0.0 1.8832828062487574
0.18 1.8990556998148886 0.0 1.883122002766889
0.19 1.898869879357255 0.0 1.8829521465108099
0.2 1.8986746851848426 0.0 1.8827732599433358
0.21 1.8984701447936638 0.0 1.8825853666868926
0.22 1.8982562868922348 0.0 1.8823884915150668
0.23 1.8980331413922615 0.0 1.8821826603437337
0.24 1.8978007393988843 0.0 1.8819679002217258
0.25 1.8975591132004872 0.0 1.8817442393211665
0.26 1.8973082962580767 0.0 1.881511706927461
0.27 1.8970483231942317 0.0 1.881270333428785
0.28 1.8967792297816395 0.0 1.8810201503052992
0.29 1.8965010529312054 0.0 1.880761190117948
0.3 1.8962138306797642 0.0 1.8804934864969371
0.31 1.895917602177377 0.0 1.8802170741297735
0.32 1.89561240767424 0.0 1.8799319887490606
0.33 1.8952982885071943 0.0 1.8796382671198326
0.34 1.8949752870858516 0.0 1.8793359470267137
0.35000000000000003 1.894643446878351 0.0 1.8790250672604876
0.36 1.894302812396733 0.0 1.8787056676047007
0.37 1.8939534291819593 0.0 1.8783777888215976
0.38 1.893595343788573 0.0 1.8780414726379657
0.39 1.893228603769014 0.0 1.8776967617306122
0.4 1.8928532576575932 0.0 1.877343699711553
0.41000000000000003 1.8924693549541345 0.0 1.8769823311129359
0.42 1.8920769461073004 0.0 1.876612701371602
0.43 1.8916760824975962 0.0 1.8762348568135383
0.44 1.8912668164200759 0.0 1.8758488446379225
0.45 1.890849201066749 0.0 1.8754547129009649
0.46 1.8904232905087026 0.0 1.8750525104995341
0.47000000000000003 1.8899891396779465 0.0 1.874642287154526
0.48 1.8895468043489931 0.0 1.8742240933940046
0.49 1.8890963411201782 0.0 1.8737979805361091
0.5 1.8886378073947356 0.0 1.8733640006718348
0.51 1.888171261361636 0.0 1.8729222066474465
0.52 1.8876967619761977 0.0 1.8724726520469308
0.53 1.8872143689404854 0.0 1.8720153911740764
0.54 1.886724142683496 0.0 1.8715504790344186
0.55 1.886226144341159 0.0 1.871077971317161
0.56 1.8857204357361468 0.0 1.8705979243767414
0.5700000000000001 1.8852070793575135 0.0 1.8701103952144011
0.58 1.8846861383401743 0.0 1.869615441459546
0.59 1.8841576764442303 0.0 1.8691131213510324
0.6 1.8836217580341552 0.0 1.8686034937182945
0.61 1.8830784480578562 0.0 1.8680866179624054
0.62 1.8825278120256148 0.0 1.8675625540369643
0.63 1.881969915988921 0.0 1.8670313624290533
0.64 1.881404826519216 0.0 1.8664931041399198
0.65 1.8808326106865507 0.0 1.8659478406657541
0.66 1.880253336038171 0.0 1.865395633978318
0.67 1.8796670705770477 0.0 1.864836546505558
0.68 1.8790738827403493 0.0 1.8642706411121928
0.6900000000000001 1.878473841377887 0.0 1.8636979810802101
0.7000000000000001 1.8778670157305277 0.0 1.8631186300894231
0.71 1.8772534754085934 0.0 1.8625326521979904
0.72 1.876633290370259 0.0 1.8619401118228527
0.73 1.8760065308999565 0.0 1.8613410737203413
0.74 1.8753732675868016 0.0 1.8607356029666686
0.75 1.8747335713030442 0.0 1.8601237649384783
0.76 1.8740875131825692 0.0 1.859505625293442
0.77 1.873435164599445 0.0 1.8588812499509244
0.78 1.8727765971465333 0.0 1.8582507050726889
0.79 1.8721118826141805 0.0 1.857614057043572
0.8 1.8714410929689873 0.0 1.856971372452424
0.81 1.8707643003326786 0.0 1.856322718072947
0.8200000000000001 1.870081576961078 0.0 1.8556681608447163
0.8300000000000001 1.8693929952231985 0.0 1.8550077678542516
0.84 1.8686986275804642 0.0 1.8543416063162546
0.85 1.8679985465660598 0.0 1.8536697435548957
0.86 1.8672928247644416 0.0 1.852992246985264
0.87 1.8665815347909878 0.0 1.8523091840949315
0.88 1.8658647492718308 0.0 1.851620622425626
0.89 1.8651425408238598 0.0 1.8509266295551512
0.9 1.8644149820349005 0.0 1.8502272730793392
0.91 1.8636821454441042 0.0 1.8495226205942135
0.92 1.862944103522528 0.0 1.8488127396783343
0.93 1.8622009286539307 0.0 1.8480976978752952
0.9400000000000001 1.86145269311579 0.0 1.8473775626764664
0.9500000000000001 1.860699469060549 0.0 1.8466524015037913
0.96 1.8599413284970938 0.0 1.8459222816929166
0.97 1.859178343272482 0.0 1.845187270476469
0.98 1.8584105850539208 0.0 1.8444474349675066
0.99 1.8576381253110004 0.0 1.8437028421432746
1.0 1.8568610352982022 0.0 1.842953558829081
1.01 1.8560793860376716 0.0 1.8421996516824932
1.02 1.8552932483022806 0.0 1.8414411871776755
1.03 1.8545026925989614 0.0 1.8406782315900496
1.04 1.853707789152354 0.0 1.839910850981154
1.05 1.8529086078887291 0.0 1.83913911118373
1.06 1.8521052184202351 0.0 1.838363077787124
1.07 1.8512976900294402 0.0 1.8375828161229246
1.08 1.8504860916541976 0.0 1.8367983912508146
1.09 1.849670491872824 0.0 1.836009867944762
1.1 1.848850958889607 0.0 1.8352173106794463
1.11 1.8480275605206393 0.0 1.8344207836169455
1.12 1.8472003641799808 0.0 1.8336203505937543
1.1300000000000001 1.8463694368661634 0.0 1.832816075108039
1.1400000000000001 1.8455348451490319 0.0 1.8320080203071818
1.1500000000000001 1.844696655156926 0.0 1.8311962489756621
1.16 1.8438549325642104 0.0 1.8303808235231553
1.17 1.8430097425791534 0.0 1.829561805973029
1.18 1.842161149932154 0.0 1.8287392579509778
1.19 1.8413092188643245 0.0 1.8279132406741792
1.2 1.8404540131164246 0.0 1.8270838149405602
1.21 1.839595595918154 0.0 1.8262510411184352
1.22 1.8387340299778034 0.0 1.8254149791364955
1.23 1.8378693774722623 0.0 1.8245756884740583
1.24 1.8370017000373837 0.0 1.8237332281516163
1.25 1.8361310587587174 0.0 1.8228876567217391
1.26 1.835257514162594 0.0 1.8220390322602733
1.27 1.834381126207574 0.0 1.8211874123578116
1.28 1.8335019542762567 0.0 1.8203328541115698
1.29 1.8326200571674482 0.0 1.8194754141174843
1.3 1.8317354930886867 0.0 1.818615148462634
1.31 1.83084831964913 0.0 1.8177521127180996
1.32 1.8299585938527936 0.0 1.8168863619319506
1.33 1.8290663720921487 0.0 1.816017950622672
1.34 1.8281717101420738 0.0 1.8151469327728735
1.35 1.827274663154153 0.0 1.8142733618233065
1.36 1.8263752856513296 0.0 1.813397290667199
1.37 1.8254736315229043 0.0 1.8125187716449025
1.3800000000000001 1.824569754019879 0.0 1.8116378565388216
1.3900000000000001 1.8236637057506409 0.0 1.8107545965687046
1.4000000000000001 1.8227555386769863 0.0 1.8098690423872053
1.41 1.8218453041104818 0.0 1.8089812440757453
1.42 1.820933052709158 0.0 1.8080912511407006
1.43 1.820018834474527 0.0 1.8071991125098938
1.44 1.8191026987489327 0.0 1.8063048765293337
1.45 1.8181846942132185 0.0 1.8054085909603321
1.46 1.8172648688847122 0.0 1.804510302976869
1.47 1.816343270115528 0.0 1.8036100591632036
1.48 1.8154199445911703 0.0 1.8027079055118889
1.49 1.8144949383294475 0.0 1.8018038874219853
1.5 1.8135682966796882 0.0 1.8008980496975597
1.51 1.8126400643222442 0.0 1.7999904365464887
1.52 1.8117102852682905 0.0 1.7990810915795867
1.53 1.8107790028599065 0.0 1.7981700578098545
1.54 1.809846259770443 0.0 1.7972573776521736
1.55 1.8089120980051556 0.0 1.7963430929231698
1.56 1.8079765589021153 0.0 1.7954272448413537
1.57 1.8070396831333806 0.0 1.7945098740274976
1.58 1.8061015107064269 0.0 1.7935910205053172
1.59 1.8051620809658318 0.0 1.792670723702379
1.6 1.8042214325952048 0.0 1.7917490224512245
1.61 1.8032796036193635 0.0 1.7908259549907741
1.62 1.8023366314067397 0.0 1.7899015589679406
1.6300000000000001 1.8013925526720223 0.0 1.788975871439524
1.6400000000000001 1.8004474034790197 0.0 1.7880489288742358
1.6500000000000001 1.799501219243743 0.0 1.787120767155039
1.6600000000000001 1.7985540347377005 0.0 1.7861914215816983
1.67 1.7976058840914033 0.0 1.7852609268734214
1.68 1.7966568007980632 0.0 1.784329317171926
1.69 1.7957068177174935 0.0 1.7833966260444902
1.7 1.7947559670801947 0.0 1.7824628864873617
1.71 1.793804280491623 0.0 1.781528130929231
1.72 1.7928517889366362 0.0 1.7805923912350015
1.73 1.7918985227841122 0.0 1.7796556987096828
1.74 1.7909445117917278 0.0 1.7787180841024712
1.75 1.7899897851109003 0.0 1.7777795776109933
1.76 1.789034371291882 0.0 1.7768402088857411
1.77 1.7880782982890011 0.0 1.775900007034639
1.78 1.7871215934660394 0.0 1.7749590006278007
1.79 1.7861642836017564 0.0 1.7740172177023956
1.8 1.785206394895532 0.0 1.7730746857676916
1.81 1.7842479529731385 0.0 1.7721314318102068
1.82 1.7832889828926337 0.0 1.7711874822990197
1.83 1.782329509150359 0.0 1.7702428631912495
1.84 1.781369555687054 0.0 1.7692975999375244
1.85 1.7804091458940654 0.0 1.7683517174877186
1.86 1.7794483026196584 0.0 1.7674052402967255
1.87 1.7784870481754151 0.0 1.766458192330315
1.8800000000000001 1.7775254043427215 0.0 1.7655105970711924
1.8900000000000001 1.776563392379335 0.0 1.7645624775249902
1.9000000000000001 1.775601033026028 0.0 1.7636138562265662
1.9100000000000001 1.7746383465133002 0.0 1.7626647552461499
1.92 1.7736753525681626 0.0 1.7617151961957758
1.93 1.7727120704209758 0.0 1.7607652002356378
1.94 1.7717485188123516 0.0 1.7598147880806325
1.95 1.7707847160001031 0.0 1.7588639800068546
1.96 1.7698206797662406 0.0 1.7579127958582466
1.97 1.7688564274240195 0.0 1.7569612550532487
1.98 1.7678919758250158 0.0 1.7560093765915286
1.99 1.766927341366245 0.0 1.755057179060699
2.0 1.7659625399973102 0.0 1.7541046806431484
2.0100000000000002 1.7649975872275736 0.0 1.7531518991228692
2.02 1.7640324981333555 0.0 1.7521988518922604
2.0300000000000002 1.7630672873651525 0.0 1.751245555959122
2.04 1.7621019691548672 0.0 1.750292027953448
2.05 1.7611365573230553 0.0 1.749338284134379
2.06 1.7601710652861797 0.0 1.7483843403971555
2.07 1.7592055060638705 0.0 1.7474302122800076
2.08 1.7582398922861862 0.0 1.7464759149711524
2.09 1.7572742362008762 0.0 1.7455214633156348
2.1 1.7563085496806408 0.0 1.7445668718223246
2.11 1.7553428442303802 0.0 1.7436121546708094
2.12 1.7543771309944403 0.0 1.7426573257182705
2.13 1.7534114207638418 0.0 1.7417023985063889
2.14 1.7524457239835012 0.0 1.7407473862681904
2.15 1.7514800507594246 0.0 1.7397923019348602
2.16 1.7505144108658959 0.0 1.7388371581425535
2.17 1.7495488137526325 0.0 1.7378819672391412
2.18 1.7485832685519247 0.0 1.736926741290957
2.19 1.7476177840857456 0.0 1.7359714920894458
2.2 1.746652368872836 0.0 1.7350162311578317
2.21 1.745687031135758 0.0 1.73406096975766
2.22 1.7447217788079208 0.0 1.7331057188954102
2.23 1.743756619540569 0.0 1.7321504893288764
2.24 1.7427915607097422 0.0 1.7311952915736784
2.25 1.7418266094231936 0.0 1.7302401359095683
2.2600000000000002 1.7408617725272764 0.0 1.729285032386772
2.27 1.7398970566137852 0.0 1.7283299908321863
2.2800000000000002 1.7389324680267644 0.0 1.7273750208555356
2.29 1.7379680128692698 0.0 1.7264201318555379
2.3000000000000003 1.737003697010092 0.0 1.7254653330258254
2.31 1.7360395260904329 0.0 1.724510633360962
2.32 1.7350755055305394 0.0 1.7235560416622697
2.33 1.7341116405362942 0.0 1.7226015665436472
2.34 1.7331479361057534 0.0 1.7216472164372494
2.35 1.7321843970356436 0.0 1.7206929995990838
2.36 1.7312210279278093 0.0 1.7197389241146237
2.37 1.7302578331956049 0.0 1.7187849979041974
2.38 1.7292948170702505 0.0 1.7178312287283029
2.39 1.728331983607123 0.0 1.716877624193015
2.4 1.7273693366920047 0.0 1.7159241917549974
2.41 1.726406880047279 0.0 1.7149709387267154
2.42 1.7254446172380717 0.0 1.714017872281336
2.43 1.724482551678341 0.0 1.7130649994576876
2.44 1.7235206866369144 0.0 1.7121123271650072
2.45 1.7225590252434715 0.0 1.7111598621876896
2.46 1.7215975704944684 0.0 1.7102076111898277
2.47 1.7206363252590176 0.0 1.7092555807197747
2.48 1.7196752922846974 0.0 1.7083037772145204
2.49 1.7187144742033216 0.0 1.7073522070039988
2.5 1.7177538735366376 0.0 1.7064008763152858
2.5100000000000002 1.716793492701981 0.0 1.70544979127671
2.52 1.7158333340178629 0.0 1.7044989579218857
2.5300000000000002 1.7148733997095047 0.0 1.7035483821935529
2.54 1.7139136919143134 0.0 1.70259806994742
2.5500000000000003 1.7129542126872976 0.0 1.7016480269558745
2.56 1.711994964006425 0.0 1.70069825891154
2.57 1.711035947777921 0.0 1.6997487714308306
2.58 1.7100771658415037 0.0 1.6987995700572764
2.59 1.709118619975564 0.0 1.6978506602648924
2.6 1.7081603119022788 0.0 1.6969020474613428
2.61 1.7072022432926666 0.0 1.6959537369910418
2.62 1.7062444157715775 0.0 1.6950057341381357
2.63 1.705286830922623 0.0 1.6940580441294484
2.64 1.7043294902930424 0.0 1.6931106721372486
2.65 1.7033723953985023 0.0 1.6921636232819788
2.66 1.7024155477278342 0.0 1.69121690263484
2.67 1.7014589487477072 0.0 1.6902705152203417
2.68 1.700502599907231 0.0 1.6893244660186804
2.69 1.6995465026424967 0.0 1.688378759968122
2.7 1.6985906583810484 0.0 1.6874334019671857
2.71 1.6976350685462855 0.0 1.6864883968768218
2.72 1.696679734561797 0.0 1.6855437495224734
2.73 1.6957246578556275 0.0 1.684599464695974
2.74 1.694769839864472 0.0 1.6836555471575299
2.75 1.6938152820377959 0.0 1.682712001637438
2.7600000000000002 1.692860985841891 0.0 1.6817688328378124
2.77 1.6919069527638482 0.0 1.680826045434196
2.7800000000000002 1.6909531843154673 0.0 1.6798836440771387
2.79 1.6899996820370802 0.0 1.6789416333936134
2.8000000000000003 1.6890464475013096 0.0 1.6780000179884127
2.81 1.6880934823167437 0.0 1.6770588024454791
2.82 1.6871407881315346 0.0 1.6761179913290758
2.83 1.686188366636921 0.0 1.6751775891849652
2.84 1.685236219570668 0.0 1.6742376005415192
2.85 1.6842843487204282 0.0 1.6732980299106757
2.86 1.6833327559270193 0.0 1.6723588817888726
2.87 1.6823814430876216 0.0 1.6714201606579937
2.88 1.6814304121588899 0.0 1.6704818709860487
2.89 1.6804796651599812 0.0 1.6695440172280298
2.9 1.679529204175496 0.0 1.6686066038264886
2.91 1.6785790313583344 0.0 1.6676696352122231
2.92 1.6776291489324628 0.0 1.6667331158047591
2.93 1.6766795591955912 0.0 1.6657970500129071
2.94 1.6757302645217638 0.0 1.664861442235163
2.95 1.674781267363855 0.0 1.6639262968600856
2.96 1.6738325702559738 0.0 1.6629916182666742
2.97 1.672884175815778 0.0 1.662057410824578
2.98 1.6719360867466913 0.0 1.661123678894368
2.99 1.6709883058400272 0.0 1.6601904268277294
3.0 1.6700408359770171 0.0 1.6592576589675676
3.0100000000000002 1.6690936801307388 0.0 1.6583253796480941
3.02 1.6681468413679519 0.0 1.657393593194937
3.0300000000000002 1.6672003228508294 0.0 1.6564623039250719
3.04 1.666254127838595 0.0 1.6555315161468318
3.0500000000000003 1.6653082596890565 0.0 1.6546012341598388
3.06 1.6643627218600368 0.0 1.653671462254902
3.0700000000000003 1.6634175179107087 0.0 1.6527422047138767
3.08 1.6624726515028223 0.0 1.6518134658094847
3.09 1.6615281264018316 0.0 1.6508852498051383
3.1 1.6605839464779135 0.0 1.6499575609547092
3.11 1.6596401157068887 0.0 1.649030403502237
3.12 1.6586966381710346 0.0 1.648103781681709
3.13 1.6577535180597878 0.0 1.6471776997167085
3.14 1.6568107596703512 0.0 1.6462521618201136
3.15 1.6558683674081869 0.0 1.645327172193725
3.16 1.6549263457874062 0.0 1.6444027350279273
3.17 1.6539846994310503 0.0 1.6434788545012902
3.18 1.6530434330712693 0.0 1.6425555347801817
3.19 1.6521025515493883 0.0 1.641632780018299
3.2 1.651162059815872 0.0 1.6407105943563274
3.21 1.6502219629301773 0.0 1.6397889819214222
3.22 1.649282266060506 0.0 1.638867946826789
3.23 1.6483429744834432 0.0 1.6379474931712286
3.24 1.6474040935834962 0.0 1.637027625038627
3.25 1.6464656288525248 0.0 1.6361083464975437
3.2600000000000002 1.6455275858890643 0.0 1.6351896616006636
3.27 1.6445899703975502 0.0 1.6342715743843523
3.2800000000000002 1.6436527881874294 0.0 1.6333540888681468
3.29 1.6427160451721754 0.0 1.6324372090542625
3.3000000000000003 1.6417797473681992 0.0 1.6315209389271281
3.31 1.6408439008936553 0.0 1.630605282452823
3.3200000000000003 1.6399085119671513 0.0 1.629690243578671
3.33 1.6389735869063515 0.0 1.628775826232706
3.34 1.6380391321264893 0.0 1.6278620343231678
3.35 1.6371051541387773 0.0 1.626948871738036
3.36 1.6361716595487206 0.0 1.6260363423445754
3.37 1.6352386550543387 0.0 1.625124449988829
3.38 1.6343061474442913 0.0 1.6242131984951513
3.39 1.6333741435959126 0.0 1.623302591665794
3.4 1.6324426504731582 0.0 1.6223926332803995
3.41 1.631511675124459 0.0 1.6214833270955669
3.42 1.6305812246804934 0.0 1.62057467684447
3.43 1.6296513063518707 0.0 1.6196666862363849
3.44 1.6287219274267357 0.0 1.6187593589562896
3.45 1.627793095268287 0.0 1.6178526986644688
3.46 1.6268648173122258 0.0 1.616946708996126
3.47 1.6259371010641206 0.0 1.6160413935610152
3.48 1.6250099540967005 0.0 1.615136755943069
3.49 1.624083384047079 0.0 1.6142327997000379
3.5 1.6231573986139074 0.0 1.6133295283631874
3.5100000000000002 1.6222320055544623 0.0 1.6124269454369518
3.52 1.6213072126816663 0.0 1.6115250543986355
3.5300000000000002 1.6203830278610554 0.0 1.6106238586981014
3.54 1.6194594590076785 0.0 1.609723361757559
3.5500000000000003 1.6185365140829489 0.0 1.608823566971233
3.56 1.6176142010914405 0.0 1.6079244777051471
3.5700000000000003 1.6166925280776328 0.0 1.6070260972969048
3.58 1.615771503122613 0.0 1.6061284290554734
3.59 1.6148511343407326 0.0 1.6052314762609607
3.6 1.6139314298762213 0.0 1.6043352421644739
3.61 1.6130123978997708 0.0 1.603439729987952
3.62 1.6120940466050744 0.0 1.6025449429239917
3.63 1.611176384205345 0.0 1.6016508841357526
3.64 1.610259418929803 0.0 1.6007575567568073
3.65 1.609343159020135 0.0 1.5998649638910896
3.66 1.6084276127269406 0.0 1.5989731086127632
3.67 1.6075127883061515 0.0 1.5980819939662476
3.68 1.6065986940154473 0.0 1.5971916229660477
3.69 1.6056853381106537 0.0 1.5963019985968294
3.7 1.604772728842134 0.0 1.5954131238133666
3.71 1.60386087445118 0.0 1.5945250015405175
3.72 1.6029497831663986 0.0 1.593637634673324
3.73 1.6020394632001074 0.0 1.5927510260769602
3.74 1.6011299227447289 0.0 1.5918651785868227
3.75 1.6002211699692022 0.0 1.5909800950086173
3.7600000000000002 1.5993132130154042 0.0 1.5900957781184153
3.77 1.5984060599945897 0.0 1.5892122306627205
3.7800000000000002 1.5974997189838467 0.0 1.5883294553586704
3.79 1.596594198022585 0.0 1.5874474548940596
3.8000000000000003 1.5956895051090425 0.0 1.5865662319275808
3.81 1.5947856481968268 0.0 1.585685789088883
3.8200000000000003 1.5938826351914883 0.0 1.584806128978801
3.83 1.592980473947132 0.0 1.5839272541695462
3.84 1.5920791722630674 0.0 1.5830491672048517
3.85 1.5911787378805025 0.0 1.5821718706002106
3.86 1.5902791784792862 0.0 1.581295366843111
3.87 1.5893805016746936 0.0 1.5804196583932266
3.88 1.5884827150142717 0.0 1.5795447476827014
3.89 1.5875858259747355 0.0 1.578670637116385
3.9 1.5866898419589217 0.0 1.5777973290720626
3.91 1.5857947702928055 0.0 1.5769248259008413
3.92 1.5849006182225813 0.0 1.5760531299273017
3.93 1.5840073929118053 0.0 1.5751822434498866
3.94 1.5831151014386127 0.0 1.5743121687411676
3.95 1.5822237507930004 0.0 1.573442908048169
3.96 1.5813333478741871 0.0 1.5725744635926822
3.97 1.580443899488048 0.0 1.5717068375716137
3.98 1.5795554123446265 0.0 1.5708400321573086
3.99 1.5786678930557256 0.0 1.5699740494979064
4.0 1.577781348132583 0.0 1.5691088917176799
4.01 1.576895783983629 0.0 1.5682445609174007
4.0200000000000005 1.5760112069123293 0.0 1.5673810591747168
4.03 1.5751276231151168 0.0 1.566518388544507
4.04 1.5742450386794098 0.0 1.5656565510592477
4.05 1.5733634595817199 0.0 1.5647955487294172
4.0600000000000005 1.5724828916858564 0.0 1.5639353835438867
4.07 1.571603340741217 0.0 1.5630760574702642
4.08 1.5707248123811752 0.0 1.5622175724553395
4.09 1.5698473121215628 0.0 1.5613599304254282
4.1 1.5689708453592455 0.0 1.560503133286832
4.11 1.5680954173707988 0.0 1.5596471829261742
4.12 1.5672210333112742 0.0 1.5587920812108638
4.13 1.5663476982130695 0.0 1.5579378299894446
4.14 1.5654754169848921 0.0 1.5570844310920373
4.15 1.5646041944108207 0.0 1.5562318863307498
4.16 1.5637340351494655 0.0 1.5553801975000436
4.17 1.5628649437332283 0.0 1.554529366377211
4.18 1.561996924567653 0.0 1.5536793947227032
4.19 1.5611299819308835 0.0 1.5528302842805775
4.2 1.5602641199732075 0.0 1.5519820367789348
4.21 1.559399342716706 0.0 1.5511346539302877
4.22 1.5585356540549955 0.0 1.5502881374319468
4.23 1.5576730577530566 0.0 1.549442488966472
4.24 1.5568115574471717 0.0 1.5485977102020392
4.25 1.5559511566449444 0.0 1.5477538027928706
4.26 1.555091858725413 0.0 1.546910768379586
4.2700000000000005 1.5542336669392554 0.0 1.546068608589642
4.28 1.5533765844090834 0.0 1.5452273250376913
4.29 1.5525206141298225 0.0 1.5443869193259956
4.3 1.5516657589691818 0.0 1.5435473930447923
4.3100000000000005 1.5508120216682004 0.0 1.542708747772681
4.32 1.549959404841885 0.0 1.5418709850770138
4.33 1.5491079109799224 0.0 1.541034106514224
4.34 1.5482575424474705 0.0 1.5401981136302707
4.3500000000000005 1.54740830148603 0.0 1.539363007960927
4.36 1.5465601902143842 0.0 1.5385287910321759
4.37 1.5457132106296154 0.0 1.5376954643605933
4.38 1.5448673646081885 0.0 1.5368630294536334
4.39 1.5440226539071014 0.0 1.5360314878100134
4.4 1.5431790801651015 0.0 1.5352008409200795
4.41 1.5423366449039617 0.0 1.5343710902660608
4.42 1.5414953495298171 0.0 1.5335422373225136
4.43 1.54065519533456 0.0 1.5327142835565246
4.44 1.539816183497282 0.0 1.531887230428112
4.45 1.538978315085775 0.0 1.5310610793905186
4.46 1.5381415910580745 0.0 1.5302358318905125
4.47 1.537306012264048 0.0 1.5294114893686754
4.48 1.5364715794470305 0.0 1.5285880532597438
4.49 1.5356382932454904 0.0 1.5277655249928204
4.5 1.5348061541947382 0.0 1.5269439059917518
4.51 1.5339751627286657 0.0 1.52612319767533
4.5200000000000005 1.5331453191815125 0.0 1.525303401457621
4.53 1.5323166237896617 0.0 1.5244845187481793
4.54 1.5314890766934577 0.0 1.5236665509523284
4.55 1.530662677939043 0.0 1.5228494994714357
4.5600000000000005 1.5298374274802153 0.0 1.5220333657031402
4.57 1.5290133251802929 0.0 1.5212181510415816
4.58 1.5281903708139972 0.0 1.5204038568776579
4.59 1.5273685640693353 0.0 1.5195904845992418
4.6000000000000005 1.5265479045494934 0.0 1.5187780355914073
4.61 1.5257283917747266 0.0 1.517966511236668
4.62 1.5249100251842513 0.0 1.517155912915133
4.63 1.5240928041381272 0.0 1.516346242004775
4.64 1.523276727919137 0.0 1.515537499881584
4.65 1.5224617957346498 0.0 1.5147296879198024
4.66 1.521648006718475 0.0 1.5139228074920759
4.67 1.5208353599326976 0.0 1.5131168599696463
4.68 1.5200238543694922 0.0 1.5123118467225463
4.69 1.5192134889529187 0.0 1.5115077691197631
4.7 1.5184042625406904 0.0 1.5107046285293735
4.71 1.5175961739259136 0.0 1.5099024263187548
4.72 1.5167892218388 0.0 1.5091011638547123
4.73 1.5159834049483434 0.0 1.5083008425036277
4.74 1.5151787218639647 0.0 1.507501463631602
4.75 1.5143751711371156 0.0 1.506703028604645
4.76 1.5135727512628474 0.0 1.5059055387887166
4.7700000000000005 1.5127714606813345 0.0 1.5051089955499426
4.78 1.5119712977793545 0.0 1.5043134002547125
4.79 1.511172260891726 0.0 1.503518754269779
4.8 1.5103743483026975 0.0 1.502725058962401
4.8100000000000005 1.5095775582472828 0.0 1.5019323157004685
4.82 1.5087818889125546 0.0 1.5011405258525534
4.83 1.5079873384388784 0.0 1.5003496907880902
4.84 1.507193904921097 0.0 1.4995598118774187
4.8500000000000005 1.506401586409656 0.0 1.498770890491887
4.86 1.5056103809116836 0.0 1.4979829280039758
4.87 1.504820286391998 0.0 1.497195925787367
4.88 1.5040313007740729 0.0 1.4964098852170176
4.89 1.5032434219409327 0.0 1.4956248076692515
4.9 1.5024566477359953 0.0 1.494840694521843
4.91 1.5016709759638551 0.0 1.4940575471540871
4.92 1.500886404391001 0.0 1.493275366946877
4.93 1.5001029307464808 0.0 1.4924941552827433
4.94 1.4993205527225009 0.0 1.4917139135459572
4.95 1.498539267974968 0.0 1.4909346431225765
4.96 1.4977590741239704 0.0 1.4901563454005056
4.97 1.4969799687541983 0.0 1.489379021769527
4.98 1.4962019494153074 0.0 1.4886026736214215
4.99 1.49542501362222 0.0 1.4878273023499606
5.0 1.4946491588553739 0.0 1.4870529093509541
5.01 1.4938743825609062 0.0 1.4862794960223458
5.0200000000000005 1.4931006821507902 0.0 1.4855070637641925
5.03 1.4923280550029077 0.0 1.4847356139787908
5.04 1.4915564984610723 0.0 1.48396514807062
5.05 1.4907860098350039 0.0 1.4831956674464408
5.0600000000000005 1.4900165864002421 0.0 1.4824271735153411
5.07 1.4892482253980186 0.0 1.481659667688701
5.08 1.4884809240350765 0.0 1.4808931513803223
5.09 1.4877146794834497 0.0 1.4801276260063636
5.1000000000000005 1.4869494888801873 0.0 1.4793630929854213
5.11 1.4861853493270485 0.0 1.4785995537385643
5.12 1.4854222578901493 0.0 1.4778370096893296
5.13 1.48466021159957 0.0 1.477075462263735
5.14 1.483899207448937 0.0 1.4763149128903652
5.15 1.4831392423949599 0.0 1.4755553630003257
5.16 1.4823803133569453 0.0 1.474796814027265
5.17 1.481622417216281 0.0 1.4740392674074572
5.18 1.4808655508158937 0.0 1.473282724579739
5.19 1.4801097109596848 0.0 1.4725271869855776
5.2 1.47935489441195 0.0 1.4717726560690332
5.21 1.4786010978967745 0.0 1.4710191332768372
5.22 1.4778483180974233 0.0 1.4702666200583583
5.23 1.4770965516557142 0.0 1.4695151178655983
5.24 1.4763457951713865 0.0 1.4687646281532454
5.25 1.4755960452014656 0.0 1.468015152378646
5.26 1.4748472982596255 0.0 1.4672666920018325
5.2700000000000005 1.4740995508155506 0.0 1.4665192484854939
5.28 1.4733527992943094 0.0 1.4657728232950027
5.29 1.4726070400757294 0.0 1.4650274178984328
5.3 1.4718622694937926 0.0 1.4642830337665127
5.3100000000000005 1.4711184838360363 0.0 1.4635396723726606
5.32 1.4703756793429803 0.0 1.462797335192977
5.33 1.4696338522075758 0.0 1.4620560237062172
5.34 1.4688929985746735 0.0 1.461315739393818
5.3500000000000005 1.4681531145405278 0.0 1.460576483739847
5.36 1.4674141961523297 0.0 1.4598382582310594
5.37 1.4666762394077766 0.0 1.4591010643568092
5.38 1.4659392402546787 0.0 1.458364903609092
5.39 1.4652031945906114 0.0 1.4576297774825262
5.4 1.4644680982626108 0.0 1.4568956874743144
5.41 1.463733947066916 0.0 1.4561626350842205
5.42 1.46300073674877 0.0 1.4554306218146091
5.43 1.462268463002269 0.0 1.4546996491703557
5.44 1.4615371214702708 0.0 1.4539697186588671
5.45 1.46080670774437 0.0 1.4532408317900387
5.46 1.460077217364932 0.0 1.4525129900762244
5.47 1.4593486458211926 0.0 1.45178619503224
5.48 1.458620988551435 0.0 1.4510604481752942
5.49 1.4578942409432318 0.0 1.450335751024975
5.5 1.4571683983337682 0.0 1.4496121051032227
5.51 1.4564434560102355 0.0 1.4488895119342693
5.5200000000000005 1.4557194092103158 0.0 1.4481679730446266
5.53 1.4549962531227385 0.0 1.4474474899630325
5.54 1.4542739828879288 0.0 1.446728064220402
5.55 1.4535525935987388 0.0 1.4460096973497885
5.5600000000000005 1.4528320803012733 0.0 1.4452923908863415
5.57 1.4521124379957986 0.0 1.4445761463672353
5.58 1.451393661637751 0.0 1.443860965331642
5.59 1.4506757461388384 0.0 1.4431468493206634
5.6000000000000005 1.449958686368233 0.0 1.44243379987726
5.61 1.4492424771538661 0.0 1.4417218185461957
5.62 1.4485271132838227 0.0 1.4410109068739931
5.63 1.4478125895078298 0.0 1.440301066408845
5.64 1.44709890053885 0.0 1.4395922987005374
5.65 1.4463860410547755 0.0 1.4388846053003903
5.66 1.445674005700222 0.0 1.438177987761188
5.67 1.44496278908843 0.0 1.4374724476370795
5.68 1.4442523858032636 0.0 1.4367679864835046
5.69 1.4435427904013147 0.0 1.4360646058571123
5.7 1.4428339974141104 0.0 1.4353623073156494
5.71 1.4421260013504262 0.0 1.4346610924179095
5.72 1.441418796698695 0.0 1.4339609627235774
5.73 1.4407123779295243 0.0 1.4332619197931977
5.74 1.4400067394983136 0.0 1.4325639651879951
5.75 1.4393018758479716 0.0 1.4318671004698298
5.76 1.438597781411734 0.0 1.4311713272010644
5.7700000000000005 1.4378944506160805 0.0 1.4304766469444388
5.78 1.4371918778837491 0.0 1.4297830612629647
5.79 1.4364900576368458 0.0 1.4290905717197822
5.8 1.4357889843000493 0.0 1.4283991798780682
5.8100000000000005 1.43508865230391 0.0 1.4277088873008772
5.82 1.434389056088237 0.0 1.4270196955510281
5.83 1.4336901901055763 0.0 1.426331606190932
5.84 1.432992048824773 0.0 1.4256446207825024
5.8500000000000005 1.4322946267346222 0.0 1.424958740886963
5.86 1.4315979183475953 0.0 1.424273968064729
5.87 1.430901918203651 0.0 1.4235903038752111
5.88 1.430206620874117 0.0 1.4229077498767173
5.89 1.4295120209656509 0.0 1.422226307626239
5.9 1.428818113124264 0.0 1.421545978679309
5.91 1.4281248920394183 0.0 1.420866764589832
5.92 1.4274323524481822 0.0 1.4201886669098918
5.93 1.426740489139448 0.0 1.4195116871895972
5.94 1.4260492969582035 0.0 1.4188358269768944
5.95 1.4253587708098594 0.0 1.418161087817336
5.96 1.4246689056646193 0.0 1.4174874712539673
5.97 1.4239796965619005 0.0 1.416814978827073
5.98 1.4232911386147893 0.0 1.4161436120739967
5.99 1.4226032270145361 0.0 1.4154733725289306
6.0 1.4219159570350777 0.0 1.414804261722726
6.01 1.4212293240375906 0.0 1.4141362811826657
6.0200000000000005 1.4205433234750642 0.0 1.4134694324322343
6.03 1.4198579508968934 0.0 1.412803716990953
6.04 1.4191732019534828 0.0 1.4121391363740752
6.05 1.4184890724008594 0.0 1.4114756920924458
6.0600000000000005 1.4178055581052886 0.0 1.4108133856521845
6.07 1.4171226550478908 0.0 1.4101522185545385
6.08 1.4164403593292476 0.0 1.4094921922955672
6.09 1.4157586671739975 0.0 1.4088333083659321
6.1000000000000005 1.4150775749354194 0.0 1.4081755682506585
6.11 1.4143970790999865 0.0 1.4075189734288673
6.12 1.4137171762918999 0.0 1.4068635253735362
6.13 1.413037863277586 0.0 1.4062092255512213
6.140000000000001 1.4123591369701585 0.0 1.405556075421811
6.15 1.4116809944338373 0.0 1.4049040764382792
6.16 1.411003432888319 0.0 1.4042532300463684
6.17 1.4103264497130965 0.0 1.4036035376843714
6.18 1.4096500424517155 0.0 1.40295500078282
6.19 1.408974208815975 0.0 1.4023076207642096
6.2 1.4082989466900526 0.0 1.4016613990427529
6.21 1.4076242541345592 0.0 1.4010163370240634
6.22 1.406950129390513 0.0 1.4003724361048484
6.23 1.4062765708832325 0.0 1.399729697672693
6.24 1.4056035772261408 0.0 1.3990881231056835
6.25 1.404931147224468 0.0 1.3984477137721847
6.26 1.404259279878869 0.0 1.3978084710304681
6.2700000000000005 1.4035879743889217 0.0 1.3971703962284807
6.28 1.4029172301565311 0.0 1.396533490703521
6.29 1.4022470467892123 0.0 1.3958977557818952
6.3 1.4015774241032568 0.0 1.3952631927786683
6.3100000000000005 1.4009083621267784 0.0 1.394629802997302
6.32 1.4002398611026323 0.0 1.3939975877293984
6.33 1.3995719214912035 0.0 1.3933665482543391
6.34 1.398904543973059 0.0 1.3927366858390002
6.3500000000000005 1.3982377294514625 0.0 1.3921080017373986
6.36 1.3975714790547484 0.0 1.3914804971904475
6.37 1.3969057941385408 0.0 1.390854173425549
6.38 1.396240676287835 0.0 1.3902290316563284
6.390000000000001 1.3955761273189125 0.0 1.389605073082304
6.4 1.3949121492811083 0.0 1.3889822988885503
6.41 1.3942487444584128 0.0 1.3883607102453812
6.42 1.3935859153709116 0.0 1.3877403083080433
6.43 1.39292366477606 0.0 1.387121094216356
6.44 1.3922619956697855 0.0 1.3865030690944067
6.45 1.3916009112874226 0.0 1.3858862340502327
6.46 1.3909404151044709 0.0 1.385270590175478
6.47 1.3902805108371776 0.0 1.3846561385450726
6.48 1.3896212024429428 0.0 1.3840428802169031
6.49 1.3889624941205414 0.0 1.3834308162314817
6.5 1.3883043903101695 0.0 1.3828199476116625
6.51 1.387646895693299 0.0 1.3822102753622483
6.5200000000000005 1.3869900151923562 0.0 1.3816018004697002
6.53 1.3863337539702094 0.0 1.3809945239018253
6.54 1.3856781174294703 0.0 1.38038844660744
6.55 1.3850231112116111 0.0 1.3797835695160154
6.5600000000000005 1.3843687411958916 0.0 1.3791798935374295
6.57 1.3837150134980978 0.0 1.3785774195615754
6.58 1.3830619344690953 0.0 1.3779761484580824
6.59 1.3824095106931895 0.0 1.3773760810759756
6.6000000000000005 1.3817577489863064 0.0 1.3767772182433797
6.61 1.3811066563939751 0.0 1.376179560767192
6.62 1.3804562401891358 0.0 1.3755831094327837
6.63 1.3798065078697508 0.0 1.3749878650036518
6.640000000000001 1.3791574671562419 0.0 1.3743938282211976
6.65 1.3785091259887334 0.0 1.3738009998042904
6.66 1.3778614925241266 0.0 1.37320938044909
6.67 1.3772145751329807 0.0 1.3726189708286662
6.68 1.3765683823962274 0.0 1.3720297715927443
6.69 1.3759229231017012 0.0 1.371441783367397
6.7 1.375278206240501 0.0 1.3708550067547283
6.71 1.3746342410031804 0.0 1.3702694423326336
6.72 1.3739910367757682 0.0 1.3696850906544686
6.73 1.373348603135622 0.0 1.369101952248791
6.74 1.3727069498471236 0.0 1.3685200276191
6.75 1.3720660868572145 0.0 1.3679393172434986
6.76 1.3714260242907703 0.0 1.3673598215744946
6.7700000000000005 1.3707867724458302 0.0 1.3667815410386976
6.78 1.3701483417886748 0.0 1.3662044760365688
6.79 1.369510742948759 0.0 1.3656286269421256
6.8 1.3688739867135058 0.0 1.365053994102774
6.8100000000000005 1.3682380840229647 0.0 1.364480577838948
6.82 1.3676030459643356 0.0 1.363908378443955
6.83 1.3669688837663712 0.0 1.3633373961836976
6.84 1.3663356087936493 0.0 1.3627676312964252
6.8500000000000005 1.3657032325407346 0.0 1.362199083992528
6.86 1.3650717666262246 0.0 1.3616317544543333
6.87 1.364441222786688 0.0 1.3610656428358079
6.88 1.3638116128705025 0.0 1.360500749262424
6.890000000000001 1.3631829488315934 0.0 1.3599370738309204
6.9 1.3625552427230827 0.0 1.3593746166090857
6.91 1.361928506690852 0.0 1.3588133776355695
6.92 1.3613027529670227 0.0 1.3582533569197095
6.93 1.3606779938633662 0.0 1.3576945544413153
6.94 1.3600542417646397 0.0 1.3571369701505032
6.95 1.359431509121863 0.0 1.3565806039675397
6.96 1.3588098084455387 0.0 1.3560254557826055
6.97 1.3581891522988185 0.0 1.355471525455737
6.98 1.357569553290625 0.0 1.3549188128165848
6.99 1.3569510240687381 0.0 1.3543673176643123
7.0 1.356333577312845 0.0 1.353817039767432
7.01 1.3557172257275654 0.0 1.3532679788636672
7.0200000000000005 1.355101982035456 0.0 1.3527201346598452
7.03 1.3544878589700013 0.0 1.352173506831746
7.04 1.3538748692685965 0.0 1.351628095024027
7.05 1.353263025665529 0.0 1.3510838988500622
7.0600000000000005 1.3526523408849644 0.0 1.3505409178918792
7.07 1.3520428276339433 0.0 1.3499991517000693
7.08 1.351434498595396 0.0 1.3494585997936683
7.09 1.3508273664211798 0.0 1.3489192616600998
7.1000000000000005 1.3502214437251465 0.0 1.3483811367551033
7.11 1.3496167430762458 0.0 1.3478442245026552
7.12 1.349013276991667 0.0 1.3473085242949217
7.13 1.3484110579300366 0.0 1.3467740354922089
7.140000000000001 1.3478100982846608 0.0 1.3462407574229256
7.15 1.3472104103768323 0.0 1.345708689383524
7.16 1.3466120064492033 0.0 1.3451778306385092
7.17 1.3460148986592262 0.0 1.3446481804203758
7.18 1.3454190990726742 0.0 1.3441197379296514
7.19 1.3448246196572455 0.0 1.3435925023348367
7.2 1.3442314722762523 0.0 1.3430664727724297
7.21 1.3436396686824044 0.0 1.3425416483469745
7.22 1.3430492205116917 0.0 1.3420180281310166
7.23 1.342460139277374 0.0 1.3414956111651688
7.24 1.3418724363640724 0.0 1.3409743964581426
7.25 1.3412861230219804 0.0 1.3404543829867894
7.26 1.340701210361193 0.0 1.3399355696961466
7.2700000000000005 1.3401177093461558 0.0 1.3394179554994936
7.28 1.3395356307902466 0.0 1.3389015392784458
7.29 1.3389549853504839 0.0 1.3383863198829928
7.3 1.338375783522376 0.0 1.3378722961315876
7.3100000000000005 1.3377980356349084 0.0 1.3373594668112834
7.32 1.3372217518456762 0.0 1.3368478306777585
7.33 1.3366469421361638 0.0 1.3363373864554844
7.34 1.336073616307177 0.0 1.3358281328378068
7.3500000000000005 1.3355017839744288 0.0 1.3353200684870843
7.36 1.3349314545642843 0.0 1.3348131920348347
7.37 1.3343626373096678 0.0 1.334307502081827
7.38 1.3337953412461292 0.0 1.3338029971982546
7.390000000000001 1.3332295752080845 0.0 1.3332996759239044
7.4 1.3326653478252188 0.0 1.3327975367683185
7.41 1.3321026675190644 0.0 1.3322965782109155
7.42 1.3315415424997497 0.0 1.3317967987012271
7.43 1.3309819807629273 0.0 1.3312981966590756
7.44 1.3304239900868757 0.0 1.3308007704747118
7.45 1.3298675780297813 0.0 1.330304518509097
7.46 1.3293127519272008 0.0 1.3298094390940582
7.47 1.328759518889703 0.0 1.3293155305325135
7.48 1.3282078858006932 0.0 1.328822791098716
7.49 1.3276578593144228 0.0 1.328331219038453
7.5 1.3271094458541786 0.0 1.3278408125693202
7.51 1.3265626516106583 0.0 1.3273515698809435
7.5200000000000005 1.3260174825405266 0.0 1.3268634891352251
7.53 1.3254739443651609 0.0 1.3263765684666453
7.54 1.324932042569573 0.0 1.3258908059824845
7.55 1.3243917824015214 0.0 1.3254061997631268
7.5600000000000005 1.3238531688707988 0.0 1.3249227478623224
7.57 1.3233162067487056 0.0 1.3244404483075038
7.58 1.3227809005677047 0.0 1.323959299100035
7.59 1.3222472546212518 0.0 1.3234792982155745
7.6000000000000005 1.3217152729638058 0.0 1.3230004436043243
7.61 1.3211849594110163 0.0 1.3225227331914031
7.62 1.3206563175400856 0.0 1.3220461648771202
7.63 1.3201293506903002 0.0 1.3215707365373173
7.640000000000001 1.3196040619637381 0.0 1.3210964460237165
7.65 1.31908045422614 0.0 1.3206232911642537
7.66 1.3185585301079508 0.0 1.3201512697634334
7.67 1.318038292005517 0.0 1.319680379602651
7.68 1.317519742082455 0.0 1.3192106184405856
7.69 1.3170028822711686 0.0 1.3187419840135588
7.7 1.3164877142745242 0.0 1.3182744740358827
7.71 1.3159742395676783 0.0 1.3178080862002597
7.72 1.3154624594000528 0.0 1.3173428181781504
7.73 1.314952374797451 0.0 1.316878667620166
7.74 1.3144439865643225 0.0 1.316415632156447
7.75 1.3139372952861568 0.0 1.3159537093970906
7.76 1.3134323013320164 0.0 1.3154928969324968
7.7700000000000005 1.3129290048571962 0.0 1.315033192333824
7.78 1.3124274058060115 0.0 1.3145745931533976
7.79 1.3119275039147014 0.0 1.314117096925076
7.8 1.3114292987144553 0.0 1.3136607011647248
7.8100000000000005 1.3109327895345497 0.0 1.3132054033706209
7.82 1.3104379755055917 0.0 1.3127512010238553
7.83 1.309944855562867 0.0 1.3122980915887978
7.84 1.3094534284497885 0.0 1.3118460725135228
7.8500000000000005 1.3089636927214372 0.0 1.3113951412302294
7.86 1.3084756467481924 0.0 1.310945295155716
7.87 1.307989288719448 0.0 1.3104965316917911
7.88 1.3075046166474111 0.0 1.3100488482257349
7.890000000000001 1.3070216283709668 0.0 1.3096022421307638
7.9 1.3065403215596245 0.0 1.3091567107664717
7.91 1.3060606937175212 0.0 1.3087122514792722
7.92 1.305582742187489 0.0 1.3082688616028915
7.930000000000001 1.3051064641551755 0.0 1.3078265384587944
7.94 1.304631856653216 0.0 1.3073852793566765
7.95 1.3041589165654495 0.0 1.306945081594912
7.96 1.3036876406311761 0.0 1.306505942461012
7.97 1.3032180254494485 0.0 1.3060678592321462
7.98 1.3027500674833947 0.0 1.3056308291755248
7.99 1.3022837630645632 0.0 1.305194849548959
8.0 1.3018191083972939 0.0 1.304759917601288
8.01 1.301356099563096 0.0 1.3043260305728335
8.02 1.300894732525046 0.0 1.3038931856959328
8.03 1.3004350031321812 0.0 1.3034613801953663
8.040000000000001 1.2999769071239027 0.0 1.303030611288865
8.05 1.2995204401343694 0.0 1.3026008761875507
8.06 1.2990655976968832 0.0 1.302172172096469
8.07 1.2986123752482648 0.0 1.3017444962149767
8.08 1.2981607681332057 0.0 1.3013178457373136
8.09 1.297710771608605 0.0 1.3008922178530404
8.1 1.2972623808478716 0.0 1.3004676097474885
8.11 1.2968155909452033 0.0 1.3000440186022564
8.120000000000001 1.296370396919823 0.0 1.2996214415957208
8.13 1.2959267937201833 0.0 1.2991998759034402
8.14 1.2954847762281196 0.0 1.2987793186986676
8.15 1.2950443392629636 0.0 1.2983597671528238
8.16 1.2946054775855984 0.0 1.2979412184359584
8.17 1.2941681859024654 0.0 1.2975236697171983
8.18 1.2937324588695078 0.0 1.2971071181652627
8.19 1.293298291096054 0.0 1.296691560948878
8.2 1.2928656771486384 0.0 1.2962769952372455
8.21 1.2924346115547467 0.0 1.2958634182005502
8.22 1.2920050888064976 0.0 1.2954508270103493
8.23 1.2915771033642443 0.0 1.295039218840077
8.24 1.291150649660102 0.0 1.2946285908654633
8.25 1.290725722101392 0.0 1.29421894026502
8.26 1.2903023150740076 0.0 1.2938102642204383
8.27 1.2898804229456893 0.0 1.2934025599170795
8.28 1.289460040069219 0.0 1.292995824544382
8.290000000000001 1.2890411607855188 0.0 1.2925900552963163
8.3 1.2886237794266622 0.0 1.2921852493718027
8.31 1.2882078903187897 0.0 1.2917814039751454
8.32 1.2877934877849317 0.0 1.2913785163164733
8.33 1.2873805661477324 0.0 1.290976583612126
8.34 1.2869691197320785 0.0 1.2905756030851088
8.35 1.286559142867623 0.0 1.290175571965472
8.36 1.286150629891219 0.0 1.2897764874907451
8.370000000000001 1.2857435751492399 0.0 1.2893783469063254
8.38 1.2853379729998067 0.0 1.2889811474658797
8.39 1.2849338178149095 0.0 1.2885848864317415
8.4 1.2845311039824243 0.0 1.2881895610752978
8.41 1.2841298259080292 0.0 1.2877951686773756
8.42 1.2837299780170128 0.0 1.2874017065286139
8.43 1.2833315547559843 0.0 1.2870091719298489
8.44 1.2829345505944745 0.0 1.2866175621924776
8.45 1.2825389600264356 0.0 1.2862268746388104
8.46 1.2821447775716388 0.0 1.2858371066024576
8.47 1.2817519977769662 0.0 1.2854482554286388
8.48 1.2813606152176045 0.0 1.2850603184745808
8.49 1.2809706244981331 0.0 1.2846732931098046
8.5 1.280582020253516 0.0 1.2842871767165185
8.51 1.2801947971499914 0.0 1.2839019666898743
8.52 1.2798089498858622 0.0 1.2835176604383758
8.53 1.2794244731921958 0.0 1.2831342553841174
8.540000000000001 1.2790413618334193 0.0 1.2827517489631455
8.55 1.2786596106078287 0.0 1.2823701386257491
8.56 1.2782792143479993 0.0 1.2819894218367447
8.57 1.2779001679211115 0.0 1.2816095960757863
8.58 1.2775224662291815 0.0 1.2812306588376388
8.59 1.2771461042092116 0.0 1.2808526076324895
8.6 1.2767710768332499 0.0 1.2804754399861529
8.61 1.276397379108371 0.0 1.2800991534403972
8.620000000000001 1.2760250060765745 0.0 1.279723745553189
8.63 1.2756539528146074 0.0 1.2793492138989453
8.64 1.2752842144337062 0.0 1.2789755560687623
8.65 1.274915786079273 0.0 1.2786027696706808
8.66 1.2745486629304739 0.0 1.2782308523298966
8.67 1.2741828401997721 0.0 1.2778598016890195
8.68 1.2738183131323975 0.0 1.277489615408262
8.69 1.273455077005751 0.0 1.2771202911656452
8.700000000000001 1.2730931271287484 0.0 1.2767518266572515
8.71 1.2727324588411115 0.0 1.2763842195973787
8.72 1.2723730675126002 0.0 1.2760174677187561
8.73 1.2720149485421945 0.0 1.275651568772719
8.74 1.271658097357233 0.0 1.2752865205293964
8.75 1.2713025094124981 0.0 1.2749223207778677
8.76 1.2709481801892673 0.0 1.2745589673263749
8.77 1.270595105194318 0.0 1.2741964580024125
8.78 1.270243279958902 0.0 1.2738347906529375
8.790000000000001 1.2698927000376838 0.0 1.2734739631444758
8.8 1.26954336100765 0.0 1.2731139733633028
8.81 1.269195258466991 0.0 1.2727548192155298
8.82 1.2688483880339607 0.0 1.2723964986272789
8.83 1.2685027453457152 0.0 1.2720390095447542
8.84 1.2681583260571296 0.0 1.2716823499344025
8.85 1.2678151258396093 0.0 1.2713265177829698
8.86 1.2674731403798791 0.0 1.2709715110976465
8.870000000000001 1.2671323653787718 0.0 1.2706173279061532
8.88 1.2667927965500079 0.0 1.270263966256798
8.89 1.266454429618972 0.0 1.2699114242185818
8.9 1.2661172603214919 0.0 1.2695596998812873
8.91 1.265781284402619 0.0 1.2692087913555319
8.92 1.2654464976154145 0.0 1.2688586967728248
8.93 1.2651128957197453 0.0 1.268509414285619
8.94 1.2647804744810902 0.0 1.268160942067425
8.950000000000001 1.2644492296693615 0.0 1.267813278312753
8.96 1.2641191570577406 0.0 1.267466421237243
8.97 1.2637902524215363 0.0 1.267120369077661
8.98 1.2634625115370615 0.0 1.266775120091933
8.99 1.263135930180535 0.0 1.2664306725591608
9.0 1.2628105041270088 0.0 1.266087024779664
9.01 1.262486229149326 0.0 1.2657441750749536
9.02 1.262163101017106 0.0 1.2654021217877909
9.03 1.2618411154957638 0.0 1.2650608632821454
9.040000000000001 1.2615202683455666 0.0 1.2647203979432218
9.05 1.2612005553207195 0.0 1.2643807241774376
9.06 1.2608819721684974 0.0 1.2640418404123974
9.07 1.2605645146284123 0.0 1.263703745096939
9.08 1.2602481784314237 0.0 1.2633664367010158
9.09 1.2599329592991895 0.0 1.2630299137157581
9.1 1.259618852943365 0.0 1.2626941746533802
9.11 1.259305855064945 0.0 1.2623592180471979
9.120000000000001 1.2589939613536534 0.0 1.2620250424515467
9.13 1.2586831674873806 0.0 1.2616916464417602
9.14 1.2583734691316706 0.0 1.261359028614124
9.15 1.2580648619392563 0.0 1.2610271875858075
9.16 1.257757341549647 0.0 1.2606961219948414
9.17 1.2574509035887684 0.0 1.26036583050002
9.18 1.2571455436686478 0.0 1.2600363117808726
9.19 1.256841257387162 0.0 1.259707564537573
9.200000000000001 1.256538040327829 0.0 1.2593795874908897
9.21 1.2562358880596565 0.0 1.2590523793821031
9.22 1.2559347961370437 0.0 1.2587259389729266
9.23 1.255634760099736 0.0 1.258400265045449
9.24 1.25533577547283 0.0 1.258075356402026
9.25 1.255037837766836 0.0 1.2577512118652123
9.26 1.2547409424777896 0.0 1.2574278302776731
9.27 1.2544450850874167 0.0 1.25710521050209
9.28 1.2541502610633521 0.0 1.2567833514210665
9.290000000000001 1.2538564658594058 0.0 1.2564622519370539
9.3 1.253563694915883 0.0 1.2561419109722172
9.31 1.2532719436599515 0.0 1.2558223274683693
9.32 1.2529812075060622 0.0 1.2555035003868582
9.33 1.2526914818564114 0.0 1.2551854287084605
9.34 1.2524027621014577 0.0 1.2548681114332745
9.35 1.252115043620477 0.0 1.2545515475806164
9.36 1.2518283217821702 0.0 1.254235736188925
9.370000000000001 1.251542591945307 0.0 1.253920676315626
9.38 1.2512578494594184 0.0 1.2536063670370206
9.39 1.2509740896655253 0.0 1.2532928074482055
9.4 1.250691307896909 0.0 1.25297999666292
9.41 1.2504094994799193 0.0 1.2526679338134425
9.42 1.2501286597348156 0.0 1.2523566180504868
9.43 1.2498487839766483 0.0 1.2520460485430522
9.44 1.249569867516168 0.0 1.251736224478331
9.450000000000001 1.2492919056607659 0.0 1.2514271450615742
9.46 1.249014893715448 0.0 1.2511188095159693
9.47 1.24873882698383 0.0 1.2508112170825332
9.48 1.2484637007691628 0.0 1.2505043670199507
9.49 1.2481895103753782 0.0 1.2501982586044946
9.5 1.2479162511081565 0.0 1.2498928911298564
9.51 1.2476439182760144 0.0 1.249588263907077
9.52 1.2473725071914084 0.0 1.2492843762643449
9.53 1.2471020131718555 0.0 1.2489812275469323
9.540000000000001 1.2468324315410633 0.0 1.2486788171170504
9.55 1.246563757630075 0.0 1.2483771443536886
9.56 1.2462959867784198 0.0 1.2480762086525314
9.57 1.2460291143352729 0.0 1.2477760094257913
9.58 1.2457631356606143 0.0 1.2474765461021124
9.59 1.2454980461263983 0.0 1.2471778181264137
9.6 1.2452338411177126 0.0 1.2468798249597692
9.61 1.244970516033945 0.0 1.2465825660792866
9.620000000000001 1.2447080662899386 0.0 1.2462860409779475
9.63 1.2444464873171448 0.0 1.245990249164506
9.64 1.2441857745647649 0.0 1.245695190163349
9.65 1.2439259235008835 0.0 1.2454008635143616
9.66 1.2436669296135858 0.0 1.2451072687727673
9.67 1.2434087884120644 0.0 1.2448144055090773
9.68 1.2431514954277056 0.0 1.2445222733088492
9.69 1.2428950462151578 0.0 1.2442308717726442
9.700000000000001 1.2426394363533804 0.0 1.2439402005158304
9.71 1.2423846614466685 0.0 1.2436502591685177
9.72 1.2421307171256548 0.0 1.2433610473753403
9.73 1.2418775990482824 0.0 1.2430725647954077
9.74 1.2416253029007545 0.0 1.2427848111021131
9.75 1.2413738243984462 0.0 1.2424977859830157
9.76 1.2411231592867946 0.0 1.2422114891397127
9.77 1.2408733033421502 0.0 1.2419259202877035
9.78 1.2406242523725932 0.0 1.2416410791562436
9.790000000000001 1.2403760022187171 0.0 1.241356965488227
9.8 1.240128548754376 0.0 1.2410735790400431
9.81 1.2398818878873872 0.0 1.2407909195814215
9.82 1.2396360155602002 0.0 1.2405089868953283
9.83 1.2393909277505237 0.0 1.2402277807778066
9.84 1.2391466204719082 0.0 1.239947301037852
9.85 1.2389030897742883 0.0 1.2396675474972512
9.86 1.2386603317444793 0.0 1.239388519990486
9.870000000000001 1.238418342506633 0.0 1.2391102183645337
9.88 1.2381771182226422 0.0 1.2388326424787897
9.89 1.2379366550925033 0.0 1.2385557922048833
9.9 1.2376969493546337 0.0 1.2382796674265364
9.91 1.2374579972861381 0.0 1.2380042680394694
9.92 1.2372197952030313 0.0 1.237729593951177
9.93 1.23698233946041 0.0 1.2374556450808671
9.94 1.2367456264525827 0.0 1.2371824213592384
9.950000000000001 1.2365096526131425 0.0 1.2369099227283922
9.96 1.2362744144150017 0.0 1.236638149141658
9.97 1.2360399083703724 0.0 1.2363671005634427
9.98 1.2358061310307031 0.0 1.2360967769690896
9.99 1.2355730789865662 0.0 1.2358271783447041
10.0 1.235340748867498 0.0 1.2355583046870355
10.01 1.235109137341795 0.0 1.2352901560032923
10.02 1.234878241116263 0.0 1.2350227323109881
10.03 1.2346480569359193 0.0 1.2347560336377896
10.040000000000001 1.2344185815836533 0.0 1.2344900600213655
10.05 1.2341898118798436 0.0 1.2342248115091992
10.06 1.2339617446819282 0.0 1.2339602881584442
10.07 1.2337343768839395 0.0 1.2336964900357463
10.08 1.2335077054159924 0.0 1.2334334172170853
10.09 1.2332817272437375 0.0 1.2331710697875902
10.1 1.233056439367775 0.0 1.2329094478413816
10.11 1.2328318388230308 0.0 1.2326485514813736
10.120000000000001 1.2326079226780964 0.0 1.2323883808191352
10.13 1.23238468803454 0.0 1.2321289359746674
10.14 1.2321621320261777 0.0 1.2318702170762459
10.15 1.2319402518183211 0.0 1.2316122242602157
10.16 1.2317190446069912 0.0 1.2313549576708391
10.17 1.2314985076181053 0.0 1.2310984174600546
10.18 1.231278638106643 0.0 1.2308426037873315
10.19 1.2310594333557825 0.0 1.2305875168194396
10.200000000000001 1.2308408906760189 0.0 1.2303331567302782
10.21 1.230623007404263 0.0 1.2300795237006381
10.22 1.230405780902921 0.0 1.2298266179180226
10.23 1.2301892085589587 0.0 1.2295744395764416
10.24 1.2299732877829546 0.0 1.2293229888761859
10.25 1.2297580160081383 0.0 1.2290722660236089
10.26 1.2295433906894224 0.0 1.2288222712309322
10.27 1.2293294093024272 0.0 1.2285730047159915
10.28 1.2291160693425007 0.0 1.2283244667020445
10.290000000000001 1.2289033683237356 0.0 1.2280766574175264
10.3 1.2286913037779874 0.0 1.2278295770958079
10.31 1.2284798732538937 0.0 1.2275832259749797
10.32 1.2282690743159015 0.0 1.2273376042976039
10.33 1.2280589045432957 0.0 1.2270927123104776
10.34 1.2278493615292414 0.0 1.2268485502643844
10.35 1.2276404428798398 0.0 1.226605118413832
10.36 1.2274321462131907 0.0 1.2263624170168264
10.370000000000001 1.2272244691584793 0.0 1.2261204463345832
10.38 1.2270174093550774 0.0 1.225879206631301
10.39 1.2268109644516658 0.0 1.2256386981738734
10.4 1.2266051321053837 0.0 1.2253989212316272
10.41 1.226399909980998 0.0 1.2251598760760565
10.42 1.2261952957501048 0.0 1.2249215629805394
10.43 1.2259912870903604 0.0 1.2246839822200746
10.44 1.2257878816847412 0.0 1.2244471340709575
10.450000000000001 1.225585077220844 0.0 1.2242110188105682
10.46 1.2253828713902164 0.0 1.223975636716998
10.47 1.225181261887729 0.0 1.2237409880688352
10.48 1.224980246410988 0.0 1.2235070731447943
10.49 1.2247798226597908 0.0 1.2232738922234676
10.5 1.2245799883356225 0.0 1.2230414455830092
10.51 1.224380741141202 0.0 1.2228097335008057
10.52 1.2241820787800752 0.0 1.2225787562531947
10.53 1.2239839989562553 0.0 1.2223485141151458
10.540000000000001 1.223786499373919 0.0 1.2221190073599042
10.55 1.2235895777371488 0.0 1.2218902362587358
10.56 1.2233932317497367 0.0 1.2216622010805445
10.57 1.2231974591150356 0.0 1.2214349020915656
10.58 1.2230022575358752 0.0 1.2212083395550581
10.59 1.2228076247145294 0.0 1.220982513730928
10.6 1.2226135583527469 0.0 1.220757424875421
10.61 1.2224200561518384 0.0 1.2205330732407849
10.620000000000001 1.222227115812829 0.0 1.2203094590748957
10.63 1.2220347350366672 0.0 1.2200865826209537
10.64 1.2218429115245015 0.0 1.219864444117101
10.65 1.2216516429780169 0.0 1.2196430437961148
10.66 1.221460927099834 0.0 1.2194223818849905
10.67 1.221270761593977 0.0 1.2192024586046428
10.68 1.2210811441664011 0.0 1.2189832741695348
10.69 1.2208920725255854 0.0 1.2187648287872992
10.700000000000001 1.2207035443831937 0.0 1.2185471226583866
10.71 1.2205155574547941 0.0 1.2183301559757405
10.72 1.2203281094606495 0.0 1.2181139289243583
10.73 1.220141198126566 0.0 1.2178984416809882
10.74 1.2199548211848104 0.0 1.217683694413737
10.75 1.2197689763750872 0.0 1.217469687281708
10.76 1.2195836614455795 0.0 1.217256420434614
10.77 1.219398874154055 0.0 1.2170438940124366
10.78 1.2192146122690264 0.0 1.2168321081450266
10.790000000000001 1.219030873570979 0.0 1.2166210629517478
10.8 1.2188476558536527 0.0 1.216410758541097
10.81 1.2186649569253851 0.0 1.216201195010341
10.82 1.2184827746105091 0.0 1.2159923724451258
10.83 1.2183011067508083 0.0 1.2157842909191225
10.84 1.2181199512070233 0.0 1.2155769504936444
10.85 1.2179393058604129 0.0 1.215370351217273
10.86 1.2177591686143645 0.0 1.2151644931254852
10.870000000000001 1.2175795373960538 0.0 1.2149593762403044
10.88 1.2174004101581515 0.0 1.2147550005698915
10.89 1.2172217848805726 0.0 1.2145513661082048
10.9 1.2170436595722733 0.0 1.214348472834631
10.91 1.2168660322730835 0.0 1.2141463207136005
10.92 1.2166889010555786 0.0 1.2139449096942447
10.93 1.2165122640269905 0.0 1.213744239710018
10.94 1.2163361193311455 0.0 1.213544310678355
10.950000000000001 1.2161604651504405 0.0 1.2133451225002883
10.96 1.2159852997078398 0.0 1.2131466750601074
10.97 1.2158106212689035 0.0 1.2129489682250099
10.98 1.2156364281438328 0.0 1.212752001844755
10.99 1.2154627186895395 0.0 1.2125557757512881
11.0 1.2152894913117291 0.0 1.2123602897584391
11.01 1.2151167444669995 0.0 1.2121655436615675
11.02 1.214944476664947 0.0 1.2119715372372062
11.03 1.2147726864702844 0.0 1.2117782702427515
11.040000000000001 1.2146013725049574 0.0 1.2115857424161323
11.05 1.2144305334502667 0.0 1.2113939534754994
11.06 1.2142601680489868 0.0 1.2112029031188762
11.07 1.214090275107474 0.0 1.211012591023888
11.08 1.2139208534977723 0.0 1.2108230168474172
11.09 1.2137519021597027 0.0 1.2106341802253102
11.1 1.2135834201029354 0.0 1.210446080772104
11.11 1.2134154064090459 0.0 1.2102587180807014
11.120000000000001 1.2132478602335437 0.0 1.2100720917221184
11.13 1.213080780807879 0.0 1.2098862012451725
11.14 1.2129141674414161 0.0 1.2097010461762363
11.15 1.212748019523372 0.0 1.2095166260189698
11.16 1.2125823365247237 0.0 1.2093329402540456
11.17 1.2124171180000662 0.0 1.2091499883389152
11.18 1.2122523635894344 0.0 1.20896776970755
11.19 1.212088073020073 0.0 1.2087862837702188
11.200000000000001 1.2119242461081534 0.0 1.208605529913248
11.21 1.211760882760443 0.0 1.2084255074988064
11.22 1.2115979829759065 0.0 1.2082462158646985
11.23 1.2114355468472555 0.0 1.2080676543241213
11.24 1.2112735745624277 0.0 1.2078898221655463
11.25 1.2111120664059971 0.0 1.207712718652448
11.26 1.2109510227605182 0.0 1.2075363430231771
11.27 1.2107904441077895 0.0 1.2073606944907644
11.28 1.2106303310300437 0.0 1.2071857722427983
11.290000000000001 1.2104706842110553 0.0 1.2070115754412156
11.3 1.2103115044371642 0.0 1.2068381032222106
11.31 1.2101527925982152 0.0 1.2066653546960837
11.32 1.2099945496884026 0.0 1.2064933289471322
11.33 1.2098367768070284 0.0 1.2063220250334936
11.34 1.2096794751591629 0.0 1.20615144198712
11.35 1.2095226460562052 0.0 1.2059815788136201
11.36 1.2093662909163516 0.0 1.2058124344922252
11.370000000000001 1.2092104112649498 0.0 1.2056440079756754
11.38 1.2090550087347596 0.0 1.2054762981902116
11.39 1.2089000850661018 0.0 1.2053093040354763
11.4 1.2087456421068954 0.0 1.2051430243845271
11.41 1.2085916818125908 0.0 1.2049774580837627
11.42 1.2084382062459846 0.0 1.2048126039529403
11.43 1.2082852175769216 0.0 1.2046484607851744
11.44 1.2081327180818837 0.0 1.2044850273469196
11.450000000000001 1.2079807101434576 0.0 1.2043223023780254
11.46 1.2078291962496845 0.0 1.204160284591719
11.47 1.2076781789932942 0.0 1.2039989726747142
11.48 1.2075276610708117 0.0 1.2038383652872127
11.49 1.2073776452815477 0.0 1.2036784610629956
11.5 1.2072281345264653 0.0 1.203519258609506
11.51 1.2070791318069196 0.0 1.2033607565079172
11.52 1.2069306402232818 0.0 1.2032029533132775
11.53 1.2067826629734322 0.0 1.203045847554585
11.540000000000001 1.2066352033511327 0.0 1.2028894377349397
11.55 1.2064882647442763 0.0 1.2027337223316792
11.56 1.2063418506330101 0.0 1.202578699796529
11.57 1.206195964587738 0.0 1.202424368555779
11.58 1.2060506102669986 0.0 1.2022707270104287
11.59 1.2059057914152214 0.0 1.2021177735364195
11.6 1.2057615118603626 0.0 1.2019655064848205
11.61 1.205617775511419 0.0 1.2018139241820311
11.620000000000001 1.2054745863558247 0.0 1.201663024930021
11.63 1.205331948456726 0.0 1.201512807006564
11.64 1.2051898659501465 0.0 1.2013632686654978
11.65 1.2050483430420287 0.0 1.201214408136978
11.66 1.2049073840051707 0.0 1.201066223627764
11.67 1.204766993176045 0.0 1.200918713321494
11.68 1.204627174951514 0.0 1.2007718753790046
11.69 1.2044879337854346 0.0 1.2006257079386138
11.700000000000001 1.2043492741851582 0.0 1.2004802091164888
11.71 1.2042112007079318 0.0 1.200335377006932
11.72 1.2040737179571979 0.0 1.200191209682786
11.73 1.203936830578798 0.0 1.200047705195729
11.74 1.203800543257082 0.0 1.199904861576701
11.75 1.2036648607109286 0.0 1.1997626768362568
11.76 1.2035297876896789 0.0 1.1996211489649755
11.77 1.2033953289689854 0.0 1.1994802759338608
11.78 1.2032614893465796 0.0 1.1993400556947553
11.790000000000001 1.2031282736379663 0.0 1.1992004861807604
11.8 1.2029956866720435 0.0 1.1990615653067065
11.81 1.2028637332866527 0.0 1.1989232909695633
11.82 1.2027324183240662 0.0 1.1987856610489362
11.83 1.202601746626412 0.0 1.1986486734075028
11.84 1.2024717230310473 0.0 1.198512325891519
11.85 1.2023423523658698 0.0 1.1983766163313063
11.86 1.2022136394445957 0.0 1.198241542541753
11.870000000000001 1.202085589061981 0.0 1.1981071023228007
11.88 1.2019582059890148 0.0 1.1979732934600025
11.89 1.2018314949680746 0.0 1.1978401137250319
11.9 1.2017054607080517 0.0 1.197707560876213
11.91 1.2015801078794592 0.0 1.197575632659109
11.92 1.201455441109512 0.0 1.1974443268070172
11.93 1.201331464977204 0.0 1.1973136410415872
11.94 1.2012081840083657 0.0 1.1971835730733835
11.950000000000001 1.2010856026707288 0.0 1.19705412060242
11.96 1.2009637253689849 0.0 1.1969252813188318
11.97 1.2008425564398564 0.0 1.1967970529033962
11.98 1.2007221001471762 0.0 1.1966694330281926
11.99 1.2006023606769896 0.0 1.1965424193571739
12.0 1.2004833421326746 0.0 1.1964160095467942
12.01 1.200365048530094 0.0 1.1962902012466565
12.02 1.2002474837927828 0.0 1.1961649921001256
12.030000000000001 1.20013065174717 0.0 1.196040379744962
12.040000000000001 1.20001455611785 0.0 1.1959163618139568
12.05 1.1998992005229037 0.0 1.19579293593562
12.06 1.1997845884692724 0.0 1.1956700997347793
12.07 1.1996707233481956 0.0 1.1955478508332882
12.08 1.1995576084307147 0.0 1.19542618685066
12.09 1.1994452468632482 0.0 1.195305105404727
12.1 1.1993336416632439 0.0 1.195184604112343
12.11 1.1992227957149129 0.0 1.1950646805900513
12.120000000000001 1.1991127117650529 0.0 1.1949453324547277
12.13 1.1990033924189627 0.0 1.1948265573243193
12.14 1.1988948401364554 0.0 1.1947083528184714
12.15 1.1987870572279726 0.0 1.1945907165592597
12.16 1.1986800458508091 0.0 1.1944736461718555
12.17 1.1985738080054478 0.0 1.194357139285226
12.18 1.1984683455320142 0.0 1.1942411935328265
12.19 1.1983636601068504 0.0 1.1941258065532856
12.200000000000001 1.1982597532392174 0.0 1.1940109759911197
12.21 1.1981566262681285 0.0 1.1938966994974007
12.22 1.1980542803593184 0.0 1.1937829747304862
12.23 1.1979527165023498 0.0 1.1936697993566805
12.24 1.1978519355078676 0.0 1.1935571710509465
12.25 1.197751938004998 0.0 1.1934450874976132
12.26 1.1976527244388993 0.0 1.19333354639106
12.27 1.197554295068471 0.0 1.1932225454363805
12.280000000000001 1.1974566499642192 0.0 1.1931120823501233
12.290000000000001 1.197359789006285 0.0 1.1930021548609602
12.3 1.1972637118826404 0.0 1.1928927607103488
12.31 1.1971684180874491 0.0 1.192783897653251
12.32 1.197073906919606 0.0 1.1926755634587984
12.33 1.1969801774814424 0.0 1.1925677559109744
12.34 1.1968872286776182 0.0 1.1924604728092878
12.35 1.196795059214184 0.0 1.1923537119694358
12.36 1.1967036675978349 0.0 1.1922474712239923
12.370000000000001 1.1966130521353397 0.0 1.1921417484230308
12.38 1.1965232109331645 0.0 1.1920365414348322
12.39 1.196434141897276 0.0 1.1919318481464833
12.4 1.1963458427331395 0.0 1.1918276664645575
12.41 1.1962583109459066 0.0 1.1917239943157594
12.42 1.1961715438407932 0.0 1.1916208296475357
12.43 1.196085538523652 0.0 1.1915181704287083
12.44 1.1960002919017365 0.0 1.1914160146501025
12.450000000000001 1.1959158006846615 0.0 1.1913143603251704
12.46 1.195832061385556 0.0 1.1912132054905775
12.47 1.1957490703224123 0.0 1.1911125482068092
12.48 1.1956668236196277 0.0 1.1910123865587752
12.49 1.1955853172097415 0.0 1.190912718656373
12.5 1.1955045468353656 0.0 1.1908135426350825
12.51 1.1954245080513102 0.0 1.1907148566564985
12.52 1.1953451962268957 0.0 1.1906166589089373
12.530000000000001 1.1952666065484627 0.0 1.1905189476079348
12.540000000000001 1.195188734022067 0.0 1.1904217209968277
12.55 1.195111573476365 0.0 1.190324977347253
12.56 1.1950351195656845 0.0 1.190228714959671
12.57 1.1949593667732799 0.0 1.1901329321638776
12.58 1.194884309414771 0.0 1.1900376273195077
12.59 1.1948099416417612 0.0 1.1899427988165163
12.6 1.1947362574456324 0.0 1.1898484450756455
12.61 1.1946632506615156 0.0 1.1897545645488876
12.620000000000001 1.194590914972433 0.0 1.1896611557199817
12.63 1.1945192439136096 0.0 1.1895682171047706
12.64 1.1944482308769488 0.0 1.189475747251723
12.65 1.1943778691156695 0.0 1.1893837447422757
12.66 1.1943081517491048 0.0 1.1892922081912818
12.67 1.194239071767649 0.0 1.18920113624737
12.68 1.1941706220378614 0.0 1.1891105275933633
12.69 1.194102795307711 0.0 1.1890203809466122
12.700000000000001 1.1940355842119659 0.0 1.1889306950593683
12.71 1.1939689812777157 0.0 1.1888414687190838
12.72 1.1939029789300328 0.0 1.1887527007487912
12.73 1.193837569497753 0.0 1.1886643900073939
12.74 1.1937727452193856 0.0 1.1885765353899442
12.75 1.1937084982491346 0.0 1.1884891358279484
12.76 1.1936448206630363 0.0 1.188402190289638
12.77 1.1935817044652002 0.0 1.1883156977802125
12.780000000000001 1.1935191415941513 0.0 1.1882296573420918
12.790000000000001 1.1934571239292677 0.0 1.1881440680551267
12.8 1.1933956432973072 0.0 1.1880589290368344
12.81 1.1933346914790162 0.0 1.1879742394425745
12.82 1.1932742602158155 0.0 1.1878899984657465
12.83 1.1932143412165581 0.0 1.1878062053379321
12.84 1.1931549261643508 0.0 1.187722859329084
12.85 1.1930960067234317 0.0 1.1876399597476235
12.86 1.1930375745461048 0.0 1.1875575059405954
12.870000000000001 1.1929796212797121 0.0 1.1874754972937347
12.88 1.1929221385736513 0.0 1.187393933231607
12.89 1.1928651180864207 0.0 1.18731281321764
12.9 1.1928085514926912 0.0 1.1872321367541987
12.91 1.1927524304903947 0.0 1.1871519033826206
12.92 1.1926967468078271 0.0 1.1870721126832655
12.93 1.192641492210753 0.0 1.1869927642755107
12.94 1.1925866585095086 0.0 1.186913857817739
12.950000000000001 1.1925322375660974 0.0 1.1868353930073254
12.96 1.1924782213012664 0.0 1.1867573695806306
12.97 1.1924246017015627 0.0 1.1866797873128871
12.98 1.1923713708263588 0.0 1.1866026460181938
12.99 1.192318520814839 0.0 1.1865259455493913
13.0 1.1922660438929453 0.0 1.1864496857980058
13.01 1.1922139323802725 0.0 1.1863738666940784
13.02 1.1921621786969019 0.0 1.1862984882060676
13.030000000000001 1.192110775370176 0.0 1.1862235503407184
13.040000000000001 1.192059715041398 0.0 1.1861490531428724
13.05 1.1920089904724565 0.0 1.186074996695285
13.06 1.1919585945523636 0.0 1.1860013811184784
13.07 1.1919085203037056 0.0 1.1859282065704655
13.08 1.1918587608889897 0.0 1.1858554732465836
13.09 1.191809309616896 0.0 1.1857831813792286
13.1 1.191760159948411 0.0 1.1857113312376
13.11 1.1917113055028494 0.0 1.185639923127438
13.120000000000001 1.1916627400637538 0.0 1.1855689573907346
13.13 1.191614457584661 0.0 1.185498434405438
13.14 1.191566452194741 0.0 1.185428354585127
13.15 1.1915187182042906 0.0 1.185358718378684
13.16 1.1914712501100817 0.0 1.1852895262699492
13.17 1.1914240426005624 0.0 1.1852207787773898
13.18 1.1913770905608951 0.0 1.1851524764536727
13.19 1.19133038907784 0.0 1.1850846198853107
13.200000000000001 1.191283933444463 0.0 1.185017209692263
13.21 1.1912377191646804 0.0 1.1849502465274957
13.22 1.1911917419576226 0.0 1.184883731076571
13.23 1.191145997761814 0.0 1.1848176640572095
13.24 1.191100482739174 0.0 1.1847520462187753
13.25 1.1910551932788236 0.0 1.184686878341905
13.26 1.1910101260006971 0.0 1.1846221612379195
13.27 1.1909652777589614 0.0 1.1845578957483929
13.280000000000001 1.1909206456452277 0.0 1.1844940827446273
13.290000000000001 1.190876226991562 0.0 1.1844307231270934
13.3 1.1908320193732884 0.0 1.1843678178249641
13.31 1.190788020611577 0.0 1.184305367795507
13.32 1.1907442287758223 0.0 1.1842433740235292
13.33 1.1907006421858015 0.0 1.1841818375208477
13.34 1.190657259413616 0.0 1.1841207593256518
13.35 1.1906140792854099 0.0 1.1840601405019506
13.36 1.1905711008828663 0.0 1.1839999821389424
13.370000000000001 1.1905283235444777 0.0 1.1839402853503964
13.38 1.1904857468665901 0.0 1.1838810512740323
13.39 1.1904433707042195 0.0 1.1838222810708903
13.4 1.1904011951716367 0.0 1.1837639759246612
13.41 1.1903592206427274 0.0 1.1837061370410353
13.42 1.190317447751114 0.0 1.1836487656470267
13.43 1.1902758773900548 0.0 1.1835918629903148
13.44 1.1902345107121035 0.0 1.1835354303385386
13.450000000000001 1.190193349128545 0.0 1.183479468978593
13.46 1.1901523943085928 0.0 1.1834239802159487
13.47 1.1901116481783625 0.0 1.1833689653738977
13.48 1.190071112919612 0.0 1.183314425792876
13.49 1.19003079096825 0.0 1.1832603628296998
13.5 1.1899906850126243 0.0 1.1832067778568256
13.51 1.1899507979915758 0.0 1.1831536722616345
13.52 1.1899111330922725 0.0 1.1831010474456456
13.530000000000001 1.1898716937478193 0.0 1.1830489048237631
13.540000000000001 1.1898324836346443 0.0 1.1829972458235376
13.55 1.1897935066696719 0.0 1.1829460718843348
13.56 1.1897547670072743 0.0 1.182895384456625
13.57 1.189716269036011 0.0 1.1828451850011361
13.58 1.18967801737516 0.0 1.1827954749881135
13.59 1.189640016871039 0.0 1.1827462558964772
13.6 1.1896022725931223 0.0 1.1826975292130657
13.61 1.1895647898299575 0.0 1.1826492964317945
13.620000000000001 1.1895275740848865 0.0 1.1826015590528702
13.63 1.1894906310715705 0.0 1.1825543185819665
13.64 1.1894539667093273 0.0 1.182507576529403
13.65 1.1894175871182864 0.0 1.1824613344093429
13.66 1.1893814986143565 0.0 1.1824155937389464
13.67 1.1893457077040257 0.0 1.1823703560375585
13.68 1.1893102210789828 0.0 1.182325622825883
13.69 1.1892750456105794 0.0 1.182281395625135
13.700000000000001 1.1892401883441246 0.0 1.1822376759562219
13.71 1.189205656493029 0.0 1.1821944653389167
13.72 1.1891714574327936 0.0 1.1821517652910005
13.73 1.1891375986948582 0.0 1.1821095773274428
13.74 1.1891040879603054 0.0 1.182067902959556
13.75 1.1890709330534364 0.0 1.182026743694172
13.76 1.1890381419352138 0.0 1.1819861010327817
13.77 1.1890057226965867 0.0 1.1819459764707312
13.780000000000001 1.1889736835516993 0.0 1.181906371496355
13.790000000000001 1.1889420328309868 0.0 1.1818672875901566
13.8 1.188910778974173 0.0 1.181828726223968
13.81 1.1888799305231685 0.0 1.181790688860135
13.82 1.1888494961148792 0.0 1.1817531769506653
13.83 1.188819484473929 0.0 1.1817161919364094
13.84 1.188789904405311 0.0 1.181679735246243
13.85 1.188760764786962 0.0 1.181643808296232
13.86 1.188732074562276 0.0 1.1816084124888202
13.870000000000001 1.1887038427325616 0.0 1.1815735492120163
13.88 1.1886760783494479 0.0 1.181539219838593
13.89 1.188648790507248 0.0 1.181505425725231
13.9 1.1886219883352844 0.0 1.1814721682117892
13.91 1.1885956809901874 0.0 1.1814394486204411
13.92 1.1885698776481683 0.0 1.1814072682549204
13.93 1.1885445874972775 0.0 1.1813756283997245
13.94 1.188519819729656 0.0 1.1813445303193204
13.950000000000001 1.1884955835337805 0.0 1.1813139752573654
13.96 1.188471888086718 0.0 1.1812839644359658
13.97 1.188448742546387 0.0 1.1812544990548943
13.98 1.188426156043842 0.0 1.1812255802908078
13.99 1.1884041376755805 0.0 1.1811972092965597
14.0 1.188382696495881 0.0 1.1811693872003701
14.01 1.188361841509182 0.0 1.181142115105185
14.02 1.188341581662504 0.0 1.1811153940878778
14.030000000000001 1.188321925837925 0.0 1.1810892251985612
14.040000000000001 1.1883028828451114 0.0 1.1810636094598599
14.05 1.188284461413916 0.0 1.1810385478662409
14.06 1.1882666701870455 0.0 1.1810140413832764
14.07 1.1882495177128025 0.0 1.1809900909469842
14.08 1.1882330124379166 0.0 1.1809666974631592
14.09 1.1882171627004572 0.0 1.1809438618066872
14.1 1.1882019767228467 0.0 1.1809215848209043
14.11 1.1881874626049704 0.0 1.1808998673169433
14.120000000000001 1.1881736283173947 0.0 1.1808787100731286
14.13 1.1881604816946958 0.0 1.1808581138342842
14.14 1.1881480304289078 0.0 1.1808380793112054
14.15 1.1881362820630883 0.0 1.180818607179993
14.16 1.1881252439850163 0.0 1.1807996980814905
14.17 1.1881149234210202 0.0 1.1807813526207056
14.18 1.188105327429942 0.0 1.1807635713662308
14.19 1.1880964628972446 0.0 1.1807463548496966
14.200000000000001 1.1880883365292647 0.0 1.180729703565233
14.21 1.1880809548476174 0.0 1.180713617968921
14.22 1.188074324183753 0.0 1.1806980984782975
14.23 1.1880684506736756 0.0 1.1806831454718267
14.24 1.1880633402528191 0.0 1.1806687592884448
14.25 1.1880589986510952 0.0 1.180654940227016
14.26 1.1880554313881093 0.0 1.180641688545943
14.27 1.1880526437685432 0.0 1.1806290044626602
14.280000000000001 1.1880506408777232 0.0 1.1806168881532284
14.290000000000001 1.1880494275773603 0.0 1.1806053397518803
14.3 1.1880490085014725 0.0 1.1805943593506223
14.31 1.1880493880524952 0.0 1.1805839469988617
14.32 1.1880505703975714 0.0 1.1805741027029784
14.33 1.1880525594650373 0.0 1.1805648264259985
14.34 1.188055358941092 0.0 1.1805561180872153
14.35 1.1880589722666628 0.0 1.1805479775618761
14.36 1.188063402634465 0.0 1.1805404046808103
14.370000000000001 1.1880686529862523 0.0 1.1805333992301894
14.38 1.1880747260102693 0.0 1.1805269609511628
14.39 1.1880816241388947 0.0 1.18052108953963
14.4 1.1880893495464884 0.0 1.1805157846459668
14.41 1.1880979041474322 0.0 1.180511045874757
14.42 1.1881072895943736 0.0 1.1805068727845651
14.43 1.1881175072766643 0.0 1.1805032648877556
14.44 1.1881285583190015 0.0 1.1805002216502303
14.450000000000001 1.1881404435802658 0.0 1.1804977424913072
14.46 1.188153163652559 0.0 1.18049582678349
14.47 1.1881667188604383 0.0 1.1804944738523575
14.48 1.1881811092603487 0.0 1.1804936829764123
14.49 1.188196334640251 0.0 1.180493453386944
14.5 1.1882123945194476 0.0 1.1804937842679466
14.51 1.1882292881485963 0.0 1.180494674755998
14.52 1.188247014509923 0.0 1.180496123940235
14.530000000000001 1.1882655723176214 0.0 1.180498130862229
14.540000000000001 1.188284960018443 0.0 1.18050069451599
14.55 1.188305175792472 0.0 1.1805038138479291
14.56 1.1883262175540894 0.0 1.1805074877568444
14.57 1.1883480829531157 0.0 1.1805117150939306
14.58 1.1883707693761352 0.0 1.1805164946627782
14.59 1.1883942739479993 0.0 1.1805218252194596
14.6 1.1884185935335023 0.0 1.1805277054725267
14.61 1.1884437247392314 0.0 1.180534134083116
14.620000000000001 1.1884696639155843 0.0 1.1805411096650331
14.63 1.188496407158953 0.0 1.1805486307848243
14.64 1.1885239503140728 0.0 1.18055669596193
14.65 1.1885522889765252 0.0 1.1805653036687886
14.66 1.1885814184954033 0.0 1.1805744523310093
14.67 1.188611333976125 0.0 1.1805841403275037
14.68 1.1886420302833949 0.0 1.1805943659907001
14.69 1.1886735020443133 0.0 1.1806051276067235
14.700000000000001 1.1887057436516253 0.0 1.1806164234155876
14.71 1.1887387492671047 0.0 1.1806282516114608
14.72 1.188772512825074 0.0 1.1806406103428468
14.73 1.18880702803605 0.0 1.1806534977129144
14.74 1.1888422883905168 0.0 1.1806669117797162
14.75 1.1888782871628158 0.0 1.1806808505564774
14.76 1.1889150174151546 0.0 1.180695312011912
14.77 1.1889524720017244 0.0 1.1807102940705385
14.780000000000001 1.1889906435729263 0.0 1.1807257946129832
14.790000000000001 1.1890295245797 0.0 1.1807418114763593
14.8 1.1890691072779482 0.0 1.1807583424545913
14.81 1.189109383733057 0.0 1.180775385298815
14.82 1.189150345824504 0.0 1.1807929377177426
14.83 1.1891919852505484 0.0 1.1808109973780556
14.84 1.1892342935330038 0.0 1.1808295619048426
14.85 1.1892772620220828 0.0 1.1808486288820201
14.86 1.1893208819013144 0.0 1.1808681958527347
14.870000000000001 1.189365144192523 0.0 1.1808882603198585
14.88 1.1894100397608731 0.0 1.1809088197464501
14.89 1.1894555593199632 0.0 1.1809298715561771
14.9 1.1895016934369795 0.0 1.1809514131338834
14.91 1.1895484325378871 0.0 1.1809734418260431
14.92 1.1895957669126709 0.0 1.1809959549412743
14.93 1.1896436867206117 0.0 1.1810189497508796
14.94 1.189692181995592 0.0 1.1810424234893677
14.950000000000001 1.1897412426514329 0.0 1.1810663733550255
14.96 1.1897908584872585 0.0 1.1810907965104378
14.97 1.1898410191928732 0.0 1.181115690083086
14.98 1.189891714354158 0.0 1.181141051165938
14.99 1.18994293345848 0.0 1.18116687681799
15.0 1.1899946659001004 0.0 1.181193164064905
15.01 1.1900469009855967 0.0 1.1812199098996208
15.02 1.190099627939273 0.0 1.1812471112829648
15.030000000000001 1.1901528359085698 0.0 1.1812747651442685
15.040000000000001 1.1902065139694649 0.0 1.181302868382013
15.05 1.1902606511318579 0.0 1.1813314178644974
15.06 1.1903152363449392 0.0 1.1813604104304591
15.07 1.1903702585025389 0.0 1.1813898428897427
15.08 1.190425706448449 0.0 1.1814197120239864
15.09 1.1904815689817196 0.0 1.1814500145873046
15.1 1.1905378348619218 0.0 1.1814807473069473
15.11 1.190594492814379 0.0 1.1815119068840008
15.120000000000001 1.1906515315353567 0.0 1.1815434899941077
15.13 1.1907089396972126 0.0 1.1815754932881484
15.14 1.1907667059535036 0.0 1.181607913392962
15.15 1.1908248189440447 0.0 1.1816407469120513
15.16 1.190883267299917 0.0 1.1816739904263405
15.17 1.1909420396484263 0.0 1.1817076404948617
15.18 1.1910011246180034 0.0 1.181741693655512
15.19 1.1910605108430505 0.0 1.1817761464257879
15.200000000000001 1.1911201869687216 0.0 1.1818109953035276
15.21 1.1911801416556485 0.0 1.1818462367676417
15.22 1.1912403635845967 0.0 1.1818818672788984
15.23 1.1913008414610566 0.0 1.1819178832806299
15.24 1.1913615640197692 0.0 1.1819542811995343
15.25 1.191422520029178 0.0 1.1819910574464034
15.26 1.191483698295809 0.0 1.182028208416889
15.27 1.1915450876685838 0.0 1.182065730492283
15.280000000000001 1.1916066770430507 0.0 1.1821036200402766
15.290000000000001 1.191668455365543 0.0 1.182141873415704
15.3 1.1917304116372618 0.0 1.1821804869613435
15.31 1.191792534918277 0.0 1.1822194570086626
15.32 1.1918548143314514 0.0 1.1822587798786126
15.33 1.191917239066286 0.0 1.18229845188237
15.34 1.1919797983826796 0.0 1.1823384693221233
15.35 1.1920424816146122 0.0 1.1823788284918404
15.36 1.192105278173743 0.0 1.1824195256780379
15.370000000000001 1.1921681775529283 0.0 1.1824605571605487
15.38 1.1922311693296528 0.0 1.1825019192132733
15.39 1.1922942431693824 0.0 1.1825436081049774
15.4 1.1923573888288292 0.0 1.1825856201000233
15.41 1.192420596159137 0.0 1.1826279514591562
15.42 1.1924838551089814 0.0 1.1826705984402435
15.43 1.1925471557275849 0.0 1.1827135572990362
15.44 1.1926104881676538 0.0 1.1827568242899216
15.450000000000001 1.1926738426882277 0.0 1.1828003956666813
15.46 1.1927372096574491 0.0 1.1828442676832194
15.47 1.1928005795552499 0.0 1.1828884365943326
15.48 1.1928639429759573 0.0 1.1829328986563945
15.49 1.1929272906308184 0.0 1.1829776501281624
15.5 1.1929906133504438 0.0 1.1830226872714387
15.51 1.193053902087174 0.0 1.1830680063518313
15.52 1.1931171479173643 0.0 1.1831136036394672
15.530000000000001 1.193180342043594 0.0 1.1831594754096837
15.540000000000001 1.1932434757967978 0.0 1.1832056179437522
15.55 1.1933065406383196 0.0 1.183252027529581
15.56 1.1933695281618957 0.0 1.1832987004624034
15.57 1.1934324300955574 0.0 1.1833456330454557
15.58 1.19349523830347 0.0 1.183392821590671
15.59 1.193557944787687 0.0 1.1834402624193412
15.6 1.1936205416898473 0.0 1.1834879518627952
15.610000000000001 1.1936830212927936 0.0 1.1835358862630396
15.620000000000001 1.1937453760221253 0.0 1.1835840619734221
15.63 1.1938075984476872 0.0 1.1836324753592657
15.64 1.193869681284987 0.0 1.183681122798516
15.65 1.1939316173965508 0.0 1.1837300006823284
15.66 1.1939933997932184 0.0 1.1837791054157492
15.67 1.1940550216353707 0.0 1.1838284334182452
15.68 1.1941164762341 0.0 1.183877981124371
15.69 1.194177757052322 0.0 1.1839277449843055
15.700000000000001 1.1942388577058238 0.0 1.1839777214644633
15.71 1.1942997719642625 0.0 1.1840279070480593
15.72 1.1943604937521033 0.0 1.1840782982356421
15.73 1.1944210171495038 0.0 1.184128891545679
15.74 1.1944813363931468 0.0 1.1841796835150757
15.75 1.1945414458770187 0.0 1.1842306706997066
15.76 1.1946013401531406 0.0 1.1842818496749319
15.77 1.1946610139322467 0.0 1.1843332170361145
15.780000000000001 1.1947204620844143 0.0 1.1843847693990923
15.790000000000001 1.1947796796396497 0.0 1.1844365034006878
15.8 1.1948386617884252 0.0 1.1844884156991864
15.81 1.19489740388217 0.0 1.1845405029747649
15.82 1.194955901433721 0.0 1.1845927619299823
15.83 1.1950141501177256 0.0 1.18464518929019
15.84 1.1950721457710063 0.0 1.184697781803974
15.85 1.1951298843928817 0.0 1.1847505362435666
15.860000000000001 1.1951873621454476 0.0 1.1848034494052635
15.870000000000001 1.1952445753538183 0.0 1.1848565181097912
15.88 1.1953015205063304 0.0 1.1849097392027006
15.89 1.1953581942547045 0.0 1.1849631095547495
15.9 1.1954145934141747 0.0 1.185016626062232
15.91 1.1954707149635784 0.0 1.1850702856473574
15.92 1.1955265560454083 0.0 1.185124085258536
15.93 1.1955821139658298 0.0 1.1851780218707264
15.94 1.1956373861946659 0.0 1.1852320924857545
15.950000000000001 1.1956923703653417 0.0 1.1852862941325668
15.96 1.1957470642747987 0.0 1.1853406238675732
15.97 1.1958014658833716 0.0 1.1853950787748446
15.98 1.1958555733146332 0.0 1.1854496559664252
15.99 1.195909384855204 0.0 1.185504352582547
16.0 1.195962898954528 0.0 1.1855591657918791
16.01 1.1960161142246157 0.0 1.1856140927917336
16.02 1.1960690294397511 0.0 1.185669130808291
16.03 1.1961216435361672 0.0 1.1857242770967724
16.04 1.196173955611688 0.0 1.1857795289416142
16.05 1.196225964925331 0.0 1.1858348836566868
16.06 1.1962776708968836 0.0 1.1858903385853867
16.07 1.1963290731064378 0.0 1.185945891100826
16.080000000000002 1.1963801712938935 0.0 1.1860015386059541
16.09 1.1964309653584269 0.0 1.186057278533662
16.1 1.196481455357921 0.0 1.1861131083468974
16.11 1.1965316415083627 0.0 1.186169025538778
16.12 1.1965815241832 0.0 1.1862250276326463
16.13 1.196631103912667 0.0 1.1862811121821517
16.14 1.1966803813830649 0.0 1.1863372767713156
16.15 1.1967293574360105 0.0 1.1863935190145674
16.16 1.196778033067644 0.0 1.1864498365567804
16.17 1.196826409427795 0.0 1.1865062270733084
16.18 1.1968744878191107 0.0 1.186562688269979
16.19 1.1969222696961432 0.0 1.1866192178831059
16.2 1.1969697566643949 0.0 1.186675813679468
16.21 1.1970169504793187 0.0 1.1867324734562898
16.22 1.1970638530452782 0.0 1.1867891950412106
16.23 1.1971104664144652 0.0 1.1868459762922412
16.240000000000002 1.1971567927857663 0.0 1.1869028150976924
16.25 1.1972028345035892 0.0 1.186959709376113
16.26 1.1972485940566415 0.0 1.187016657076246
16.27 1.1972940740766598 0.0 1.1870736561768742
16.28 1.1973392773370932 0.0 1.187130704686784
16.29 1.197384206751735 0.0 1.187187800644608
16.3 1.197428865373309 0.0 1.1872449421187536
16.31 1.197473256392 0.0 1.187302127207223
16.32 1.1975173831339343 0.0 1.1873593540374945
16.330000000000002 1.1975612490596117 0.0 1.1874166207664107
16.34 1.1976048577622793 0.0 1.1874739255799531
16.35 1.1976482129662518 0.0 1.1875312666931155
16.36 1.1976913185251825 0.0 1.1875886423497353
16.37 1.1977341784202726 0.0 1.1876460508222535
16.38 1.1977767967584292 0.0 1.1877034904116048
16.39 1.197819177770362 0.0 1.1877609594469418
16.4 1.1978613258086286 0.0 1.1878184562854346
16.41 1.1979032453456178 0.0 1.1878759793120974
16.42 1.1979449409714742 0.0 1.1879335269395037
16.43 1.1979864173919694 0.0 1.1879910976075774
16.44 1.1980276794263063 0.0 1.1880486897833593
16.45 1.1980687320048704 0.0 1.1881063019607252
16.46 1.198109580166918 0.0 1.188163932660154
16.47 1.1981502290582056 0.0 1.1882215804284566
16.48 1.1981906839285572 0.0 1.1882792438384941
16.490000000000002 1.1982309501293733 0.0 1.1883369214889112
16.5 1.1982710331110795 0.0 1.188394612003832
16.51 1.1983109384205122 0.0 1.1884523140325969
16.52 1.1983506716982468 0.0 1.1885100262494337
16.53 1.1983902386758627 0.0 1.1885677473531875
16.54 1.198429645173153 0.0 1.1886254760669652
16.55 1.198468897095269 0.0 1.188683211137882
16.56 1.1985080004298094 0.0 1.1887409513366762
16.57 1.1985469612438484 0.0 1.1887986954574405
16.580000000000002 1.198585785680907 0.0 1.1888564423172612
16.59 1.1986244799578674 0.0 1.1889141907558771
16.6 1.1986630503618272 0.0 1.1889719396353764
16.61 1.1987015032469013 0.0 1.1890296878398137
16.62 1.1987398450309674 0.0 1.1890874342748945
16.63 1.1987780821923546 0.0 1.1891451778675994
16.64 1.198816221266485 0.0 1.1892029175658558
16.65 1.1988542688424573 0.0 1.1892606523381546
16.66 1.198892231559582 0.0 1.189318381173211
16.67 1.1989301161038708 0.0 1.1893761030795924
16.68 1.1989679292044704 0.0 1.1894338170853438
16.69 1.1990056776300588 0.0 1.1894915222376459
16.7 1.1990433681851906 0.0 1.189549217602399
16.71 1.1990810077066028 0.0 1.189606902263904
16.72 1.1991186030594767 0.0 1.189664575324443
16.73 1.1991561611336645 0.0 1.1897222359039332
16.740000000000002 1.1991936888398753 0.0 1.1897798831395316
16.75 1.1992311931058275 0.0 1.1898375161852555
16.76 1.1992686808723678 0.0 1.1898951342116215
16.77 1.1993061590895613 0.0 1.1899527364052296
16.78 1.1993436347127489 0.0 1.1900103219684295
16.79 1.1993811146985858 0.0 1.1900678901188888
16.8 1.199418606001048 0.0 1.1901254400892494
16.81 1.1994561155674286 0.0 1.1901829711267036
16.82 1.1994936503343043 0.0 1.1902404824926653
16.830000000000002 1.1995312172234964 0.0 1.190297973462345
16.84 1.1995688231380135 0.0 1.1903554433243733
16.85 1.1996064749579873 0.0 1.1904128913804355
16.86 1.1996441795366 0.0 1.190470316944886
16.87 1.1996819436960116 0.0 1.1905277193443558
16.88 1.1997197742232792 0.0 1.1905850979173918
16.89 1.1997576778662893 0.0 1.190642452014055
16.9 1.1997956613296856 0.0 1.1906997809955886
16.91 1.199833731270814 0.0 1.1907570842339832
16.92 1.199871894295675 0.0 1.190814361111657
16.93 1.1999101569548938 0.0 1.190871611021065
16.94 1.1999485257397084 0.0 1.1909288333643084
16.95 1.199987007077983 0.0 1.1909860275528226
16.96 1.2000256073302418 0.0 1.1910431930069492
16.97 1.2000643327857399 0.0 1.1911003291556228
16.98 1.200103189658559 0.0 1.1911574354359888
16.990000000000002 1.2001421840837472 0.0 1.1912145112930663
17.0 1.2001813221134923 0.0 1.1912715561793512
17.01 1.2002206097133445 0.0 1.1913285695545253
17.02 1.2002600527584817 0.0 1.1913855508850686
17.03 1.200299657030027 0.0 1.1914424996439335
17.04 1.2003394282114235 0.0 1.191499415310186
17.05 1.200379371884861 0.0 1.1915562973686973
17.06 1.2004194935277708 0.0 1.1916131453097725
17.07 1.2004597985093797 0.0 1.1916699586288642
17.080000000000002 1.2005002920873364 0.0 1.1917267368262183
17.09 1.2005409794044093 0.0 1.1917834794065432
17.1 1.2005818654852562 0.0 1.1918401858787262
17.11 1.2006229552332792 0.0 1.191896855755499
17.12 1.2006642534275551 0.0 1.1919534885531242
17.13 1.2007057647198565 0.0 1.192010083791095
17.14 1.2007474936317597 0.0 1.1920666409918375
17.150000000000002 1.2007894445518443 0.0 1.1921231596804207
17.16 1.2008316217329889 0.0 1.1921796393842414
17.17 1.2008740292897642 0.0 1.1922360796327631
17.18 1.2009166711959296 0.0 1.1922924799572214
17.19 1.2009595512820328 0.0 1.1923488398903364
17.2 1.201002673233114 0.0 1.1924051589660498
17.21 1.2010460405865262 0.0 1.1924614367192838
17.22 1.2010896567298632 0.0 1.1925176726856188
17.23 1.201133524899005 0.0 1.1925738664010728
17.240000000000002 1.2011776481762797 0.0 1.192630017401859
17.25 1.20122202948875 0.0 1.1926861252241114
17.26 1.2012666716066158 0.0 1.1927421894036396
17.27 1.2013115771417457 0.0 1.19279820947572
17.28 1.2013567485463372 0.0 1.1928541849748424
17.29 1.2014021881117007 0.0 1.1929101154344741
17.3 1.2014478979671777 0.0 1.1929660003868519
17.31 1.2014938800791921 0.0 1.1930218393627745
17.32 1.2015401362504328 0.0 1.193077631891368
17.330000000000002 1.201586668119175 0.0 1.1931333774998838
17.34 1.2016334771587347 0.0 1.1931890757135093
17.35 1.2016805646770663 0.0 1.1932447260551768
17.36 1.2017279318164944 0.0 1.1933003280453458
17.37 1.2017755795535883 0.0 1.1933558812018372
17.38 1.2018235086991784 0.0 1.1934113850396482
17.39 1.2018717198985112 0.0 1.1934668390707899
17.400000000000002 1.2019202136315474 0.0 1.1935222428041121
17.41 1.2019689902134059 0.0 1.1935775957451167
17.42 1.2020180497949424 0.0 1.1936328973958423
17.43 1.202067392363478 0.0 1.1936881472546574
17.44 1.2021170177436677 0.0 1.1937433448161863
17.45 1.2021669255985077 0.0 1.1937984895710914
17.46 1.2022171154304915 0.0 1.193853581005967
17.47 1.2022675865828971 0.0 1.1939086186032513
17.48 1.2023183382412244 0.0 1.193963601841016
17.490000000000002 1.202369369434765 0.0 1.1940185301929038
17.5 1.202420679038312 0.0 1.1940734031280047
17.51 1.20247226577401 0.0 1.1941282201107373
17.52 1.2025241282133332 0.0 1.1941829806007418
17.53 1.2025762647792058 0.0 1.1942376840527822
17.54 1.2026286737482472 0.0 1.1942923299166617
17.55 1.202681353253154 0.0 1.1943469176371204
17.56 1.2027343012852034 0.0 1.1944014466537551
17.57 1.2027875156968901 0.0 1.1944559164009512
17.580000000000002 1.2028409942046783 0.0 1.1945103263077828
17.59 1.2028947343918828 0.0 1.1945646757979655
17.6 1.2029487337116627 0.0 1.1946189642897886
17.61 1.2030029894901346 0.0 1.1946731911960449
17.62 1.2030574989295961 0.0 1.1947273559239961
17.63 1.2031122591118577 0.0 1.1947814578752978
17.64 1.2031672670016857 0.0 1.1948354964459775
17.650000000000002 1.2032225194503434 0.0 1.1948894710263767
17.66 1.203278013199233 0.0 1.1949433810011354
17.67 1.2033337448836336 0.0 1.1949972257491464
17.68 1.2033897110365324 0.0 1.1950510046435248
17.69 1.2034459080925404 0.0 1.195104717051608
17.7 1.2035023323918947 0.0 1.1951583623349173
17.71 1.2035589801845428 0.0 1.195211939849162
17.72 1.2036158476342957 0.0 1.1952654489442107
17.73 1.20367293082306 0.0 1.195318888964116
17.740000000000002 1.203730225755132 0.0 1.1953722592470928
17.75 1.2037877283615548 0.0 1.1954255591255352
17.76 1.2038454345045349 0.0 1.195478787926014
17.77 1.20390333998191 0.0 1.1955319449692998
17.78 1.2039614405316645 0.0 1.1955850295703878
17.79 1.204019731836491 0.0 1.1956380410385108
17.8 1.2040782095283862 0.0 1.1956909786771484
17.81 1.2041368691932821 0.0 1.1957438417840822
17.82 1.2041957063757076 0.0 1.195796629651423
17.830000000000002 1.2042547165834665 0.0 1.1958493415656493
17.84 1.2043138952923413 0.0 1.1959019768076424
17.85 1.2043732379508043 0.0 1.195954534652715
17.86 1.2044327399847368 0.0 1.1960070143707013
17.87 1.2044923968021526 0.0 1.1960594152259891
17.88 1.2045522037979162 0.0 1.196111736477552
17.89 1.2046121563584529 0.0 1.1961639773790507
17.900000000000002 1.2046722498664453 0.0 1.196216137178865
17.91 1.2047324797055097 0.0 1.196268215120163
17.92 1.2047928412648499 0.0 1.1963202104409956
17.93 1.2048533299438797 0.0 1.1963721223743484
17.94 1.204913941156809 0.0 1.196423950148205
17.95 1.2049746703371924 0.0 1.1964756929856624
17.96 1.2050355129424297 0.0 1.1965273501049776
17.97 1.2050964644582158 0.0 1.196578920719685
17.98 1.2051575204029366 0.0 1.1966304040386557
17.990000000000002 1.2052186763319999 0.0 1.1966817992662042
18.0 1.205279927842103 0.0 1.1967331056021915
18.01 1.2053412705754292 0.0 1.1967843222420909
18.02 1.2054027002237646 0.0 1.1968354483771282
18.03 1.2054642125325385 0.0 1.1968864831943629
18.04 1.2055258033047742 0.0 1.196937425876776
18.05 1.2055874684049503 0.0 1.1969882756034103
18.06 1.2056492037627686 0.0 1.1970390315494754
18.07 1.2057110053768192 0.0 1.1970896928864345
18.080000000000002 1.2057728693181444 0.0 1.1971402587821522
18.09 1.2058347917336925 0.0 1.1971907284009924
18.1 1.2058967688496598 0.0 1.1972411009039425
18.11 1.2059587969747156 0.0 1.1972913754487355
18.12 1.2060208725031076 0.0 1.1973415511899763
18.13 1.2060829919176421 0.0 1.1973916272792808
18.14 1.2061451517925368 0.0 1.197441602865375
18.150000000000002 1.2062073487961416 0.0 1.1974914770942575
18.16 1.2062695796935263 0.0 1.1975412491092916
18.17 1.2063318413489281 0.0 1.1975909180514022
18.18 1.2063941307280612 0.0 1.1976404830591487
18.19 1.206456444900278 0.0 1.197689943268905
18.2 1.2065187810405884 0.0 1.19773929781498
18.21 1.2065811364315282 0.0 1.1977885458297646
18.22 1.2066435084648728 0.0 1.197837686443885
18.23 1.2067058946432054 0.0 1.197886718786315
18.240000000000002 1.20676829258132 0.0 1.1979356419845886
18.25 1.2068307000074732 0.0 1.1979844551648722
18.26 1.2068931147644755 0.0 1.198033157452153
18.27 1.2069555348106191 0.0 1.1980817479703951
18.28 1.2070179582204499 0.0 1.1981302258426882
18.29 1.2070803831853694 0.0 1.1981785901913713
18.3 1.2071428080140785 0.0 1.1982268401382408
18.31 1.2072052311328536 0.0 1.1982749748046584
18.32 1.2072676510856588 0.0 1.198322993311739
18.330000000000002 1.2073300665340936 0.0 1.1983708947804868
18.34 1.2073924762571733 0.0 1.198418678331979
18.35 1.207454879150946 0.0 1.1984663430875027
18.36 1.2075172742279436 0.0 1.19851388816874
18.37 1.2075796606164702 0.0 1.1985613126978967
18.38 1.2076420375597228 0.0 1.1986086157979017
18.39 1.2077044044147547 0.0 1.1986557965925464
18.400000000000002 1.207766760651273 0.0 1.198702854206662
18.41 1.207829105850279 0.0 1.1987497877662672
18.42 1.207891439702546 0.0 1.1987965963987692
18.43 1.2079537620069432 0.0 1.1988432792330688
18.44 1.208016072668604 0.0 1.1988898353998025
18.45 1.2080783716969412 0.0 1.1989362640314505
18.46 1.2081406592035098 0.0 1.1989825642625178
18.47 1.2082029353997237 0.0 1.1990287352297297
18.48 1.2082652005944257 0.0 1.1990747760721696
18.490000000000002 1.2083274551913152 0.0 1.1991206859314423
18.5 1.2083896996862364 0.0 1.1991664639518738
18.51 1.2084519346643294 0.0 1.1992121092806505
18.52 1.2085141607970487 0.0 1.1992576210679957
18.53 1.2085763788390518 0.0 1.1993029984673553
18.54 1.2086385896249625 0.0 1.1993482406355365
18.55 1.208700794066014 0.0 1.1993933467328952
18.56 1.208762993146568 0.0 1.1994383159234894
18.57 1.208825187920529 0.0 1.1994831473752663
18.580000000000002 1.2088873795076414 0.0 1.1995278402602212
18.59 1.2089495690896876 0.0 1.1995723937545415
18.6 1.2090117579065816 0.0 1.199616807038833
18.61 1.2090739472523693 0.0 1.1996610792981903
18.62 1.209136138471139 0.0 1.1997052097224554
18.63 1.2091983329528433 0.0 1.1997491975063481
18.64 1.2092605321290448 0.0 1.1997930418495932
18.650000000000002 1.2093227374685833 0.0 1.1998367419571545
18.66 1.2093849504731724 0.0 1.1998802970393252
18.67 1.2094471726729377 0.0 1.1999237063119579
18.68 1.2095094056218862 0.0 1.1999669689965553
18.69 1.2095716508933334 0.0 1.2000100843204846
18.7 1.209633910075274 0.0 1.2000530515171168
18.71 1.2096961847657135 0.0 1.200095869825985
18.72 1.209758476567967 0.0 1.2001385384929255
18.73 1.2098207870859234 0.0 1.2001810567702689
18.740000000000002 1.2098831179192857 0.0 1.200223423916951
18.75 1.2099454706587964 0.0 1.2002656391987054
18.76 1.2100078468814464 0.0 1.2003077018881834
18.77 1.2100702481456809 0.0 1.2003496112651173
18.78 1.2101326759866011 0.0 1.2003913666164712
18.79 1.2101951319111774 0.0 1.200432967236592
18.8 1.210257617393467 0.0 1.2004744124273263
18.81 1.2103201338698562 0.0 1.2005157014981975
18.82 1.2103826827343234 0.0 1.2005568337665318
18.830000000000002 1.2104452653337299 0.0 1.2005978085575986
18.84 1.2105078829631517 0.0 1.2006386252047565
18.85 1.2105705368612494 0.0 1.2006792830495647
18.86 1.2106332282056862 0.0 1.2007197814419504
18.87 1.210695958108601 0.0 1.2007601197403261
18.88 1.21075872761214 0.0 1.2008002973117082
18.89 1.2108215376840543 0.0 1.2008403135318562
18.900000000000002 1.2108843892133663 0.0 1.2008801677854124
18.91 1.2109472830061163 0.0 1.200919859465995
18.92 1.211010219781188 0.0 1.2009593879763307
18.93 1.211073200166224 0.0 1.2009987527283945
18.94 1.211136224693631 0.0 1.2010379531434867
18.95 1.2111992937966862 0.0 1.2010769886523844
18.96 1.2112624078057468 0.0 1.2011158586954354
18.97 1.2113255669445653 0.0 1.2011545627226583
18.98 1.2113887713267206 0.0 1.201193100193858
18.990000000000002 1.211452020952166 0.0 1.2012314705787481
19.0 1.2115153157039003 0.0 1.2012696733569972
19.01 1.2115786553447643 0.0 1.2013077080183967
19.02 1.211642039514372 0.0 1.201345574062905
19.03 1.2117054677261752 0.0 1.2013832710007404
19.04 1.2117689393646662 0.0 1.2014207983525198
19.05 1.2118324536827303 0.0 1.2014581556492911
19.06 1.211896009799137 0.0 1.2014953424326191
19.07 1.2119596066961906 0.0 1.2015323582547064
19.080000000000002 1.2120232432175282 0.0 1.2015692026784353
19.09 1.2120869180660787 0.0 1.2016058752774545
19.1 1.2121506298021831 0.0 1.2016423756362489
19.11 1.2122143768418743 0.0 1.2016787033501994
19.12 1.212278157455326 0.0 1.2017148580256596
19.13 1.2123419697654692 0.0 1.201750839279993
19.14 1.2124058117467782 0.0 1.2017866467416767
19.150000000000002 1.2124696812242304 0.0 1.2018222800502993
19.16 1.2125335758724403 0.0 1.2018577388566538
19.17 1.2125974932149675 0.0 1.201893022822758
19.18 1.2126614306238064 0.0 1.2019281316219117
19.19 1.2127253853190512 0.0 1.20196306493875
19.2 1.21278935436874 0.0 1.201997822469256
19.21 1.2128533346888828 0.0 1.2020324039207781
19.22 1.2129173230436667 0.0 1.2020668090121147
19.23 1.212981316045846 0.0 1.2021010374735068
19.240000000000002 1.213045310157309 0.0 1.2021350890466453
19.25 1.2131093016898333 0.0 1.202168963484724
19.26 1.2131732868060132 0.0 1.2022026605524272
19.27 1.2132372615203766 0.0 1.2022361800259562
19.28 1.213301221700675 0.0 1.2022695216930315
19.29 1.2133651630693565 0.0 1.2023026853528997
19.3 1.2134290812052142 0.0 1.2023356708163182
19.31 1.2134929715452114 0.0 1.202368477905589
19.32 1.2135568293864836 0.0 1.2024011064544984
19.330000000000002 1.2136206498885111 0.0 1.202433556308349
19.34 1.213684428075462 0.0 1.2024658273239364
19.35 1.213748158838708 0.0 1.2024979193694973
19.36 1.2138118369395017 0.0 1.2025298323247535
19.37 1.2138754570118213 0.0 1.2025615660808104
19.38 1.2139390135653743 0.0 1.2025931205401865
19.39 1.21400250098876 0.0 1.2026244956167207
19.400000000000002 1.2140659135527865 0.0 1.202655691235617
19.41 1.2141292454139387 0.0 1.2026867073333125
19.42 1.2141924906179962 0.0 1.2027175438574955
19.43 1.214255643103792 0.0 1.2027482007670351
19.44 1.2143186967071142 0.0 1.2027786780319303
19.45 1.2143816451647422 0.0 1.2028089756332365
19.46 1.2144444821186167 0.0 1.2028390935630442
19.47 1.2145072011201332 0.0 1.2028690318243784
19.48 1.2145697956345647 0.0 1.2028987904311415
19.490000000000002 1.2146322590455965 0.0 1.2029283694080595
19.5 1.2146945846599786 0.0 1.2029577687905841
19.51 1.2147567657122824 0.0 1.2029869886248241
19.52 1.2148187953697664 0.0 1.2030160289674627
19.53 1.2148806667373349 0.0 1.20304488988568
19.54 1.214942372862591 0.0 1.2030735714570373
19.55 1.215003906740978 0.0 1.2031020737694291
19.56 1.2150652613209991 0.0 1.2031303969209375
19.57 1.2151264295095199 0.0 1.2031585410197696
19.580000000000002 1.21518740417713 0.0 1.2031865061841465
19.59 1.2152481781635818 0.0 1.2032142925421612
19.6 1.2153087442832768 0.0 1.2032419002317358
19.61 1.2153690953308105 0.0 1.203269329400465
19.62 1.2154292240865605 0.0 1.2032965802054838
19.63 1.2154891233223168 0.0 1.203323652813398
19.64 1.2155487858069463 0.0 1.2033505474001223
19.650000000000002 1.2156082043120795 0.0 1.2033772641507683
19.66 1.2156673716178275 0.0 1.2034038032595284
19.67 1.215726280518507 0.0 1.203430164929506
19.68 1.215784923828376 0.0 1.2034563493726362
19.69 1.2158432943873745 0.0 1.203482356809484
19.7 1.215901385066857 0.0 1.2035081874691556
19.71 1.2159591887753185 0.0 1.2035338415891563
19.72 1.2160166984641005 0.0 1.2035593194151828
19.73 1.2160739071330784 0.0 1.2035846212010535
19.740000000000002 1.2161308078363138 0.0 1.2036097472085021
19.75 1.2161873936876784 0.0 1.2036346977070407
19.76 1.2162436578664289 0.0 1.2036594729738164
19.77 1.2162995936227399 0.0 1.2036840732934326
19.78 1.216355194283178 0.0 1.2037084989577913
19.79 1.21641045325612 0.0 1.2037327502659474
19.8 1.2164653640371017 0.0 1.2037568275239123
19.81 1.2165199202140964 0.0 1.2037807310445114
19.82 1.2165741154727143 0.0 1.203804461147203
19.830000000000002 1.2166279436013188 0.0 1.2038280181579086
19.84 1.2166813984960536 0.0 1.2038514024088263
19.85 1.2167344741657737 0.0 1.2038746142382806
19.86 1.216787164736877 0.0 1.203897653990529
19.87 1.2168394644580298 0.0 1.2039205220155509
19.88 1.2168913677047806 0.0 1.2039432186689347
19.89 1.216942868984058 0.0 1.2039657443116265
19.900000000000002 1.216993962938548 0.0 1.2039880993097933
19.91 1.2170446443509446 0.0 1.204010284034604
19.92 1.2170949081480686 0.0 1.2040322988620573
19.93 1.2171447494048533 0.0 1.204054144172776
19.94 1.2171941633481889 0.0 1.2040758203518498
19.95 1.2172431453606236 0.0 1.2040973277885998
19.96 1.217291690983914 0.0 1.2041186668764217
19.97 1.2173397959224284 0.0 1.2041398380125552
19.98 1.2173874560463902 0.0 1.2041608415979275
19.990000000000002 1.2174346673949623 0.0 1.2041816780369194
20.0 1.2174814261791704 0.0 1.2042023477372024
20.01 1.2175277287846595 0.0 1.2042228511095094
20.02 1.2175735717742815 0.0 1.2042431885674454
20.03 1.217618951890507 0.0 1.2042633605272983
20.04 1.2176638660576715 0.0 1.2042833674078235
20.05 1.2177083113840357 0.0 1.2043032096300497
20.06 1.2177522851636695 0.0 1.2043228876170675
20.07 1.2177957848781569 0.0 1.204342401793851
20.080000000000002 1.217838808198114 0.0 1.2043617525870245
20.09 1.2178813529845243 0.0 1.2043809404246735
20.1 1.217923417289887 0.0 1.2043999657361362
20.11 1.2179649993591795 0.0 1.2044188289518243
20.12 1.2180060976306266 0.0 1.2044375305029718
20.13 1.2180467107362856 0.0 1.2044560708214624
20.14 1.218086837502438 0.0 1.2044744503396434
20.150000000000002 1.2181264769497926 0.0 1.2044926694900644
20.16 1.2181656282934954 0.0 1.2045107287053392
20.17 1.2182042909429514 0.0 1.2045286284178798
20.18 1.2182424645014553 0.0 1.2045463690597384
20.19 1.2182801487656338 0.0 1.2045639510623922
20.2 1.2183173437246915 0.0 1.2045813748565262
20.21 1.2183540495594785 0.0 1.2045986408718445
20.22 1.2183902666413637 0.0 1.2046157495368646
20.23 1.2184259955309242 0.0 1.2046327012787201
20.240000000000002 1.2184612369764487 0.0 1.2046494965229313
20.25 1.2184959919122607 0.0 1.2046661356932629
20.26 1.2185302614568567 0.0 1.2046826192114548
20.27 1.218564046910869 0.0 1.2046989474970753
20.28 1.2185973497548483 0.0 1.2047151209672988
20.29 1.2186301716468761 0.0 1.2047311400367047
20.3 1.2186625144199996 0.0 1.2047470051171034
20.31 1.218694380079504 0.0 1.2047627166173063
20.32 1.2187257708000139 0.0 1.2047782749429616
20.330000000000002 1.2187566889224346 0.0 1.2047936804963366
20.34 1.2187871369507342 0.0 1.204808933676141
20.35 1.2188171175485685 0.0 1.204824034877325
20.36 1.2188466335357522 0.0 1.204838984490897
20.37 1.218875687884589 0.0 1.2048537829037063
20.38 1.2189042837160482 0.0 1.204868430498298
20.39 1.2189324242958053 0.0 1.20488292765269
20.400000000000002 1.2189601130301515 0.0 1.2048972747401876
20.41 1.2189873534617608 0.0 1.204911472129237
20.42 1.2190141492653428 0.0 1.2049255201831872
20.43 1.219040504243163 0.0 1.2049394192601295
20.44 1.2190664223204528 0.0 1.2049531697127402
20.45 1.219091907540705 0.0 1.2049667718880492
20.46 1.2191169640608606 0.0 1.2049802261273153
20.47 1.219141596146396 0.0 1.2049935327657963
20.48 1.2191658081663115 0.0 1.205006692132622
20.490000000000002 1.2191896045880317 0.0 1.2050197045505955
20.5 1.2192129899722144 0.0 1.205032570336002
20.51 1.219235968967487 0.0 1.2050452897984658
20.52 1.2192585463051007 0.0 1.2050578632407813
20.53 1.2192807267935193 0.0 1.2050702909587099
20.54 1.219302515312946 0.0 1.2050825732408597
20.55 1.219323916809791 0.0 1.2050947103684737
20.56 1.2193449362910862 0.0 1.2051067026153026
20.57 1.2193655788188575 0.0 1.205118550247413
20.580000000000002 1.2193858495044572 0.0 1.2051302535230541
20.59 1.2194057535028588 0.0 1.2051418126924784
20.6 1.2194252960069287 0.0 1.2051532279977903
20.61 1.2194444822416746 0.0 1.2051644996727826
20.62 1.2194633174584768 0.0 1.2051756279428023
20.63 1.219481806929314 0.0 1.205186613024568
20.64 1.2194999559409803 0.0 1.2051974551260465
20.650000000000002 1.2195177697893085 0.0 1.2052081544462843
20.66 1.2195352537734012 0.0 1.205218711175262
20.67 1.2195524131898767 0.0 1.2052291254937741
20.68 1.219569253327132 0.0 1.2052393975732372
20.69 1.2195857794596388 0.0 1.2052495275755783
20.7 1.2196019968422642 0.0 1.2052595156530943
20.71 1.2196179107046352 0.0 1.2052693619483095
20.72 1.219633526245546 0.0 1.2052790665938162
20.73 1.2196488486274104 0.0 1.2052886297121692
20.740000000000002 1.2196638829707773 0.0 1.205298051415746
20.75 1.2196786343488992 0.0 1.2053073318065783
20.76 1.2196931077823734 0.0 1.205316470976283
20.77 1.219707308233848 0.0 1.2053254690058812
20.78 1.2197212406028128 0.0 1.2053343259656724
20.79 1.2197349097204668 0.0 1.2053430419151574
20.8 1.2197483203446733 0.0 1.2053516169028622
20.81 1.2197614771550114 0.0 1.205360050966238
20.82 1.2197743847479203 0.0 1.2053683441315288
20.830000000000002 1.2197870476319472 0.0 1.2053764964136744
20.84 1.2197994702231032 0.0 1.2053845078161736
20.85 1.2198116568403272 0.0 1.2053923783309677
20.86 1.2198236117010703 0.0 1.2054001079383483
20.87 1.2198353389169938 0.0 1.205407696606817
20.88 1.2198468424897964 0.0 1.2054151442929903
20.89 1.2198581263071673 0.0 1.2054224509415017
20.900000000000002 1.2198691941388702 0.0 1.2054296164848686
20.91 1.219880049632963 0.0 1.205436640843404
20.92 1.2198906963121596 0.0 1.205443523925122
20.93 1.2199011375703293 0.0 1.2054502656256187
20.94 1.219911376669143 0.0 1.205456865827978
20.95 1.21992141673487 0.0 1.2054633244026693
20.96 1.2199312607553252 0.0 1.2054696412074744
20.97 1.2199409115769682 0.0 1.2054758160873718
20.98 1.2199503719021612 0.0 1.2054818488744317
20.990000000000002 1.2199596442865865 0.0 1.2054877393877743
21.0 1.2199687311368215 0.0 1.205493487433423
21.01 1.21997763470808 0.0 1.205499092804261
21.02 1.2199863571021181 0.0 1.2055045552799213
21.03 1.2199949002653034 0.0 1.2055098746267292
21.04 1.2200032659868572 0.0 1.2055150505975856
21.05 1.2200114558972595 0.0 1.205520082931918
21.06 1.2200194714668313 0.0 1.2055249713555949
21.07 1.220027314004482 0.0 1.2055297155808482
21.080000000000002 1.22003498465663 0.0 1.205534315306205
21.09 1.2200424844062998 0.0 1.205538770216401
21.1 1.220049814072384 0.0 1.2055430799823341
21.11 1.2200569743090859 0.0 1.2055472442609831
21.12 1.2200639656055294 0.0 1.2055512626953484
21.13 1.2200707882855424 0.0 1.2055551349143818
21.14 1.2200774425076155 0.0 1.2055588605329421
21.150000000000002 1.220083928265026 0.0 1.20556243915171
21.16 1.2200902453861393 0.0 1.2055658703571577
21.17 1.2200963935348745 0.0 1.2055691537214848
21.18 1.2201023722113429 0.0 1.2055722888025608
21.19 1.2201081807526486 0.0 1.2055752751438944
21.2 1.2201138183338622 0.0 1.205578112274549
21.21 1.2201192839691497 0.0 1.2055807997091432
21.22 1.2201245765130726 0.0 1.2055833369477809
21.23 1.2201296946620401 0.0 1.2055857234759961
21.240000000000002 1.2201346369559263 0.0 1.2055879587647658
21.25 1.2201394017798395 0.0 1.2055900422704227
21.26 1.220143987366044 0.0 1.2055919734346647
21.27 1.2201483917960374 0.0 1.2055937516844795
21.28 1.220152613002769 0.0 1.205595376432153
21.29 1.22015664877301 0.0 1.2055968470752383
21.3 1.2201604967498618 0.0 1.2055981629965151
21.31 1.220164154435403 0.0 1.2055993235639835
21.32 1.2201676191934734 0.0 1.205600328130861
21.330000000000002 1.22017088825259 0.0 1.2056011760355345
21.34 1.2201739587089893 0.0 1.205601866601569
21.35 1.2201768275297966 0.0 1.2056023991377263
21.36 1.220179491556315 0.0 1.2056027729378815
21.37 1.2201819475074323 0.0 1.2056029872811065
21.38 1.2201841919831373 0.0 1.2056030414316232
21.39 1.22018622146815 0.0 1.2056029346388146
21.400000000000002 1.220188032335653 0.0 1.205602666137236
21.41 1.2201896208511236 0.0 1.2056022351466142
21.42 1.2201909831762592 0.0 1.2056016408718842
21.43 1.2201921153729998 0.0 1.2056008825031872
21.44 1.2201930134076298 0.0 1.2055999592158733
21.45 1.2201936731549687 0.0 1.2055988701705616
21.46 1.2201940904026318 0.0 1.2055976145131566
21.47 1.2201942608553686 0.0 1.2055961913748527
21.48 1.2201941801394678 0.0 1.2055945998721702
21.490000000000002 1.2201938438072202 0.0 1.2055928391070416
21.5 1.220193247341448 0.0 1.2055909081667953
21.51 1.220192386160077 0.0 1.2055888061242177
21.52 1.2201912556207646 0.0 1.20558653203761
21.53 1.2201898510255629 0.0 1.2055840849508357
21.54 1.2201881676256283 0.0 1.2055814638933646
21.55 1.2201862006259534 0.0 1.2055786678803373
21.56 1.220183945190133 0.0 1.2055756959126434
21.57 1.220181396445153 0.0 1.2055725469769465
21.580000000000002 1.2201785494861894 0.0 1.205569220045825
21.59 1.2201753993814277 0.0 1.2055657140777605
21.6 1.220171941176882 0.0 1.2055620280172832
21.61 1.2201681699012228 0.0 1.2055581607950343
21.62 1.2201640805705949 0.0 1.205554111327835
21.63 1.220159668193432 0.0 1.205549878518802
21.64 1.2201549277752557 0.0 1.205545461257432
21.650000000000002 1.2201498543234572 0.0 1.2055408584197014
21.66 1.2201444428520567 0.0 1.2055360688681669
21.67 1.2201386883864318 0.0 1.205531091452076
21.68 1.2201325859680172 0.0 1.2055259250074843
21.69 1.2201261306589641 0.0 1.2055205683573578
21.7 1.220119317546759 0.0 1.2055150203117277
21.71 1.2201121417487948 0.0 1.205509279667762
21.72 1.2201045984168915 0.0 1.2055033452099424
21.73 1.2200966827417594 0.0 1.2054972157101809
21.740000000000002 1.2200883899574053 0.0 1.2054908899279566
21.75 1.2200797153454708 0.0 1.2054843666104675
21.76 1.220070654239505 0.0 1.2054776444927564
21.77 1.2200612020291608 0.0 1.205470722297906
21.78 1.220051354164319 0.0 1.2054635987371543
21.79 1.2200411061591285 0.0 1.205456272510071
21.8 1.2200304535959625 0.0 1.20544874230474
21.81 1.220019392129288 0.0 1.205441006797904
21.82 1.220007917489441 0.0 1.2054330646551474
21.830000000000002 1.2199960254863114 0.0 1.2054249145311031
21.84 1.2199837120129218 0.0 1.2054165550695897
21.85 1.2199709730489112 0.0 1.2054079849038541
21.86 1.2199578046639132 0.0 1.2053992026567166
21.87 1.2199442030208199 0.0 1.2053902069408087
21.88 1.2199301643789453 0.0 1.2053809963587565
21.89 1.2199156850970667 0.0 1.205371569503389
21.900000000000002 1.2199007616363542 0.0 1.2053619249579548
21.91 1.2198853905631821 0.0 1.205352061296348
21.92 1.2198695685518182 0.0 1.205341977083316
21.93 1.2198532923869916 0.0 1.2053316708746955
21.94 1.2198365589663336 0.0 1.2053211412176479
21.95 1.219819365302696 0.0 1.2053103866508672
21.96 1.2198017085263368 0.0 1.20529940570485
21.97 1.2197835858869783 0.0 1.205288196902145
21.98 1.2197649947557345 0.0 1.2052767587575681
21.990000000000002 1.2197459326269025 0.0 1.2052650897784953
22.0 1.2197263971196257 0.0 1.2052531884650644
22.01 1.2197063859794182 0.0 1.2052410533105233
22.02 1.2196858970795526 0.0 1.205228682801399
22.03 1.2196649284223187 0.0 1.2052160754178554
22.04 1.2196434781401362 0.0 1.2052032296338915
22.05 1.219621544496538 0.0 1.205190143917675
22.06 1.219599125887012 0.0 1.2051768167318118
22.07 1.2195762208397076 0.0 1.2051632465336093
22.080000000000002 1.2195528280160035 0.0 1.2051494317753983
22.09 1.21952894621094 0.0 1.2051353709047994
22.1 1.2195045743535138 0.0 1.2051210623650412
22.11 1.2194797115068374 0.0 1.205106504595269
22.12 1.2194543568681624 0.0 1.205091696030817
22.13 1.2194285097687665 0.0 1.2050766351035374
22.14 1.2194021696737125 0.0 1.2050613202421216
22.150000000000002 1.2193753361814674 0.0 1.2050457498724023
22.16 1.2193480090233946 0.0 1.2050299224176693
22.17 1.2193201880631166 0.0 1.2050138362989984
22.18 1.2192918732957456 0.0 1.2049974899355798
22.19 1.2192630648469909 0.0 1.2049808817450516
22.2 1.2192337629721366 0.0 1.2049640101437848
22.21 1.2192039680549023 0.0 1.2049468735472861
22.22 1.2191736806061768 0.0 1.2049294703704874
22.23 1.219142901262634 0.0 1.2049117990280873
22.240000000000002 1.2191116307852352 0.0 1.20489385793491
22.25 1.2190798700576115 0.0 1.2048756455062355
22.26 1.2190476200843385 0.0 1.2048571601581413
22.27 1.2190148819890965 0.0 1.2048384003078707
22.28 1.21898165701273 0.0 1.2048193643741567
22.29 1.2189479465111974 0.0 1.2048000507775707
22.3 1.2189137519534212 0.0 1.2047804579409218
22.31 1.2188790749190408 0.0 1.2047605842895324
22.32 1.2188439170960699 0.0 1.2047404282516774
22.330000000000002 1.218808280278458 0.0 1.2047199882588613
22.34 1.2187721663635682 0.0 1.2046992627462432
22.35 1.2187355773495656 0.0 1.2046782501529496
22.36 1.2186985153327234 0.0 1.2046569489224654
22.37 1.2186609825046508 0.0 1.2046353575029576
22.38 1.2186229811494467 0.0 1.2046134743476675
22.39 1.2185845136407776 0.0 1.2045912979152618
22.400000000000002 1.2185455824388913 0.0 1.2045688266701813
22.41 1.2185061900875633 0.0 1.2045460590830284
22.42 1.218466339210981 0.0 1.2045229936308839
22.43 1.218426032510574 0.0 1.2044996287977139
22.44 1.2183852727617892 0.0 1.204475963074712
22.45 1.2183440628108144 0.0 1.2044519949606356
22.46 1.2183024055712586 0.0 1.2044277229622038
22.47 1.2182603040207884 0.0 1.2044031455944253
22.48 1.218217761197729 0.0 1.2043782613809813
22.490000000000002 1.2181747801976257 0.0 1.2043530688545347
22.5 1.2181313641697813 0.0 1.2043275665571354
22.51 1.218087516313763 0.0 1.2043017530405504
22.52 1.2180432398758874 0.0 1.204275626866605
22.53 1.2179985381456886 0.0 1.2042491866075369
22.54 1.2179534144523692 0.0 1.2042224308463654
22.55 1.217907872161244 0.0 1.2041953581771938
22.56 1.2178619146701735 0.0 1.204167967205575
22.57 1.2178155454059956 0.0 1.2041402565488708
22.580000000000002 1.2177687678209594 0.0 1.2041122248365408
22.59 1.2177215853891623 0.0 1.2040838707105088
22.6 1.2176740016029959 0.0 1.204055192825485
22.61 1.2176260199696067 0.0 1.204026189849282
22.62 1.2175776440073676 0.0 1.2039968604631772
22.63 1.2175288772423745 0.0 1.2039672033621782
22.64 1.2174797232049641 0.0 1.2039372172553682
22.650000000000002 1.217430185426257 0.0 1.2039069008662215
22.66 1.2173802674347356 0.0 1.2038762529329072
22.67 1.2173299727528515 0.0 1.2038452722085795
22.68 1.217279304893674 0.0 1.2038139574616997
22.69 1.2172282673575754 0.0 1.2037823074763299
22.7 1.2171768636289666 0.0 1.2037503210523859
22.71 1.2171250971730712 0.0 1.2037179970059777
22.72 1.2170729714327608 0.0 1.2036853341696512
22.73 1.2170204898254338 0.0 1.203652331392678
22.740000000000002 1.2169676557399562 0.0 1.2036189875413215
22.75 1.2169144725336616 0.0 1.2035853014991027
22.76 1.2168609435294127 0.0 1.2035512721670687
22.77 1.2168070720127262 0.0 1.2035168984640299
22.78 1.2167528612289686 0.0 1.2034821793268098
22.79 1.2166983143806194 0.0 1.2034471137105116
22.8 1.2166434346246087 0.0 1.2034117005887046
22.81 1.2165882250697295 0.0 1.203375938953713
22.82 1.2165326887741257 0.0 1.2033398278167948
22.830000000000002 1.2164768287428624 0.0 1.2033033662083645
22.84 1.2164206479255766 0.0 1.20326655317823
22.85 1.216364149214209 0.0 1.2032293877957594
22.86 1.216307335440825 0.0 1.2031918691501005
22.87 1.2162502093755208 0.0 1.2031539963503632
22.88 1.2161927737244183 0.0 1.2031157685258096
22.89 1.2161350311277503 0.0 1.2030771848260073
22.900000000000002 1.216076984158038 0.0 1.2030382444210315
22.91 1.216018635318361 0.0 1.2029989465015898
22.92 1.2159599870407216 0.0 1.202959290279202
22.93 1.2159010416845033 0.0 1.2029192749863264
22.94 1.215841801535029 0.0 1.2028788998765263
22.95 1.215782268802212 0.0 1.2028381642245536
22.96 1.2157224456193083 0.0 1.2027970673265322
22.97 1.215662334041764 0.0 1.2027556085000148
22.98 1.215601936046166 0.0 1.2027137870841274
22.990000000000002 1.2155412535292893 0.0 1.2026716024396555
23.0 1.215480288307243 0.0 1.2026290539491389
23.01 1.2154190421147208 0.0 1.2025861410169456
23.02 1.215357516604345 0.0 1.2025428630693589
23.03 1.215295713346117 0.0 1.2024992195546482
23.04 1.2152336338269634 0.0 1.2024552099431063
23.05 1.215171279450383 0.0 1.202410833727112
23.06 1.2151086515361929 0.0 1.202366090421195
23.07 1.2150457513203732 0.0 1.2023209795620282
23.080000000000002 1.2149825799550102 0.0 1.2022755007084878
23.09 1.2149191385083364 0.0 1.2022296534416488
23.1 1.2148554279648676 0.0 1.202183437364813
23.11 1.2147914492256362 0.0 1.202136852103494
23.12 1.2147272031085192 0.0 1.2020898973054244
23.13 1.214662690348657 0.0 1.202042572640533
23.14 1.2145979115989705 0.0 1.2019948778009242
23.150000000000002 1.2145328674307652 0.0 1.2019468125008412
23.16 1.2144675583344244 0.0 1.2018983764766298
23.17 1.214401984720195 0.0 1.2018495694866933
23.18 1.2143361469190566 0.0 1.2018003913114468
23.19 1.2142700451836768 0.0 1.201750841753218
23.2 1.2142036796894515 0.0 1.201700920636206
23.21 1.2141370505356244 0.0 1.2016506278064005
23.22 1.2140701577464879 0.0 1.2015999631314849
23.23 1.214003001272663 0.0 1.2015489265007226
23.240000000000002 1.2139355809924526 0.0 1.2014975178249
23.25 1.2138678967132692 0.0 1.2014457370361737
23.26 1.2137999481731365 0.0 1.2013935840879555
23.27 1.213731735042259 0.0 1.201341058954824
23.28 1.2136632569246553 0.0 1.201288161632316
23.29 1.2135945133598642 0.0 1.2012348921368743
23.3 1.2135255038247053 0.0 1.2011812505056294
23.31 1.2134562277351038 0.0 1.2011272367962795
23.32 1.2133866844479715 0.0 1.2010728510869022
23.330000000000002 1.213316873263143 0.0 1.2010180934758161
23.34 1.2132467934253652 0.0 1.2009629640813646
23.35 1.2131764441263346 0.0 1.2009074630417673
23.36 1.213105824506782 0.0 1.2008515905149029
23.37 1.2130349336586042 0.0 1.200795346678126
23.38 1.2129637706270338 0.0 1.2007387317280658
23.39 1.2128923344128497 0.0 1.2006817458803918
23.400000000000002 1.2128206239746235 0.0 1.2006243893696253
23.41 1.212748638230999 0.0 1.2005666624489029
23.42 1.2126763760630037 0.0 1.2005085653897611
23.43 1.2126038363163838 0.0 1.200450098481878
23.44 1.21253101780397 0.0 1.2003912620328467
23.45 1.212457919308059 0.0 1.2003320563679358
23.46 1.212384539582821 0.0 1.2002724818298212
23.47 1.212310877356716 0.0 1.2002125387783689
23.48 1.2122369313349293 0.0 1.2001522275903114
23.490000000000002 1.2121627002018147 0.0 1.2000915486590376
23.5 1.2120881826233487 0.0 1.200030502394306
23.51 1.2120133772495831 0.0 1.1999690892219457
23.52 1.2119382827171077 0.0 1.1999073095836048
23.53 1.211862897651505 0.0 1.1998451639364571
23.54 1.2117872206698088 0.0 1.1997826527529316
23.55 1.2117112503829481 0.0 1.1997197765203762
23.56 1.2116349853981916 0.0 1.199656535740814
23.57 1.2115584243215707 0.0 1.1995929309306115
23.580000000000002 1.2114815657602978 0.0 1.199528962620191
23.59 1.2114044083251587 0.0 1.199464631353714
23.6 1.2113269506328925 0.0 1.1993999376887976
23.61 1.2112491913085455 0.0 1.1993348821961687
23.62 1.2111711289878013 0.0 1.1992694654593816
23.63 1.2110927623192864 0.0 1.1992036880744814
23.64 1.2110140899668407 0.0 1.1991375506497142
23.650000000000002 1.2109351106117616 0.0 1.1990710538051594
23.66 1.2108558229550115 0.0 1.1990041981724564
23.67 1.2107762257193888 0.0 1.1989369843944688
23.68 1.2106963176516605 0.0 1.1988694131249338
23.69 1.2106160975246543 0.0 1.198801485028172
23.7 1.2105355641393072 0.0 1.198733200778738
23.71 1.2104547163266695 0.0 1.19866456106112
23.72 1.2103735529498607 0.0 1.198595566569361
23.73 1.2102920729059794 0.0 1.1985262180067817
23.740000000000002 1.2102102751279586 0.0 1.1984565160856335
23.75 1.2101281585863715 0.0 1.19838646152676
23.76 1.2100457222911831 0.0 1.1983160550592866
23.77 1.2099629652934425 0.0 1.1982452974202769
23.78 1.209879886686922 0.0 1.1981741893544113
23.79 1.2097964856096948 0.0 1.1981027316136625
23.8 1.2097127612456533 0.0 1.1980309249569723
23.81 1.2096287128259653 0.0 1.1979587701499093
23.82 1.209544339630468 0.0 1.1978862679643754
23.830000000000002 1.209459640988996 0.0 1.1978134191782523
23.84 1.2093746162826466 0.0 1.197740224575105
23.85 1.2092892649449773 0.0 1.197666684943844
23.86 1.2092035864631345 0.0 1.1975928010784282
23.87 1.2091175803789191 0.0 1.197518573777533
23.88 1.2090312462897759 0.0 1.197444003844264
23.89 1.2089445838497201 0.0 1.1973690920858013
23.900000000000002 1.2088575927701892 0.0 1.1972938393131565
23.91 1.208770272820825 0.0 1.1972182463408079
23.92 1.2086826238301862 0.0 1.1971423139864288
23.93 1.2085946456863854 0.0 1.1970660430706046
23.94 1.2085063383376573 0.0 1.1969894344165064
23.95 1.2084177017928526 0.0 1.1969124888496117
23.96 1.2083287361218602 0.0 1.1968352071974435
23.97 1.2082394414559572 0.0 1.196757590289244
23.98 1.208149817988084 0.0 1.1966796389557277
23.990000000000002 1.2080598659730495 0.0 1.1966013540287854
24.0 1.2079695857276613 0.0 1.1965227363412336
24.01 1.207878977630786 0.0 1.1964437867265225
24.02 1.2077880421233362 0.0 1.196364506018513
24.03 1.2076967797081855 0.0 1.1962848950511735
24.04 1.2076051909500118 0.0 1.196204954658357
24.05 1.2075132764750736 0.0 1.1961246856735452
24.060000000000002 1.20742103697091 0.0 1.1960440889296065
24.07 1.207328473185977 0.0 1.19596316525856
24.080000000000002 1.2072355859292119 0.0 1.1958819154913383
24.09 1.2071423760695288 0.0 1.1958003404575697
24.1 1.2070488445352507 0.0 1.1957184409853403
24.11 1.2069549923134717 0.0 1.195636217900991
24.12 1.2068608204493554 0.0 1.195553672028913
24.13 1.2067663300453693 0.0 1.195470804191317
24.14 1.2066715222604547 0.0 1.1953876152080671
24.150000000000002 1.2065763983091364 0.0 1.195304105896457
24.16 1.2064809594605692 0.0 1.1952202770710538
24.17 1.2063852070375287 0.0 1.1951361295434786
24.18 1.2062891424153381 0.0 1.1950516641222697
24.19 1.206192767020744 0.0 1.194966881612685
24.2 1.2060960823307323 0.0 1.1948817828165565
24.21 1.2059990898712931 0.0 1.194796368532126
24.22 1.2059017912161316 0.0 1.1947106395538845
24.23 1.2058041879853272 0.0 1.1946245966724567
24.240000000000002 1.2057062818439455 0.0 1.1945382406744225
24.25 1.2056080745006006 0.0 1.1944515723422273
24.26 1.2055095677059726 0.0 1.194364592454023
24.27 1.2054107632512803 0.0 1.1942773017835688
24.28 1.2053116629667107 0.0 1.1941897011001112
24.29 1.2052122687198084 0.0 1.1941017911682819
24.3 1.205112582413826 0.0 1.1940135727479892
24.310000000000002 1.2050126059860369 0.0 1.1939250465943287
24.32 1.2049123414060128 0.0 1.1938362134575062
24.330000000000002 1.2048117906738673 0.0 1.1937470740827514
24.34 1.204710955818471 0.0 1.1936576292102237
24.35 1.204609838895631 0.0 1.1935678795749851
24.36 1.2045084419862484 0.0 1.1934778259069014
24.37 1.2044067671944476 0.0 1.1933874689306117
24.38 1.2043048166456807 0.0 1.1932968093654552
24.39 1.2042025924848145 0.0 1.1932058479254586
24.400000000000002 1.2041000968741917 0.0 1.19311458531928
24.41 1.203997331991679 0.0 1.1930230222501665
24.42 1.2038943000286983 0.0 1.1929311594159806
24.43 1.2037910031882413 0.0 1.1928389975091234
24.44 1.2036874436828775 0.0 1.1927465372165484
24.45 1.2035836237327486 0.0 1.1926537792197738
24.46 1.2034795455635567 0.0 1.1925607241948397
24.47 1.2033752114045448 0.0 1.1924673728123618
24.48 1.2032706234864774 0.0 1.192373725737497
24.490000000000002 1.2031657840396166 0.0 1.1922797836299983
24.5 1.2030606952916978 0.0 1.1921855471442095
24.51 1.20295535946591 0.0 1.1920910169291252
24.52 1.20284977877888 0.0 1.1919961936283872
24.53 1.202743955438661 0.0 1.1919010778803518
24.54 1.2026378916427296 0.0 1.1918056703181124
24.55 1.202531589575994 0.0 1.1917099715695765
24.560000000000002 1.2024250514088162 0.0 1.1916139822574914
24.57 1.2023182792950406 0.0 1.191517702999536
24.580000000000002 1.2022112753700473 0.0 1.1914211344083325
24.59 1.2021040417488154 0.0 1.1913242770915742
24.6 1.2019965805240105 0.0 1.1912271316520637
24.61 1.2018888937640906 0.0 1.1911296986878124
24.62 1.2017809835114361 0.0 1.1910319787920862
24.63 1.2016728517805026 0.0 1.1909339725535408
24.64 1.2015645005560023 0.0 1.1908356805562736
24.650000000000002 1.2014559317911107 0.0 1.1907371033799468
24.66 1.201347147405705 0.0 1.1906382415998578
24.67 1.20123814928463 0.0 1.190539095787063
24.68 1.2011289392760027 0.0 1.1904396665084795
24.69 1.2010195191895439 0.0 1.1903399543269866
24.7 1.2009098907949494 0.0 1.1902399598015392
24.71 1.2008000558202983 0.0 1.1901396834873073
24.72 1.2006900159504976 0.0 1.1900391259357648
24.73 1.2005797728257686 0.0 1.1899382876948208
24.740000000000002 1.2004693280401724 0.0 1.1898371693089498
24.75 1.2003586831401782 0.0 1.189735771319307
24.76 1.2002478396232776 0.0 1.1896340942638828
24.77 1.2001367989366403 0.0 1.1895321386776145
24.78 1.2000255624758147 0.0 1.1894299050925172
24.79 1.1999141315834816 0.0 1.1893273940378413
24.8 1.1998025075482492 0.0 1.1892246060401859
24.810000000000002 1.1996906916034997 0.0 1.1891215416236638
24.82 1.1995786849262873 0.0 1.189018201310032
24.830000000000002 1.199466488636284 0.0 1.1889145856188095
24.84 1.1993541037947792 0.0 1.1888106950674855
24.85 1.1992415314037324 0.0 1.1887065301716015
24.86 1.1991287724048751 0.0 1.1886020914449196
24.87 1.1990158276788736 0.0 1.18849737939961
24.88 1.198902698044538 0.0 1.188392394546322
24.89 1.1987893842580952 0.0 1.1882871373943955
24.900000000000002 1.1986758870125096 0.0 1.188181608451997
24.91 1.1985622069368669 0.0 1.1880758082262493
24.92 1.19844834459581 0.0 1.1879697372234077
24.93 1.1983343004890354 0.0 1.1878633959489941
24.94 1.198220075050844 0.0 1.1877567849079493
24.95 1.1981056686497538 0.0 1.1876499046047937
24.96 1.1979910815881671 0.0 1.1875427555437628
24.97 1.1978763141020983 0.0 1.187435338228966
24.98 1.1977613663609583 0.0 1.1873276531645303
24.990000000000002 1.1976462384674027 0.0 1.1872197008547538
25.0 1.1975309304572326 0.0 1.1871114818042423
25.01 1.1974154422993564 0.0 1.187002996518071
25.02 1.1972997738958129 0.0 1.1868942455019114
25.03 1.1971839250818501 0.0 1.1867852292621812
25.04 1.1970678956260656 0.0 1.1866759483062055
25.05 1.196951685230602 0.0 1.1865664031423167
25.060000000000002 1.196835293531402 0.0 1.1864565942800402
25.07 1.1967187200985272 0.0 1.186346522230191
25.080000000000002 1.1966019644365227 0.0 1.1862361875050351
25.09 1.196485025984851 0.0 1.1861255906184145
25.1 1.1963679041183772 0.0 1.1860147320858854
25.11 1.1962505981479112 0.0 1.1859036124248135
25.12 1.1961331073208081 0.0 1.1857922321545569
25.13 1.1960154308216215 0.0 1.185680591796555
25.14 1.1958975677728159 0.0 1.1855686918744557
25.150000000000002 1.1957795172355281 0.0 1.18545653291422
25.16 1.19566127821039 0.0 1.1853441154442832
25.17 1.195542849638397 0.0 1.1852314399956212
25.18 1.195424230401835 0.0 1.1851185071018797
25.19 1.1953054193252548 0.0 1.1850053172995056
25.2 1.1951864151765021 0.0 1.1848918711277985
25.21 1.1950672166677931 0.0 1.184778169129071
25.22 1.1949478224568424 0.0 1.1846642118487114
25.23 1.194828231148039 0.0 1.1845499998352857
25.240000000000002 1.1947084412936695 0.0 1.184435533640655
25.25 1.1945884513951874 0.0 1.1843208138200063
25.26 1.194468259904529 0.0 1.1842058409320098
25.27 1.194347865225474 0.0 1.1840906155388606
25.28 1.1942272657150486 0.0 1.183975138206353
25.29 1.1941064596849715 0.0 1.1838594095039825
25.3 1.1939854454031413 0.0 1.183743430004989
25.310000000000002 1.193864221095166 0.0 1.1836272002864443
25.32 1.1937427849459266 0.0 1.1835107209293168
25.330000000000002 1.1936211351011858 0.0 1.1833939925185257
25.34 1.193499269669224 0.0 1.1832770156429848
25.35 1.1933771867225211 0.0 1.1831597908956868
25.36 1.1932548842994652 0.0 1.1830423188737282
25.37 1.1931323604060935 0.0 1.1829246001783686
25.38 1.193009613017872 0.0 1.1828066354150677
25.39 1.1928866400814973 0.0 1.1826884251935057
25.400000000000002 1.1927634395167315 0.0 1.1825699701276693
25.41 1.1926400092182636 0.0 1.1824512708358141
25.42 1.1925163470575975 0.0 1.1823323279405489
25.43 1.1923924508849617 0.0 1.1822131420688256
25.44 1.1922683185312484 0.0 1.1820937138519638
25.45 1.1921439478099645 0.0 1.1819740439256805
25.46 1.1920193365192144 0.0 1.1818541329300978
25.47 1.1918944824436928 0.0 1.1817339815097214
25.48 1.1917693833566962 0.0 1.181613590313484
25.490000000000002 1.1916440370221566 0.0 1.1814929599947344
25.5 1.1915184411966795 0.0 1.1813720912112249
25.51 1.1913925936316025 0.0 1.1812509846250983
25.52 1.191266492075061 0.0 1.1811296409029017
25.53 1.191140134274066 0.0 1.181008060715555
25.54 1.1910135179765875 0.0 1.180886244738335
25.55 1.190886640933647 0.0 1.1807641936508535
25.560000000000002 1.1907595009014111 0.0 1.1806419081370536
25.57 1.1906320956432952 0.0 1.180519388885126
25.580000000000002 1.1905044229320618 0.0 1.1803966365875505
25.59 1.1903764805519228 0.0 1.1802736519410089
25.6 1.19024826630064 0.0 1.180150435646364
25.61 1.190119777991623 0.0 1.1800269884086247
25.62 1.1899910134560219 0.0 1.1799033109368815
25.63 1.1898619705448146 0.0 1.1797794039442926
25.64 1.1897326471308858 0.0 1.1796552681479922
25.650000000000002 1.189603041111097 0.0 1.1795309042690625
25.66 1.189473150408347 0.0 1.1794063130324839
25.67 1.1893429729736167 0.0 1.1792814951670647
25.68 1.1892125067880073 0.0 1.1791564514053636
25.69 1.1890817498647521 0.0 1.179031182483664
25.7 1.1889507002512212 0.0 1.178905689141867
25.71 1.188819356030905 0.0 1.1787799721234402
25.72 1.188687715325373 0.0 1.1786540321753636
25.73 1.1885557762962184 0.0 1.1785278700480233
25.740000000000002 1.188423537146974 0.0 1.1784014864951537
25.75 1.1882909961250074 0.0 1.1782748822737585
25.76 1.1881581515233879 0.0 1.1781480581440245
25.77 1.1880250016827272 0.0 1.178021014869235
25.78 1.1878915449929899 0.0 1.1778937532157154
25.79 1.1877577798952774 0.0 1.1777662739527082
25.8 1.1876237048835747 0.0 1.1776385778522933
25.810000000000002 1.1874893185064685 0.0 1.1775106656893402
25.82 1.187354619368829 0.0 1.1773825382413576
25.830000000000002 1.1872196061334583 0.0 1.1772541962884402
25.84 1.1870842775226964 0.0 1.177125640613164
25.85 1.1869486323199951 0.0 1.1769968720005086
25.86 1.1868126693714485 0.0 1.1768678912377142
25.87 1.1866763875872832 0.0 1.1767386991142446
25.88 1.186539785943309 0.0 1.1766092964216652
25.89 1.1864028634823207 0.0 1.176479683953536
25.900000000000002 1.186265619315461 0.0 1.1763498625053106
25.91 1.1861280526235356 0.0 1.1762198328742743
25.92 1.1859901626582807 0.0 1.1760895958593962
25.93 1.1858519487435841 0.0 1.1759591522612638
25.94 1.1857134102766558 0.0 1.175828502881963
25.95 1.1855745467291507 0.0 1.1756976485249997
25.96 1.1854353576482386 0.0 1.1755665899951764
25.97 1.185295842657623 0.0 1.1754353280984942
25.98 1.1851560014585083 0.0 1.1753038636420894
25.990000000000002 1.1850158338305095 0.0 1.1751721974340754
26.0 1.184875339632512 0.0 1.1750403302834915
26.01 1.1847345188034741 0.0 1.1749082630001872
26.02 1.1845933713631707 0.0 1.174775996394714
26.03 1.1844518974128844 0.0 1.1746435312782453
26.04 1.184310097136037 0.0 1.1745108684624632
26.05 1.1841679707987618 0.0 1.1743780087594915
26.060000000000002 1.1840255187504172 0.0 1.1742449529817554
26.07 1.1838827414240436 0.0 1.1741117019419283
26.080000000000002 1.1837396393367556 0.0 1.1739782564528334
26.09 1.1835962130900763 0.0 1.1738446173273154
26.1 1.183452463370212 0.0 1.1737107853782014
26.11 1.1833083909482598 0.0 1.1735767614181773
26.12 1.1831639966803604 0.0 1.1734425462597144
26.13 1.183019281507785 0.0 1.1733081407149932
26.14 1.1828742464569562 0.0 1.1731735455957883
26.150000000000002 1.1827288926394144 0.0 1.1730387617134055
26.16 1.1825832212517142 0.0 1.1729037898786248
26.17 1.1824372335752595 0.0 1.1727686309015641
26.18 1.1822909309760778 0.0 1.1726332855916644
26.19 1.1821443149045276 0.0 1.1724977547575657
26.2 1.1819973868949454 0.0 1.1723620392070648
26.21 1.1818501485652264 0.0 1.1722261397470417
26.22 1.181702601616345 0.0 1.1720900571833646
26.23 1.1815547478318102 0.0 1.1719537923208763
26.240000000000002 1.181406589077059 0.0 1.1718173459632601
26.25 1.181258127298785 0.0 1.171680718913035
26.26 1.181109364524209 0.0 1.171543911971495
26.27 1.1809603028602818 0.0 1.1714069259386013
26.28 1.180810944492829 0.0 1.171269761612989
26.29 1.1806612916856354 0.0 1.1711324197918846
26.3 1.1805113467794621 0.0 1.1709949012710592
26.310000000000002 1.1803611121910118 0.0 1.1708572068447858
26.32 1.180210590411826 0.0 1.170719337305803
26.330000000000002 1.1800597840071316 0.0 1.1705812934452613
26.34 1.1799086956146199 0.0 1.1704430760526985
26.35 1.1797573279431732 0.0 1.1703046859160005
26.36 1.1796056837715347 0.0 1.1701661238213574
26.37 1.1794537659469178 0.0 1.1700273905532486
26.38 1.1793015773835644 0.0 1.1698884868944286
26.39 1.179149121061245 0.0 1.1697494136258626
26.400000000000002 1.1789964000237079 0.0 1.1696101715267573
26.41 1.1788434173770737 0.0 1.1694707613744986
26.42 1.1786901762881798 0.0 1.1693311839446603
26.43 1.178536679982872 0.0 1.1691914400109984
26.44 1.1783829317442491 0.0 1.1690515303454205
26.45 1.1782289349108583 0.0 1.1689114557180096
26.46 1.178074692874843 0.0 1.168771216896993
26.47 1.1779202090800436 0.0 1.1686308146487607
26.48 1.177765487020058 0.0 1.1684902497378613
26.490000000000002 1.1776105302362545 0.0 1.1683495229270089
26.5 1.177455342315744 0.0 1.1682086349770897
26.51 1.1772999268893125 0.0 1.168067586647201
26.52 1.1771442876293163 0.0 1.1679263786946243
26.53 1.1769884282475342 0.0 1.1677850118748656
26.54 1.1768323524929905 0.0 1.1676434869416872
26.55 1.176676064149738 0.0 1.1675018046471084
26.560000000000002 1.176519567034613 0.0 1.167359965741451
26.57 1.1763628649949545 0.0 1.1672179709733572
26.580000000000002 1.1762059619062986 0.0 1.1670758210898267
26.59 1.1760488616700404 0.0 1.1669335168362558
26.6 1.1758915682110729 0.0 1.1667910589564767
26.61 1.1757340854754028 0.0 1.166648448192778
26.62 1.175576417427739 0.0 1.1665056852859708
26.63 1.1754185680490665 0.0 1.1663627709754336
26.64 1.175260541334194 0.0 1.1662197059991481
26.650000000000002 1.175102341289295 0.0 1.166076491093755
26.66 1.174943971929421 0.0 1.1659331269946116
26.67 1.1747854372760134 0.0 1.1657896144358455
26.68 1.174626741354396 0.0 1.1656459541504112
26.69 1.174467888191263 0.0 1.1655021468701525
26.7 1.1743088818121563 0.0 1.1653581933258614
26.71 1.1741497262389404 0.0 1.165214094247352
26.72 1.1739904254872717 0.0 1.1650698503635066
26.73 1.173830983564068 0.0 1.1649254624023822
26.740000000000002 1.1736714044649772 0.0 1.1647809310912376
26.75 1.1735116921718505 0.0 1.1646362571566498
26.76 1.1733518506502176 0.0 1.1644914413245377
26.77 1.1731918838467743 0.0 1.1643464843202906
26.78 1.173031795686869 0.0 1.1642013868688157
26.79 1.1728715900720124 0.0 1.1640561496946251
26.8 1.1727112708773897 0.0 1.1639107735219187
26.810000000000002 1.1725508419493929 0.0 1.1637652590746608
26.82 1.1723903071031703 0.0 1.163619607076685
26.830000000000002 1.1722296701201913 0.0 1.1634738182517395
26.84 1.172068934745839 0.0 1.1633278933236255
26.85 1.1719081046870155 0.0 1.16318183301624
26.86 1.171747183609784 0.0 1.1630356380536837
26.87 1.1715861751370298 0.0 1.1628893091603654
26.88 1.1714250828461525 0.0 1.1627428470610603
26.89 1.1712639102667919 0.0 1.1625962524810278
26.900000000000002 1.1711026608785824 0.0 1.1624495261461036
26.91 1.1709413381089464 0.0 1.1623026687827658
26.92 1.170779945330921 0.0 1.162155681118267
26.93 1.1706184858610265 0.0 1.1620085638806958
26.94 1.1704569629571737 0.0 1.1618613177990844
26.95 1.170295379816615 0.0 1.1617139436035198
26.96 1.1701337395739355 0.0 1.1615664420252008
26.97 1.169972045299098 0.0 1.1614188137965684
26.98 1.169810299995528 0.0 1.1612710596513829
26.990000000000002 1.1696485065982518 0.0 1.1611231803248137
27.0 1.1694866679720854 0.0 1.1609751765535732
27.01 1.1693247869098768 0.0 1.1608270490759496
27.02 1.1691628661308004 0.0 1.1606787986319451
27.03 1.1690009082787098 0.0 1.160530425963372
27.04 1.168838915920547 0.0 1.1603819318139112
27.05 1.1686768915448098 0.0 1.160233316929235
27.060000000000002 1.1685148375600813 0.0 1.160084582057094
27.07 1.16835275629362 0.0 1.1599357279474027
27.080000000000002 1.1681906499900128 0.0 1.1597867553523344
27.09 1.168028520809893 0.0 1.159637665026395
27.1 1.167866370828724 0.0 1.1594884577265474
27.11 1.1677042020356496 0.0 1.1593391342122548
27.12 1.1675420163324117 0.0 1.1591896952456024
27.13 1.1673798155323378 0.0 1.159040141591368
27.14 1.167217601359398 0.0 1.1588904740170913
27.150000000000002 1.1670553754473347 0.0 1.1587406932931927
27.16 1.1668931393388617 0.0 1.1585908001930194
27.17 1.1667308944849348 0.0 1.1584407954929274
27.18 1.1665686422441046 0.0 1.1582906799723862
27.19 1.1664063838819319 0.0 1.1581404544140217
27.2 1.1662441205704845 0.0 1.1579901196037137
27.21 1.1660818533879131 0.0 1.1578396763306598
27.22 1.1659195833180918 0.0 1.157689125387425
27.23 1.1657573112503492 0.0 1.157538467570057
27.240000000000002 1.1655950379792648 0.0 1.1573877036780889
27.25 1.1654327642045506 0.0 1.1572368345146677
27.26 1.1652704905310067 0.0 1.1570858608865653
27.27 1.1651082174685545 0.0 1.156934783604261
27.28 1.1649459454323512 0.0 1.1567836034819954
27.29 1.1647836747429776 0.0 1.1566323213378118
27.3 1.1646214056267088 0.0 1.1564809379936338
27.310000000000002 1.1644591382158607 0.0 1.15632945427528
27.32 1.1642968725492124 0.0 1.1561778710125505
27.330000000000002 1.164134608572512 0.0 1.156026189039235
27.34 1.1639723461390545 0.0 1.1558744091931574
27.35 1.1638100850103394 0.0 1.155722532316243
27.36 1.1636478248568054 0.0 1.1555705592545213
27.37 1.1634855652586387 0.0 1.155418490858188
27.38 1.1633233057066628 0.0 1.1552663279815942
27.39 1.1631610456032975 0.0 1.1551140714833192
27.400000000000002 1.1629987842635956 0.0 1.154961722226162
27.41 1.1628365209163523 0.0 1.1548092810771602
27.42 1.1626742547052906 0.0 1.1546567489076505
27.43 1.1625119846903138 0.0 1.1545041265932205
27.44 1.162349709848835 0.0 1.1543514150137675
27.45 1.16218742907717 0.0 1.1541986150534813
27.46 1.1620251411920097 0.0 1.1540457276008693
27.47 1.1618628449319477 0.0 1.153892753548733
27.48 1.1617005389590873 0.0 1.1537396937942008
27.490000000000002 1.1615382218607058 0.0 1.153586549238688
27.5 1.161375892150988 0.0 1.1534333207878948
27.51 1.1612135482728183 0.0 1.1532800093518312
27.52 1.1610511885996408 0.0 1.153126615844754
27.53 1.1608888114373743 0.0 1.1529731411851836
27.54 1.160726415026387 0.0 1.1528195862958497
27.55 1.1605639975435325 0.0 1.1526659521037135
27.560000000000002 1.160401557104234 0.0 1.1525122395398995
27.57 1.1602390917646308 0.0 1.1523584495396741
27.580000000000002 1.160076599523769 0.0 1.1522045830424215
27.59 1.1599140783258495 0.0 1.152050640991597
27.6 1.159751526062518 0.0 1.1518966243346935
27.61 1.1595889405752091 0.0 1.151742534023197
27.62 1.1594263196575287 0.0 1.1515883710125043
27.63 1.1592636610576807 0.0 1.1514341362619493
27.64 1.1591009624809394 0.0 1.1512798307346583
27.650000000000002 1.1589382215921538 0.0 1.1511254553975665
27.66 1.1587754360182934 0.0 1.1509710112213138
27.67 1.1586126033510264 0.0 1.1508164991801895
27.68 1.1584497211493325 0.0 1.1506619202520842
27.69 1.1582867869421443 0.0 1.1505072754183956
27.7 1.1581237982310173 0.0 1.150352565663958
27.71 1.1579607524928262 0.0 1.1501977919769988
27.72 1.1577976471824871 0.0 1.1500429553490037
27.73 1.1576344797356963 0.0 1.1498880567746836
27.740000000000002 1.157471247571693 0.0 1.1497330972518567
27.75 1.1573079480960369 0.0 1.1495780777813902
27.76 1.157144578703401 0.0 1.1494229993670686
27.77 1.1569811367803764 0.0 1.1492678630155377
27.78 1.156817619708288 0.0 1.1491126697361953
27.79 1.1566540248660167 0.0 1.1489574205410753
27.8 1.1564903496328263 0.0 1.1488021164447648
27.810000000000002 1.1563265913911973 0.0 1.1486467584642968
27.82 1.1561627475296572 0.0 1.1484913476190297
27.830000000000002 1.155998815445609 0.0 1.1483358849305556
27.84 1.1558347925481591 0.0 1.1481803714225636
27.85 1.155670676260937 0.0 1.1480248081207423
27.86 1.155506464024903 0.0 1.1478691960526646
27.87 1.1553421533011514 0.0 1.1477135362476432
27.88 1.155177741573694 0.0 1.1475578297366473
27.89 1.155013226352231 0.0 1.1474020775521347
27.900000000000002 1.1548486051749047 0.0 1.1472462807279482
27.91 1.1546838756110294 0.0 1.1470904402991995
27.92 1.1545190352638008 0.0 1.1469345573020946
27.93 1.1543540817729832 0.0 1.146778632773851
27.94 1.1541890128175625 0.0 1.1466226677525302
27.95 1.1540238261183782 0.0 1.1464666632769003
27.96 1.153858519440718 0.0 1.1463106203863231
27.97 1.1536930905968814 0.0 1.1461545401205882
27.98 1.1535275374487077 0.0 1.1459984235197742
27.990000000000002 1.1533618579100644 0.0 1.1458422716241219
28.0 1.1531960499492988 0.0 1.1456860854738704
28.01 1.1530301115916446 0.0 1.1455298661091167
28.02 1.1528640409215876 0.0 1.1453736145696705
28.03 1.152697836085184 0.0 1.1452173318948913
28.04 1.1525314952923311 0.0 1.145061019123577
28.05 1.1523650168189887 0.0 1.1449046772937554
28.060000000000002 1.152198399009353 0.0 1.1447483074425715
28.07 1.1520316402779691 0.0 1.1445919106061164
28.080000000000002 1.1518647391117993 0.0 1.1444354878192904
28.09 1.1516976940722266 0.0 1.1442790401156298
28.1 1.151530503797004 0.0 1.1441225685271446
28.11 1.1513631670021478 0.0 1.1439660740841908
28.12 1.151195682483761 0.0 1.1438095578152851
28.13 1.1510280491198042 0.0 1.1436530207469617
28.14 1.1508602658717961 0.0 1.1434964639036014
28.150000000000002 1.1506923317864526 0.0 1.1433398883072894
28.16 1.1505242459972584 0.0 1.143183294977646
28.17 1.15035600772597 0.0 1.1430266849316653
28.18 1.1501876162840539 0.0 1.1428700591835539
28.19 1.1500190710740503 0.0 1.1427134187445909
28.2 1.1498503715908703 0.0 1.1425567646229287
28.21 1.149681517423018 0.0 1.1424000978234823
28.22 1.1495125082537447 0.0 1.1422434193477329
28.23 1.1493433438621246 0.0 1.1420867301935875
28.240000000000002 1.14917402412406 0.0 1.1419300313552114
28.25 1.1490045490132115 0.0 1.1417733238228722
28.26 1.1488349186018505 0.0 1.1416166085827797
28.27 1.148665133061639 0.0 1.1414598866169468
28.28 1.1484951926643323 0.0 1.1413031589029992
28.29 1.1483250977824022 0.0 1.1411464264140403
28.3 1.1481548488895856 0.0 1.1409896901185097
28.310000000000002 1.1479844465613578 0.0 1.1408329509799882
28.32 1.1478138914753224 0.0 1.1406762099570946
28.330000000000002 1.1476431844115298 0.0 1.1405194680032766
28.34 1.1474723262527124 0.0 1.1403627260667157
28.35 1.1473013179844467 0.0 1.1402059850901478
28.36 1.1471301606952344 0.0 1.1400492460107023
28.37 1.1469588555765071 0.0 1.1398925097597816
28.38 1.1467874039225545 0.0 1.1397357772628964
28.39 1.1466158071303731 0.0 1.1395790494395313
28.400000000000002 1.1464440666994409 0.0 1.1394223272029917
28.41 1.146272184231413 0.0 1.1392656114602668
28.42 1.1461001614297444 0.0 1.139108903111892
28.43 1.1459280000992336 0.0 1.138952203051791
28.44 1.1457557021454956 0.0 1.1387955121671727
28.45 1.1455832695743553 0.0 1.1386388313383624
28.46 1.1454107044911739 0.0 1.1384821614386844
28.47 1.145238009100097 0.0 1.1383255033343291
28.48 1.1450651857032348 0.0 1.1381688578842206
28.490000000000002 1.1448922366997674 0.0 1.138012225939882
28.5 1.144719164584986 0.0 1.1378556083453213
28.51 1.1445459719492586 0.0 1.1376990059369099
28.52 1.1443726614769307 0.0 1.1375424195432382
28.53 1.1441992359451612 0.0 1.1373858499850136
28.54 1.144025698222688 0.0 1.1372292980749465
28.55 1.1438520512685344 0.0 1.1370727646176229
28.560000000000002 1.1436782981306484 0.0 1.1369162504093915
28.57 1.1435044419444804 0.0 1.1367597562382683
28.580000000000002 1.1433304859315045 0.0 1.1366032828838148
28.59 1.1431564333976756 0.0 1.1364468311170264
28.6 1.142982287731832 0.0 1.1362904017002484
28.61 1.142808052404041 0.0 1.136133995387055
28.62 1.1426337309638903 0.0 1.1359776129221697
28.63 1.1424593270387269 0.0 1.1358212550413365
28.64 1.1422848443318425 0.0 1.1356649224712798
28.650000000000002 1.1421102866206136 0.0 1.135508615929563
28.66 1.1419356577545892 0.0 1.1353523361245244
28.67 1.1417609616535336 0.0 1.1351960837551907
28.68 1.1415862023054282 0.0 1.1350398595111857
28.69 1.1414113837644242 0.0 1.1348836640726543
28.7 1.1412365101487614 0.0 1.1347274981102007
28.71 1.1410615856386432 0.0 1.1345713622847828
28.72 1.1408866144740752 0.0 1.1344152572476545
28.73 1.140711600952672 0.0 1.1342591836403206
28.740000000000002 1.1405365494274269 0.0 1.1341031420944228
28.75 1.1403614643044508 0.0 1.1339471332317204
28.76 1.1401863500406844 0.0 1.1337911576639998
28.77 1.1400112111415805 0.0 1.1336352159930336
28.78 1.139836052158761 0.0 1.1334793088105184
28.79 1.1396608776876516 0.0 1.1333234366980312
28.8 1.1394856923650953 0.0 1.1331676002269704
28.810000000000002 1.1393105008669449 0.0 1.1330117999584972
28.82 1.1391353079056374 0.0 1.1328560364435378
28.830000000000002 1.1389601182277589 0.0 1.1327003102226907
28.84 1.138784936611588 0.0 1.1325446218262143
28.85 1.1386097678646343 0.0 1.1323889717739952
28.86 1.1384346168211619 0.0 1.1322333605754986
28.87 1.1382594883397135 0.0 1.1320777887297682
28.88 1.1380843873006201 0.0 1.1319222567253755
28.89 1.1379093186035159 0.0 1.1317667650403866
28.900000000000002 1.1377342871648437 0.0 1.1316113141423931
28.91 1.137559297915371 0.0 1.1314559044884285
28.92 1.1373843557976977 0.0 1.131300536525004
28.93 1.1372094657637775 0.0 1.131145210688074
28.94 1.137034632772442 0.0 1.1309899274030355
28.95 1.1368598617869332 0.0 1.1308346870847112
28.96 1.1366851577724477 0.0 1.1306794901373487
28.97 1.1365105256936927 0.0 1.1305243369546454
28.98 1.1363359705124572 0.0 1.1303692279197075
28.990000000000002 1.136161497185197 0.0 1.1302141634050935
29.0 1.135987110660642 0.0 1.1300591437727994
29.01 1.1358128158774177 0.0 1.129904169374283
29.02 1.1356386177616926 0.0 1.12974924055045
29.03 1.1354645212248475 0.0 1.129594357631714
29.04 1.135290531161169 0.0 1.1294395209379868
29.05 1.1351166524455711 0.0 1.1292847307787008
29.060000000000002 1.1349428899313445 0.0 1.129129987452831
29.07 1.1347692484479344 0.0 1.1289752912489428
29.080000000000002 1.1345957327987533 0.0 1.1288206424451959
29.09 1.1344223477590238 0.0 1.128666041309392
29.1 1.134249098073658 0.0 1.128511488098993
29.11 1.1340759884551694 0.0 1.128356983061177
29.12 1.1339030235816294 0.0 1.1282025264328732
29.13 1.1337302080946536 0.0 1.128048118440795
29.14 1.1335575465974368 0.0 1.1278937593014884
29.150000000000002 1.1333850436528237 0.0 1.1277394492213832
29.16 1.133212703781424 0.0 1.1275851883968224
29.17 1.1330405314597745 0.0 1.1274309770141602
29.18 1.1328685311185422 0.0 1.1272768152497596
29.19 1.1326967071407754 0.0 1.1271227032700741
29.2 1.1325250638602036 0.0 1.1269686412317326
29.21 1.1323536055595829 0.0 1.126814629281538
29.22 1.1321823364690942 0.0 1.1266606675565805
29.23 1.1320112607647899 0.0 1.1265067561843014
29.240000000000002 1.1318403825670904 0.0 1.1263528952825175
29.25 1.1316697059393377 0.0 1.1261990849595462
29.26 1.1314992348863966 0.0 1.1260453253142244
29.27 1.1313289733533123 0.0 1.1258916164360204
29.28 1.1311589252240213 0.0 1.1257379584050953
29.29 1.1309890943201197 0.0 1.1255843512923795
29.3 1.1308194843996833 0.0 1.1254307951596438
29.310000000000002 1.1306500991561472 0.0 1.1252772900595953
29.32 1.1304809422172397 0.0 1.125123836035953
29.330000000000002 1.1303120171439764 0.0 1.1249704331235324
29.34 1.1301433274297077 0.0 1.1248170813483278
29.35 1.1299748764992277 0.0 1.1246637807276154
29.36 1.1298066677079386 0.0 1.1245105312700234
29.37 1.1296387043410767 0.0 1.124357332975642
29.38 1.1294709896129929 0.0 1.1242041858360963
29.39 1.1293035266664957 0.0 1.1240510898346638
29.400000000000002 1.1291363185722494 0.0 1.1238980449463556
29.41 1.1289693683282365 0.0 1.1237450511380147
29.42 1.128802678859272 0.0 1.1235921083684186
29.43 1.1286362530165823 0.0 1.1234392165883818
29.44 1.1284700935774397 0.0 1.1232863757408649
29.45 1.1283042032448574 0.0 1.1231335857610667
29.46 1.1281385846473402 0.0 1.122980846576521
29.47 1.1279732403386955 0.0 1.12282815810723
29.48 1.1278081727979024 0.0 1.1226755202657486
29.490000000000002 1.1276433844290357 0.0 1.122522932957305
29.5 1.1274788775612494 0.0 1.1223703960798974
29.51 1.1273146544488164 0.0 1.1222179095244336
29.52 1.1271507172712223 0.0 1.122065473174809
29.53 1.1269870681333172 0.0 1.1219130869080434
29.54 1.1268237090655235 0.0 1.1217607505943912
29.55 1.126660642024093 0.0 1.1216084640974346
29.560000000000002 1.1264978688914233 0.0 1.1214562272742528
29.57 1.1263353914764243 0.0 1.1213040399754808
29.580000000000002 1.1261732115149383 0.0 1.121151902045465
29.59 1.1260113306702113 0.0 1.1209998133223689
29.6 1.1258497505334142 0.0 1.1208477736382947
29.61 1.1256884726242142 0.0 1.1206957828194064
29.62 1.1255274983913983 0.0 1.1205438406860533
29.63 1.1253668292135384 0.0 1.1203919470528891
29.64 1.1252064663997108 0.0 1.1202401017289993
29.650000000000002 1.1250464111902567 0.0 1.1200883045180245
29.66 1.1248866647575884 0.0 1.1199365552182752
29.67 1.1247272282070433 0.0 1.119784853622884
29.68 1.124568102577777 0.0 1.119633199519882
29.69 1.1244092888436974 0.0 1.1194815926923913
29.7 1.1242507879144448 0.0 1.1193300329187026
29.71 1.124092600636405 0.0 1.1191785199724198
29.72 1.1239347277937666 0.0 1.1190270536225924
29.73 1.1237771701096104 0.0 1.1188756336338213
29.740000000000002 1.123619928247038 0.0 1.1187242597664238
29.75 1.123463002810333 0.0 1.1185729317765447
29.76 1.1233063943461559 0.0 1.1184216494162769
29.77 1.1231501033447713 0.0 1.1182704124338037
29.78 1.1229941302413053 0.0 1.1181192205735262
29.79 1.1228384754170324 0.0 1.1179680735762
29.8 1.1226831392006897 0.0 1.117816971179057
29.810000000000002 1.1225281218698162 0.0 1.117665913115939
29.82 1.1223734236521197 0.0 1.1175148991174275
29.830000000000002 1.1222190447268665 0.0 1.1173639289109902
29.84 1.1220649852262912 0.0 1.1172130022210842
29.85 1.1219112452370295 0.0 1.1170621187693228
29.86 1.1217578248015676 0.0 1.1169112782745663
29.87 1.121604723919713 0.0 1.1167604804531026
29.88 1.1214519425500769 0.0 1.116609725018735
29.89 1.1212994806115746 0.0 1.116459011682941
29.900000000000002 1.1211473379849382 0.0 1.1163083401549907
29.91 1.12099551451424 0.0 1.1161577101420888
29.92 1.120844010008427 0.0 1.1160071213495009
29.93 1.1206928242428629 0.0 1.1158565734806773
29.94 1.1205419569608794 0.0 1.1157060662374028
29.95 1.1203914078753312 0.0 1.1155555993199158
29.96 1.1202411766701539 0.0 1.1154051724270406
29.97 1.1200912630019273 0.0 1.115254785256316
29.98 1.1199416665014381 0.0 1.115104437504142
29.990000000000002 1.1197923867752422 0.0 1.1149541288658822
30.0 1.119643423407225 0.0 1.1148038590360214
30.01 1.1194947759601575 0.0 1.1146536277082806
30.02 1.1193464439772494 0.0 1.1145034345757519
30.03 1.1191984269836923 0.0 1.1143532793310187
30.04 1.1190507244882002 0.0 1.1142031616663013
30.05 1.1189033359845333 0.0 1.1140530812735667
30.060000000000002 1.1187562609530177 0.0 1.1139030378446722
30.07 1.118609498862049 0.0 1.1137530310714838
30.080000000000002 1.1184630491695817 0.0 1.1136030606460037
30.09 1.1183169113246072 0.0 1.1134531262604963
30.1 1.1181710847686108 0.0 1.1133032276076185
30.11 1.1180255689370124 0.0 1.1131533643805542
30.12 1.1178803632605896 0.0 1.1130035362731086
30.13 1.1177354671668762 0.0 1.1128537429798575
30.14 1.117590880081543 0.0 1.1127039841962727
30.150000000000002 1.1174466014297528 0.0 1.1125542596188278
30.16 1.117302630637491 0.0 1.112404568945137
30.17 1.1171589671328706 0.0 1.1122549118740623
30.18 1.1170156103474094 0.0 1.1121052881058464
30.19 1.116872559717282 0.0 1.1119556973422209
30.2 1.1167298146845366 0.0 1.1118061392865421
30.21 1.1165873746982882 0.0 1.1116566136438881
30.22 1.1164452392158735 0.0 1.1115071201211963
30.23 1.1163034077039764 0.0 1.1113576584273606
30.240000000000002 1.1161618796397208 0.0 1.111208228273376
30.25 1.1160206545117242 0.0 1.1110588293724182
30.26 1.1158797318211193 0.0 1.1109094614399804
30.27 1.1157391110825368 0.0 1.1107601241939786
30.28 1.1155987918250496 0.0 1.1106108173548759
30.29 1.1154587735930805 0.0 1.1104615406457723
30.3 1.1153190559472694 0.0 1.1103122937925405
30.310000000000002 1.1151796384652977 0.0 1.110163076523895
30.32 1.1150405207426743 0.0 1.1100138885715625
30.330000000000002 1.114901702393478 0.0 1.109864729670314
30.34 1.1147631830510591 0.0 1.109715599558137
30.35 1.1146249623686935 0.0 1.1095664979762896
30.36 1.1144870400201952 0.0 1.1094174246694504
30.37 1.114349415700486 0.0 1.1092683793857818
30.38 1.1142120891261167 0.0 1.1091193618770374
30.39 1.114075060035741 0.0 1.108970371898692
30.400000000000002 1.1139383281905495 0.0 1.1088214092100084
30.41 1.1138018933746485 0.0 1.1086724735741382
30.42 1.1136657553953984 0.0 1.1085235647582325
30.43 1.1135299140837016 0.0 1.1083746825335286
30.44 1.1133943692942403 0.0 1.1082258266754397
30.45 1.113259120905671 0.0 1.108076996963649
30.46 1.113124168820766 0.0 1.1079281931822105
30.47 1.1129895129665084 0.0 1.1077794151196279
30.48 1.1128551532941373 0.0 1.1076306625689303
30.490000000000002 1.1127210897791446 0.0 1.1074819353277903
30.5 1.1125873224212222 0.0 1.1073332331985792
30.51 1.1124538512441624 0.0 1.107184555988469
30.52 1.1123206762957025 0.0 1.1070359035094988
30.53 1.1121877976473291 0.0 1.1068872755786656
30.54 1.1120552153940277 0.0 1.106738672018013
30.55 1.111922929653985 0.0 1.106590092654673
30.560000000000002 1.1117909405682418 0.0 1.1064415373209806
30.57 1.1116592483003003 0.0 1.10629300585453
30.580000000000002 1.1115278530356798 0.0 1.1061444980982416
30.59 1.1113967549814254 0.0 1.1059960139004363
30.6 1.111265954365571 0.0 1.105847553114916
30.61 1.1111354514365548 0.0 1.1056991156010207
30.62 1.1110052464625855 0.0 1.1055507012236774
30.63 1.110875339730966 0.0 1.1054023098535084
30.64 1.1107457315473694 0.0 1.1052539413668359
30.650000000000002 1.1106164222350703 0.0 1.1051055956457967
30.66 1.1104874121341322 0.0 1.1049572725783459
30.67 1.1103587016005507 0.0 1.1048089720583725
30.68 1.1102302910053563 0.0 1.1046606939857015
30.69 1.1101021807336677 0.0 1.1045124382661864
30.7 1.1099743711837131 0.0 1.104364204811719
30.71 1.1098468627658051 0.0 1.104215993540309
30.72 1.1097196559012752 0.0 1.1040678043761378
30.73 1.109592751021373 0.0 1.1039196372495637
30.740000000000002 1.1094661485661257 0.0 1.1037714920972064
30.75 1.1093398489831596 0.0 1.1036233688619597
30.76 1.1092138527264868 0.0 1.1034752674930435
30.77 1.109088160255258 0.0 1.1033271879460451
30.78 1.1089627720324793 0.0 1.1031791301829366
30.79 1.108837688523697 0.0 1.1030310941721289
30.8 1.1087129101956525 0.0 1.10288307988848
30.810000000000002 1.108588437514905 0.0 1.1027350873133426
30.82 1.1084642709464256 0.0 1.1025871164345842
30.830000000000002 1.1083404109521633 0.0 1.1024391672466012
30.84 1.1082168579895852 0.0 1.1022912397503593
30.85 1.1080936125101921 0.0 1.1021433339534077
30.86 1.1079706749580056 0.0 1.1019954498698892
30.87 1.1078480457680402 0.0 1.1018475875205638
30.88 1.1077257253647477 0.0 1.101699746932814
30.89 1.107603714160444 0.0 1.1015519281406758
30.900000000000002 1.10748201255372 0.0 1.1014041311848228
30.91 1.1073606209278317 0.0 1.1012563561125979
30.92 1.107239539649076 0.0 1.1011086029779944
30.93 1.1071187690651567 0.0 1.100960871841677
30.94 1.1069983095035314 0.0 1.1008131627709807
30.95 1.1068781612697536 0.0 1.1006654758399024
30.96 1.1067583246458006 0.0 1.100517811129096
30.970000000000002 1.106638799888399 0.0 1.1003701687258758
30.98 1.1065195872273395 0.0 1.1002225487242094
30.990000000000002 1.1064006868637901 0.0 1.100074951224684
31.0 1.1062820989686049 0.0 1.0999273763345323
31.01 1.106163823680633 0.0 1.0997798241675845
31.02 1.1060458611050266 0.0 1.0996322948442674
31.03 1.1059282113115507 0.0 1.099484788491583
31.04 1.1058108743329007 0.0 1.0993373052430768
31.05 1.1056938501630178 0.0 1.0991898452388473
31.060000000000002 1.10557713875542 0.0 1.0990424086254735
31.07 1.1054607400215344 0.0 1.0988949955560123
31.080000000000002 1.1053446538290432 0.0 1.0987476061899812
31.09 1.1052288800002432 0.0 1.0986002406932978
31.1 1.1051134183104152 0.0 1.0984528992382647
31.11 1.1049982684862119 0.0 1.098305582003521
31.12 1.1048834302040593 0.0 1.0981582891740074
31.13 1.1047689030885803 0.0 1.0980110209409475
31.14 1.104654686711037 0.0 1.097863777501752
31.150000000000002 1.1045407805877914 0.0 1.0977165590600277
31.16 1.104427184178796 0.0 1.0975693658254997
31.17 1.1043138968861037 0.0 1.097422198013967
31.18 1.104200918052407 0.0 1.0972750558472597
31.19 1.1040882469596032 0.0 1.0971279395531706
31.2 1.1039758828273913 0.0 1.0969808493654158
31.21 1.1038638248118988 0.0 1.096833785523565
31.220000000000002 1.1037520720043414 0.0 1.096686748272983
31.23 1.1036406234297162 0.0 1.096539737864768
31.240000000000002 1.1035294780455303 0.0 1.0963927545556897
31.25 1.1034186347405661 0.0 1.0962457986081293
31.26 1.1033080923336882 0.0 1.0960988702899908
31.27 1.103197849572683 0.0 1.095951969874657
31.28 1.1030879051331475 0.0 1.0958050976408935
31.29 1.1029782576174112 0.0 1.0956582538727901
31.3 1.1028689055535108 0.0 1.09551143885969
31.310000000000002 1.1027598473942033 0.0 1.0953646528960828
31.32 1.1026510815160266 0.0 1.0952178962815682
31.330000000000002 1.1025426062184083 0.0 1.0950711693207207
31.34 1.1024344197228217 0.0 1.0949244723230755
31.35 1.102326520171991 0.0 1.0947778056029673
31.36 1.1022189056291474 0.0 1.0946311694795
31.37 1.1021115740773364 0.0 1.0944845642764374
31.38 1.1020045234187765 0.0 1.094337990322112
31.39 1.1018977514742732 0.0 1.0941914479493242
31.400000000000002 1.1017912559826841 0.0 1.0940449374952788
31.41 1.1016850346004414 0.0 1.0938984593014545
31.42 1.1015790849011295 0.0 1.093752013713531
31.43 1.1014734043751164 0.0 1.0936056010812734
31.44 1.1013679904292488 0.0 1.0934592217584524
31.45 1.1012628403865958 0.0 1.0933128761027242
31.46 1.101157951486259 0.0 1.0931665644755397
31.470000000000002 1.1010533208832358 0.0 1.0930202872420207
31.48 1.1009489456483468 0.0 1.0928740447708842
31.490000000000002 1.1008448227682182 0.0 1.092727837434312
31.5 1.1007409491453275 0.0 1.0925816656078575
31.51 1.1006373215981087 0.0 1.092435529670318
31.52 1.1005339368611189 0.0 1.0922894300036299
31.53 1.1004307915852634 0.0 1.0921433669927696
31.54 1.1003278823380858 0.0 1.0919973410256283
31.55 1.1002252056041162 0.0 1.091851352492899
31.560000000000002 1.1001227577852806 0.0 1.0917054017879528
31.57 1.1000205352013752 0.0 1.0915594893067402
31.580000000000002 1.099918534090597 0.0 1.0914136154476601
31.59 1.0998167506101388 0.0 1.091267780611432
31.6 1.0997151808368437 0.0 1.091121985201009
31.61 1.0996138207679218 0.0 1.0909762296214192
31.62 1.0995126663217243 0.0 1.0908305142796644
31.63 1.099411713338581 0.0 1.090684839584597
31.64 1.0993109575816968 0.0 1.09053920594679
31.650000000000002 1.099210394738104 0.0 1.090393613778409
31.66 1.0991100204196798 0.0 1.0902480634931135
31.67 1.0990098301642146 0.0 1.0901025555058876
31.68 1.0989098194365436 0.0 1.0899570902329578
31.69 1.0988099836297331 0.0 1.0898116680916312
31.7 1.0987103180663245 0.0 1.0896662895001998
31.71 1.0986108179996275 0.0 1.089520954877782
31.720000000000002 1.0985114786150785 0.0 1.0893756646442203
31.73 1.0984122950316446 0.0 1.089230419219926
31.740000000000002 1.098313262303282 0.0 1.089085219025779
31.75 1.0982143754204485 0.0 1.0889400644829783
31.76 1.0981156293116652 0.0 1.0887949560129158
31.77 1.098017018845128 0.0 1.088649894037054
31.78 1.097918538830367 0.0 1.0885048789767744
31.79 1.097820184019956 0.0 1.0883599112532905
31.8 1.097721949111266 0.0 1.088214991287463
31.810000000000002 1.0976238287482645 0.0 1.0880701194997053
31.82 1.0975258175233562 0.0 1.0879252963098456
31.830000000000002 1.0974279099792723 0.0 1.0877805221369927
31.84 1.0973301006109928 0.0 1.0876357973993926
31.85 1.0972323838677145 0.0 1.0874911225143327
31.86 1.0971347541548553 0.0 1.0873464978979737
31.87 1.0970372058360935 0.0 1.08720192396524
31.88 1.0969397332354451 0.0 1.0870574011296825
31.89 1.0968423306393704 0.0 1.0869129298033562
31.900000000000002 1.0967449922989205 0.0 1.086768510396684
31.91 1.0966477124319032 0.0 1.0866241433183152
31.92 1.0965504852250867 0.0 1.0864798289750297
31.93 1.0964533048364289 0.0 1.0863355677715745
31.94 1.0963561653973255 0.0 1.0861913601105617
31.95 1.09625906101489 0.0 1.086047206392323
31.96 1.096161985774251 0.0 1.0859031070147886
31.970000000000002 1.096064933740872 0.0 1.0857590623733688
31.98 1.095967898962885 0.0 1.085615072860808
31.990000000000002 1.0958708754734467 0.0 1.0854711388670975
32.0 1.0957738572931057 0.0 1.0853272607792925
32.01 1.095676838432182 0.0 1.085183438981444
32.02 1.0955798128931602 0.0 1.08503967385445
32.03 1.095482774673091 0.0 1.0848959657759376
32.04 1.0953857177659971 0.0 1.0847523151201317
32.05 1.0952886361652885 0.0 1.0846087222577507
32.06 1.0951915238661785 0.0 1.0844651875558882
32.07 1.0950943748681041 0.0 1.084321711377867
32.08 1.0949971831771432 0.0 1.0841782940831495
32.09 1.0948999428084298 0.0 1.0840349360272223
32.1 1.0948026477885697 0.0 1.083891637561454
32.11 1.0947052921580436 0.0 1.0837483990330048
32.12 1.094607869973608 0.0 1.0836052207847053
32.13 1.0945103753106826 0.0 1.083462103154945
32.14 1.0944128022657305 0.0 1.083319046477563
32.15 1.0943151449586201 0.0 1.0831760510817245
32.160000000000004 1.094217397534976 0.0 1.083033117291835
32.17 1.09411955416851 0.0 1.082890245427424
32.18 1.094021609063337 0.0 1.0827474358030267
32.19 1.0939235564562657 0.0 1.0826046887280991
32.2 1.0938253906190725 0.0 1.0824620045068991
32.21 1.0937271058607454 0.0 1.0823193834383937
32.22 1.0936286965297088 0.0 1.0821768258161581
32.230000000000004 1.0935301570160154 0.0 1.0820343319282668
32.24 1.093431481753512 0.0 1.08189190205722
32.25 1.0933326652219755 0.0 1.0817495364798242
32.26 1.0932337019492127 0.0 1.0816072354670938
32.27 1.0931345865131321 0.0 1.0814649992841945
32.28 1.0930353135437763 0.0 1.081322828190305
32.29 1.092935877725318 0.0 1.081180722438569
32.3 1.0928362737980208 0.0 1.0810386822759797
32.31 1.0927364965601567 0.0 1.0808967079432983
32.32 1.0926365408698857 0.0 1.0807547996749927
32.33 1.0925364016470904 0.0 1.0806129576991197
32.34 1.0924360738751706 0.0 1.080471182237267
32.35 1.0923355526027891 0.0 1.0803294735044546
32.36 1.0922348329455744 0.0 1.0801878317091047
32.37 1.0921339100877765 0.0 1.080046257052898
32.38 1.0920327792838718 0.0 1.0799047497307417
32.39 1.0919314358601206 0.0 1.0797633099307073
32.4 1.091829875216076 0.0 1.0796219378339174
32.410000000000004 1.0917280928260362 0.0 1.079480633614516
32.42 1.091626084240452 0.0 1.0793393974395913
32.43 1.091523845087275 0.0 1.0791982294691096
32.44 1.091421371073255 0.0 1.0790571298558382
32.45 1.091318657985184 0.0 1.0789160987453066
32.46 1.0912157016910802 0.0 1.0787751362757612
32.47 1.091112498141323 0.0 1.078634242578052
32.480000000000004 1.091009043369725 0.0 1.0784934177756282
32.49 1.0909053334945518 0.0 1.0783526619844872
32.5 1.0908013647194816 0.0 1.0782119753130803
32.51 1.090697133334508 0.0 1.078071357862312
32.52 1.0905926357167837 0.0 1.077930809725459
32.53 1.0904878683314092 0.0 1.0777903309881505
32.54 1.0903828277321554 0.0 1.0776499217283073
32.55 1.0902775105621354 0.0 1.0775095820161131
32.56 1.0901719135544123 0.0 1.0773693119139696
32.57 1.0900660335325483 0.0 1.0772291114764658
32.58 1.0899598674110957 0.0 1.0770889807503348
32.59 1.0898534121960295 0.0 1.0769489197744317
32.6 1.089746664985117 0.0 1.0768089285796982
32.61 1.089639622968234 0.0 1.0766690071891414
32.62 1.089532283427616 0.0 1.0765291556177934
32.63 1.0894246437380577 0.0 1.0763893738727028
32.64 1.0893167013670484 0.0 1.0762496619529038
32.65 1.0892084538748517 0.0 1.0761100198494074
32.660000000000004 1.0890998989145284 0.0 1.0759704475451772
32.67 1.088991034231903 0.0 1.075830945015104
32.68 1.0888818576654695 0.0 1.075691512226013
32.69 1.0887723671462477 0.0 1.0755521491366378
32.7 1.0886625606975777 0.0 1.075412855697625
32.71 1.0885524364348647 0.0 1.0752736318515137
32.72 1.0884419925652669 0.0 1.0751344775327407
32.730000000000004 1.088331227387331 0.0 1.0749953926676383
32.74 1.0882201392905761 0.0 1.0748563771744282
32.75 1.0881087267550242 0.0 1.0747174309632193
32.76 1.0879969883506824 0.0 1.0745785539360306
32.77 1.0878849227369716 0.0 1.0744397459867936
32.78 1.087772528662112 0.0 1.0743010070013344
32.79 1.0876598049624546 0.0 1.0741623368574187
32.8 1.0875467505617697 0.0 1.0740237354247497
32.81 1.08743336447049 0.0 1.073885202564973
32.82 1.0873196457849066 0.0 1.073746738131714
32.83 1.0872055936863223 0.0 1.0736083419705928
32.84 1.0870912074401655 0.0 1.0734700139192304
32.85 1.0869764863950588 0.0 1.073331753807276
32.86 1.0868614299818509 0.0 1.073193561456466
32.87 1.0867460377126068 0.0 1.0730554366806018
32.88 1.0866303091795666 0.0 1.0729173792856088
32.89 1.0865142440540605 0.0 1.0727793890695665
32.9 1.086397842085396 0.0 1.0726414658227414
32.910000000000004 1.0862811030997073 0.0 1.072503609327617
32.92 1.0861640269987762 0.0 1.0723658193589285
32.93 1.08604661375882 0.0 1.0722280956837296
32.94 1.0859288634292514 0.0 1.0720904380614014
32.95 1.0858107761314117 0.0 1.0719528462437111
32.96 1.0856923520572754 0.0 1.0718153199748643
32.97 1.085573591468133 0.0 1.0716778589915619
32.980000000000004 1.0854544946932483 0.0 1.071540463023012
32.99 1.0853350621284945 0.0 1.071403131791026
33.0 1.085215294234971 0.0 1.0712658650100457
33.01 1.0850951915376004 0.0 1.0711286623872225
33.02 1.0849747546237078 0.0 1.0709915236224445
33.03 1.0848539841415847 0.0 1.0708544484084335
33.04 1.084732880799039 0.0 1.0707174364307817
33.05 1.084611445361932 0.0 1.0705804873680256
33.06 1.0844896786527014 0.0 1.0704436008917138
33.07 1.08436758154888 0.0 1.0703067766664691
33.08 1.084245154981599 0.0 1.0701700143500668
33.09 1.08412239993409 0.0 1.0700333135935025
33.1 1.0839993174401772 0.0 1.0698966740410678
33.11 1.0838759085827683 0.0 1.0697600953304178
33.12 1.083752174492341 0.0 1.0696235770926652
33.13 1.0836281163454284 0.0 1.0694871189524509
33.14 1.0835037353631054 0.0 1.0693507205280164
33.15 1.0833790328094746 0.0 1.0692143814313104
33.160000000000004 1.0832540099901555 0.0 1.0690781012680426
33.17 1.0831286682507806 0.0 1.0689418796378043
33.18 1.0830030089754907 0.0 1.0688057161341264
33.19 1.0828770335854445 0.0 1.0686696103445952
33.2 1.0827507435373267 0.0 1.068533561850922
33.21 1.0826241403218766 0.0 1.068397570229054
33.22 1.0824972254624157 0.0 1.0682616350492666
33.230000000000004 1.082370000513394 0.0 1.0681257558762423
33.24 1.0822424670589468 0.0 1.067989932269199
33.25 1.0821146267114647 0.0 1.0678541637819667
33.26 1.0819864811101778 0.0 1.0677184499630994
33.27 1.0818580319197582 0.0 1.0675827903559747
33.28 1.0817292808289365 0.0 1.0674471844989062
33.29 1.081600229549138 0.0 1.0673116319252338
33.3 1.0814708798131372 0.0 1.0671761321634516
33.31 1.0813412333737302 0.0 1.067040684737298
33.32 1.081211292002432 0.0 1.0669052891658908
33.33 1.0810810574881884 0.0 1.0667699449638033
33.34 1.080950531636117 0.0 1.0666346516412182
33.35 1.0808197162662678 0.0 1.0664994087040085
33.36 1.0806886132124065 0.0 1.06636421565388
33.37 1.0805572243208232 0.0 1.0662290719884695
33.38 1.0804255514491676 0.0 1.0660939772014677
33.39 1.080293596465308 0.0 1.0659589307827622
33.4 1.0801613612462149 0.0 1.0658239322185148
33.410000000000004 1.0800288476768767 0.0 1.0656889809913244
33.42 1.0798960576492358 0.0 1.0655540765803277
33.43 1.0797629930611572 0.0 1.0654192184613367
33.44 1.0796296558154228 0.0 1.0652844061069537
33.45 1.0794960478187554 0.0 1.0651496389867077
33.46 1.0793621709808696 0.0 1.065014916567178
33.47 1.0792280272135548 0.0 1.064880238312114
33.480000000000004 1.0790936184297837 0.0 1.0647456036825889
33.49 1.078958946542852 0.0 1.0646110121371044
33.5 1.0788240134655493 0.0 1.0644764631317498
33.51 1.0786888211093573 0.0 1.0643419561202956
33.52 1.0785533713836786 0.0 1.0642074905543712
33.53 1.0784176661950964 0.0 1.0640730658835713
33.54 1.0782817074466626 0.0 1.0639386815555956
33.55 1.0781454970372177 0.0 1.0638043370163937
33.56 1.0780090368607387 0.0 1.0636700317102852
33.57 1.0778723288057175 0.0 1.0635357650801185
33.58 1.077735374754571 0.0 1.0634015365673832
33.59 1.077598176583076 0.0 1.0632673456123838
33.6 1.077460736159839 0.0 1.0631331916543325
33.61 1.0773230553457904 0.0 1.0629990741315327
33.62 1.0771851359937121 0.0 1.062864992481479
33.63 1.0770469799477889 0.0 1.0627309461410317
33.64 1.076908589043193 0.0 1.0625969345465465
33.65 1.0767699651056917 0.0 1.0624629571340016
33.660000000000004 1.0766311099512882 0.0 1.0623290133391528
33.67 1.0764920253858836 0.0 1.0621951025976728
33.68 1.076352713204971 0.0 1.062061224345292
33.69 1.0762131751933532 0.0 1.06192737801794
33.7 1.0760734131248861 0.0 1.0617935630518889
33.71 1.0759334287622502 0.0 1.0616597788838908
33.72 1.0757932238567434 0.0 1.061526024951331
33.730000000000004 1.0756528001481016 0.0 1.0613923006923518
33.74 1.0755121593643413 0.0 1.061258605546009
33.75 1.075371303221625 0.0 1.0611249389524111
33.76 1.0752302334241528 0.0 1.0609913003528677
33.77 1.0750889516640711 0.0 1.0608576891900077
33.78 1.074947459621408 0.0 1.060724104907946
33.79 1.0748057589640252 0.0 1.060590546952419
33.8 1.0746638513475941 0.0 1.060457014770903
33.81 1.0745217384155892 0.0 1.0603235078127906
33.82 1.0743794217993012 0.0 1.0601900255295116
33.83 1.074236903117869 0.0 1.0600565673746634
33.84 1.0740941839783291 0.0 1.059923132804155
33.85 1.073951265975682 0.0 1.0597897212763667
33.86 1.0738081506929757 0.0 1.0596563322522587
33.87 1.0736648397014048 0.0 1.059522965195529
33.88 1.0735213345604226 0.0 1.0593896195727344
33.89 1.073377636817873 0.0 1.059256294853423
33.9 1.0732337480101295 0.0 1.0591229905103021
33.910000000000004 1.0730896696622534 0.0 1.0589897060193194
33.92 1.0729454032881591 0.0 1.0588564408598473
33.93 1.0728009503907963 0.0 1.0587231945147728
33.94 1.0726563124623387 0.0 1.058589966470657
33.95 1.072511490984388 0.0 1.058456756217856
33.96 1.0723664874281826 0.0 1.0583235632506305
33.97 1.0722213032548198 0.0 1.058190387067314
33.980000000000004 1.0720759399154836 0.0 1.0580572271703963
33.99 1.0719303988516842 0.0 1.0579240830666738
34.0 1.0717846814955003 0.0 1.0577909542673571
34.01 1.0716387892698311 0.0 1.0576578402882157
34.02 1.0714927235886544 0.0 1.0575247406496706
34.03 1.0713464858572903 0.0 1.0573916548769289
34.04 1.0712000774726675 0.0 1.0572585825001013
34.05 1.0710534998235992 0.0 1.0571255230543122
34.06 1.070906754291058 0.0 1.056992476079818
34.07 1.070759842248457 0.0 1.05685944112212
34.08 1.070612765061934 0.0 1.056726417732064
34.09 1.0704655240906373 0.0 1.0565934054659571
34.1 1.0703181206870145 0.0 1.0564604038856842
34.11 1.0701705561971013 0.0 1.05632741255881
34.12 1.0700228319608147 0.0 1.0561944310586515
34.13 1.069874949312244 0.0 1.056061458964419
34.14 1.0697269095799433 0.0 1.0559284958612887
34.15 1.069578714087226 0.0 1.0557955413405216
34.160000000000004 1.0694303641524552 0.0 1.0556625949995317
34.17 1.069281861089338 0.0 1.0555296564420076
34.18 1.0691332062072147 0.0 1.0553967252779648
34.19 1.0689844008113503 0.0 1.0552638011238742
34.2 1.0688354462032228 0.0 1.0551308836027122
34.21 1.0686863436808107 0.0 1.0549979723440732
34.22 1.068537094538878 0.0 1.0548650669842323
34.230000000000004 1.0683877000692568 0.0 1.0547321671662242
34.24 1.0682381615611296 0.0 1.0545992725399094
34.25 1.0680884803013069 0.0 1.0544663827620773
34.26 1.0679386575745036 0.0 1.054333497496486
34.27 1.0677886946636121 0.0 1.0542006164139481
34.28 1.0676385928499732 0.0 1.0540677391923756
34.29 1.0674883534136432 0.0 1.0539348655168652
34.300000000000004 1.0673379776336596 0.0 1.053801995079732
34.31 1.0671874667883008 0.0 1.053669127580592
34.32 1.0670368221553483 0.0 1.0535362627263978
34.33 1.0668860450123394 0.0 1.0534034002314967
34.34 1.0667351366368194 0.0 1.0532705398176607
34.35 1.066584098306594 0.0 1.0531376812141546
34.36 1.066432931299973 0.0 1.0530048241577636
34.37 1.0662816368960149 0.0 1.0528719683928398
34.38 1.066130216374768 0.0 1.0527391136713193
34.39 1.065978671017507 0.0 1.0526062597527825
34.4 1.0658270021069682 0.0 1.0524734064044534
34.410000000000004 1.0656752109275818 0.0 1.0523405534012262
34.42 1.0655232987657024 0.0 1.0522077005257322
34.43 1.065371266909833 0.0 1.0520748475682975
34.44 1.0652191166508544 0.0 1.05194199432699
34.45 1.0650668492822435 0.0 1.0518091406076386
34.46 1.0649144661002952 0.0 1.0516762862238116
34.47 1.0647619684043423 0.0 1.051543430996859
34.480000000000004 1.0646093574969688 0.0 1.0514105747558853
34.49 1.0644566346842277 0.0 1.0512777173377628
34.5 1.0643038012758541 0.0 1.0511448585871157
34.51 1.0641508585854742 0.0 1.051011998356338
34.52 1.0639978079308208 0.0 1.0508791365055317
34.53 1.0638446506339394 0.0 1.0507462729025518
34.54 1.0636913880213987 0.0 1.0506134074229345
34.550000000000004 1.0635380214244985 0.0 1.0504805399499093
34.56 1.0633845521794787 0.0 1.0503476703743582
34.57 1.0632309816277243 0.0 1.0502147985947852
34.58 1.0630773111159737 0.0 1.0500819245172963
34.59 1.0629235419965264 0.0 1.04994904805553
34.6 1.062769675627449 0.0 1.0498161691306704
34.61 1.062615713372783 0.0 1.0496832876713533
34.62 1.0624616566027527 0.0 1.0495504036136383
34.63 1.0623075066939718 0.0 1.0494175169009772
34.64 1.0621532650296543 0.0 1.0492846274841063
34.65 1.0619989329998227 0.0 1.049151735321044
34.660000000000004 1.0618445120015165 0.0 1.0490188403770087
34.67 1.0616900034390078 0.0 1.048885942624334
34.68 1.0615354087240072 0.0 1.0487530420424371
34.69 1.0613807292758817 0.0 1.0486201386177068
34.7 1.0612259665218664 0.0 1.0484872323434593
34.71 1.0610711218972797 0.0 1.0483543232198385
34.72 1.06091619684574 0.0 1.0482214112537434
34.730000000000004 1.0607611928193825 0.0 1.0480884964587436
34.74 1.0606061112790783 0.0 1.0479555788549695
34.75 1.0604509536946525 0.0 1.047822658469049
34.76 1.060295721545106 0.0 1.0476897353339913
34.77 1.0601404163188368 0.0 1.0475568094890744
34.78 1.0599850395138608 0.0 1.0474238809797731
34.79 1.0598295926380374 0.0 1.047290949857638
34.800000000000004 1.0596740772092919 0.0 1.047158016180168
34.81 1.0595184947558383 0.0 1.0470250800107128
34.82 1.059362846816408 0.0 1.046892141418378
34.83 1.0592071349404708 0.0 1.0467592004778563
34.84 1.0590513606884615 0.0 1.0466262572693266
34.85 1.058895525632006 0.0 1.046493311878348
34.86 1.0587396313541437 0.0 1.0463603643957051
34.87 1.0585836794495513 0.0 1.0462274149172783
34.88 1.0584276715247674 0.0 1.0460944635439176
34.89 1.0582716091984126 0.0 1.04596151038129
34.9 1.0581154941014104 0.0 1.0458285555397533
34.910000000000004 1.0579593278772048 0.0 1.0456955991342043
34.92 1.057803112181977 0.0 1.0455626412839287
34.93 1.0576468486848596 0.0 1.0454296821124602
34.94 1.057490539068145 0.0 1.0452967217474074
34.95 1.0573341850274949 0.0 1.0451637603203294
34.96 1.0571777882721438 0.0 1.0450307979665523
34.97 1.0570213505250967 0.0 1.0448978348250197
34.980000000000004 1.056864873523326 0.0 1.044764871038122
34.99 1.0567083590179593 0.0 1.0446319067515475
35.0 1.056551808774466 0.0 1.044498942114092
35.01 1.0563952245728327 0.0 1.044365977277507
35.02 1.0562386082077362 0.0 1.044233012396325
35.03 1.0560819614887085 0.0 1.0441000476276678
35.04 1.0559252862402912 0.0 1.0439670831310943
35.050000000000004 1.0557685843021885 0.0 1.0438341190684168
35.06 1.0556118575294016 0.0 1.0437011556035027
35.07 1.0554551077923637 0.0 1.043568192902108
35.08 1.0552983369770597 0.0 1.043435231131696
35.09 1.0551415469851337 0.0 1.043302270461246
35.1 1.0549847397339926 0.0 1.0431693110610663
35.11 1.0548279171568904 0.0 1.0430363531026092
35.12 1.0546710812030045 0.0 1.0429033967582868
35.13 1.0545142338374975 0.0 1.0427704422012494
35.14 1.0543573770415677 0.0 1.0426374896052297
35.15 1.0542005128124823 0.0 1.0425045391443426
35.160000000000004 1.0540436431635973 0.0 1.0423715909928815
35.17 1.053886770124363 0.0 1.0422386453251191
35.18 1.0537298957403138 0.0 1.0421057023151177
35.19 1.0535730220730375 0.0 1.0419727621365356
35.2 1.0534161512001328 0.0 1.0418398249624314
35.21 1.0532592852151454 0.0 1.0417068909650553
35.22 1.0531024262274877 0.0 1.0415739603156566
35.230000000000004 1.0529455763623377 0.0 1.0414410331842865
35.24 1.052788737760521 0.0 1.0413081097395975
35.25 1.0526319125783694 0.0 1.0411751901486355
35.26 1.052475102987561 0.0 1.0410422745766703
35.27 1.05231831117494 0.0 1.0409093631869497
35.28 1.0521615393423127 0.0 1.040776456140545
35.29 1.0520047897062212 0.0 1.040643553596124
35.300000000000004 1.0518480644976973 0.0 1.0405106557097712
35.31 1.0516913659619889 0.0 1.0403777626347692
35.32 1.0515346963582677 0.0 1.0402448745214232
35.33 1.0513780579593073 0.0 1.0401119915168533
35.34 1.0512214530511423 0.0 1.039979113764803
35.35 1.051064883932699 0.0 1.0398462414054366
35.36 1.0509083529154013 0.0 1.039713374575153
35.37 1.0507518623227525 0.0 1.0395805134064116
35.38 1.05059541448989 0.0 1.0394476580274838
35.39 1.0504390117631137 0.0 1.0393148085623407
35.4 1.0502826564993903 0.0 1.0391819651304028
35.410000000000004 1.050126351065827 0.0 1.0390491278463827
35.42 1.049970097839122 0.0 1.0389162968200996
35.43 1.0498138992049861 0.0 1.0387834721562916
35.44 1.0496577575575388 0.0 1.0386506539544273
35.45 1.0495016752986746 0.0 1.0385178423085448
35.46 1.0493456548374047 0.0 1.038385037307051
35.47 1.0491896985891715 0.0 1.0382522390325766
35.480000000000004 1.0490338089751332 0.0 1.0381194475617863
35.49 1.048877988421424 0.0 1.0379866629652112
35.5 1.048722239358387 0.0 1.0378538853070873
35.51 1.0485665642197783 0.0 1.0377211146451755
35.52 1.0484109654419462 0.0 1.037588351030636
35.53 1.0482554454629842 0.0 1.0374555945078165
35.54 1.0481000067218562 0.0 1.0373228451141678
35.550000000000004 1.0479446516574964 0.0 1.0371901028800268
35.56 1.0477893827078857 0.0 1.0370573678285016
35.57 1.0476342023090994 0.0 1.036924639975319
35.58 1.0474791128943328 0.0 1.0367919193286939
35.59 1.0473241168929022 0.0 1.0366592058891662
35.6 1.047169216729221 0.0 1.036526499649492
35.61 1.0470144148217548 0.0 1.03639380059451
35.62 1.0468597135819513 0.0 1.0362611087010027
35.63 1.0467051154131508 0.0 1.0361284239375717
35.64 1.0465506227094747 0.0 1.0359957462645466
35.65 1.0463962378546934 0.0 1.0358630756338532
35.660000000000004 1.0462419632210733 0.0 1.0357304119888957
35.67 1.0460878011682087 0.0 1.035597755264467
35.68 1.0459337540418314 0.0 1.0354651053866402
35.69 1.045779824172607 0.0 1.0353324622726812
35.7 1.0456260138749134 0.0 1.0351998258309476
35.71 1.0454723254456026 0.0 1.035067195960813
35.72 1.045318761162754 0.0 1.034934572552573
35.730000000000004 1.0451653232844063 0.0 1.0348019554873846
35.74 1.0450120140472876 0.0 1.0346693446371722
35.75 1.0448588356655253 0.0 1.0345367398645968
35.76 1.044705790329354 0.0 1.0344041410229525
35.77 1.0445528802038107 0.0 1.0342715479561544
35.78 1.0444001074274252 0.0 1.0341389604986568
35.79 1.0442474741109034 0.0 1.0340063784754077
35.800000000000004 1.0440949823358072 0.0 1.0338738017018436
35.81 1.043942634153232 0.0 1.0337412299838071
35.82 1.043790431582481 0.0 1.033608663117576
35.83 1.0436383766097403 0.0 1.033476100889786
35.84 1.0434864711867555 0.0 1.0333435430774434
35.85 1.04333471722951 0.0 1.0332109894479162
35.86 1.0431831166169103 0.0 1.0330784397589203
35.87 1.0430316711894727 0.0 1.0329458937585114
35.88 1.0428803827480206 0.0 1.0328133511851263
35.89 1.042729253052391 0.0 1.032680811767558
35.9 1.0425782838201483 0.0 1.0325482752249893
35.910000000000004 1.0424274767253128 0.0 1.0324157412670276
35.92 1.0422768333971035 0.0 1.0322832095937273
35.93 1.0421263554186926 0.0 1.0321506798956308
35.94 1.0419760443259807 0.0 1.0320181518537945
35.95 1.0418259016063884 0.0 1.0318856251398734
35.96 1.0416759286976687 0.0 1.0317530994161526
35.97 1.0415261269867415 0.0 1.0316205743356222
35.980000000000004 1.0413764978085502 0.0 1.0314880495420202
35.99 1.0412270424449461 0.0 1.031355524669951
36.0 1.0410777621235954 0.0 1.0312229993449293
36.01 1.0409286580169197 0.0 1.0310904731835
36.02 1.0407797312410618 0.0 1.030957945793289
36.03 1.0406309828548868 0.0 1.0308254167731483
36.04 1.040482413859013 0.0 1.0306928857132414
36.050000000000004 1.0403340251948807 0.0 1.030560352195155
36.06 1.0401858177438563 0.0 1.0304278157920317
36.07 1.040037792326373 0.0 1.0302952760686759
36.08 1.0398899497011127 0.0 1.0301627325817015
36.09 1.0397422905642284 0.0 1.0300301848796698
36.1 1.0395948155486094 0.0 1.0298976325032148
36.11 1.0394475252231894 0.0 1.029765074985238
36.12 1.039300420092301 0.0 1.0296325118510146
36.13 1.0391535005950763 0.0 1.0294999426183677
36.14 1.0390067671048961 0.0 1.0293673667978709
36.15 1.0388602199288888 0.0 1.0292347838929996
36.160000000000004 1.0387138593074783 0.0 1.0291021934002844
36.17 1.0385676854139871 0.0 1.0289695948095603
36.18 1.0384216983542889 0.0 1.0288369876041048
36.19 1.0382758981665179 0.0 1.0287043712608623
36.2 1.038130284820833 0.0 1.0285717452506475
36.21 1.0379848582192384 0.0 1.0284391090383425
36.22 1.0378396181954608 0.0 1.0283064620831268
36.230000000000004 1.0376945645148878 0.0 1.028173803838699
36.24 1.0375496968745612 0.0 1.0280411337534785
36.25 1.0374050149032352 0.0 1.027908451270877
36.26 1.0372605181614922 0.0 1.0277757558295093
36.27 1.037116206141921 0.0 1.0276430468634299
36.28 1.0369720782693588 0.0 1.0275103238024084
36.29 1.0368281339011944 0.0 1.0273775860721617
36.300000000000004 1.0366843723277355 0.0 1.0272448330946025
36.31 1.036540792772639 0.0 1.0271120642881395
36.32 1.0363973943934086 0.0 1.0269792790679055
36.33 1.0362541762819513 0.0 1.0268464768460428
36.34 1.0361111374652054 0.0 1.0267136570319801
36.35 1.035968276905829 0.0 1.0265808190327186
36.36 1.0358255935029541 0.0 1.0264479622531095
36.37 1.0356830860930075 0.0 1.0263150860961392
36.38 1.0355407534505958 0.0 1.0261821899632322
36.39 1.0353985942894552 0.0 1.0260492732545436
36.4 1.035256607263466 0.0 1.0259163353692466
36.410000000000004 1.0351147909677323 0.0 1.0257833757058648
36.42 1.034973143939725 0.0 1.0256503936625494
36.43 1.0348316646604876 0.0 1.0255173886374056
36.44 1.0346903515559094 0.0 1.0253843600288108
36.45 1.0345492029980543 0.0 1.0252513072357046
36.46 1.034408217306558 0.0 1.025118229657958
36.47 1.0342673927500818 0.0 1.0249851266966379
36.480000000000004 1.0341267275478299 0.0 1.024851997754361
36.49 1.0339862198711227 0.0 1.0247188422356392
36.5 1.0338458678450322 0.0 1.0245856595471652
36.51 1.0337056695500717 0.0 1.0244524490981735
36.52 1.033565623023943 0.0 1.024319210300776
36.53 1.0334257262633368 0.0 1.0241859425702753
36.54 1.033285977225791 0.0 1.0240526453255172
36.550000000000004 1.0331463738315945 0.0 1.0239193179892105
36.56 1.0330069139657483 0.0 1.0237859599883152
36.57 1.0328675954799718 0.0 1.0236525707543016
36.58 1.0327284161947572 0.0 1.023519149723566
36.59 1.032589373901471 0.0 1.0233856963377264
36.6 1.032450466364499 0.0 1.0232522100439778
36.61 1.0323116913234336 0.0 1.023118690295439
36.62 1.0321730464953007 0.0 1.0229851365514946
36.63 1.032034529576826 0.0 1.0228515482781175
36.64 1.031896138246739 0.0 1.0227179249482392
36.65 1.031757870168108 0.0 1.0225842660420676
36.660000000000004 1.03161972299071 0.0 1.0224505710474316
36.67 1.0314816943534295 0.0 1.022316839460134
36.68 1.0313437818866855 0.0 1.0221830707842725
36.69 1.0312059832148837 0.0 1.0220492645325843
36.7 1.0310682959588904 0.0 1.0219154202267837
36.71 1.0309307177385305 0.0 1.0217815373978916
36.72 1.0307932461750984 0.0 1.0216476155865624
36.730000000000004 1.0306558788938898 0.0 1.021513654343415
36.74 1.0305186135267432 0.0 1.0213796532293868
36.75 1.0303814477145916 0.0 1.0212456118160074
36.76 1.0302443791100249 0.0 1.0211115296857702
36.77 1.0301074053798538 0.0 1.0209774064324106
36.78 1.0299705242076798 0.0 1.020843241661267
36.79 1.0298337332964596 0.0 1.0207090349895471
36.800000000000004 1.0296970303710733 0.0 1.0205747860466687
36.81 1.0295604131808802 0.0 1.020440494474553
36.82 1.0294238795022692 0.0 1.0203061599279297
36.83 1.0292874271411978 0.0 1.0201717820746354
36.84 1.029151053935715 0.0 1.0200373605959052
36.85 1.0290147577584674 0.0 1.019902895186658
36.86 1.028878536519187 0.0 1.0197683855557966
36.87 1.0287423881671534 0.0 1.0196338314264688
36.88 1.0286063106936312 0.0 1.0194992325363446
36.89 1.0284703021342794 0.0 1.019364588637901
36.9 1.028334360571527 0.0 1.0192298994986804
36.910000000000004 1.0281984841369183 0.0 1.0190951649015236
36.92 1.0280626710134146 0.0 1.0189603846448725
36.93 1.027926919437664 0.0 1.0188255585429575
36.94 1.0277912277022185 0.0 1.0186906864260985
36.95 1.0276555941577148 0.0 1.0185557681408925
36.96 1.0275200172150005 0.0 1.018420803550466
36.97 1.0273844953472118 0.0 1.0182857925346875
36.980000000000004 1.0272490270917949 0.0 1.018150734990385
36.99 1.0271136110524757 0.0 1.0180156308315589
37.0 1.0269782459011645 0.0 1.0178804799895786
37.01 1.0268429303798026 0.0 1.0177452824133604
37.02 1.0267076633021441 0.0 1.0176100380695885
37.03 1.026572443555471 0.0 1.0174747469428704
37.04 1.0264372701022375 0.0 1.0173394090358898
37.050000000000004 1.0263021419816447 0.0 1.017204024369625
37.06 1.0261670583111429 0.0 1.0170685929834442
37.07 1.0260320182878528 0.0 1.0169331149352914
37.08 1.0258970211899139 0.0 1.0167975903018003
37.09 1.0257620663777491 0.0 1.016662019178449
37.1 1.0256271532952492 0.0 1.0165264016796767
37.11 1.025492281470871 0.0 1.0163907379389678
37.12 1.0253574505186505 0.0 1.0162550281089877
37.13 1.0252226601391285 0.0 1.0161192723616825
37.14 1.0250879101201849 0.0 1.0159834708883357
37.15 1.024953200337783 0.0 1.0158476238996774
37.160000000000004 1.024818530756621 0.0 1.0157117316259239
37.17 1.0246839014306874 0.0 1.015575794316867
37.18 1.0245493125037226 0.0 1.0154398122419064
37.19 1.0244147642095833 0.0 1.0153037856900808
37.2 1.024280256872508 0.0 1.0151677149701264
37.21 1.024145790907283 0.0 1.0150316004104745
37.22 1.0240113668193092 0.0 1.0148954423592877
37.230000000000004 1.0238769852045673 0.0 1.0147592411844273
37.24 1.0237426467494826 0.0 1.0146229972734802
37.25 1.0236083522306842 0.0 1.014486711033723
37.26 1.0234741025146652 0.0 1.0143503828921012
37.27 1.0233398985573345 0.0 1.0142140132951931
37.28 1.0232057414034712 0.0 1.0140776027091527
37.29 1.0230716321860687 0.0 1.0139411516196766
37.300000000000004 1.022937572125581 0.0 1.0138046605319013
37.31 1.0228035625290568 0.0 1.0136681299703731
37.32 1.0226696047891797 0.0 1.013531560478916
37.33 1.0225357003831952 0.0 1.0133949526205581
37.34 1.0224018508717418 0.0 1.0132583069774244
37.35 1.0222680578975745 0.0 1.0131216241506276
37.36 1.022134323184188 0.0 1.012984904760113
37.37 1.0220006485343387 0.0 1.0128481494445487
37.38 1.021867035828465 0.0 1.0127113588611738
37.39 1.0217334870230086 0.0 1.0125745336856349
37.4 1.0216000041486362 0.0 1.012437674611826
37.410000000000004 1.0214665893083643 0.0 1.0123007823517074
37.42 1.0213332446755896 0.0 1.0121638576351204
37.43 1.021199972492019 0.0 1.012026901209603
37.44 1.0210667750655136 0.0 1.0118899138401574
37.45 1.0209336547678354 0.0 1.0117528963090667
37.46 1.0208006140323054 0.0 1.011615849415653
37.47 1.020667655351377 0.0 1.0114787739760358
37.480000000000004 1.020534781274118 0.0 1.011341670822913
37.49 1.020401994403611 0.0 1.0112045408052786
37.5 1.0202692973942733 0.0 1.0110673847881901
37.51 1.0201366929490945 0.0 1.0109302036524603
37.52 1.0200041838167995 0.0 1.0107929982944177
37.53 1.0198717727889324 0.0 1.0106557696255891
37.54 1.0197394626968745 0.0 1.0105185185724124
37.550000000000004 1.0196072564087868 0.0 1.010381246075928
37.56 1.0194751568264884 0.0 1.0102439530914575
37.57 1.019343166882272 0.0 1.0101066405882855
37.58 1.0192112895356558 0.0 1.0099693095493338
37.59 1.0190795277700777 0.0 1.0098319609708017
37.6 1.018947884589539 0.0 1.0096945958618437
37.61 1.0188163630151887 0.0 1.0095572152441867
37.62 1.0186849660818655 0.0 1.0094198201517786
37.63 1.0185536968345932 0.0 1.0092824116304246
37.64 1.0184225583250315 0.0 1.0091449907373904
37.65 1.0182915536078931 0.0 1.009007558541029
37.660000000000004 1.0181606857373227 0.0 1.0088701161203772
37.67 1.0180299577632437 0.0 1.0087326645647698
37.68 1.0178993727276828 0.0 1.0085952049734304
37.69 1.017768933661065 0.0 1.0084577384550206
37.7 1.01763864357849 0.0 1.0083202661272896
37.71 1.0175085054759954 0.0 1.0081827891165784
37.72 1.0173785223268017 0.0 1.0080453085574421
37.730000000000004 1.0172486970775536 0.0 1.0079078255921747
37.74 1.0171190326445536 0.0 1.0077703413703916
37.75 1.0169895319099957 0.0 1.007632857048563
37.76 1.0168601977182015 0.0 1.0074953737895638
37.77 1.0167310328718635 0.0 1.0073578927622415
37.78 1.0166020401282991 0.0 1.0072204151409077
37.79 1.0164732221957211 0.0 1.00708294210491
37.800000000000004 1.0163445817295225 0.0 1.006945474838129
37.81 1.0162161213285898 0.0 1.0068080145285432
37.82 1.0160878435316394 0.0 1.006670562367705
37.83 1.0159597508135858 0.0 1.0065331195502947
37.84 1.0158318455819435 0.0 1.0063956872736066
37.85 1.0157041301732692 0.0 1.0062582667370834
37.86 1.0155766068496452 0.0 1.0061208591418112
37.87 1.015449277795211 0.0 1.0059834656900235
37.88 1.0153221451127405 0.0 1.0058460875846225
37.89 1.0151952108202804 0.0 1.0057087260286595
37.9 1.01506847684784 0.0 1.0055713822248507
37.910000000000004 1.014941945034147 0.0 1.0054340573750655
37.92 1.0148156171234657 0.0 1.0052967526798384
37.93 1.0146894947624854 0.0 1.0051594693378454
37.94 1.0145635794972823 0.0 1.0050222085454144
37.95 1.0144378727703551 0.0 1.0048849714960157
37.96 1.0143123759177426 0.0 1.004747759379767
37.97 1.0141870901662227 0.0 1.004610573382908
37.980000000000004 1.014062016630597 0.0 1.004473414687316
37.99 1.0139371563110682 0.0 1.0043362844699981
38.0 1.0138125100907063 0.0 1.0041991839025814
38.01 1.0136880787330123 0.0 1.004062114150815
38.02 1.0135638628795811 0.0 1.003925076374072
38.03 1.0134398630478652 0.0 1.003788071724849
38.04 1.0133160796290426 0.0 1.0036511013482763
38.050000000000004 1.0131925128859942 0.0 1.0035141663816092
38.06 1.013069162951387 0.0 1.0033772679537512
38.07 1.0129460298258748 0.0 1.0032404071847572
38.08 1.012823113376407 0.0 1.0031035851853478
38.09 1.012700413334661 0.0 1.002966803056427
38.1 1.0125779292955905 0.0 1.0028300618886063
38.11 1.012455660716094 0.0 1.0026933627617278
38.12 1.0123336069138094 0.0 1.002556706744384
38.13 1.0122117670660318 0.0 1.0024200948934603
38.14 1.0120901402087579 0.0 1.0022835282536766
38.15 1.0119687252358598 0.0 1.002147007857116
38.160000000000004 1.0118475208983877 0.0 1.0020105347227783
38.17 1.011726525804004 0.0 1.0018741098561295
38.18 1.011605738416549 0.0 1.0017377342486713
38.19 1.0114851570557413 0.0 1.001601408877479
38.2 1.0113647798970102 0.0 1.0014651347048062
38.21 1.0112446049714658 0.0 1.0013289126776268
38.22 1.0111246301660033 0.0 1.0011927437272286
38.230000000000004 1.0110048532235416 0.0 1.001056628768827
38.24 1.0108852717434025 0.0 1.000920568701105
38.25 1.0107658831818234 0.0 1.0007845644058695
38.26 1.010646684852608 0.0 1.0006486167476387
38.27 1.010527673927913 0.0 1.0005127265732434
38.28 1.0104088474391728 0.0 1.0003768947114868
38.29 1.0102902022781592 0.0 1.000241121972752
38.300000000000004 1.010171735198177 0.0 1.0001054091486534
38.31 1.0100534428153947 0.0 0.9999697570116668
38.32 1.0099353216103109 0.0 0.9998341663148199
38.33 1.0098173679293505 0.0 0.9996986377913336
38.34 1.009699577986599 0.0 0.9995631721542972
38.35 1.0095819478656614 0.0 0.999427770096372
38.36 1.009464473521657 0.0 0.9992924322894522
38.37 1.0093471507833383 0.0 0.9991571593844055
38.38 1.0092299753553386 0.0 0.9990219520107562
38.39 1.0091129428205459 0.0 0.9988868107764166
38.4 1.0089960486425964 0.0 0.9987517362674043
38.410000000000004 1.0088792881684918 0.0 0.9986167290476237
38.42 1.0087626566313372 0.0 0.9984817896585639
38.43 1.008646149153192 0.0 0.9983469186191006
38.44 1.008529760748037 0.0 0.9982121164252463
38.45 1.008413486324856 0.0 0.9980773835499366
38.46 1.0082973206908215 0.0 0.9979427204428217
38.47 1.008181258554592 0.0 0.9978081275300859
38.480000000000004 1.0080652945297106 0.0 0.9976736052142305
38.49 1.007949423138104 0.0 0.9975391538739244
38.5 1.007833638813681 0.0 0.9974047738638245
38.51 1.0077179359060242 0.0 0.9972704655144293
38.52 1.0076023086841734 0.0 0.9971362291319364
38.53 1.0074867513404968 0.0 0.9970020649981054
38.54 1.007371257994646 0.0 0.9968679733701501
38.550000000000004 1.0072558226975943 0.0 0.9967339544806059
38.56 1.0071404394357484 0.0 0.99660000853725
38.57 1.007025102135136 0.0 0.9964661357230201
38.58 1.0069098046656637 0.0 0.9963323361959191
38.59 1.0067945408454375 0.0 0.996198610088967
38.6 1.006679304445149 0.0 0.9960649575101506
38.61 1.0065640891925154 0.0 0.9959313785423533
38.62 1.0064488887767764 0.0 0.995797873243366
38.63 1.0063336968532381 0.0 0.9956644416458514
38.64 1.006218507047864 0.0 0.9955310837573257
38.65 1.0061033129619052 0.0 0.995397799560171
38.660000000000004 1.0059881081765694 0.0 0.9952645890116663
38.67 1.0058728862577193 0.0 0.9951314520439963
38.68 1.0057576407606017 0.0 0.9949983885642917
38.69 1.0056423652345985 0.0 0.9948653984546797
38.7 1.0055270532279965 0.0 0.9947324815723693
38.71 1.005411698292773 0.0 0.9945996377496726
38.72 1.0052962939893897 0.0 0.9944668667941469
38.730000000000004 1.0051808338915948 0.0 0.9943341684886431
38.74 1.0050653115912223 0.0 0.9942015425914326
38.75 1.0049497207029914 0.0 0.9940689888363285
38.76 1.0048340548692951 0.0 0.9939365069328009
38.77 1.0047183077649786 0.0 0.9938040965661191
38.78 1.0046024731020986 0.0 0.9936717573975001
38.79 1.0044865446346618 0.0 0.9935394890642693
38.800000000000004 1.0043705161633385 0.0 0.9934072911800332
38.81 1.004254381540144 0.0 0.9932751633348534
38.82 1.0041381346730849 0.0 0.9931431050954516
38.83 1.0040217695307692 0.0 0.9930111160053814
38.84 1.003905280146969 0.0 0.9928791955852789
38.85 1.003788660625137 0.0 0.9927473433330407
38.86 1.0036719051428715 0.0 0.9926155587240959
38.87 1.0035550079563245 0.0 0.9924838412116163
38.88 1.0034379634045476 0.0 0.9923521902267791
38.89 1.0033207659137777 0.0 0.9922206051790254
38.9 1.0032034100016485 0.0 0.9920890854563175
38.910000000000004 1.0030858902813342 0.0 0.9919576304254366
38.92 1.002968201465614 0.0 0.9918262394322503
38.93 1.002850338370859 0.0 0.9916949118020161
38.94 1.0027322959209308 0.0 0.9915636468396773
38.95 1.0026140691509997 0.0 0.9914324438301937
38.96 1.0024956532112634 0.0 0.9913013020388359
38.97 1.0023770433705785 0.0 0.9911702207115222
38.980000000000004 1.0022582350199905 0.0 0.9910391990751641
38.99 1.0021392236761635 0.0 0.9909082363379966
39.0 1.0020200049847057 0.0 0.9907773316899412
39.01 1.0019005747233891 0.0 0.9906464843029444
39.02 1.001780928805257 0.0 0.9905156933313569
39.03 1.0016610632816192 0.0 0.9903849579123044
39.04 1.001540974344934 0.0 0.9902542771660626
39.050000000000004 1.001420658331568 0.0 0.9901236501964327
39.06 1.0013001117244396 0.0 0.9899930760911535
39.07 1.0011793311555357 0.0 0.9898625539222653
39.08 1.001058313408307 0.0 0.9897320827465448
39.09 1.0009370554199337 0.0 0.9896016616058988
39.1 1.0008155542834622 0.0 0.9894712895277594
39.11 1.0006938072498128 0.0 0.9893409655255362
39.12 1.0005718117296538 0.0 0.9892106885990082
39.13 1.0004495652951408 0.0 0.9890804577347615
39.14 1.000327065681522 0.0 0.9889502719066283
39.15 1.000204310788605 0.0 0.9888201300761085
39.160000000000004 1.0000812986820884 0.0 0.9886900311928215
39.17 0.9999580275947527 0.0 0.9885599741949296
39.18 0.9998344959275117 0.0 0.9884299580096118
39.19 0.9997107022503244 0.0 0.9882999815534894
39.2 0.9995866453029658 0.0 0.9881700437330805
39.21 0.9994623239956558 0.0 0.9880401434452654
39.22 0.9993377374095476 0.0 0.9879102795777386
39.230000000000004 0.9992128847970739 0.0 0.9877804510094703
39.24 0.9990877655821508 0.0 0.9876506566111535
39.25 0.9989623793602429 0.0 0.9875208952456879
39.26 0.9988367258982834 0.0 0.9873911657686248
39.27 0.9987108051344565 0.0 0.9872614670286418
39.28 0.9985846171778385 0.0 0.9871317978680242
39.29 0.9984581623078995 0.0 0.9870021571230854
39.300000000000004 0.9983314409738666 0.0 0.9868725436246921
39.31 0.9982044537939505 0.0 0.9867429561986867
39.32 0.9980772015544334 0.0 0.9866133936663859
39.33 0.997949685208624 0.0 0.9864838548450264
39.34 0.9978219058756792 0.0 0.9863543385482376
39.35 0.9976938648392892 0.0 0.9862248435865206
39.36 0.9975655635462382 0.0 0.9860953687676924
39.37 0.9974370036048311 0.0 0.9859659128973716
39.38 0.9973081867831967 0.0 0.9858364747794252
39.39 0.9971791150074638 0.0 0.9857070532164276
39.4 0.9970497903598166 0.0 0.9855776470101403
39.410000000000004 0.9969202150764258 0.0 0.9854482549619464
39.42 0.9967903915452685 0.0 0.9853188758733158
39.43 0.9966603223038237 0.0 0.985189508546268
39.44 0.9965300100366624 0.0 0.9850601517837964
39.45 0.9963994575729224 0.0 0.9849308043903388
39.46 0.9962686678836771 0.0 0.9848014651722082
39.47 0.9961376440792009 0.0 0.9846721329380435
39.480000000000004 0.9960063894061303 0.0 0.9845428064992309
39.49 0.9958749072445283 0.0 0.9844134846703458
39.5 0.9957432011048521 0.0 0.984284166269596
39.51 0.9956112746248291 0.0 0.9841548501192188
39.52 0.9954791315662443 0.0 0.9840255350459248
39.53 0.9953467758116399 0.0 0.9838962198813016
39.54 0.9952142113609364 0.0 0.9837669034622374
39.550000000000004 0.9950814423279716 0.0 0.9836375846313181
39.56 0.9949484729369659 0.0 0.9835082622372215
39.57 0.9948153075189179 0.0 0.9833789351351406
39.58 0.9946819505079276 0.0 0.9832496021871459
39.59 0.9945484064374622 0.0 0.9831202622626002
39.6 0.9944146799365556 0.0 0.9829909142385
39.61 0.9942807757259544 0.0 0.9828615569998946
39.62 0.9941466986142129 0.0 0.9827321894402326
39.63 0.9940124534937357 0.0 0.9826028104617105
39.64 0.9938780453367783 0.0 0.9824734189756577
39.65 0.9937434791914076 0.0 0.9823440139028655
39.660000000000004 0.9936087601774228 0.0 0.982214594173939
39.67 0.9934738934822464 0.0 0.982085158729645
39.68 0.9933388843567849 0.0 0.9819557065212065
39.69 0.9932037381112652 0.0 0.98182623651067
39.7 0.9930684601110508 0.0 0.981696747671188
39.71 0.9929330557724404 0.0 0.9815672389873612
39.72 0.9927975305584538 0.0 0.9814377094554947
39.730000000000004 0.9926618899746106 0.0 0.9813081580839431
39.74 0.9925261395647017 0.0 0.9811785838933603
39.75 0.9923902849065624 0.0 0.9810489859169937
39.76 0.9922543316078468 0.0 0.9809193632009716
39.77 0.9921182853018099 0.0 0.9807897148045386
39.78 0.9919821516431013 0.0 0.9806600398003292
39.79 0.9918459363035723 0.0 0.9805303372746165
39.800000000000004 0.9917096449681024 0.0 0.9804006063275649
39.81 0.9915732833304478 0.0 0.9802708460734365
39.82 0.9914368570891152 0.0 0.9801410556408475
39.83 0.9913003719432679 0.0 0.9800112341729564
39.84 0.9911638335886606 0.0 0.9798813808277042
39.85 0.9910272477136137 0.0 0.9797514947779972
39.86 0.9908906199950298 0.0 0.9796215752118971
39.87 0.9907539560944486 0.0 0.9794916213328282
39.88 0.9906172616541532 0.0 0.9793616323597394
39.89 0.9904805422933243 0.0 0.9792316075272732
39.9 0.9903438036042493 0.0 0.9791015460859277
39.910000000000004 0.9902070511485854 0.0 0.978971447302225
39.92 0.990070290453686 0.0 0.9788413104588354
39.93 0.9899335270089856 0.0 0.9787111348547196
39.94 0.9897967662624529 0.0 0.9785809198052727
39.95 0.9896600136171101 0.0 0.9784506646424249
39.96 0.9895232744276244 0.0 0.9783203687147606
39.97 0.9893865539969723 0.0 0.9781900313876403
39.980000000000004 0.9892498575731776 0.0 0.9780596520432537
39.99 0.9891131903461328 0.0 0.9779292300807578
40.0 0.9889765574444952 0.0 0.9777987649163294
40.01 0.9888399639326679 0.0 0.9776682559832276
40.02 0.9887034148078692 0.0 0.9775377027318956
40.03 0.9885669149972804 0.0 0.9774071046299743
40.04 0.9884304693552901 0.0 0.9772764611623787
40.050000000000004 0.988294082660826 0.0 0.9771457718313201
40.06 0.9881577596147759 0.0 0.9770150361563605
40.07 0.9880215048375074 0.0 0.976884253674413
40.08 0.9878853228664765 0.0 0.9767534239397779
40.09 0.9877492181539397 0.0 0.9766225465241444
40.1 0.9876131950647554 0.0 0.9764916210165779
40.11 0.9874772578742902 0.0 0.9763606470235504
40.12 0.9873414107664215 0.0 0.9762296241688942
40.13 0.9872056578316406 0.0 0.9760985520937957
40.14 0.9870700030652586 0.0 0.9759674304567648
40.15 0.9869344503657114 0.0 0.9758362589336046
40.160000000000004 0.9867990035329677 0.0 0.9757050372173659
40.17 0.9866636662670418 0.0 0.9755737650182935
40.18 0.9865284421666064 0.0 0.9754424420637828
40.19 0.9863933347277078 0.0 0.9753110680983073
40.2 0.9862583473425885 0.0 0.9751796428833487
40.21 0.9861234832986081 0.0 0.9750481661973338
40.22 0.9859887457772687 0.0 0.9749166378355388
40.230000000000004 0.9858541378533446 0.0 0.9747850576099961
40.24 0.9857196624941102 0.0 0.974653425349421
40.25 0.9855853225586743 0.0 0.9745217408990946
40.26 0.9854511207974113 0.0 0.9743900041207586
40.27 0.9853170598514946 0.0 0.9742582148925045
40.28 0.9851831422525301 0.0 0.9741263731086537
40.29 0.9850493704222874 0.0 0.973994478679622
40.300000000000004 0.9849157466725285 0.0 0.9738625315318123
40.31 0.9847822732049326 0.0 0.9737305316074696
40.32 0.9846489521111187 0.0 0.9735984788645178
40.33 0.9845157853727583 0.0 0.9734663732764539
40.34 0.9843827748617844 0.0 0.9733342148321558
40.35 0.9842499223406883 0.0 0.9732020035357466
40.36 0.9841172294629102 0.0 0.9730697394064506
40.37 0.9839846977733125 0.0 0.9729374224783771
40.38 0.9838523287087432 0.0 0.9728050528003978
40.39 0.9837201235986829 0.0 0.9726726304359515
40.4 0.9835880836659731 0.0 0.9725401554628659
40.410000000000004 0.9834562100276256 0.0 0.9724076279731687
40.42 0.9833245036957119 0.0 0.9722750480729124
40.43 0.983192965578326 0.0 0.9721424158819693
40.44 0.983061596480625 0.0 0.9720097315338418
40.45 0.9829303971059382 0.0 0.9718769951754649
40.46 0.9827993680569493 0.0 0.9717442069669998
40.47 0.9826685098369432 0.0 0.9716113670816343
40.480000000000004 0.9825378228511195 0.0 0.9714784757053547
40.49 0.9824073074079682 0.0 0.9713455330367564
40.5 0.9822769637207054 0.0 0.9712125392868041
40.51 0.9821467919087671 0.0 0.9710794946786462
40.52 0.9820167919993563 0.0 0.9709463994473556
40.53 0.9818869639290448 0.0 0.9708132538397263
40.54 0.981757307545424 0.0 0.9706800581140523
40.550000000000004 0.9816278226088008 0.0 0.9705468125398746
40.56 0.9814985087939416 0.0 0.9704135173977723
40.57 0.981369365691856 0.0 0.970280172979123
40.58 0.981240392811617 0.0 0.9701467795858604
40.59 0.9811115895822229 0.0 0.9700133375302443
40.6 0.980982955354488 0.0 0.969879847134624
40.61 0.9808544894029659 0.0 0.9697463087311827
40.62 0.9807261909279003 0.0 0.9696127226617139
40.63 0.9805980590572017 0.0 0.9694790892773698
40.64 0.9804700928484443 0.0 0.9693454089384062
40.65 0.9803422912908846 0.0 0.9692116820139617
40.660000000000004 0.9802146533074957 0.0 0.9690779088817837
40.67 0.9800871777570164 0.0 0.9689440899280014
40.68 0.9799598634360089 0.0 0.968810225546863
40.69 0.9798327090809297 0.0 0.9686763161404948
40.7 0.9797057133702005 0.0 0.9685423621186492
40.71 0.979578874926288 0.0 0.9684083638984587
40.72 0.9794521923177786 0.0 0.9682743219041755
40.730000000000004 0.9793256640614547 0.0 0.9681402365669312
40.74 0.9791992886243647 0.0 0.9680061083244833
40.75 0.9790730644258846 0.0 0.9678719376209639
40.76 0.9789469898397709 0.0 0.967737724906625
40.77 0.9788210631962019 0.0 0.9676034706375973
40.78 0.9786952827837999 0.0 0.967469175275636
40.79 0.97856964685164 0.0 0.9673348392878698
40.800000000000004 0.9784441536112379 0.0 0.967200463146563
40.81 0.9783188012385144 0.0 0.9670660473288426
40.82 0.9781935878757361 0.0 0.9669315923164845
40.83 0.9780685116334298 0.0 0.9667970985956411
40.84 0.977943570592268 0.0 0.9666625666565927
40.85 0.9778187628049221 0.0 0.9665279969935411
40.86 0.9776940862978841 0.0 0.9663933901043253
40.87 0.9775695390732524 0.0 0.9662587464901953
40.88 0.9774451191104805 0.0 0.966124066655572
40.89 0.9773208243680864 0.0 0.9659893511078043
40.9 0.9771966527853245 0.0 0.9658546003569423
40.910000000000004 0.9770726022838082 0.0 0.9657198149154826
40.92 0.9769486707690972 0.0 0.9655849952981463
40.93 0.9768248561322301 0.0 0.9654501420216427
40.94 0.9767011562512182 0.0 0.9653152556044395
40.95 0.9765775689924833 0.0 0.965180336566541
40.96 0.9764540922122505 0.0 0.9650453854292345
40.97 0.9763307237578871 0.0 0.964910402714893
40.980000000000004 0.9762074614691896 0.0 0.9647753889467391
40.99 0.9760843031796176 0.0 0.9646403446486319
41.0 0.9759612467174708 0.0 0.9645052703448346
41.01 0.9758382899070118 0.0 0.9643701665598111
41.02 0.9757154305695338 0.0 0.9642350338180066
41.03 0.9755926665243654 0.0 0.9640998726436223
41.04 0.9754699955898237 0.0 0.9639646835604363
41.050000000000004 0.975347415584103 0.0 0.9638294670915676
41.06 0.9752249243261075 0.0 0.9636942237592793
41.07 0.9751025196362212 0.0 0.9635589540847956
41.08 0.9749801993370195 0.0 0.963423658588073
41.09 0.9748579612539184 0.0 0.963288337787615
41.1 0.9747358032157634 0.0 0.963152992200289
41.11 0.9746137230553568 0.0 0.9630176223411285
41.12 0.9744917186099236 0.0 0.9628822287231253
41.13 0.9743697877215154 0.0 0.9627468118570801
41.14 0.9742479282373548 0.0 0.9626113722513969
41.15 0.9741261380101158 0.0 0.9624759104118957
41.160000000000004 0.9740044148981453 0.0 0.9623404268416601
41.17 0.9738827567656232 0.0 0.9622049220408433
41.18 0.9737611614826613 0.0 0.9620693965065125
41.19 0.9736396269253449 0.0 0.961933850732459
41.2 0.9735181509757109 0.0 0.9617982852090774
41.21 0.9733967315216714 0.0 0.9616627004231296
41.22 0.9732753664568766 0.0 0.9615270968576812
41.230000000000004 0.9731540536805202 0.0 0.9613914749918616
41.24 0.9730327910970914 0.0 0.9612558353007595
41.25 0.9729115766160654 0.0 0.9611201782552653
41.26 0.9727904081515466 0.0 0.960984504321921
41.27 0.9726692836218525 0.0 0.9608488139627687
41.28 0.9725482009490467 0.0 0.9607131076352401
41.29 0.972427158058422 0.0 0.9605773857919845
41.300000000000004 0.9723061528779305 0.0 0.960441648880772
41.31 0.972185183337569 0.0 0.9603058973443392
41.32 0.9720642473687118 0.0 0.9601701316202605
41.33 0.971943342903402 0.0 0.9600343521408575
41.34 0.971822467873595 0.0 0.9598985593330466
41.35 0.9717016202103614 0.0 0.9597627536182378
41.36 0.9715807978430461 0.0 0.9596269354122118
41.37 0.971459998698389 0.0 0.9594911051250345
41.38 0.9713392206996064 0.0 0.9593552631609304
41.39 0.971218461765439 0.0 0.9592194099181846
41.4 0.971097719809159 0.0 0.959083545789047
41.410000000000004 0.9709769927375512 0.0 0.9589476711596265
41.42 0.970856278449859 0.0 0.9588117864098218
41.43 0.9707355748367021 0.0 0.958675891913208
41.44 0.9706148797789685 0.0 0.958539988036967
41.45 0.9704941911466771 0.0 0.9584040751417993
41.46 0.9703735067978241 0.0 0.9582681535818502
41.47 0.970252824577201 0.0 0.9581322237046186
41.480000000000004 0.9701321423151982 0.0 0.957996285850916
41.49 0.970011457826591 0.0 0.9578603403547584
41.5 0.9698907689093079 0.0 0.9577243875433462
41.51 0.9697700733431902 0.0 0.9575884277369572
41.52 0.9696493688887383 0.0 0.9574524612489151
41.53 0.9695286532858515 0.0 0.9573164883855387
41.54 0.9694079242525592 0.0 0.957180509446073
41.550000000000004 0.9692871794837518 0.0 0.9570445247226509
41.56 0.969166416649907 0.0 0.9569085345002383
41.57 0.9690456333958172 0.0 0.956772539056604
41.58 0.968924827339321 0.0 0.9566365386622836
41.59 0.9688039960700392 0.0 0.9565005335805301
41.6 0.9686831371481176 0.0 0.9563645240672863
41.61 0.9685622481029806 0.0 0.9562285103711604
41.62 0.9684413264320936 0.0 0.9560924927334122
41.63 0.9683203695997458 0.0 0.955956471387892
41.64 0.9681993750358422 0.0 0.955820446561075
41.65 0.9680783401347199 0.0 0.9556844184719933
41.660000000000004 0.9679572622539809 0.0 0.9555483873322658
41.67 0.9678361387133526 0.0 0.9554123533460502
41.68 0.9677149667935687 0.0 0.9552763167100764
41.69 0.9675937437352824 0.0 0.9551402776136233
41.7 0.967472466738006 0.0 0.9550042362384902
41.71 0.9673511329590826 0.0 0.954868192759062
41.72 0.9672297395126941 0.0 0.9547321473422589
41.730000000000004 0.9671082834689031 0.0 0.9545961001475693
41.74 0.9669867618527346 0.0 0.9544600513270758
41.75 0.9668651716432954 0.0 0.954324001025428
41.76 0.9667435097729387 0.0 0.954187949379909
41.77 0.9666217731264722 0.0 0.954051896520417
41.78 0.9664999585404104 0.0 0.9539158425695106
41.79 0.9663780628022784 0.0 0.9537797876424273
41.800000000000004 0.9662560826499627 0.0 0.9536437318471185
41.81 0.9661340147711155 0.0 0.9535076752842803
41.82 0.9660118558026126 0.0 0.9533716180473752
41.83 0.9658896023300663 0.0 0.9532355602226936
41.84 0.9657672508873953 0.0 0.9530995018893669
41.85 0.9656447979564544 0.0 0.9529634431194454
41.86 0.9655222399667233 0.0 0.9528273839779096
41.87 0.9653995732950584 0.0 0.9526913245227324
41.88 0.9652767942655078 0.0 0.9525552648049419
41.89 0.9651538991491909 0.0 0.9524192048686555
41.9 0.9650308841642454 0.0 0.9522831447511494
41.910000000000004 0.9649077454758406 0.0 0.9521470844829111
41.92 0.9647844791962604 0.0 0.952011024087708
41.93 0.9646610813850581 0.0 0.9518749635826466
41.94 0.9645375480492792 0.0 0.9517389029782274
41.95 0.9644138751437592 0.0 0.9516028422784407
41.96 0.9642900585714961 0.0 0.9514667814808058
41.97 0.9641660941840933 0.0 0.95133072057648
41.980000000000004 0.9640419777822822 0.0 0.9511946595502999
41.99 0.9639177051165179 0.0 0.9510585983808804
42.0 0.9637932718876557 0.0 0.9509225370406903
42.01 0.9636686737477012 0.0 0.9507864754961268
42.02 0.9635439063006411 0.0 0.9506504137076135
42.03 0.9634189651033533 0.0 0.9505143516296831
42.04 0.9632938456665956 0.0 0.9503782892110562
42.050000000000004 0.9631685434560757 0.0 0.9502422263947387
42.06 0.9630430538935972 0.0 0.9501061631181256
42.07 0.9629173723582939 0.0 0.9499700993130821
42.08 0.962791494187937 0.0 0.9498340349060396
42.09 0.9626654146803272 0.0 0.9496979698180968
42.1 0.9625391290947679 0.0 0.9495619039651245
42.11 0.9624126326536173 0.0 0.9494258372578825
42.12 0.962285920543922 0.0 0.9492897696020691
42.13 0.962158987919134 0.0 0.9491537008985003
42.14 0.9620318299009027 0.0 0.9490176310431576
42.15 0.9619044415809502 0.0 0.9488815599273354
42.160000000000004 0.9617768180230272 0.0 0.9487454874377232
42.17 0.9616489542649442 0.0 0.948609413456543
42.18 0.9615208453206856 0.0 0.9484733378616346
42.19 0.961392486182597 0.0 0.9483372605266052
42.2 0.9612638718236534 0.0 0.9482011813209101
42.21 0.9611349971998004 0.0 0.9480651001099951
42.22 0.9610058572523746 0.0 0.9479290167554039
42.230000000000004 0.960876446910594 0.0 0.947792931114901
42.24 0.9607467610941243 0.0 0.9476568430426001
42.25 0.9606167947157166 0.0 0.9475207523890767
42.26 0.960486542683916 0.0 0.9473846590014837
42.27 0.96035599990584 0.0 0.9472485627237027
42.28 0.9602251612900248 0.0 0.9471124633964424
42.29 0.9600940217493374 0.0 0.9469763608573831
42.300000000000004 0.9599625762039556 0.0 0.9468402549412898
42.31 0.9598308195844083 0.0 0.9467041454801531
42.32 0.9596987468346792 0.0 0.9465680323033036
42.33 0.9595663529153713 0.0 0.9464319152375612
42.34 0.9594336328069287 0.0 0.9462957941073519
42.35 0.9593005815129144 0.0 0.9461596687348288
42.36 0.9591671940633435 0.0 0.9460235389400314
42.37 0.9590334655180672 0.0 0.9458874045409874
42.38 0.9588993909702087 0.0 0.9457512653538641
42.39 0.9587649655496454 0.0 0.9456151211930968
42.4 0.9586301844265388 0.0 0.9454789718715102
42.410000000000004 0.9584950428149042 0.0 0.9453428172004684
42.42 0.958359535976225 0.0 0.9452066569900125
42.43 0.9582236592231033 0.0 0.9450704910489547
42.44 0.958087407922947 0.0 0.9449343191850598
42.45 0.95795077750169 0.0 0.9447981412051474
42.46 0.9578137634475418 0.0 0.9446619569152452
42.47 0.9576763613147689 0.0 0.9445257661206982
42.480000000000004 0.9575385667274956 0.0 0.9443895686263306
42.49 0.9574003753835316 0.0 0.9442533642365544
42.5 0.9572617830582164 0.0 0.9441171527555186
42.51 0.9571227856082818 0.0 0.9439809339872287
42.52 0.9569833789757263 0.0 0.9438447077356782
42.53 0.9568435591916997 0.0 0.9437084738050036
42.54 0.9567033223803988 0.0 0.9435722319995786
42.550000000000004 0.9565626647629591 0.0 0.9434359821241692
42.56 0.9564215826613575 0.0 0.9432997239840633
42.57 0.9562800725023045 0.0 0.9431634573851773
42.58 0.956138130821134 0.0 0.9430271821342149
42.59 0.9559957542656863 0.0 0.9428908980387657
42.6 0.9558529396001747 0.0 0.9427546049074585
42.61 0.9557096837090395 0.0 0.942618302550056
42.62 0.9555659836007823 0.0 0.9424819907776104
42.63 0.9554218364117776 0.0 0.9423456694025594
42.64 0.9552772394100587 0.0 0.9422093382388623
42.65 0.955132189999075 0.0 0.9420729971021274
42.660000000000004 0.9549866857214157 0.0 0.941936645809711
42.67 0.9548407242624977 0.0 0.9418002841808562
42.68 0.9546943034542134 0.0 0.9416639120367928
42.69 0.9545474212785359 0.0 0.9415275292008689
42.7 0.9544000758710777 0.0 0.9413911354986483
42.71 0.9542522655245969 0.0 0.9412547307580338
42.72 0.9541039886924523 0.0 0.9411183148093816
42.730000000000004 0.9539552439920003 0.0 0.9409818874855931
42.74 0.9538060302079294 0.0 0.9408454486222396
42.75 0.9536563462955321 0.0 0.9407089980576576
42.76 0.953506191383909 0.0 0.9405725356330589
42.77 0.9533555647791 0.0 0.9404360611926326
42.78 0.9532044659671424 0.0 0.9402995745836237
42.79 0.9530528946170485 0.0 0.940163075656485
42.800000000000004 0.9529008505837039 0.0 0.9400265642648937
42.81 0.9527483339106794 0.0 0.9398900402659218
42.82 0.9525953448329552 0.0 0.9397535035200851
42.83 0.9524418837795509 0.0 0.9396169538914303
42.84 0.9522879513760639 0.0 0.9394803912476537
42.85 0.9521335484471072 0.0 0.939343815460152
42.86 0.9519786760186464 0.0 0.9392072264041251
42.87 0.9518233353202303 0.0 0.93907062395865
42.88 0.9516675277871164 0.0 0.938934008006756
42.89 0.9515112550622844 0.0 0.9387973784355081
42.9 0.9513545189983336 0.0 0.9386607351360777
42.910000000000004 0.9511973216592668 0.0 0.9385240780037954
42.92 0.9510396653221517 0.0 0.9383874069382456
42.93 0.9508815524786615 0.0 0.9382507218433281
42.94 0.9507229858364893 0.0 0.9381140226272859
42.95 0.9505639683206346 0.0 0.9379773092028137
42.96 0.9504045030745589 0.0 0.9378405814870824
42.97 0.9502445934612087 0.0 0.9377038394018024
42.980000000000004 0.9500842430639028 0.0 0.9375670828732707
42.99 0.9499234556870809 0.0 0.937430311832439
43.0 0.9497622353569132 0.0 0.9372935262149338
43.01 0.9496005863217665 0.0 0.9371567259611091
43.02 0.949438513052526 0.0 0.9370199110160926
43.03 0.9492760202427725 0.0 0.9368830813298072
43.04 0.9491131128088077 0.0 0.9367462368570307
43.050000000000004 0.9489497958895323 0.0 0.9366093775573897
43.06 0.9487860748461723 0.0 0.9364725033954314
43.07 0.9486219552618486 0.0 0.9363356143406034
43.08 0.948457442940997 0.0 0.9361987103673146
43.09 0.9482925439086274 0.0 0.9360617914549287
43.1 0.948127264409428 0.0 0.9359248575877902
43.11 0.94796161090671 0.0 0.9357879087552368
43.12 0.9477955900811951 0.0 0.9356509449516041
43.13 0.947629208829638 0.0 0.9355139661762318
43.14 0.947462474263293 0.0 0.9353769724334764
43.15 0.9472953937062155 0.0 0.9352399637327039
43.160000000000004 0.9471279746934029 0.0 0.9351029400882785
43.17 0.9469602249687713 0.0 0.9349659015195784
43.18 0.9467921524829731 0.0 0.9348288480509602
43.19 0.9466237653910464 0.0 0.9346917797117608
43.2 0.9464550720499068 0.0 0.9345546965362889
43.21 0.946286081015673 0.0 0.9344175985637916
43.22 0.9461168010408321 0.0 0.9342804858384325
43.230000000000004 0.9459472410712424 0.0 0.9341433584092786
43.24 0.9457774102429758 0.0 0.9340062163302505
43.25 0.9456073178789974 0.0 0.9338690596601253
43.26 0.9454369734856898 0.0 0.9337318884624652
43.27 0.945266386749214 0.0 0.9335947028055968
43.28 0.9450955675317179 0.0 0.9334575027625824
43.29 0.9449245258673834 0.0 0.9333202884111419
43.300000000000004 0.9447532719583256 0.0 0.9331830598336295
43.31 0.9445818161703327 0.0 0.9330458171169992
43.32 0.9444101690284585 0.0 0.9329085603527101
43.33 0.9442383412124661 0.0 0.9327712896366972
43.34 0.9440663435521213 0.0 0.9326340050693095
43.35 0.9438941870223445 0.0 0.9324967067552358
43.36 0.943721882738218 0.0 0.9323593948034636
43.37 0.9435494419498535 0.0 0.9322220693271759
43.38 0.9433768760371228 0.0 0.9320847304437087
43.39 0.9432041965042547 0.0 0.9319473782744706
43.4 0.9430314149742963 0.0 0.9318100129448502
43.410000000000004 0.9428585431834499 0.0 0.9316726345841649
43.42 0.9426855929752833 0.0 0.9315352433255347
43.43 0.9425125762948156 0.0 0.9313978393058518
43.44 0.9423395051824882 0.0 0.931260422665642
43.45 0.9421663917680168 0.0 0.9311229935490158
43.46 0.9419932482641348 0.0 0.9309855521035316
43.47 0.9418200869602285 0.0 0.9308480984801415
43.480000000000004 0.9416469202158676 0.0 0.930710632833064
43.49 0.941473760454239 0.0 0.9305731553196956
43.5 0.9413006201554821 0.0 0.9304356661004977
43.51 0.9411275118499357 0.0 0.9302981653389095
43.52 0.9409544481112985 0.0 0.930160653201207
43.53 0.940781441549706 0.0 0.9300231298564272
43.54 0.9406085048047333 0.0 0.9298855954762388
43.550000000000004 0.9404356505383235 0.0 0.9297480502348117
43.56 0.940262891427648 0.0 0.9296104943087258
43.57 0.9400902401579083 0.0 0.9294729278768336
43.58 0.9399177094150764 0.0 0.9293353511201549
43.59 0.9397453118785866 0.0 0.9291977642217263
43.6 0.9395730602139775 0.0 0.9290601673664928
43.61 0.9394009670654955 0.0 0.9289225607411905
43.62 0.9392290450486604 0.0 0.928784944534189
43.63 0.9390573067428023 0.0 0.9286473189353766
43.64 0.9388857646835728 0.0 0.9285096841360199
43.65 0.938714431355436 0.0 0.9283720403286467
43.660000000000004 0.9385433191841496 0.0 0.9282343877068772
43.67 0.9383724405292346 0.0 0.9280967264653108
43.68 0.9382018076764462 0.0 0.9279590567993736
43.69 0.9380314328302468 0.0 0.9278213789051809
43.7 0.9378613281062911 0.0 0.9276836929793997
43.71 0.9376915055239248 0.0 0.9275459992190869
43.72 0.937521976998708 0.0 0.9274082978215572
43.730000000000004 0.9373527543349657 0.0 0.9272705889842416
43.74 0.9371838492183706 0.0 0.9271328729045117
43.75 0.9370152732085705 0.0 0.9269951497795574
43.76 0.9368470377318567 0.0 0.9268574198062498
43.77 0.9366791540738892 0.0 0.926719683180922
43.78 0.936511633372478 0.0 0.9265819400992965
43.79 0.9363444866104291 0.0 0.9264441907562765
43.800000000000004 0.9361777246084624 0.0 0.9263064353458249
43.81 0.9360113580182042 0.0 0.926168674060795
43.82 0.9358453973152656 0.0 0.9260309070927574
43.83 0.9356798527924042 0.0 0.9258931346318828
43.84 0.9355147345527868 0.0 0.9257553568667518
43.85 0.9353500525033475 0.0 0.9256175739842123
43.86 0.9351858163482543 0.0 0.9254797861692124
43.87 0.935022035582489 0.0 0.9253419936046532
43.88 0.9348587194855411 0.0 0.9252041964712279
43.89 0.9346958771152308 0.0 0.9250663949472445
43.9 0.934533517301656 0.0 0.9249285892084945
43.910000000000004 0.9343716486412772 0.0 0.9247907794280747
43.92 0.9342102794911413 0.0 0.9246529657762309
43.93 0.9340494179632519 0.0 0.9245151484202083
43.94 0.9338890719190892 0.0 0.9243773275240649
43.95 0.9337292489642864 0.0 0.9242395032485523
43.96 0.9335699564434681 0.0 0.9241016757509245
43.97 0.9334112014352529 0.0 0.9239638451847872
43.980000000000004 0.9332529907474287 0.0 0.9238260116999525
43.99 0.9330953309123011 0.0 0.9236881754422512
44.0 0.9329382281822248 0.0 0.9235503365534107
44.01 0.932781688525318 0.0 0.9234124951708604
44.02 0.9326257176213645 0.0 0.923274651427616
44.03 0.9324703208579119 0.0 0.9231368054520747
44.04 0.9323155033265642 0.0 0.9229989573679113
44.050000000000004 0.9321612698194759 0.0 0.9228611072938661
44.06 0.932007624826052 0.0 0.922723255343647
44.07 0.9318545725298548 0.0 0.9225854016257407
44.08 0.9317021168057223 0.0 0.92244754624327
44.09 0.9315502612171024 0.0 0.9223096892938222
44.1 0.9313990090136041 0.0 0.9221718308693424
44.11 0.9312483631287688 0.0 0.9220339710559433
44.12 0.9310983261780668 0.0 0.9218961099337687
44.13 0.9309489004571176 0.0 0.9217582475768548
44.14 0.9308000879401397 0.0 0.9216203840529599
44.15 0.9306518902786292 0.0 0.9214825194234545
44.160000000000004 0.9305043088002725 0.0 0.9213446537431337
44.17 0.9303573445080898 0.0 0.9212067870601091
44.18 0.9302109980798183 0.0 0.9210689194156597
44.19 0.930065269867527 0.0 0.9209310508440741
44.2 0.9299201598974729 0.0 0.9207931813725357
44.21 0.9297756678701936 0.0 0.9206553110209601
44.22 0.9296317931608419 0.0 0.9205174398018806
44.230000000000004 0.9294885348197551 0.0 0.9203795677203028
44.24 0.92934589157327 0.0 0.9202416947735752
44.25 0.9292038618247739 0.0 0.9201038209512515
44.26 0.9290624436559967 0.0 0.9199659462349704
44.27 0.9289216348285417 0.0 0.9198280705983259
44.28 0.9287814327856563 0.0 0.9196901940067391
44.29 0.9286418346542393 0.0 0.9195523164173225
44.300000000000004 0.928502837247085 0.0 0.9194144377787777
44.31 0.9283644370653645 0.0 0.919276558031261
44.32 0.9282266303013383 0.0 0.9191386771062711
44.33 0.9280894128413011 0.0 0.9190007949265289
44.34 0.9279527802687615 0.0 0.9188629114058675
44.35 0.9278167278678427 0.0 0.9187250264491015
44.36 0.9276812506269156 0.0 0.9185871399519416
44.37 0.9275463432424484 0.0 0.9184492518008668
44.38 0.9274120001230823 0.0 0.9183113618730262
44.39 0.9272782153939212 0.0 0.9181734700361331
44.4 0.9271449829010352 0.0 0.9180355761483537
44.410000000000004 0.9270122962161759 0.0 0.9178976800582271
44.42 0.9268801486416982 0.0 0.9177597816045364
44.43 0.9267485332156841 0.0 0.9176218806162334
44.44 0.9266174427172668 0.0 0.9174839769123495
44.45 0.9264868696721473 0.0 0.9173460703018876
44.46 0.9263568063583036 0.0 0.9172081605837347
44.47 0.9262272448118845 0.0 0.9170702475465908
44.480000000000004 0.9260981768332822 0.0 0.9169323309688577
44.49 0.9259695939933835 0.0 0.9167944106185845
44.5 0.9258414876399899 0.0 0.9166564862533555
44.51 0.9257138489044027 0.0 0.9165185576202546
44.52 0.9255866687081671 0.0 0.9163806244557396
44.53 0.9254599377699723 0.0 0.9162426864856088
44.54 0.9253336466126973 0.0 0.9161047434249127
44.550000000000004 0.9252077855705998 0.0 0.9159667949778808
44.56 0.9250823447966395 0.0 0.915828840837866
44.57 0.9249573142699343 0.0 0.9156908806872838
44.58 0.9248326838033348 0.0 0.9155529141975405
44.59 0.9247084430511185 0.0 0.9154149410289698
44.6 0.9245845815167931 0.0 0.9152769608307899
44.61 0.9244610885610017 0.0 0.915138973241055
44.62 0.9243379534095257 0.0 0.9150009778865739
44.63 0.9242151651613754 0.0 0.9148629743828912
44.64 0.9240927127969613 0.0 0.9147249623342341
44.65 0.9239705851863443 0.0 0.9145869413334581
44.660000000000004 0.9238487710975473 0.0 0.9144489109620065
44.67 0.923727259204931 0.0 0.9143108707898835
44.68 0.9236060380976207 0.0 0.9141728203756113
44.69 0.9234850962879776 0.0 0.9140347592661955
44.7 0.9233644222201076 0.0 0.9138966869970885
44.71 0.9232440042784 0.0 0.9137586030921736
44.72 0.9231238307960887 0.0 0.9136205070637283
44.730000000000004 0.9230038900638258 0.0 0.9134823984124029
44.74 0.9228841703382629 0.0 0.9133442766272009
44.75 0.9227646598506324 0.0 0.9132061411854561
44.76 0.9226453468153172 0.0 0.9130679915528296
44.77 0.9225262194384053 0.0 0.9129298271832771
44.78 0.9224072659262197 0.0 0.9127916475190505
44.79 0.922288474493815 0.0 0.9126534519906896
44.800000000000004 0.9221698333734355 0.0 0.9125152400170154
44.81 0.9220513308229243 0.0 0.9123770110051144
44.82 0.9219329551340775 0.0 0.9122387643503614
44.83 0.9218146946409349 0.0 0.9121004994363997
44.84 0.9216965377280013 0.0 0.9119622156351606
44.85 0.921578472838388 0.0 0.9118239123068579
44.86 0.9214604884818699 0.0 0.911685588800012
44.87 0.9213425732428492 0.0 0.9115472444514537
44.88 0.9212247157882197 0.0 0.9114088785863257
44.89 0.9211069048751215 0.0 0.9112704905181297
44.9 0.9209891293585846 0.0 0.9111320795487315
44.910000000000004 0.9208713781990466 0.0 0.910993644968366
44.92 0.9207536404697476 0.0 0.9108551860556909
44.93 0.9206359053639839 0.0 0.9107167020778094
44.94 0.9205181622022243 0.0 0.9105781922902698
44.95 0.9204004004390776 0.0 0.9104396559371417
44.96 0.920282609670102 0.0 0.910301092251028
44.97 0.9201647796384586 0.0 0.9101625004530924
44.980000000000004 0.9200469002413951 0.0 0.9100238797531361
44.99 0.9199289615365566 0.0 0.909885229349594
45.0 0.9198109537481189 0.0 0.9097465484296274
45.01 0.9196928672727387 0.0 0.9096078361691168
45.02 0.919574692685311 0.0 0.9094690917327841
45.03 0.9194564207445355 0.0 0.9093303142741749
45.04 0.9193380423982827 0.0 0.9091915029357531
45.050000000000004 0.9192195487887527 0.0 0.9090526568489625
45.06 0.919100931257429 0.0 0.9089137751342595
45.07 0.9189821813498166 0.0 0.9087748569011975
45.08 0.9188632908199629 0.0 0.9086359012484996
45.09 0.9187442516347578 0.0 0.9084969072640948
45.1 0.9186250559780075 0.0 0.9083578740252333
45.11 0.9185056962542806 0.0 0.9082188005985143
45.12 0.9183861650925215 0.0 0.9080796860399852
45.13 0.9182664553494287 0.0 0.9079405293952227
45.14 0.9181465601125954 0.0 0.9078013296994117
45.15 0.9180264727034098 0.0 0.9076620859774215
45.160000000000004 0.9179061866797115 0.0 0.9075227972438886
45.17 0.9177856958382048 0.0 0.9073834625033168
45.18 0.917664994216624 0.0 0.9072440807501607
45.19 0.9175440760956496 0.0 0.9071046509689193
45.2 0.9174229360005763 0.0 0.9069651721342289
45.21 0.91730156870273 0.0 0.9068256432109709
45.22 0.9171799692206322 0.0 0.9066860631543567
45.230000000000004 0.9170581328209119 0.0 0.9065464309100486
45.24 0.9169360550189672 0.0 0.906406745414243
45.25 0.9168137315793717 0.0 0.9062670055937994
45.26 0.91669115851603 0.0 0.9061272103663404
45.27 0.916568332092079 0.0 0.9059873586403583
45.28 0.9164452488195425 0.0 0.9058474493153462
45.29 0.9163219054587292 0.0 0.9057074812818948
45.300000000000004 0.9161982990173867 0.0 0.9055674534218308
45.31 0.9160744267496053 0.0 0.9054273646083263
45.32 0.9159502861544756 0.0 0.9052872137060268
45.33 0.9158258749745034 0.0 0.9051469995711817
45.34 0.9157011911937822 0.0 0.9050067210517654
45.35 0.9155762330359252 0.0 0.9048663769876046
45.36 0.9154509989617634 0.0 0.9047259662105401
45.37 0.9153254876668048 0.0 0.9045854875445332
45.38 0.9151996980784711 0.0 0.9044449398057994
45.39 0.915073629353098 0.0 0.904304321802979
45.4 0.9149472808727199 0.0 0.9041636323372612
45.410000000000004 0.9148206522416291 0.0 0.9040228702025174
45.42 0.9146937432827233 0.0 0.9038820341854779
45.43 0.914566554033641 0.0 0.9037411230658547
45.44 0.9144390847426882 0.0 0.9036001356165045
45.45 0.9143113358645658 0.0 0.9034590706035861
45.46 0.9141833080558986 0.0 0.9033179267867026
45.47 0.9140550021705731 0.0 0.9031767029190719
45.480000000000004 0.9139264192548876 0.0 0.9030353977476873
45.49 0.9137975605425228 0.0 0.9028940100134667
45.5 0.9136684274493362 0.0 0.9027525384514327
45.51 0.9135390215679875 0.0 0.9026109817908632
45.52 0.9134093446624004 0.0 0.9024693387554726
45.53 0.9132793986620678 0.0 0.902327608063583
45.54 0.9131491856562043 0.0 0.9021857884282888
45.550000000000004 0.913018707887759 0.0 0.9020438785576251
45.56 0.9128879677472849 0.0 0.9019018771547616
45.57 0.9127569677666817 0.0 0.901759782918175
45.58 0.9126257106128145 0.0 0.9016175945418116
45.59 0.9124941990810136 0.0 0.9014753107153151
45.6 0.9123624360884662 0.0 0.9013329301241383
45.61 0.9122304246675064 0.0 0.9011904514498058
45.62 0.9120981679588096 0.0 0.901047873370048
45.63 0.9119656692044987 0.0 0.9009051945590197
45.64 0.911832931741172 0.0 0.9007624136874727
45.65 0.9116999589928577 0.0 0.9006195294229624
45.660000000000004 0.9115667544639054 0.0 0.9004765404300329
45.67 0.911433321731818 0.0 0.9003334453704188
45.68 0.911299664440038 0.0 0.9001902429032456
45.69 0.9111657862906899 0.0 0.9000469316852227
45.7 0.9110316910372922 0.0 0.8999035103708461
45.71 0.9108973824774405 0.0 0.8997599776126084
45.72 0.9107628644454759 0.0 0.8996163320611826
45.730000000000004 0.9106281408051453 0.0 0.8994725723656606
45.74 0.9104932154422534 0.0 0.8993286971737342
45.75 0.9103580922573313 0.0 0.8991847051319003
45.76 0.9102227751583092 0.0 0.8990405948856969
45.77 0.9100872680532189 0.0 0.8988963650798908
45.78 0.9099515748429231 0.0 0.8987520143587009
45.79 0.9098156994138812 0.0 0.8986075413660046
45.800000000000004 0.9096796456309636 0.0 0.8984629447455563
45.81 0.9095434173303188 0.0 0.8983182231412099
45.82 0.9094070183122994 0.0 0.8981733751971173
45.83 0.9092704523344578 0.0 0.8980283995579676
45.84 0.9091337231046194 0.0 0.8978832948691927
45.85 0.9089968342740361 0.0 0.8977380597771947
45.86 0.9088597894306331 0.0 0.8975926929295566
45.87 0.9087225920923517 0.0 0.8974471929752761
45.88 0.9085852457005984 0.0 0.8973015585649791
45.89 0.9084477536138046 0.0 0.8971557883511393
45.9 0.9083101191011052 0.0 0.8970098809883206
45.910000000000004 0.9081723453361435 0.0 0.8968638351333813
45.92 0.9080344353910064 0.0 0.8967176494457122
45.93 0.9078963922302995 0.0 0.8965713225874539
45.94 0.9077582187053643 0.0 0.896424853223725
45.95 0.9076199175486492 0.0 0.8962782400228462
45.96 0.9074814913682329 0.0 0.8961314816565892
45.97 0.9073429426425144 0.0 0.8959845768003594
45.980000000000004 0.9072042737150668 0.0 0.8958375241334661
45.99 0.9070654867896666 0.0 0.8956903223393242
46.0 0.9069265839254996 0.0 0.8955429701057032
46.01 0.906787567032552 0.0 0.895395466124919
46.02 0.9066484378671866 0.0 0.8952478090941202
46.03 0.9065091980279139 0.0 0.8950999977154336
46.04 0.9063698489513597 0.0 0.8949520306962864
46.050000000000004 0.9062303919084322 0.0 0.8948039067495581
46.06 0.9060908280006955 0.0 0.8946556245938356
46.07 0.9059511581569504 0.0 0.8945071829536494
46.08 0.9058113831300295 0.0 0.8943585805596871
46.09 0.9056715034938042 0.0 0.8942098161490161
46.1 0.9055315196404129 0.0 0.8940608884653255
46.11 0.9053914317777079 0.0 0.8939117962591324
46.12 0.9052512399269284 0.0 0.8937625382880133
46.13 0.9051109439205959 0.0 0.893613113316838
46.14 0.9049705434006415 0.0 0.8934635201179787
46.15 0.904830037816758 0.0 0.8933137574715305
46.160000000000004 0.9046894264249878 0.0 0.8931638241655413
46.17 0.90454870828654 0.0 0.8930137189962299
46.18 0.9044078822668425 0.0 0.8928634407681981
46.19 0.9042669470348274 0.0 0.8927129882946554
46.2 0.9041259010624514 0.0 0.892562360397639
46.21 0.9039847426244527 0.0 0.8924115559082123
46.22 0.903843469798341 0.0 0.8922605736667019
46.230000000000004 0.9037020804646227 0.0 0.8921094125228768
46.24 0.9035605723072613 0.0 0.8919580713362123
46.25 0.9034189428143714 0.0 0.8918065489760324
46.26 0.9032771892791457 0.0 0.8916548443217767
46.27 0.9031353088010107 0.0 0.8915029562631699
46.28 0.9029932982870178 0.0 0.8913508837004412
46.29 0.9028511544534579 0.0 0.8911986255445274
46.300000000000004 0.9027088738277048 0.0 0.8910461807172567
46.31 0.9025664527502822 0.0 0.8908935481515677
46.32 0.9024238873771535 0.0 0.8907407267917106
46.33 0.9022811736822293 0.0 0.8905877155933974
46.34 0.9021383074600922 0.0 0.8904345135240503
46.35 0.9019952843289362 0.0 0.8902811195629604
46.36 0.9018520997337122 0.0 0.8901275327014753
46.37 0.9017087489494846 0.0 0.8899737519431925
46.38 0.9015652270849882 0.0 0.8898197763041347
46.39 0.9014215290863826 0.0 0.8896656048129399
46.4 0.9012776497412052 0.0 0.8895112365110259
46.410000000000004 0.9011335836825096 0.0 0.8893566704527778
46.42 0.9009893253931943 0.0 0.8892019057057039
46.43 0.9008448692105089 0.0 0.889046941350626
46.44 0.9007002093307385 0.0 0.8888917764818205
46.45 0.9005553398140582 0.0 0.8887364102071973
46.46 0.9004102545895534 0.0 0.888580841648471
46.47 0.9002649474604008 0.0 0.8884250699412801
46.480000000000004 0.9001194121092032 0.0 0.8882690942353748
46.49 0.8999736421034757 0.0 0.8881129136947642
46.5 0.8998276309012706 0.0 0.8879565274978486
46.51 0.8996813718569449 0.0 0.8877999348375677
46.52 0.8995348582270526 0.0 0.8876431349215483
46.53 0.8993880831763683 0.0 0.8874861269722397
46.54 0.899241039784023 0.0 0.8873289102270455
46.550000000000004 0.8990937210497558 0.0 0.8871714839384417
46.56 0.8989461199002674 0.0 0.8870138473741203
46.57 0.8987982291956752 0.0 0.8868559998171125
46.58 0.8986500417360582 0.0 0.8866979405658936
46.59 0.8985015502680853 0.0 0.8865396689344943
46.6 0.8983527474917251 0.0 0.886381184252652
46.61 0.8982036260670212 0.0 0.8862224858658487
46.62 0.8980541786209372 0.0 0.8860635731354893
46.63 0.8979043977542516 0.0 0.8859044454389399
46.64 0.8977542760485077 0.0 0.8857451021696606
46.65 0.8976038060730003 0.0 0.885585542737285
46.660000000000004 0.8974529803918031 0.0 0.8854257665676998
46.67 0.8973017915708172 0.0 0.8852657731031319
46.68 0.8971502321848442 0.0 0.8851055618022357
46.69 0.896998294824671 0.0 0.88494513214016
46.7 0.8968459721041595 0.0 0.8847844836086032
46.71 0.8966932566673351 0.0 0.8846236157159169
46.72 0.8965401411954655 0.0 0.8844625279871232
46.730000000000004 0.8963866184141258 0.0 0.8843012199640061
46.74 0.8962326811002361 0.0 0.8841396912051389
46.75 0.8960783220890721 0.0 0.8839779412859418
46.76 0.8959235342812364 0.0 0.8838159697987397
46.77 0.895768310649584 0.0 0.8836537763527631
46.78 0.8956126442460987 0.0 0.8834913605742167
46.79 0.8954565282087078 0.0 0.8833287221063129
46.800000000000004 0.8952999557680335 0.0 0.8831658606092538
46.81 0.8951429202540708 0.0 0.8830027757602944
46.82 0.8949854151027854 0.0 0.8828394672537297
46.83 0.8948274338626281 0.0 0.8826759348009371
46.84 0.8946689702009557 0.0 0.8825121781303467
46.85 0.8945100179103529 0.0 0.882348196987459
46.86 0.8943505709148507 0.0 0.882183991134852
46.87 0.8941906232760336 0.0 0.8820195603521509
46.88 0.8940301691990273 0.0 0.8818549044360376
46.89 0.893869203038368 0.0 0.8816900232002107
46.9 0.8937077193037396 0.0 0.8815249164753727
46.910000000000004 0.8935457126655783 0.0 0.8813595841092177
46.92 0.8933831779605375 0.0 0.8811940259663743
46.93 0.8932201101968053 0.0 0.8810282419283845
46.94 0.8930565045592787 0.0 0.8808622318936489
46.95 0.8928923564145737 0.0 0.8806959957774007
46.96 0.8927276613158828 0.0 0.8805295335116365
46.97 0.8925624150076645 0.0 0.8803628450450651
46.980000000000004 0.892396613430167 0.0 0.88019593034305
46.99 0.8922302527237742 0.0 0.8800287893875456
47.0 0.8920633292331794 0.0 0.879861422177014
47.01 0.8918958395113756 0.0 0.8796938287263634
47.02 0.8917277803234608 0.0 0.8795260090668715
47.03 0.8915591486502571 0.0 0.8793579632460797
47.04 0.8913899416917364 0.0 0.879189691327735
47.050000000000004 0.8912201568702522 0.0 0.8790211933916691
47.06 0.8910497918335757 0.0 0.8788524695337084
47.07 0.8908788444577281 0.0 0.8786835198655807
47.08 0.8907073128496161 0.0 0.8785143445148006
47.09 0.8905351953494558 0.0 0.8783449436245524
47.1 0.8903624905329962 0.0 0.8781753173535815
47.11 0.8901891972135297 0.0 0.8780054658760708
47.12 0.8900153144436952 0.0 0.8778353893815132
47.13 0.8898408415170683 0.0 0.8776650880745899
47.14 0.8896657779695375 0.0 0.8774945621750226
47.15 0.8894901235804713 0.0 0.8773238119174488
47.160000000000004 0.8893138783736656 0.0 0.8771528375512676
47.17 0.8891370426180787 0.0 0.8769816393405088
47.18 0.8889596168283513 0.0 0.8768102175636567
47.19 0.8887816017651107 0.0 0.8766385725135191
47.2 0.8886029984350597 0.0 0.8764667044970524
47.21 0.8884238080908496 0.0 0.8762946138352097
47.22 0.8882440322307426 0.0 0.8761223008627642
47.230000000000004 0.8880636725980553 0.0 0.8759497659281423
47.24 0.8878827311803941 0.0 0.875777009393244
47.25 0.887701210208677 0.0 0.8756040316332697
47.26 0.8875191121559465 0.0 0.8754308330365392
47.27 0.8873364397359723 0.0 0.8752574140043005
47.28 0.8871531959016505 0.0 0.8750837749505254
47.29 0.886969383843194 0.0 0.8749099163017559
47.300000000000004 0.8867850069861261 0.0 0.8747358384968571
47.31 0.8866000689890665 0.0 0.8745615419868584
47.32 0.886414573741328 0.0 0.874387027234723
47.33 0.8862285253603126 0.0 0.8742122947151552
47.34 0.8860419281887172 0.0 0.8740373449143881
47.35 0.8858547867915524 0.0 0.8738621783299516
47.36 0.8856671059529742 0.0 0.8736867954704833
47.37 0.8854788906729337 0.0 0.8735111968554982
47.38 0.8852901461636496 0.0 0.873335383015154
47.39 0.8851008778459052 0.0 0.8731593544900391
47.4 0.8849110913451741 0.0 0.8729831118309515
47.410000000000004 0.8847207924875823 0.0 0.8728066555986401
47.42 0.8845299872957039 0.0 0.8726299863635953
47.43 0.8843386819842025 0.0 0.872453104705818
47.44 0.8841468829553168 0.0 0.8722760112145395
47.45 0.8839545967941989 0.0 0.8720987064880412
47.46 0.8837618302641075 0.0 0.871921191133364
47.47 0.8835685903014635 0.0 0.8717434657660859
47.480000000000004 0.8833748840107687 0.0 0.8715655310100643
47.49 0.8831807186594 0.0 0.8713873874971874
47.5 0.8829861016722744 0.0 0.8712090358671376
47.51 0.8827910406264003 0.0 0.8710304767671171
47.52 0.8825955432453144 0.0 0.8708517108516003
47.53 0.8823996173934082 0.0 0.8706727387820932
47.54 0.8822032710701563 0.0 0.8704935612268502
47.550000000000004 0.8820065124042474 0.0 0.8703141788606349
47.56 0.8818093496476239 0.0 0.8701345923644509
47.57 0.8816117911694367 0.0 0.8699548024252723
47.58 0.8814138454499217 0.0 0.8697748097357996
47.59 0.8812155210742038 0.0 0.8695946149941783
47.6 0.881016826726032 0.0 0.8694142189037418
47.61 0.880817771181454 0.0 0.8692336221727418
47.62 0.8806183633024378 0.0 0.8690528255140924
47.63 0.8804186120304395 0.0 0.8688718296450881
47.64 0.8802185263799331 0.0 0.8686906352871444
47.65 0.8800181154318999 0.0 0.8685092431655259
47.660000000000004 0.8798173883272885 0.0 0.8683276540090801
47.67 0.8796163542604485 0.0 0.8681458685499686
47.68 0.8794150224725464 0.0 0.8679638875234018
47.69 0.8792134022449697 0.0 0.867781711667363
47.7 0.8790115028927208 0.0 0.8675993417223318
47.71 0.8788093337578148 0.0 0.867416778431047
47.72 0.8786069042026773 0.0 0.8672340225381986
47.730000000000004 0.8784042236035587 0.0 0.8670510747901956
47.74 0.8782013013439613 0.0 0.8668679359348618
47.75 0.877998146808092 0.0 0.8666846067212031
47.76 0.8777947693743411 0.0 0.8665010878991241
47.77 0.8775911784087991 0.0 0.866317380219166
47.78 0.8773873832588106 0.0 0.8661334844322366
47.79 0.8771833932465747 0.0 0.8659494012893563
47.800000000000004 0.8769792176627984 0.0 0.8657651315413974
47.81 0.8767748657604049 0.0 0.8655806759388001
47.82 0.8765703467483037 0.0 0.8653960352313467
47.83 0.8763656697852307 0.0 0.8652112101678777
47.84 0.8761608439736585 0.0 0.8650262014960532
47.85 0.8759558783537857 0.0 0.8648410099620772
47.86 0.8757507818976091 0.0 0.8646556363104568
47.870000000000005 0.8755455635030827 0.0 0.8644700812837526
47.88 0.8753402319883693 0.0 0.8642843456223346
47.89 0.8751347960861915 0.0 0.864098430064113
47.9 0.8749292644382805 0.0 0.8639123353443152
47.910000000000004 0.8747236455899348 0.0 0.8637260621952229
47.92 0.8745179479846876 0.0 0.8635396113459571
47.93 0.8743121799590887 0.0 0.8633529835222115
47.94 0.8741063497376056 0.0 0.8631661794460357
47.95 0.873900465427648 0.0 0.8629791998355991
47.96 0.8736945350147169 0.0 0.8627920454049567
47.97 0.873488566357687 0.0 0.8626047168638243
47.980000000000004 0.8732825671842185 0.0 0.8624172149173446
47.99 0.8730765450863088 0.0 0.8622295402658887
48.0 0.8728705075159843 0.0 0.8620416936048128
48.01 0.8726644617811338 0.0 0.8618536756242606
48.02 0.8724584150414896 0.0 0.8616654870089384
48.03 0.8722523743047572 0.0 0.8614771284379132
48.04 0.8720463464228956 0.0 0.8612886005844188
48.050000000000004 0.8718403380885523 0.0 0.8610999041156284
48.06 0.8716343558316552 0.0 0.8609110396924868
48.07 0.8714284060161605 0.0 0.8607220079694919
48.08 0.8712224948369641 0.0 0.8605328095945186
48.09 0.8710166283169738 0.0 0.8603434452086335
48.1 0.8708108123043422 0.0 0.860153915445903
48.11 0.8706050524698714 0.0 0.8599642209332248
48.120000000000005 0.870399354304578 0.0 0.859774362290154
48.13 0.870193723117429 0.0 0.8595843401287236
48.14 0.8699881640332472 0.0 0.8593941550532987
48.15 0.8697826819907821 0.0 0.8592038076603876
48.160000000000004 0.8695772817409562 0.0 0.859013298538523
48.17 0.8693719678452781 0.0 0.858822628268069
48.18 0.8691667446744288 0.0 0.8586317974211123
48.19 0.8689616164070182 0.0 0.8584408065612938
48.2 0.8687565870285132 0.0 0.8582496562436852
48.21 0.8685516603303379 0.0 0.8580583470146558
48.22 0.8683468399091427 0.0 0.8578668794117302
48.230000000000004 0.8681421291662458 0.0 0.8576752539634891
48.24 0.8679375313072428 0.0 0.8574834711894348
48.25 0.8677330493417876 0.0 0.8572915315998871
48.26 0.8675286860835395 0.0 0.8570994356958713
48.27 0.8673244441502773 0.0 0.8569071839690166
48.28 0.8671203259641819 0.0 0.8567147769014595
48.29 0.8669163337522798 0.0 0.8565222149657682
48.300000000000004 0.866712469547054 0.0 0.8563294986248359
48.31 0.8665087351872115 0.0 0.8561366283317989
48.32 0.8663051323186154 0.0 0.8559436045299816
48.33 0.8661016623953715 0.0 0.8557504276528136
48.34 0.8658983266810711 0.0 0.8555570981237742
48.35 0.8656951262501903 0.0 0.8553636163563192
48.36 0.8654920619896367 0.0 0.855169982753845
48.370000000000005 0.8652891346004469 0.0 0.854976197709634
48.38 0.865086344599632 0.0 0.8547822616068158
48.39 0.8648836923221642 0.0 0.8545881748183283
48.4 0.8646811779231056 0.0 0.8543939377068989
48.410000000000004 0.8644788013798759 0.0 0.8541995506250102
48.42 0.8642765624946542 0.0 0.8540050139148805
48.43 0.8640744608969142 0.0 0.8538103279084767
48.44 0.8638724960460858 0.0 0.8536154929274585
48.45 0.8636706672343465 0.0 0.8534205092832402
48.46 0.8634689735895317 0.0 0.8532253772769526
48.47 0.8632674140781647 0.0 0.8530300971994645
48.480000000000004 0.8630659875086024 0.0 0.8528346693314246
48.49 0.8628646925342942 0.0 0.8526390939432488
48.5 0.8626635276571452 0.0 0.8524433712951675
48.51 0.8624624912309884 0.0 0.8522475016372767
48.52 0.8622615814651525 0.0 0.8520514852095618
48.53 0.8620607964281307 0.0 0.8518553222419407
48.54 0.8618601340513382 0.0 0.8516590129543378
48.550000000000004 0.8616595921329618 0.0 0.8514625575567344
48.56 0.8614591683418912 0.0 0.851265956249224
48.57 0.8612588602217319 0.0 0.8510692092221126
48.58 0.8610586651948944 0.0 0.8508723166559634
48.59 0.8608585805667555 0.0 0.8506752787217122
48.6 0.860658603529886 0.0 0.8504780955807328
48.61 0.8604587311683436 0.0 0.8502807673849513
48.620000000000005 0.860258960462025 0.0 0.8500832942769352
48.63 0.8600592882910709 0.0 0.8498856763900104
48.64 0.8598597114403235 0.0 0.8496879138483757
48.65 0.8596602266038283 0.0 0.8494900067672052
48.660000000000004 0.8594608303893821 0.0 0.8492919552528057
48.67 0.8592615193231105 0.0 0.849093759402723
48.68 0.8590622898540868 0.0 0.8488954193058799
48.69 0.8588631383589742 0.0 0.8486969350427337
48.7 0.8586640611466935 0.0 0.8484983066854173
48.71 0.8584650544631113 0.0 0.8482995342978839
48.72 0.8582661144957446 0.0 0.8481006179360904
48.730000000000004 0.8580672373784725 0.0 0.8479015576481321
48.74 0.85786841919626 0.0 0.8477023534744406
48.75 0.8576696559898818 0.0 0.847503005447947
48.76 0.8574709437606428 0.0 0.8473035135942619
48.77 0.857272278475095 0.0 0.8471038779318742
48.78 0.8570736560697435 0.0 0.8469040984723185
48.79 0.8568750724557375 0.0 0.8467041752204097
48.800000000000004 0.8566765235235442 0.0 0.8465041081744112
48.81 0.8564780051475973 0.0 0.8463038973262585
48.82 0.8562795131909214 0.0 0.8461035426617739
48.83 0.8560810435097256 0.0 0.8459030441608705
48.84 0.8558825919579602 0.0 0.8457024017977939
48.85 0.8556841543918371 0.0 0.8455016155413267
48.86 0.8554857266743068 0.0 0.8453006853550389
48.870000000000005 0.85528730467949 0.0 0.8450996111975174
48.88 0.8550888842970576 0.0 0.8448983930226062
48.89 0.854890461436561 0.0 0.84469703077964
48.9 0.8546920320316991 0.0 0.8444955244137222
48.910000000000004 0.8544935920445325 0.0 0.8442938738659471
48.92 0.854295137469627 0.0 0.8440920790736747
48.93 0.854096664338134 0.0 0.8438901399707951
48.94 0.8538981687217982 0.0 0.8436880564879734
48.95 0.853699646736893 0.0 0.8434858285529591
48.96 0.853501094548078 0.0 0.8432834560908008
48.97 0.8533025083721774 0.0 0.8430809390241821
48.980000000000004 0.8531038844818755 0.0 0.8428782772736628
48.99 0.852905219209326 0.0 0.8426754707579757
49.0 0.852706508949675 0.0 0.8424725193943174
49.01 0.8525077501644902 0.0 0.842269423098626
49.02 0.8523089393850992 0.0 0.8420661817858813
49.03 0.8521100732158309 0.0 0.8418627953704088
49.04 0.8519111483371581 0.0 0.8416592637661647
49.050000000000004 0.8517121615087414 0.0 0.8414555868870337
49.06 0.8515131095723678 0.0 0.8412517646471545
49.07 0.8513139894547881 0.0 0.8410477969612016
49.08 0.8511147981704451 0.0 0.8408436837447187
49.09 0.8509155328240933 0.0 0.8406394249143863
49.1 0.8507161906133114 0.0 0.8404350203883986
49.11 0.850516768830899 0.0 0.8402304700867211
49.120000000000005 0.8503172648671642 0.0 0.8400257739314277
49.13 0.8501176762120938 0.0 0.8398209318470278
49.14 0.8499180004574075 0.0 0.839615943760756
49.15 0.8497182352984977 0.0 0.8394108096029417
49.160000000000004 0.8495183785362481 0.0 0.8392055293072768
49.17 0.8493184280787356 0.0 0.8390001028111667
49.18 0.8491183819428095 0.0 0.8387945300560662
49.19 0.8489182382555539 0.0 0.8385888109877668
49.2 0.848717995255625 0.0 0.8383829455567505
49.21 0.8485176512944684 0.0 0.8381769337185101
49.22 0.8483172048374152 0.0 0.8379707754338633
49.230000000000004 0.8481166544646525 0.0 0.8377644706692889
49.24 0.8479159988720745 0.0 0.8375580193972589
49.25 0.8477152368720087 0.0 0.8373514215965375
49.26 0.8475143673938204 0.0 0.8371446772525336
49.27 0.8473133894843942 0.0 0.8369377863576247
49.28 0.8471123023084928 0.0 0.8367307489114516
49.29 0.8469111051489947 0.0 0.8365235649212744
49.300000000000004 0.8467097974070099 0.0 0.8363162344022785
49.31 0.8465083786018742 0.0 0.8361087573779046
49.32 0.8463068483710242 0.0 0.8359011338801635
49.33 0.8461052064697516 0.0 0.8356933639499509
49.34 0.8459034527708403 0.0 0.8354854476373653
49.35 0.8457015872640843 0.0 0.8352773850020442
49.36 0.8454996100556901 0.0 0.8350691761134432
49.370000000000005 0.8452975213675646 0.0 0.8348608210511737
49.38 0.8450953215364858 0.0 0.8346523199053044
49.39 0.8448930110131634 0.0 0.8344436727766548
49.4 0.8446905903611889 0.0 0.8342348797771436
49.410000000000004 0.8444880602558714 0.0 0.8340259410300257
49.42 0.8442854214829727 0.0 0.8338168566702446
49.43 0.8440826749373276 0.0 0.8336076268447121
49.44 0.8438798216213679 0.0 0.8333982517125946
49.45 0.8436768626435369 0.0 0.8331887314456085
49.46 0.8434737992166086 0.0 0.8329790662282998
49.47 0.8432706326559049 0.0 0.8327692562583553
49.480000000000004 0.8430673643774189 0.0 0.8325593017468383
49.49 0.8428639958958423 0.0 0.8323492029185038
49.5 0.8426605288225024 0.0 0.8321389600120458
49.51 0.8424569648632089 0.0 0.8319285732803703
49.52 0.8422533058160151 0.0 0.8317180429908663
49.53 0.8420495535688927 0.0 0.8315073694256662
49.54 0.8418457100973261 0.0 0.8312965528818825
49.550000000000004 0.8416417774618288 0.0 0.831085593671872
49.56 0.8414377578053808 0.0 0.8308744921234822
49.57 0.8412336533507947 0.0 0.8306632485802876
49.58 0.8410294663980101 0.0 0.8304518634018202
49.59 0.8408251993213207 0.0 0.8302403369637993
49.6 0.8406208545665361 0.0 0.830028669658372
49.61 0.8404164346480821 0.0 0.8298168618943119
49.620000000000005 0.8402119421460424 0.0 0.8296049140972453
49.63 0.8400073797031444 0.0 0.8293928267098485
49.64 0.8398027500216931 0.0 0.8291806001920655
49.65 0.8395980558604554 0.0 0.828968235021281
49.660000000000004 0.8393933000314961 0.0 0.8287557316925401
49.67 0.8391884853969768 0.0 0.8285430907186991
49.68 0.8389836148659093 0.0 0.8283303126306333
49.69 0.838778691390876 0.0 0.8281173979773808
49.7 0.8385737179647175 0.0 0.8279043473263321
49.71 0.8383686976171889 0.0 0.8276911612633739
49.72 0.8381636334115921 0.0 0.8274778403930317
49.730000000000004 0.837958528441385 0.0 0.8272643853386408
49.74 0.8377533858267707 0.0 0.8270507967424587
49.75 0.8375482087112717 0.0 0.8268370752658076
49.76 0.8373430002582912 0.0 0.826623221589195
49.77 0.8371377636476678 0.0 0.8264092364124298
49.78 0.8369325020722199 0.0 0.8261951204547341
49.79 0.8367272187342953 0.0 0.825980874454838
49.800000000000004 0.8365219168423164 0.0 0.8257664991710882
49.81 0.8363165996073317 0.0 0.8255519953815165
49.82 0.8361112702395803 0.0 0.8253373638839285
49.83 0.835905931945061 0.0 0.8251226054959783
49.84 0.8357005879221229 0.0 0.8249077210552266
49.85 0.8354952413580726 0.0 0.824692711419207
49.86 0.8352898954258027 0.0 0.824477577465455
49.870000000000005 0.8350845532804473 0.0 0.8242623200915657
49.88 0.834879218056066 0.0 0.8240469402152252
49.89 0.8346738928623609 0.0 0.8238314387742305
49.9 0.8344685807814263 0.0 0.8236158167265039
49.910000000000004 0.834263284864542 0.0 0.8234000750501116
49.92 0.8340580081290048 0.0 0.8231842147432568
49.93 0.8338527535550053 0.0 0.8229682368242728
49.94 0.8336475240825573 0.0 0.8227521423316158
49.95 0.8334423226084722 0.0 0.8225359323238297
49.96 0.8332371519833945 0.0 0.8223196078795244
49.97 0.833032015008889 0.0 0.8221031700973372
49.980000000000004 0.8328269144345936 0.0 0.8218866200958689
49.99 0.8326218529554315 0.0 0.8216699590136461
50.0 0.8324168332088921 0.0 0.8214531880090528
