0.0	-5.653534365508148
0.0	-4.7432091452018925
0.0	-4.176510057780026
0.0	-4.172782975252277
0.0	-3.93738404647661
0.0	-3.9183805042709983
0.0	-3.918380504270993
0.0	-3.8950029304747007
0.0	-3.4974691506122926
0.0	-3.4912609686334255
0.0	-3.3372269465284363
0.0	-3.2997356463586054
0.0	-3.299735646358599
0.0	-3.255431143174211
0.0	-3.229992380121281
0.0	-3.2299923801212764
0.0	-3.196159678335485
0.0	-3.196159678335468
0.0	-3.120501864282004
0.0	-3.072858564510211
0.0	-3.066175840222876
0.0	-3.0183113442748866
0.0	-2.967898648342589
0.0	-2.9678986483425795
0.0	-2.910051974008537
0.0	-2.8824448641359
0.0	-2.882444864135899
0.0	-2.8688815196056603
0.0	-2.8688815196056585
0.0	-2.7919537042437876
0.0	-2.7919537042437796
0.0	-2.7430616792737212
0.0	-2.743061679273719
0.0	-2.7143920116416993
0.0	-2.714392011641694
0.0	-2.6929077094161666
0.0	-2.6652612028635843
0.0	-2.658930441687244
0.0	-2.6589304416872364
0.0	-2.649959302450322
0.0	-2.6499593024503167
0.0	-2.612267008861861
0.0	-2.6122670088618563
0.0	-2.605275255013606
0.0	-2.6052752550136016
0.0	-2.5921181869949144
0.0	-2.5921181869949144
0.0	-2.5653793574629606
0.0	-2.492675687328197
0.0	-2.4926756873281932
0.0	-2.452741364006764
0.0	-2.452741364006761
0.0	-2.4305445045658134
0.0	-2.43054450456581
0.0	-2.4105666416216285
0.0	-2.4105666416216263
0.0	-2.3948553822133
0.0	-2.3948553822132994
0.0	-2.394834844273459
0.0	-2.39483484427345
0.0	-2.3872010273760833
0.0	-2.3862825117465527
0.0	-2.3862825117465514
0.0	-2.362999396625078
0.0	-2.3629993966250775
0.0	-2.32967139950531
0.0	-2.3296713995053047
0.0	-2.295510403252007
0.0	-2.2955104032520057
0.0	-2.294583764832328
0.0	-2.2760074885546193
0.0	-2.2744804857733905
0.0	-2.2482476946721226
0.0	-2.220677857773705
0.0	-2.2206778577737016
0.0	-2.1710458213950847
0.0	-2.171045821395083
0.0	-2.1383549608924417
0.0	-2.138354960892441
0.0	-2.1346528630638346
0.0	-2.134652863063831
0.0	-2.0898529078267494
0.0	-2.089852907826746
0.0	-2.078198455285369
0.0	-2.078198455285368
0.0	-2.044485945486752
0.0	-2.0444859454867492
0.0	-2.033523549310039
0.0	-2.020383875275275
0.0	-2.0203838752752734
0.0	-1.9826799310327679
0.0	-1.982679931032767
0.0	-1.9261149644009277
0.0	-1.9261149644009266
0.0	-1.9161662977064315
0.0	-1.9161662977064313
0.0	-1.9062092912308302
0.0	-1.8833903101673526
0.0	-1.8833903101673513
0.0	-1.8772866516490476
0.0	-1.854648709033799
0.0	-1.854648709033797
0.0	-1.8372821845308906
0.0	-1.8354701834951195
0.0	-1.8354701834951188
0.0	-1.8059938166337615
0.0	-1.8059938166337588
0.0	-1.7817177283719197
0.0	-1.7817177283719188
0.0	-1.7745706244060042
0.0	-1.7745706244060038
0.0	-1.7646960314181772
0.0	-1.739983426729524
0.0	-1.73998342672952
0.0	-1.6965491922193614
0.0	-1.696549192219359
0.0	-1.6724599160487157
0.0	-1.6724599160487126
0.0	-1.6551044143033793
0.0	-1.6551044143033786
0.0	-1.647264238449005
0.0	-1.6472642384490035
0.0	-1.6422318952633823
0.0	-1.627605189759552
0.0	-1.6034876918835084
0.0	-1.603487691883508
0.0	-1.5950530450512521
0.0	-1.5922683585856745
0.0	-1.592268358585674
0.0	-1.5693421932857072
0.0	-1.569342193285706
0.0	-1.5652319847424343
0.0	-1.5652319847424327
0.0	-1.5503174225292184
0.0	-1.550317422529216
0.0	-1.533047612959272
0.0	-1.5273128967070153
0.0	-1.5273128967070138
0.0	-1.5135109214739846
0.0	-1.513510921473982
0.0	-1.488092493396759
0.0	-1.4712904120342492
0.0	-1.459255179138595
0.0	-1.4592551791385944
0.0	-1.4543182083454989
0.0	-1.4543182083454984
0.0	-1.441839534154802
0.0	-1.4418395341547992
0.0	-1.4353793227100906
0.0	-1.4353793227100873
0.0	-1.4322276594370957
0.0	-1.394981949394624
0.0	-1.394981949394622
0.0	-1.3854607404053525
0.0	-1.38546074040535
0.0	-1.384740305187183
0.0	-1.3847403051871798
0.0	-1.3675932956595735
0.0	-1.361535497481695
0.0	-1.3615354974816907
0.0	-1.3122992223739225
0.0	-1.3122992223739223
0.0	-1.3057912332439268
0.0	-1.3057912332439248
0.0	-1.3028632546436683
0.0	-1.3028632546436671
0.0	-1.2850669824807803
0.0	-1.2850669824807786
0.0	-1.2768129184158747
0.0	-1.276812918415873
0.0	-1.2722886135994145
0.0	-1.2722886135994143
0.0	-1.264853162300753
0.0	-1.264853162300752
0.0	-1.2079799764330394
0.0	-1.2079799764330386
0.0	-1.1955959116696948
0.0	-1.1954374405639654
0.0	-1.195437440563962
0.0	-1.1867961352306091
0.0	-1.1738916214442494
0.0	-1.1738916214442459
0.0	-1.1648380801435902
0.0	-1.1648380801435887
0.0	-1.157628638158228
0.0	-1.155550068440959
0.0	-1.1443038942922934
0.0	-1.1443038942922927
0.0	-1.1395199410646046
0.0	-1.1395199410646017
0.0	-1.1314627376203161
0.0	-1.131462737620315
0.0	-1.1305942914307827
0.0	-1.130594291430781
0.0	-1.12412077539288
0.0	-1.123940520239732
0.0	-1.1239405202397301
0.0	-1.0890539966703463
0.0	-1.0890539966703445
0.0	-1.0592123468784687
0.0	-1.059212346878467
0.0	-1.0552943259925718
0.0	-1.0552943259925704
0.0	-1.050393093975378
0.0	-1.0503930939753774
0.0	-1.0501561837641984
0.0	-1.050156183764195
0.0	-1.0352363939795126
0.0	-1.0352363939795113
0.0	-1.0342973495937506
0.0	-1.034297349593749
0.0	-1.0264915985822312
0.0	-1.0264915985822296
0.0	-1.0247265613534111
0.0	-1.0247265613534102
0.0	-1.0116843077631756
0.0	-1.011684307763173
0.0	-1.0051200062194094
0.0	-1.005120006219408
0.0	-0.9694254811817684
0.0	-0.9694254811817679
0.0	-0.9690303493049949
0.0	-0.9690303493049944
0.0	-0.9419690080145974
0.0	-0.941969008014593
0.0	-0.9207665156066409
0.0	-0.9207665156066392
0.0	-0.918315387048176
0.0	-0.9098548833940218
0.0	-0.9098548833940189
0.0	-0.9014908253030341
0.0	-0.9014908253030286
0.0	-0.8962657036747306
0.0	-0.8962657036747304
0.0	-0.8958674775078938
0.0	-0.895867477507893
0.0	-0.8950696892302199
0.0	-0.8950696892302191
0.0	-0.8929890892200006
0.0	-0.8929890892200002
0.0	-0.8836081209740092
0.0	-0.8707948776372516
0.0	-0.8707007948880079
0.0	-0.8707007948880068
0.0	-0.8421363159436961
0.0	-0.8421363159436959
0.0	-0.8413989718570037
0.0	-0.8116115856497885
0.0	-0.8116115856497867
0.0	-0.8038988151271788
0.0	-0.8038988151271771
0.0	-0.8014179053642754
0.0	-0.8014179053642729
0.0	-0.799502878503471
0.0	-0.7887986778883795
0.0	-0.7867496948619771
0.0	-0.7848436268833012
0.0	-0.7848436268833008
0.0	-0.7819260226623137
0.0	-0.7819260226623136
0.0	-0.7569289675885049
0.0	-0.7569289675885037
0.0	-0.7477651495042688
0.0	-0.7477651495042658
0.0	-0.7353075407312648
0.0	-0.7353075407312617
0.0	-0.7310860701937529
0.0	-0.7310860701937519
0.0	-0.6608188392037581
0.0	-0.6608188392037567
0.0	-0.6519588792253006
0.0	-0.6519588792253003
0.0	-0.645292762120172
0.0	-0.6452500396618759
0.0	-0.6368992965782291
0.0	-0.6368992965782273
0.0	-0.6278594021117937
0.0	-0.6278594021117924
0.0	-0.6274040318664833
0.0	-0.6274040318664824
0.0	-0.627398969802249
0.0	-0.6273989698022486
0.0	-0.6273103226793948
0.0	-0.6273103226793928
0.0	-0.6173479045237954
0.0	-0.6151502807218079
0.0	-0.615150280721807
0.0	-0.5968226190818321
0.0	-0.5968226190818312
0.0	-0.5892058366647315
0.0	-0.5892058366647295
0.0	-0.5823958859850193
0.0	-0.5823958859850179
0.0	-0.5752756813670903
0.0	-0.5642928909899059
0.0	-0.5642928909899033
0.0	-0.5525304033044032
0.0	-0.5525304033044013
0.0	-0.551437436326798
0.0	-0.5514374363267974
0.0	-0.5430395263995313
0.0	-0.514937768430359
0.0	-0.5149377684303589
0.0	-0.5104737405214311
0.0	-0.5104737405214281
0.0	-0.49295605313788715
0.0	-0.49295605313788493
0.0	-0.49287205262147255
0.0	-0.4928720526214716
0.0	-0.4858382589024486
0.0	-0.4858382589024484
0.0	-0.4734311932590284
0.0	-0.4734311932590282
0.0	-0.46721379551051656
0.0	-0.46721379551051534
0.0	-0.4633039108526971
0.0	-0.46330391085268885
0.0	-0.4631857494209388
0.0	-0.46318574942093743
0.0	-0.45875503930261474
0.0	-0.45875503930260764
0.0	-0.4573135886991031
0.0	-0.45731358869910205
0.0	-0.45666023807785266
0.0	-0.45666023807785083
0.0	-0.4360427770378399
0.0	-0.40238925194555575
0.0	-0.4023892519455545
0.0	-0.40036157084976215
0.0	-0.39964140257647784
0.0	-0.3995957669071465
0.0	-0.3806716820659166
0.0	-0.3806716820659162
0.0	-0.37850591570422193
0.0	-0.3785059157042214
0.0	-0.3784014055438572
0.0	-0.37837580771118207
0.0	-0.37251168142317714
0.0	-0.37251168142317637
0.0	-0.3693144518250746
0.0	-0.3693144518250738
0.0	-0.35853146818805975
0.0	-0.3585314681880579
0.0	-0.3559699166477394
0.0	-0.35012095888643585
0.0	-0.35012095888643363
0.0	-0.3369074463297469
0.0	-0.336907446329746
0.0	-0.32053301714409815
0.0	-0.32053301714409593
0.0	-0.31680623973714017
0.0	-0.31680623973713834
0.0	-0.298348110481187
0.0	-0.2983481104811854
0.0	-0.2823913608702524
0.0	-0.2823913608702502
0.0	-0.2755485706418561
0.0	-0.27554857064185323
0.0	-0.2573253804752687
0.0	-0.25732538047526854
0.0	-0.25176519562406224
0.0	-0.24956235783042138
0.0	-0.2448389246292541
0.0	-0.24483892462924842
0.0	-0.24473844809186637
0.0	-0.24473844809186424
0.0	-0.23917610236559578
0.0	-0.23917610236559367
0.0	-0.17102758751378216
0.0	-0.1710275875137804
0.0	-0.15887895446867126
0.0	-0.158878954468668
0.0	-0.1588440896724688
0.0	-0.14285975705542142
0.0	-0.1428597570554206
0.0	-0.14231027120714257
0.0	-0.14231027120714243
0.0	-0.1405757341700598
0.0	-0.14057573417005884
0.0	-0.1401493417039807
0.0	-0.1401493417039775
0.0	-0.13611219081584086
0.0	-0.1361121908158397
0.0	-0.1277987454645301
0.0	-0.12779874546452977
0.0	-0.12604560590722938
0.0	-0.1260456059072276
0.0	-0.12010744035234654
0.0	-0.12010744035234547
0.0	-0.11860292567397063
0.0	-0.11860292567396881
0.0	-0.11265139400092039
0.0	-0.10593309556665356
0.0	-0.10593309556665124
0.0	-0.10388533014592563
0.0	-0.10388533014592304
0.0	-0.10323377174191634
0.0	-0.10323377174191538
0.0	-0.10121329703601209
0.0	-0.10040132117571325
0.0	-0.1004013211757122
0.0	-0.0924030924885944
0.0	-0.09240309248859364
0.0	-0.0811879652169611
0.0	-0.0811879652169609
0.0	-0.0731215818748537
0.0	-0.07312158187485113
0.0	-0.0713729510859101
0.0	-0.07137295108590952
0.0	-0.06840636964358666
0.0	-0.06584620737457031
0.0	-0.06584620737456902
0.0	-0.0458584523221061
0.0	-0.04583956883703371
0.0	-0.0458395688370319
0.0	-0.04120648781768793
0.0	-0.02224644359444472
0.0	-0.0062032268789162515
0.0	-0.006203226878914851
0.0	-0.00140599628196826
0.0	-0.0014059962819679668
0.0	0.010891442236787502
0.0	0.010891442236789176
0.0	0.03556690117951167
0.0	0.04305859568834866
0.0	0.04305859568834894
0.0	0.04778159696826394
0.0	0.04778159696826508
0.0	0.0571693592136344
0.0	0.057169359213637125
0.0	0.05829203084434566
0.0	0.058292030844348156
0.0	0.07675551394441713
0.0	0.07675551394441771
0.0	0.07713056443536162
0.0	0.07718539474997411
0.0	0.08117668935859036
0.0	0.08117668935859063
0.0	0.09110319910763613
0.0	0.09110319910763937
0.0	0.09910513845263055
0.0	0.09910513845263079
0.0	0.10912428817832258
0.0	0.10912428817832423
0.0	0.11867871338355043
0.0	0.11867871338355146
0.0	0.12393032150800176
0.0	0.12393032150800332
0.0	0.12643552181838055
0.0	0.1264355218183817
0.0	0.1343266005209279
0.0	0.13432660052092904
0.0	0.1372298950797942
0.0	0.1372298950797946
0.0	0.16392044472927345
0.0	0.1639204447292744
0.0	0.1640039788457178
0.0	0.16400397884571824
0.0	0.19911195448169172
0.0	0.1991119544816964
0.0	0.2168203420114022
0.0	0.21682034201140352
0.0	0.22979773926847424
0.0	0.22979773926847485
0.0	0.2434934092173262
0.0	0.24349340921732715
0.0	0.24928458716802962
0.0	0.2492845871680304
0.0	0.25114754042416026
0.0	0.2511475404241654
0.0	0.25559390518438285
0.0	0.2555939051843839
0.0	0.2581060761167174
0.0	0.2641211463308232
0.0	0.2644423753185685
0.0	0.26444237531856885
0.0	0.2849675786037548
0.0	0.2849675786037551
0.0	0.2904695552416712
0.0	0.290469555241672
0.0	0.29708103482543347
0.0	0.29708103482543413
0.0	0.3156470018010272
0.0	0.3176829613729715
0.0	0.3206631925191251
0.0	0.3206631925191253
0.0	0.32221230372847137
0.0	0.322212303728476
0.0	0.3223303626965956
0.0	0.3223303626965961
0.0	0.32732734202511266
0.0	0.3273273420251138
0.0	0.3587099012765856
0.0	0.3587099012765879
0.0	0.37832240645067605
0.0	0.3783224064506775
0.0	0.38575310619531644
0.0	0.38636371246709206
0.0	0.38862063150542825
0.0	0.4041888557988463
0.0	0.40418885579884684
0.0	0.41934458952779563
0.0	0.4193445895277971
0.0	0.4247761274057907
0.0	0.4247761274057913
0.0	0.43004750062730407
0.0	0.43004750062730523
0.0	0.4336216493758538
0.0	0.4336216493758543
0.0	0.4420973843571986
0.0	0.44209738435719964
0.0	0.4451637609795012
0.0	0.4451637609795017
0.0	0.4549706269371873
0.0	0.4549706269371877
0.0	0.45569851857955773
0.0	0.4556985185795582
0.0	0.4634858363859433
0.0	0.46348583638594426
0.0	0.4640279725029869
0.0	0.46402797250298755
0.0	0.47349808052619996
0.0	0.4734980805262012
0.0	0.49328934240154004
0.0	0.4932893424015418
0.0	0.5086793869082793
0.0	0.5086793869082794
0.0	0.5141670516719308
0.0	0.514167051671931
0.0	0.5222769896063012
0.0	0.5222769896063026
0.0	0.5464876124428866
0.0	0.563381803363984
0.0	0.5633818033639842
0.0	0.5802898491875936
0.0	0.5802898491875937
0.0	0.591138864563834
0.0	0.5911388645638347
0.0	0.5977504026848459
0.0	0.6197454122786394
0.0	0.6201271660251192
0.0	0.6201271660251216
0.0	0.6271147127083578
0.0	0.6271147127083591
0.0	0.6409604615089715
0.0	0.6409604615089718
0.0	0.6433799768929039
0.0	0.6436466271031909
0.0	0.643646627103193
0.0	0.6452493781229705
0.0	0.6452493781229719
0.0	0.6461385560777512
0.0	0.6461385560777515
0.0	0.6708630707207918
0.0	0.6708630707207927
0.0	0.6754802687272057
0.0	0.691708744158954
0.0	0.6917087441589543
0.0	0.7275918758201035
0.0	0.7275918758201039
0.0	0.7348716058089423
0.0	0.7349612966703565
0.0	0.76496721530364
0.0	0.7649672153036401
0.0	0.7677946811381225
0.0	0.7677946811381227
0.0	0.7777176946994545
0.0	0.777717694699456
0.0	0.7842940688165182
0.0	0.7842940688165183
0.0	0.7907864244201512
0.0	0.7907864244201529
0.0	0.7908453180177002
0.0	0.7908453180177014
0.0	0.7970099853983198
0.0	0.7970099853983206
0.0	0.8027240842222833
0.0	0.802724084222285
0.0	0.8039033784335343
0.0	0.8039033784335367
0.0	0.8086378504811532
0.0	0.8086378504811543
0.0	0.8111740082066091
0.0	0.8111740082066102
0.0	0.8263966509060221
0.0	0.826396650906023
0.0	0.8313948873223879
0.0	0.8313948873223883
0.0	0.8361931157931695
0.0	0.8754418970773615
0.0	0.8754418970773626
0.0	0.8906470850873291
0.0	0.8906470850873293
0.0	0.894748589530061
0.0	0.8947485895300615
0.0	0.9161061502951089
0.0	0.9219629199126007
0.0	0.9219629199126015
0.0	0.9263620049203132
0.0	0.9263620049203147
0.0	0.9297930429248334
0.0	0.929793042924835
0.0	0.9333607210660644
0.0	0.9333607210660656
0.0	0.9343781173096521
0.0	0.9343781173096536
0.0	0.9357437853185002
0.0	0.9357437853185017
0.0	0.9538553267199692
0.0	0.9549402220126709
0.0	0.9549402220126719
0.0	0.9777272870353977
0.0	0.9777272870353987
0.0	0.9802163595492155
0.0	0.9802163595492157
0.0	0.9918902315190454
0.0	1.025212317348258
0.0	1.0252123173482592
0.0	1.0254867867351738
0.0	1.0254867867351738
0.0	1.0383908402624584
0.0	1.0461026504785345
0.0	1.0461026504785351
0.0	1.04869714728783
0.0	1.0486971472878301
0.0	1.0755729864103574
0.0	1.0755729864103585
0.0	1.084320825348918
0.0	1.0843208253489185
0.0	1.1003077082780768
0.0	1.1009755900116422
0.0	1.1009755900116434
0.0	1.1040905603976021
0.0	1.104090560397603
0.0	1.106124675032434
0.0	1.1061246750324347
0.0	1.1117657171771902
0.0	1.1191768138511367
0.0	1.119176813851138
0.0	1.1317420573625265
0.0	1.131742057362527
0.0	1.1504924195115789
0.0	1.1504924195115802
0.0	1.1593554114156073
0.0	1.1593554114156073
0.0	1.1687340415335277
0.0	1.168734041533528
0.0	1.1693432391398342
0.0	1.1693432391398344
0.0	1.2256191074561515
0.0	1.2256191074561529
0.0	1.2492570909948055
0.0	1.2492570909948058
0.0	1.252719171689188
0.0	1.2527191716891881
0.0	1.2604536202602454
0.0	1.282281090162922
0.0	1.2822810901629222
0.0	1.30004126888302
0.0	1.3000412688830227
0.0	1.302628965352326
0.0	1.3026289653523284
0.0	1.3047200796240714
0.0	1.3047200796240734
0.0	1.3098169525349783
0.0	1.3098169525349794
0.0	1.3118684203698965
0.0	1.3118684203698978
0.0	1.3228294817088853
0.0	1.3455486572273636
0.0	1.3614713164527643
0.0	1.3614713164527665
0.0	1.4019894128750054
0.0	1.403721385440189
0.0	1.4177783427275472
0.0	1.417778342727549
0.0	1.4480191002631686
0.0	1.4480191002631693
0.0	1.4523915553456161
0.0	1.4523915553456166
0.0	1.4669928352030182
0.0	1.4669928352030206
0.0	1.473826789888963
0.0	1.4738267898889648
0.0	1.481902132063914
0.0	1.48231576259699
0.0	1.495901181479577
0.0	1.5024557592311105
0.0	1.5024557592311107
0.0	1.5029999487579055
0.0	1.5029999487579058
0.0	1.5082152788103411
0.0	1.5082152788103425
0.0	1.5177274307830015
0.0	1.517727430783003
0.0	1.5222204247228133
0.0	1.5222204247228148
0.0	1.5630164472298325
0.0	1.5630164472298334
0.0	1.575417023552703
0.0	1.575417023552704
0.0	1.5776149923014466
0.0	1.5776149923014495
0.0	1.6462972467270507
0.0	1.6462972467270538
0.0	1.655318881294343
0.0	1.6561927839744974
0.0	1.6561927839745016
0.0	1.6667999203966088
0.0	1.6780026632237017
0.0	1.6780026632237033
0.0	1.7314936053898897
0.0	1.7644479719926975
0.0	1.7644479719927006
0.0	1.7659644496610465
0.0	1.7659644496610511
0.0	1.7666330720346168
0.0	1.7666330720346197
0.0	1.798926289627891
0.0	1.7989262896278948
0.0	1.8125271179438345
0.0	1.8297476123341543
0.0	1.8408807350007825
0.0	1.8408807350007834
0.0	1.8416993030373277
0.0	1.8416993030373279
0.0	1.8427642360971483
0.0	1.8427642360971508
0.0	1.8568198276207544
0.0	1.8568198276207555
0.0	1.8758205135577681
0.0	1.8758205135577697
0.0	1.8989560903734195
0.0	1.8989560903734195
0.0	1.9644814612334793
0.0	1.96448146123348
0.0	1.968190365852733
0.0	1.9681903658527335
0.0	2.040933125544208
0.0	2.0654259771505252
0.0	2.0654259771505266
0.0	2.0738021386956125
0.0	2.0738021386956147
0.0	2.0894951247008686
0.0	2.0894951247008695
0.0	2.0975806989945758
0.0	2.139026140668599
0.0	2.1390261406685998
0.0	2.140964049187542
0.0	2.1434643835889937
0.0	2.1434643835889946
0.0	2.151657057013627
0.0	2.1516570570136277
0.0	2.1711168896557838
0.0	2.171116889655784
0.0	2.173489466594994
0.0	2.173489466594994
0.0	2.177925057318036
0.0	2.1779250573180367
0.0	2.180477820008925
0.0	2.1826480858855897
0.0	2.1826480858855906
0.0	2.206441440271724
0.0	2.20710527276235
0.0	2.242747047126907
0.0	2.2427470471269086
0.0	2.283604451334006
0.0	2.2836044513340106
0.0	2.38275425576841
0.0	2.382754255768413
0.0	2.3939751808672214
0.0	2.393975180867222
0.0	2.3984678525214993
0.0	2.422739270435764
0.0	2.422739270435765
0.0	2.4290340696035866
0.0	2.430158975336349
0.0	2.4320199201418
0.0	2.432019920141801
0.0	2.4322424943522556
0.0	2.432242494352256
0.0	2.4339077406818896
0.0	2.433907740681892
0.0	2.540613229940857
0.0	2.540613229940859
0.0	2.554451597624536
0.0	2.5544515976245377
0.0	2.6794850446449345
0.0	2.694368302396372
0.0	2.6943683023963723
0.0	2.7096367005716115
0.0	2.7712689329006777
0.0	2.802418670329024
0.0	2.8024654996365497
0.0	2.8587210868199424
0.0	2.8587210868199433
0.0	2.870695502327231
0.0	2.870695502327231
0.0	2.9482168340038797
0.0	2.9611319434718006
0.0	2.9611319434718024
0.0	2.9743015853045436
0.0	3.1896533444119886
0.0	3.189667516619074
0.0	3.4096514684293138
0.0	3.4293334504576274
0.0	3.429333450457632
0.0	3.44926407840948
0.0	4.037079371928086
0.0	4.670943862006867
0.39269908169872414	-5.189725308807579
0.39269908169872414	-4.333260681076104
0.39269908169872414	-4.315458293321483
0.39269908169872414	-3.82916687894284
0.39269908169872414	-3.82600342947213
0.39269908169872414	-3.628119910473111
0.39269908169872414	-3.614303629075681
0.39269908169872414	-3.5993967410404943
0.39269908169872414	-3.5699378688148027
0.39269908169872414	-3.522599117405794
0.39269908169872414	-3.4972754466947196
0.39269908169872414	-3.280519876711433
0.39269908169872414	-3.2769400619128977
0.39269908169872414	-3.1729514726728283
0.39269908169872414	-3.136240745413023
0.39269908169872414	-3.128058846214132
0.39269908169872414	-3.0854047288948863
0.39269908169872414	-3.08015775656667
0.39269908169872414	-3.0736751160964655
0.39269908169872414	-3.0694487690116987
0.39269908169872414	-3.0306656154141436
0.39269908169872414	-3.0064963574964114
0.39269908169872414	-3.001946460733385
0.39269908169872414	-2.9443338495700537
0.39269908169872414	-2.9041751919683616
0.39269908169872414	-2.8707413825182115
0.39269908169872414	-2.83499626581977
0.39269908169872414	-2.8254909997606377
0.39269908169872414	-2.8207087457975186
0.39269908169872414	-2.810904996988676
0.39269908169872414	-2.804759496986013
0.39269908169872414	-2.7946835714309914
0.39269908169872414	-2.7718907134370014
0.39269908169872414	-2.769840431726583
0.39269908169872414	-2.737860291409075
0.39269908169872414	-2.72382497975149
0.39269908169872414	-2.6968988322619367
0.39269908169872414	-2.6660289070079024
0.39269908169872414	-2.665168203923786
0.39269908169872414	-2.6526349844302826
0.39269908169872414	-2.6494898517224463
0.39269908169872414	-2.637800011963706
0.39269908169872414	-2.6096436597017085
0.39269908169872414	-2.5904342410305166
0.39269908169872414	-2.533891964411273
0.39269908169872414	-2.5152819161283677
0.39269908169872414	-2.4991011158144154
0.39269908169872414	-2.481894378513883
0.39269908169872414	-2.4708112857713083
0.39269908169872414	-2.4622225037670535
0.39269908169872414	-2.453883708018673
0.39269908169872414	-2.4485566217007904
0.39269908169872414	-2.4429005607486642
0.39269908169872414	-2.417684755214255
0.39269908169872414	-2.399122477215177
0.39269908169872414	-2.373314402223359
0.39269908169872414	-2.3451322182359657
0.39269908169872414	-2.328720369807489
0.39269908169872414	-2.315061390065778
0.39269908169872414	-2.2887194592801854
0.39269908169872414	-2.2840964940230704
0.39269908169872414	-2.273383412309949
0.39269908169872414	-2.268442510923649
0.39269908169872414	-2.255646802589097
0.39269908169872414	-2.244897414698947
0.39269908169872414	-2.2285777118102432
0.39269908169872414	-2.2161270292559063
0.39269908169872414	-2.210517458270396
0.39269908169872414	-2.207476023056389
0.39269908169872414	-2.189295548611983
0.39269908169872414	-2.1885899219756606
0.39269908169872414	-2.1850624907703753
0.39269908169872414	-2.170695130689337
0.39269908169872414	-2.1543772263015564
0.39269908169872414	-2.1519549180906257
0.39269908169872414	-2.095810233450991
0.39269908169872414	-2.0923423325448116
0.39269908169872414	-2.083780226933765
0.39269908169872414	-2.0676050530001016
0.39269908169872414	-2.0423176415551314
0.39269908169872414	-2.032590892422911
0.39269908169872414	-2.0322598761524144
0.39269908169872414	-2.0261637133045123
0.39269908169872414	-2.020892647212869
0.39269908169872414	-2.0190383366212123
0.39269908169872414	-1.9903888123131672
0.39269908169872414	-1.9820012869087167
0.39269908169872414	-1.9701803777953133
0.39269908169872414	-1.9541713247961636
0.39269908169872414	-1.9539585774185417
0.39269908169872414	-1.9487337196115264
0.39269908169872414	-1.948297173413357
0.39269908169872414	-1.9415531053893051
0.39269908169872414	-1.9409188899180072
0.39269908169872414	-1.9353871536048517
0.39269908169872414	-1.9151420300797497
0.39269908169872414	-1.9068709784588496
0.39269908169872414	-1.8823146891749545
0.39269908169872414	-1.8716993945684584
0.39269908169872414	-1.8664373023346266
0.39269908169872414	-1.8625156060643124
0.39269908169872414	-1.846511275729477
0.39269908169872414	-1.8442822104158758
0.39269908169872414	-1.8324928544019246
0.39269908169872414	-1.7803344914321304
0.39269908169872414	-1.773012278388435
0.39269908169872414	-1.7703962407245102
0.39269908169872414	-1.758051674885965
0.39269908169872414	-1.7520864356373256
0.39269908169872414	-1.7494459464986232
0.39269908169872414	-1.7409977650000386
0.39269908169872414	-1.7184221182794488
0.39269908169872414	-1.7060569223149273
0.39269908169872414	-1.7030017601461593
0.39269908169872414	-1.6966958192938466
0.39269908169872414	-1.692627403757893
0.39269908169872414	-1.6901207218790437
0.39269908169872414	-1.6870100297136554
0.39269908169872414	-1.6697744117517592
0.39269908169872414	-1.6590490406585694
0.39269908169872414	-1.634526771290842
0.39269908169872414	-1.6197217992282793
0.39269908169872414	-1.6094946690934553
0.39269908169872414	-1.6039042927054974
0.39269908169872414	-1.5942410454580256
0.39269908169872414	-1.5912011878334062
0.39269908169872414	-1.580762956944863
0.39269908169872414	-1.5759746431228014
0.39269908169872414	-1.5643569016690684
0.39269908169872414	-1.559547660727353
0.39269908169872414	-1.5323220672413267
0.39269908169872414	-1.5293257106428582
0.39269908169872414	-1.507817767078651
0.39269908169872414	-1.5056348933105421
0.39269908169872414	-1.4984237092929957
0.39269908169872414	-1.4878456237174982
0.39269908169872414	-1.485872799293357
0.39269908169872414	-1.4819265666738077
0.39269908169872414	-1.4779560158445941
0.39269908169872414	-1.4636149402605758
0.39269908169872414	-1.4502543643146473
0.39269908169872414	-1.4485606355013487
0.39269908169872414	-1.4478746660954906
0.39269908169872414	-1.4463747558731244
0.39269908169872414	-1.4431595976767888
0.39269908169872414	-1.4415846402197572
0.39269908169872414	-1.4386617561659296
0.39269908169872414	-1.4343943926778433
0.39269908169872414	-1.415274647481269
0.39269908169872414	-1.4098339684767696
0.39269908169872414	-1.4050656714064735
0.39269908169872414	-1.3970303086373204
0.39269908169872414	-1.395406872549195
0.39269908169872414	-1.3678188327802197
0.39269908169872414	-1.3581980796641417
0.39269908169872414	-1.345071825012438
0.39269908169872414	-1.3432053419975916
0.39269908169872414	-1.3410774535613557
0.39269908169872414	-1.3375002049510334
0.39269908169872414	-1.331277455635922
0.39269908169872414	-1.3268248723024876
0.39269908169872414	-1.310732118703501
0.39269908169872414	-1.3102594276903228
0.39269908169872414	-1.3045849117833486
0.39269908169872414	-1.2999497962018327
0.39269908169872414	-1.2942067269317437
0.39269908169872414	-1.2914206587104042
0.39269908169872414	-1.2891499523806762
0.39269908169872414	-1.2884031739752406
0.39269908169872414	-1.2584476865894967
0.39269908169872414	-1.2484262157720347
0.39269908169872414	-1.2470434526589635
0.39269908169872414	-1.2432336868959735
0.39269908169872414	-1.2273665963481357
0.39269908169872414	-1.223019468843498
0.39269908169872414	-1.219499765015728
0.39269908169872414	-1.2095257653681524
0.39269908169872414	-1.20568138363205
0.39269908169872414	-1.2043401631076236
0.39269908169872414	-1.1938289114384912
0.39269908169872414	-1.1912287743273364
0.39269908169872414	-1.1868479685760502
0.39269908169872414	-1.1854531778172355
0.39269908169872414	-1.175685784848671
0.39269908169872414	-1.1709854353655835
0.39269908169872414	-1.1582813641419405
0.39269908169872414	-1.1565875268133816
0.39269908169872414	-1.1531289274602103
0.39269908169872414	-1.1341597093216822
0.39269908169872414	-1.1325366498447262
0.39269908169872414	-1.126324327080459
0.39269908169872414	-1.1192752916237318
0.39269908169872414	-1.1160021317413649
0.39269908169872414	-1.1132770233676705
0.39269908169872414	-1.1090131622955592
0.39269908169872414	-1.10732449350671
0.39269908169872414	-1.1009399491382865
0.39269908169872414	-1.0687126832926692
0.39269908169872414	-1.0560267055189205
0.39269908169872414	-1.0514786655603823
0.39269908169872414	-1.047548454525911
0.39269908169872414	-1.046113782530175
0.39269908169872414	-1.0442405141250277
0.39269908169872414	-1.0359763342387591
0.39269908169872414	-1.027703947230469
0.39269908169872414	-1.0177191014969496
0.39269908169872414	-1.016685009470034
0.39269908169872414	-1.0064080427943303
0.39269908169872414	-1.0008264682823558
0.39269908169872414	-0.9965117722945134
0.39269908169872414	-0.9911556254801565
0.39269908169872414	-0.9901631253658881
0.39269908169872414	-0.9888247482626119
0.39269908169872414	-0.9711373093550391
0.39269908169872414	-0.9651366849945984
0.39269908169872414	-0.9616839281016633
0.39269908169872414	-0.9603441918451552
0.39269908169872414	-0.94839157029266
0.39269908169872414	-0.9453187592110984
0.39269908169872414	-0.9447255886545736
0.39269908169872414	-0.9416209494788569
0.39269908169872414	-0.9314198075377201
0.39269908169872414	-0.9292107478045761
0.39269908169872414	-0.924800675058454
0.39269908169872414	-0.9130107061806099
0.39269908169872414	-0.9001739061513367
0.39269908169872414	-0.8993121911138412
0.39269908169872414	-0.8867137952115535
0.39269908169872414	-0.8832937190742544
0.39269908169872414	-0.8782087446665819
0.39269908169872414	-0.8737369413183911
0.39269908169872414	-0.8612128057790013
0.39269908169872414	-0.8610323816398288
0.39269908169872414	-0.8572382519277202
0.39269908169872414	-0.8560358152178635
0.39269908169872414	-0.8508620495533332
0.39269908169872414	-0.8404733598329868
0.39269908169872414	-0.8253933091905097
0.39269908169872414	-0.8162763965403703
0.39269908169872414	-0.8132438531441458
0.39269908169872414	-0.8072666901180507
0.39269908169872414	-0.8070884675847848
0.39269908169872414	-0.797316021477565
0.39269908169872414	-0.7820799434316423
0.39269908169872414	-0.7770914057710865
0.39269908169872414	-0.7746499501468104
0.39269908169872414	-0.7702912829827967
0.39269908169872414	-0.7696409127244185
0.39269908169872414	-0.769366758257751
0.39269908169872414	-0.7649403617210869
0.39269908169872414	-0.7643076563190818
0.39269908169872414	-0.7563628108203212
0.39269908169872414	-0.7514397513852537
0.39269908169872414	-0.7485253774533306
0.39269908169872414	-0.747946212107516
0.39269908169872414	-0.7467901396072496
0.39269908169872414	-0.7467690672835087
0.39269908169872414	-0.7424517825027998
0.39269908169872414	-0.741479640552164
0.39269908169872414	-0.7410395251003898
0.39269908169872414	-0.7375456599511342
0.39269908169872414	-0.7339083795677861
0.39269908169872414	-0.7316390017032199
0.39269908169872414	-0.7284408697839985
0.39269908169872414	-0.7256318618014248
0.39269908169872414	-0.7244271210561204
0.39269908169872414	-0.7169064095319433
0.39269908169872414	-0.7094631863890064
0.39269908169872414	-0.7046059450882788
0.39269908169872414	-0.6907095010044388
0.39269908169872414	-0.6805029764061548
0.39269908169872414	-0.6682027981338736
0.39269908169872414	-0.6627475599818171
0.39269908169872414	-0.6584778581590867
0.39269908169872414	-0.6567507645107217
0.39269908169872414	-0.6489064358389881
0.39269908169872414	-0.6471124924386872
0.39269908169872414	-0.6457946995313959
0.39269908169872414	-0.6437079709715948
0.39269908169872414	-0.6381372463724864
0.39269908169872414	-0.6300529569981974
0.39269908169872414	-0.6281181941187233
0.39269908169872414	-0.6264950497235746
0.39269908169872414	-0.626462399691999
0.39269908169872414	-0.6174888983366058
0.39269908169872414	-0.6109226527418716
0.39269908169872414	-0.5821190597706972
0.39269908169872414	-0.5820195833827569
0.39269908169872414	-0.5765107077512078
0.39269908169872414	-0.5749830262849578
0.39269908169872414	-0.5624082018349048
0.39269908169872414	-0.5368345992903647
0.39269908169872414	-0.527978021355659
0.39269908169872414	-0.5268593074362777
0.39269908169872414	-0.5258533117206039
0.39269908169872414	-0.5253442126958148
0.39269908169872414	-0.5231551670657778
0.39269908169872414	-0.5226773745069221
0.39269908169872414	-0.519945496541534
0.39269908169872414	-0.5192310218528727
0.39269908169872414	-0.5136190205910129
0.39269908169872414	-0.5123015078967721
0.39269908169872414	-0.511896602531887
0.39269908169872414	-0.5088268756330382
0.39269908169872414	-0.5081326925306265
0.39269908169872414	-0.5009668503471199
0.39269908169872414	-0.4907708750435709
0.39269908169872414	-0.48884660710805494
0.39269908169872414	-0.48588555988957505
0.39269908169872414	-0.48268657865018183
0.39269908169872414	-0.48093647377496046
0.39269908169872414	-0.4724567771324993
0.39269908169872414	-0.4690750288858133
0.39269908169872414	-0.4654234587502187
0.39269908169872414	-0.45869690739128904
0.39269908169872414	-0.45434664545259545
0.39269908169872414	-0.45079323540437377
0.39269908169872414	-0.4413846166044957
0.39269908169872414	-0.43661019998997586
0.39269908169872414	-0.4332908676897673
0.39269908169872414	-0.42967387485272235
0.39269908169872414	-0.4251142082899156
0.39269908169872414	-0.41994260211188106
0.39269908169872414	-0.4149194515865622
0.39269908169872414	-0.4086366890445143
0.39269908169872414	-0.407617268219111
0.39269908169872414	-0.4052353146049929
0.39269908169872414	-0.3938385133635025
0.39269908169872414	-0.3829748805513458
0.39269908169872414	-0.3807622646074911
0.39269908169872414	-0.3799600885653134
0.39269908169872414	-0.36913860089113193
0.39269908169872414	-0.3675139946954189
0.39269908169872414	-0.35676472812127713
0.39269908169872414	-0.34923952032428907
0.39269908169872414	-0.3482320067878683
0.39269908169872414	-0.3457774830618437
0.39269908169872414	-0.3410603720474532
0.39269908169872414	-0.34014878625377115
0.39269908169872414	-0.3371242729061859
0.39269908169872414	-0.323461863222817
0.39269908169872414	-0.32007487436117277
0.39269908169872414	-0.31861776489437577
0.39269908169872414	-0.3117044138151561
0.39269908169872414	-0.30655529367359957
0.39269908169872414	-0.30069505313057476
0.39269908169872414	-0.29380508904965963
0.39269908169872414	-0.29150131848433336
0.39269908169872414	-0.29132528164176424
0.39269908169872414	-0.28224187392402555
0.39269908169872414	-0.27606089896792785
0.39269908169872414	-0.2692475235818335
0.39269908169872414	-0.2680736331112594
0.39269908169872414	-0.26448744918645567
0.39269908169872414	-0.2613956380784891
0.39269908169872414	-0.2584805056347258
0.39269908169872414	-0.24719485562816865
0.39269908169872414	-0.24563274978804056
0.39269908169872414	-0.23441995697682386
0.39269908169872414	-0.2298981017888949
0.39269908169872414	-0.22019572532777631
0.39269908169872414	-0.2167818214826015
0.39269908169872414	-0.20816968120695076
0.39269908169872414	-0.2072620561272408
0.39269908169872414	-0.20640905266849408
0.39269908169872414	-0.20353992133679308
0.39269908169872414	-0.19732678904660528
0.39269908169872414	-0.1955124426844791
0.39269908169872414	-0.1906577175828084
0.39269908169872414	-0.18788152994658264
0.39269908169872414	-0.17353602992174802
0.39269908169872414	-0.1734595414532717
0.39269908169872414	-0.16824329026916157
0.39269908169872414	-0.16620745736375614
0.39269908169872414	-0.15841014721868077
0.39269908169872414	-0.15767176635787006
0.39269908169872414	-0.14498060404304644
0.39269908169872414	-0.14328347477029155
0.39269908169872414	-0.13906287920241403
0.39269908169872414	-0.13397063555585906
0.39269908169872414	-0.13007840360532685
0.39269908169872414	-0.1266304703011897
0.39269908169872414	-0.12656267292137904
0.39269908169872414	-0.12546742937179867
0.39269908169872414	-0.12190755395889592
0.39269908169872414	-0.12048150744624986
0.39269908169872414	-0.11500172844303821
0.39269908169872414	-0.11415042425790599
0.39269908169872414	-0.10815952212921458
0.39269908169872414	-0.10457149872694463
0.39269908169872414	-0.09867682225245922
0.39269908169872414	-0.09044209990973459
0.39269908169872414	-0.0868503952722354
0.39269908169872414	-0.08453799275865714
0.39269908169872414	-0.08000881731547153
0.39269908169872414	-0.07903085188223037
0.39269908169872414	-0.07252314090354459
0.39269908169872414	-0.07144067338600438
0.39269908169872414	-0.07050609734400665
0.39269908169872414	-0.06474184096010054
0.39269908169872414	-0.06139509023011961
0.39269908169872414	-0.056458155083975205
0.39269908169872414	-0.05225047963631068
0.39269908169872414	-0.035485181059233754
0.39269908169872414	-0.03337236841100945
0.39269908169872414	-0.031168088603735128
0.39269908169872414	-0.02956626817886506
0.39269908169872414	-0.011095108999776096
0.39269908169872414	-0.007844139613069033
0.39269908169872414	-0.006797569522941305
0.39269908169872414	-0.006540945556166897
0.39269908169872414	-0.004313936366409764
0.39269908169872414	-0.0032780659551318175
0.39269908169872414	0.000519655284115083
0.39269908169872414	0.013403072908904842
0.39269908169872414	0.0166506462811236
0.39269908169872414	0.027178215974738684
0.39269908169872414	0.05381091130579635
0.39269908169872414	0.056165239094855934
0.39269908169872414	0.05916170859601144
0.39269908169872414	0.06515304597822566
0.39269908169872414	0.06704903745555912
0.39269908169872414	0.06786779187035194
0.39269908169872414	0.06793972778175697
0.39269908169872414	0.07367786513580779
0.39269908169872414	0.0757423881991665
0.39269908169872414	0.07675090763235087
0.39269908169872414	0.07888690194351329
0.39269908169872414	0.07961634306048519
0.39269908169872414	0.08645593541264644
0.39269908169872414	0.08739240006358893
0.39269908169872414	0.08831088911877971
0.39269908169872414	0.09422603676656019
0.39269908169872414	0.09694680353610677
0.39269908169872414	0.09746853786538949
0.39269908169872414	0.1004346970248721
0.39269908169872414	0.10136974563382087
0.39269908169872414	0.1062044894390851
0.39269908169872414	0.10729217464310147
0.39269908169872414	0.11842874688487637
0.39269908169872414	0.12353250572404025
0.39269908169872414	0.12715961360843622
0.39269908169872414	0.13846291312549683
0.39269908169872414	0.13879463126750577
0.39269908169872414	0.1475454243040218
0.39269908169872414	0.14797544166094267
0.39269908169872414	0.15247563654639418
0.39269908169872414	0.17175517526503548
0.39269908169872414	0.18539172211510468
0.39269908169872414	0.19427385831124075
0.39269908169872414	0.19778573420906476
0.39269908169872414	0.19958604100544503
0.39269908169872414	0.2094651414070885
0.39269908169872414	0.21386541474262533
0.39269908169872414	0.22708112069364994
0.39269908169872414	0.22728006926173042
0.39269908169872414	0.22775108362382673
0.39269908169872414	0.22826704138465487
0.39269908169872414	0.23209236923727025
0.39269908169872414	0.2383171108725144
0.39269908169872414	0.24054219885405587
0.39269908169872414	0.24126868166396248
0.39269908169872414	0.24418500777603072
0.39269908169872414	0.2584833296484609
0.39269908169872414	0.2619044239432139
0.39269908169872414	0.26323187887882593
0.39269908169872414	0.2642202864719617
0.39269908169872414	0.26481425763662003
0.39269908169872414	0.26790354792621013
0.39269908169872414	0.2738537701338491
0.39269908169872414	0.2756413138044308
0.39269908169872414	0.27732952170728226
0.39269908169872414	0.28013313805699325
0.39269908169872414	0.2803538067942796
0.39269908169872414	0.2848909610573234
0.39269908169872414	0.2888830624446378
0.39269908169872414	0.29198112543275606
0.39269908169872414	0.29567294935633553
0.39269908169872414	0.3072453339436789
0.39269908169872414	0.313274572959994
0.39269908169872414	0.31416300088101534
0.39269908169872414	0.31818058784160125
0.39269908169872414	0.32153727570677515
0.39269908169872414	0.3217256332424353
0.39269908169872414	0.3586593511871339
0.39269908169872414	0.3632941497804607
0.39269908169872414	0.37066062418487933
0.39269908169872414	0.37878811014703073
0.39269908169872414	0.39540721625521114
0.39269908169872414	0.4060070145804774
0.39269908169872414	0.408643463080843
0.39269908169872414	0.41060674838297206
0.39269908169872414	0.4107257092183635
0.39269908169872414	0.4114328130100536
0.39269908169872414	0.41580583322618825
0.39269908169872414	0.4200279214222012
0.39269908169872414	0.42266125885523
0.39269908169872414	0.4266759470458763
0.39269908169872414	0.4356225174547564
0.39269908169872414	0.4390349739586295
0.39269908169872414	0.4391748096758644
0.39269908169872414	0.44323851758724153
0.39269908169872414	0.4450562553414154
0.39269908169872414	0.44628705217025844
0.39269908169872414	0.44967461453292656
0.39269908169872414	0.4512629930070158
0.39269908169872414	0.4575188648877452
0.39269908169872414	0.45958153219021075
0.39269908169872414	0.46333289372346864
0.39269908169872414	0.4722894455906629
0.39269908169872414	0.47613700278287
0.39269908169872414	0.48073370760560064
0.39269908169872414	0.493632898641583
0.39269908169872414	0.4944015222015759
0.39269908169872414	0.5038465378801162
0.39269908169872414	0.512250388381206
0.39269908169872414	0.5137408497668039
0.39269908169872414	0.5204756004279361
0.39269908169872414	0.540850720846473
0.39269908169872414	0.5550018843886217
0.39269908169872414	0.5569381770601648
0.39269908169872414	0.5575666240490343
0.39269908169872414	0.564677083861681
0.39269908169872414	0.5677318110620653
0.39269908169872414	0.5743277276462186
0.39269908169872414	0.579903629785389
0.39269908169872414	0.5809008218751435
0.39269908169872414	0.5860670181131655
0.39269908169872414	0.5888759341714893
0.39269908169872414	0.5956874995393835
0.39269908169872414	0.6103897628787834
0.39269908169872414	0.6117179533338404
0.39269908169872414	0.6131501446341348
0.39269908169872414	0.6164844836209104
0.39269908169872414	0.6165357089799987
0.39269908169872414	0.6214256002777869
0.39269908169872414	0.6261144712767169
0.39269908169872414	0.6266625924922546
0.39269908169872414	0.6277427294939952
0.39269908169872414	0.6297290096826502
0.39269908169872414	0.6327721739841041
0.39269908169872414	0.6368632774212202
0.39269908169872414	0.6435333877762518
0.39269908169872414	0.6450245726934833
0.39269908169872414	0.6514719479471118
0.39269908169872414	0.6529804856591193
0.39269908169872414	0.6573688801798507
0.39269908169872414	0.6575339656065001
0.39269908169872414	0.6752243091768668
0.39269908169872414	0.6848440616683604
0.39269908169872414	0.6869494577663984
0.39269908169872414	0.6892270611716849
0.39269908169872414	0.6953121188665963
0.39269908169872414	0.6964430550593491
0.39269908169872414	0.6978889921034873
0.39269908169872414	0.7014731408824851
0.39269908169872414	0.7152306972819011
0.39269908169872414	0.7308809048214041
0.39269908169872414	0.7316551798771594
0.39269908169872414	0.7334009538639532
0.39269908169872414	0.7360604533324581
0.39269908169872414	0.7501715745424709
0.39269908169872414	0.7535031188442278
0.39269908169872414	0.7567158914047818
0.39269908169872414	0.7567521562972591
0.39269908169872414	0.7613742312362688
0.39269908169872414	0.7725808612410994
0.39269908169872414	0.7774335939968648
0.39269908169872414	0.7776058966241205
0.39269908169872414	0.7803588603373927
0.39269908169872414	0.7890090859368142
0.39269908169872414	0.7920004398558387
0.39269908169872414	0.7969018975015241
0.39269908169872414	0.7982914728768788
0.39269908169872414	0.8010950617868028
0.39269908169872414	0.8012745180216384
0.39269908169872414	0.8099795176259131
0.39269908169872414	0.8129726911929194
0.39269908169872414	0.8224013152210707
0.39269908169872414	0.8273288737865938
0.39269908169872414	0.8311832729449629
0.39269908169872414	0.8411873967781325
0.39269908169872414	0.8430974290640393
0.39269908169872414	0.8553556360726078
0.39269908169872414	0.8664759734288027
0.39269908169872414	0.8692688161371939
0.39269908169872414	0.8797739580146712
0.39269908169872414	0.8821492042360999
0.39269908169872414	0.8934626295257622
0.39269908169872414	0.8952146338067615
0.39269908169872414	0.9131482880672008
0.39269908169872414	0.9265865870806292
0.39269908169872414	0.9279638811301513
0.39269908169872414	0.9301980103351631
0.39269908169872414	0.9326797155274552
0.39269908169872414	0.937193012485444
0.39269908169872414	0.9432642358167201
0.39269908169872414	0.94548275298933
0.39269908169872414	0.9527683584559044
0.39269908169872414	0.9564474167610642
0.39269908169872414	0.9645278746843516
0.39269908169872414	0.9646393217681547
0.39269908169872414	0.9653596822878628
0.39269908169872414	0.9862603494709595
0.39269908169872414	0.9872008564119875
0.39269908169872414	0.9907377679980738
0.39269908169872414	0.9994460475794693
0.39269908169872414	1.002784837808264
0.39269908169872414	1.0042123156680063
0.39269908169872414	1.0142570254289942
0.39269908169872414	1.0205748682209883
0.39269908169872414	1.0270925160128765
0.39269908169872414	1.0451608208682002
0.39269908169872414	1.0565645557871117
0.39269908169872414	1.067360524226983
0.39269908169872414	1.0778495600709195
0.39269908169872414	1.0825406336750443
0.39269908169872414	1.0909264065092916
0.39269908169872414	1.0997876425322892
0.39269908169872414	1.1053849734855534
0.39269908169872414	1.1128839970632711
0.39269908169872414	1.1145345729867093
0.39269908169872414	1.1156292149618554
0.39269908169872414	1.13590670769843
0.39269908169872414	1.1369862526206218
0.39269908169872414	1.1404470483269722
0.39269908169872414	1.149163082589454
0.39269908169872414	1.1516748186458514
0.39269908169872414	1.1596555777610216
0.39269908169872414	1.1617909015183077
0.39269908169872414	1.1628539783440863
0.39269908169872414	1.1649278639176925
0.39269908169872414	1.1675507701658352
0.39269908169872414	1.16782341329747
0.39269908169872414	1.171308806812735
0.39269908169872414	1.1757127836720505
0.39269908169872414	1.1772288876972181
0.39269908169872414	1.1781323164230748
0.39269908169872414	1.1871559576087143
0.39269908169872414	1.1965490402778491
0.39269908169872414	1.2024753790857887
0.39269908169872414	1.2075999978070873
0.39269908169872414	1.213812669364993
0.39269908169872414	1.22507482720868
0.39269908169872414	1.2279980702696156
0.39269908169872414	1.2304002220809929
0.39269908169872414	1.2352003734718369
0.39269908169872414	1.2524860294022555
0.39269908169872414	1.2530642873668103
0.39269908169872414	1.2721039364128854
0.39269908169872414	1.2828532089151556
0.39269908169872414	1.2861008734688708
0.39269908169872414	1.2916430050193854
0.39269908169872414	1.2942577333635066
0.39269908169872414	1.297547333447451
0.39269908169872414	1.297821247926211
0.39269908169872414	1.3022881311691696
0.39269908169872414	1.3096825717368161
0.39269908169872414	1.3142848622719434
0.39269908169872414	1.322717160536628
0.39269908169872414	1.327326719527231
0.39269908169872414	1.3431908508143242
0.39269908169872414	1.3676810944439515
0.39269908169872414	1.3807017472939802
0.39269908169872414	1.3959519429367313
0.39269908169872414	1.39628731685342
0.39269908169872414	1.402943786691466
0.39269908169872414	1.403302064114605
0.39269908169872414	1.4057604266399895
0.39269908169872414	1.4084283008621723
0.39269908169872414	1.4384389269520184
0.39269908169872414	1.4417216115564342
0.39269908169872414	1.4551894147431792
0.39269908169872414	1.4625704608130854
0.39269908169872414	1.465420747696357
0.39269908169872414	1.4660478752832666
0.39269908169872414	1.4766136766656213
0.39269908169872414	1.4810873350119809
0.39269908169872414	1.4855332518837066
0.39269908169872414	1.4856846191443893
0.39269908169872414	1.4957013769708558
0.39269908169872414	1.4992847303617847
0.39269908169872414	1.5187805681817066
0.39269908169872414	1.5249511045887563
0.39269908169872414	1.5256171859893235
0.39269908169872414	1.5299989000589613
0.39269908169872414	1.5312430134762718
0.39269908169872414	1.5331679189053014
0.39269908169872414	1.5468796473098423
0.39269908169872414	1.5499810761086432
0.39269908169872414	1.5778380434136459
0.39269908169872414	1.5853169005304482
0.39269908169872414	1.6204988449330786
0.39269908169872414	1.6313359491457704
0.39269908169872414	1.633508066956369
0.39269908169872414	1.6432833453195954
0.39269908169872414	1.6496703031059745
0.39269908169872414	1.6544696491484223
0.39269908169872414	1.6650319568250422
0.39269908169872414	1.6792478249279301
0.39269908169872414	1.685761174983091
0.39269908169872414	1.6871413463748144
0.39269908169872414	1.7246753992172161
0.39269908169872414	1.7345522112074536
0.39269908169872414	1.7454652999122262
0.39269908169872414	1.7471947702561943
0.39269908169872414	1.7572989964513228
0.39269908169872414	1.7752430044049663
0.39269908169872414	1.7787272656135191
0.39269908169872414	1.797836602344117
0.39269908169872414	1.800973311835151
0.39269908169872414	1.8028272016936109
0.39269908169872414	1.807581854887705
0.39269908169872414	1.811495502081585
0.39269908169872414	1.826851016849579
0.39269908169872414	1.8318881057413252
0.39269908169872414	1.8375917510154172
0.39269908169872414	1.8466290486987833
0.39269908169872414	1.8488800338298672
0.39269908169872414	1.8502523479489001
0.39269908169872414	1.8507129857147482
0.39269908169872414	1.855137233178803
0.39269908169872414	1.8650421147747709
0.39269908169872414	1.8784889982633894
0.39269908169872414	1.8794847698123254
0.39269908169872414	1.8831685639649105
0.39269908169872414	1.8844061641955534
0.39269908169872414	1.890456471343414
0.39269908169872414	1.9236087914524562
0.39269908169872414	1.926135968601912
0.39269908169872414	1.937284978064199
0.39269908169872414	1.9467540920128021
0.39269908169872414	1.9736100761712652
0.39269908169872414	1.9816420134544583
0.39269908169872414	2.0237339372617558
0.39269908169872414	2.037476288097962
0.39269908169872414	2.066423209794324
0.39269908169872414	2.0754079147910613
0.39269908169872414	2.0756592820646937
0.39269908169872414	2.0889300344921584
0.39269908169872414	2.100404906002942
0.39269908169872414	2.1030921734222363
0.39269908169872414	2.1081378245899765
0.39269908169872414	2.128157050871482
0.39269908169872414	2.129085701389272
0.39269908169872414	2.130039569999619
0.39269908169872414	2.1358781630224297
0.39269908169872414	2.143176605997711
0.39269908169872414	2.1646151713905994
0.39269908169872414	2.175035504129088
0.39269908169872414	2.1807663244501625
0.39269908169872414	2.1834010065018243
0.39269908169872414	2.1877377154199165
0.39269908169872414	2.193045089283757
0.39269908169872414	2.2247596142149457
0.39269908169872414	2.2695784418630778
0.39269908169872414	2.3122002276418363
0.39269908169872414	2.3157789760243093
0.39269908169872414	2.3634242397493983
0.39269908169872414	2.3664489614339597
0.39269908169872414	2.375347180546525
0.39269908169872414	2.3794455066684463
0.39269908169872414	2.4069217800852067
0.39269908169872414	2.4125656183169637
0.39269908169872414	2.4165995247265277
0.39269908169872414	2.4273182004527003
0.39269908169872414	2.4409309954387535
0.39269908169872414	2.4783720959588624
0.39269908169872414	2.481270450171804
0.39269908169872414	2.483579326932697
0.39269908169872414	2.508346019151505
0.39269908169872414	2.5086501040035616
0.39269908169872414	2.5262436923792073
0.39269908169872414	2.537199671765504
0.39269908169872414	2.54071640762758
0.39269908169872414	2.550340939801004
0.39269908169872414	2.567535388624316
0.39269908169872414	2.5809710818560108
0.39269908169872414	2.5823619274728897
0.39269908169872414	2.676796498981285
0.39269908169872414	2.688348272648715
0.39269908169872414	2.72122788489041
0.39269908169872414	2.7284817217082526
0.39269908169872414	2.728568231237882
0.39269908169872414	2.731231677979289
0.39269908169872414	2.813895445849417
0.39269908169872414	2.8253927632027738
0.39269908169872414	2.8293382193061314
0.39269908169872414	2.8419231539781187
0.39269908169872414	2.9970241231887145
0.39269908169872414	2.9970623525574904
0.39269908169872414	3.097102232598906
0.39269908169872414	3.1136554129450666
0.39269908169872414	3.1805404292459514
0.39269908169872414	3.1935305657625426
0.39269908169872414	3.202666943050726
0.39269908169872414	3.2155691273082754
0.39269908169872414	3.7274879801197924
0.39269908169872414	3.7479893695129407
0.39269908169872414	4.357985856016457
0.7853981633974483	-4.778136495346338
0.7853981633974483	-4.766125823677051
0.7853981633974483	-4.033762724488245
0.7853981633974483	-4.00417918019572
0.7853981633974483	-3.9172904066005643
0.7853981633974483	-3.6231924076481263
0.7853981633974483	-3.619779205140875
0.7853981633974483	-3.4805339521421317
0.7853981633974483	-3.4580404625822236
0.7853981633974483	-3.437023137684
0.7853981633974483	-3.420757085970947
0.7853981633974483	-3.409168094584199
0.7853981633974483	-3.4062633128498216
0.7853981633974483	-3.241431642806321
0.7853981633974483	-3.235726472465465
0.7853981633974483	-3.231245147634319
0.7853981633974483	-3.2189880954192596
0.7853981633974483	-3.1888410172646893
0.7853981633974483	-3.177291231792724
0.7853981633974483	-3.152115790190991
0.7853981633974483	-3.1432917043620305
0.7853981633974483	-3.132797510630736
0.7853981633974483	-3.096455269377656
0.7853981633974483	-3.0891835803513064
0.7853981633974483	-3.0884267245753425
0.7853981633974483	-3.079434978931853
0.7853981633974483	-3.036100651419055
0.7853981633974483	-2.9388638440812995
0.7853981633974483	-2.926447236095788
0.7853981633974483	-2.883987027659079
0.7853981633974483	-2.870105119126465
0.7853981633974483	-2.8390609084379816
0.7853981633974483	-2.8037166333658696
0.7853981633974483	-2.782376642661749
0.7853981633974483	-2.7655998602631033
0.7853981633974483	-2.7006684164114665
0.7853981633974483	-2.6999662568148426
0.7853981633974483	-2.6671620604231423
0.7853981633974483	-2.653627589366467
0.7853981633974483	-2.6462448906150753
0.7853981633974483	-2.609236102073206
0.7853981633974483	-2.608743115529692
0.7853981633974483	-2.6069488175955438
0.7853981633974483	-2.5951851468586824
0.7853981633974483	-2.569593500142381
0.7853981633974483	-2.534640981049251
0.7853981633974483	-2.5079585494153243
0.7853981633974483	-2.4976891112070136
0.7853981633974483	-2.4440228056062683
0.7853981633974483	-2.436114004659322
0.7853981633974483	-2.4342453429894535
0.7853981633974483	-2.4334933278332587
0.7853981633974483	-2.4092751946001316
0.7853981633974483	-2.3883617216554924
0.7853981633974483	-2.366237566633476
0.7853981633974483	-2.3523866623307317
0.7853981633974483	-2.340704621675048
0.7853981633974483	-2.3240731366389027
0.7853981633974483	-2.318749862541485
0.7853981633974483	-2.3145497635646395
0.7853981633974483	-2.3106805920401565
0.7853981633974483	-2.2687780622839844
0.7853981633974483	-2.254941028162402
0.7853981633974483	-2.239263331402109
0.7853981633974483	-2.2372144364051603
0.7853981633974483	-2.2122937787848698
0.7853981633974483	-2.2088042169604174
0.7853981633974483	-2.1931682918808204
0.7853981633974483	-2.188970007017194
0.7853981633974483	-2.164616669005861
0.7853981633974483	-2.1390227806267132
0.7853981633974483	-2.132537873489786
0.7853981633974483	-2.1309803159305893
0.7853981633974483	-2.1107110786180048
0.7853981633974483	-2.1070227014732406
0.7853981633974483	-2.099724478826734
0.7853981633974483	-2.092581441566902
0.7853981633974483	-2.089117807951122
0.7853981633974483	-2.0793165573955354
0.7853981633974483	-2.0455751127764765
0.7853981633974483	-2.04537645050833
0.7853981633974483	-2.042410025330293
0.7853981633974483	-2.0286594014181696
0.7853981633974483	-2.023439273111599
0.7853981633974483	-1.9958241046183387
0.7853981633974483	-1.9954518983988503
0.7853981633974483	-1.9812012310672351
0.7853981633974483	-1.9482793147082005
0.7853981633974483	-1.945861815578003
0.7853981633974483	-1.9335652186466836
0.7853981633974483	-1.9028506510847127
0.7853981633974483	-1.8997050022648827
0.7853981633974483	-1.8989721397180181
0.7853981633974483	-1.8936302210278049
0.7853981633974483	-1.8918563245341606
0.7853981633974483	-1.8876125239912764
0.7853981633974483	-1.877074491772516
0.7853981633974483	-1.8760036220516039
0.7853981633974483	-1.8709281066490593
0.7853981633974483	-1.8629390071008416
0.7853981633974483	-1.86152829517953
0.7853981633974483	-1.8452596410062716
0.7853981633974483	-1.8334754817553274
0.7853981633974483	-1.8324348815131293
0.7853981633974483	-1.830114814146468
0.7853981633974483	-1.8086757556283963
0.7853981633974483	-1.7954069930980365
0.7853981633974483	-1.7833553653172651
0.7853981633974483	-1.7782809338842087
0.7853981633974483	-1.7774147010249304
0.7853981633974483	-1.754922390176426
0.7853981633974483	-1.7349326963335576
0.7853981633974483	-1.7341126606871349
0.7853981633974483	-1.7306293052227864
0.7853981633974483	-1.723318164805427
0.7853981633974483	-1.7111398945018135
0.7853981633974483	-1.7070520587954332
0.7853981633974483	-1.7041938153186384
0.7853981633974483	-1.6875936369457052
0.7853981633974483	-1.6875619092577359
0.7853981633974483	-1.673264899800194
0.7853981633974483	-1.6594127190068475
0.7853981633974483	-1.647004166641098
0.7853981633974483	-1.642852439799913
0.7853981633974483	-1.64126855881106
0.7853981633974483	-1.6403971041593135
0.7853981633974483	-1.6375216215298352
0.7853981633974483	-1.6248605366367892
0.7853981633974483	-1.6244838051692476
0.7853981633974483	-1.6217182922778186
0.7853981633974483	-1.6107682089700885
0.7853981633974483	-1.5991367944122439
0.7853981633974483	-1.5981519366459462
0.7853981633974483	-1.5879884752411846
0.7853981633974483	-1.5879691643554967
0.7853981633974483	-1.5749061356954446
0.7853981633974483	-1.563171842113049
0.7853981633974483	-1.5620148610788889
0.7853981633974483	-1.5561908720711446
0.7853981633974483	-1.5549439063553168
0.7853981633974483	-1.5500321588473807
0.7853981633974483	-1.5152876387510836
0.7853981633974483	-1.5137390525933212
0.7853981633974483	-1.507095043428861
0.7853981633974483	-1.497843167354659
0.7853981633974483	-1.4957108114780413
0.7853981633974483	-1.4544755394659725
0.7853981633974483	-1.4494319804071414
0.7853981633974483	-1.4459693397855908
0.7853981633974483	-1.4395880396556566
0.7853981633974483	-1.437059198011009
0.7853981633974483	-1.434865135103946
0.7853981633974483	-1.4234878994026952
0.7853981633974483	-1.3955413628923692
0.7853981633974483	-1.3879344097315256
0.7853981633974483	-1.3637330196946202
0.7853981633974483	-1.3609685475575335
0.7853981633974483	-1.3600233645114155
0.7853981633974483	-1.3591704069965729
0.7853981633974483	-1.35064675005119
0.7853981633974483	-1.3464100949823778
0.7853981633974483	-1.3462341365134678
0.7853981633974483	-1.3371932900899024
0.7853981633974483	-1.3229555662049182
0.7853981633974483	-1.3212424711109048
0.7853981633974483	-1.3208116299864443
0.7853981633974483	-1.314800185891775
0.7853981633974483	-1.3142253622687707
0.7853981633974483	-1.313553545373784
0.7853981633974483	-1.293227005526357
0.7853981633974483	-1.291651196104034
0.7853981633974483	-1.2906806794109402
0.7853981633974483	-1.282491463943912
0.7853981633974483	-1.2623435081574435
0.7853981633974483	-1.2609785483548965
0.7853981633974483	-1.2519127177688878
0.7853981633974483	-1.2455227617635076
0.7853981633974483	-1.2222298613536555
0.7853981633974483	-1.203304192169592
0.7853981633974483	-1.2030469212301673
0.7853981633974483	-1.1987098274802428
0.7853981633974483	-1.1907936149148082
0.7853981633974483	-1.1819958635300054
0.7853981633974483	-1.1757714393543193
0.7853981633974483	-1.1679064115712927
0.7853981633974483	-1.165683940543947
0.7853981633974483	-1.1581341341180815
0.7853981633974483	-1.1553362969250862
0.7853981633974483	-1.1542744360280612
0.7853981633974483	-1.1531983411822766
0.7853981633974483	-1.144702322737265
0.7853981633974483	-1.1426508232709474
0.7853981633974483	-1.1367942709326675
0.7853981633974483	-1.134704058726215
0.7853981633974483	-1.1339407684300016
0.7853981633974483	-1.1181909727518402
0.7853981633974483	-1.108120660419277
0.7853981633974483	-1.0973744121681495
0.7853981633974483	-1.0969720992627483
0.7853981633974483	-1.0960874541524603
0.7853981633974483	-1.0783446832524834
0.7853981633974483	-1.0721268142626008
0.7853981633974483	-1.0695491255712384
0.7853981633974483	-1.0674338338399965
0.7853981633974483	-1.0672083806478172
0.7853981633974483	-1.058719252685851
0.7853981633974483	-1.0586643781605474
0.7853981633974483	-1.0578895592945108
0.7853981633974483	-1.054327505858018
0.7853981633974483	-1.0501885775612834
0.7853981633974483	-1.0377872304088431
0.7853981633974483	-1.0341318885988389
0.7853981633974483	-1.0237493924083427
0.7853981633974483	-1.0182697705443458
0.7853981633974483	-0.9707258946973525
0.7853981633974483	-0.9609740106370523
0.7853981633974483	-0.9558953087092606
0.7853981633974483	-0.9547131085289124
0.7853981633974483	-0.94557822043828
0.7853981633974483	-0.9436395559565117
0.7853981633974483	-0.9374883233419852
0.7853981633974483	-0.9356938940560835
0.7853981633974483	-0.9298728383624928
0.7853981633974483	-0.9262879244674433
0.7853981633974483	-0.9252923650848939
0.7853981633974483	-0.9236489995766783
0.7853981633974483	-0.9152681112331733
0.7853981633974483	-0.9149918555803662
0.7853981633974483	-0.9137973911797828
0.7853981633974483	-0.913756244849894
0.7853981633974483	-0.9129790691245383
0.7853981633974483	-0.8871472674885039
0.7853981633974483	-0.8775316039208514
0.7853981633974483	-0.8653577671831068
0.7853981633974483	-0.8573408353624514
0.7853981633974483	-0.8533184003702443
0.7853981633974483	-0.8514124639511742
0.7853981633974483	-0.8488738403872
0.7853981633974483	-0.8471991749876702
0.7853981633974483	-0.8462978061186037
0.7853981633974483	-0.8456889862917863
0.7853981633974483	-0.83732166065319
0.7853981633974483	-0.8353262612269235
0.7853981633974483	-0.8273140034751458
0.7853981633974483	-0.8224058619790515
0.7853981633974483	-0.8142865008872575
0.7853981633974483	-0.8097947893745396
0.7853981633974483	-0.8067498987927259
0.7853981633974483	-0.7923362274700865
0.7853981633974483	-0.7910741515237761
0.7853981633974483	-0.7819398050755764
0.7853981633974483	-0.7805455048636102
0.7853981633974483	-0.7768109128314235
0.7853981633974483	-0.7729610108835623
0.7853981633974483	-0.7670712440433185
0.7853981633974483	-0.7654421853134651
0.7853981633974483	-0.7616299073717596
0.7853981633974483	-0.7583756507728535
0.7853981633974483	-0.7526733842678773
0.7853981633974483	-0.7515890694123245
0.7853981633974483	-0.7376955443662254
0.7853981633974483	-0.7367769610229448
0.7853981633974483	-0.7365430423254241
0.7853981633974483	-0.7324769731312208
0.7853981633974483	-0.7322907633964898
0.7853981633974483	-0.7269608002709127
0.7853981633974483	-0.7185304247727591
0.7853981633974483	-0.7184870669588478
0.7853981633974483	-0.7126839292080958
0.7853981633974483	-0.7102004925852853
0.7853981633974483	-0.707504915570614
0.7853981633974483	-0.7059000251833845
0.7853981633974483	-0.6967736623067937
0.7853981633974483	-0.6912947737430866
0.7853981633974483	-0.6849647695505708
0.7853981633974483	-0.6813985541645318
0.7853981633974483	-0.6801917803418792
0.7853981633974483	-0.6784552588192078
0.7853981633974483	-0.6595179456129685
0.7853981633974483	-0.6513404045650857
0.7853981633974483	-0.6424716134856211
0.7853981633974483	-0.6406094007756452
0.7853981633974483	-0.6334393219059056
0.7853981633974483	-0.6248827786333434
0.7853981633974483	-0.620619361661194
0.7853981633974483	-0.6204601186483097
0.7853981633974483	-0.6147864434432453
0.7853981633974483	-0.6065420108024526
0.7853981633974483	-0.6028939091420222
0.7853981633974483	-0.5998494587712183
0.7853981633974483	-0.5894102809067434
0.7853981633974483	-0.5887943280722916
0.7853981633974483	-0.5794826499913013
0.7853981633974483	-0.5651418261385778
0.7853981633974483	-0.5621583628852106
0.7853981633974483	-0.554442841038774
0.7853981633974483	-0.5535754183741775
0.7853981633974483	-0.5530693535119131
0.7853981633974483	-0.5493346795127739
0.7853981633974483	-0.5472727896314641
0.7853981633974483	-0.5422917388188155
0.7853981633974483	-0.5287929642929017
0.7853981633974483	-0.5220896066146095
0.7853981633974483	-0.5170623184668762
0.7853981633974483	-0.5145076082128257
0.7853981633974483	-0.511905118306623
0.7853981633974483	-0.5030803977042559
0.7853981633974483	-0.4975861045792538
0.7853981633974483	-0.4904796550477851
0.7853981633974483	-0.4893194296012028
0.7853981633974483	-0.4808653064511138
0.7853981633974483	-0.4804492849127137
0.7853981633974483	-0.4769537018378783
0.7853981633974483	-0.47602067454881325
0.7853981633974483	-0.47435312242471656
0.7853981633974483	-0.4727971451315655
0.7853981633974483	-0.462708632120596
0.7853981633974483	-0.4577847063354561
0.7853981633974483	-0.4560453223767019
0.7853981633974483	-0.453656117356998
0.7853981633974483	-0.44709941297515865
0.7853981633974483	-0.4369155152998929
0.7853981633974483	-0.43663288549028806
0.7853981633974483	-0.4316422464994827
0.7853981633974483	-0.4286623025358446
0.7853981633974483	-0.42748215507234
0.7853981633974483	-0.40764945332740604
0.7853981633974483	-0.4074290163033923
0.7853981633974483	-0.4060230156698949
0.7853981633974483	-0.39207924186021703
0.7853981633974483	-0.3856547693392642
0.7853981633974483	-0.3855949709694148
0.7853981633974483	-0.3848762263408159
0.7853981633974483	-0.3765273436985619
0.7853981633974483	-0.3728197033365763
0.7853981633974483	-0.3690336874021069
0.7853981633974483	-0.3627843248213871
0.7853981633974483	-0.35298941199837874
0.7853981633974483	-0.34931423927500405
0.7853981633974483	-0.3396083423298856
0.7853981633974483	-0.33741221049279135
0.7853981633974483	-0.32645590369673444
0.7853981633974483	-0.32443237229241206
0.7853981633974483	-0.31821150563375367
0.7853981633974483	-0.31804181947243304
0.7853981633974483	-0.30550047814899894
0.7853981633974483	-0.30098883734933213
0.7853981633974483	-0.3007450540899687
0.7853981633974483	-0.30063563118330633
0.7853981633974483	-0.2985226640634997
0.7853981633974483	-0.29732679045241506
0.7853981633974483	-0.29610984770889726
0.7853981633974483	-0.29332224943148094
0.7853981633974483	-0.29258797719318547
0.7853981633974483	-0.29122631507170704
0.7853981633974483	-0.2891321787685967
0.7853981633974483	-0.2890517515016771
0.7853981633974483	-0.2829941168104717
0.7853981633974483	-0.2827499455288429
0.7853981633974483	-0.2801706540726777
0.7853981633974483	-0.27941171210293353
0.7853981633974483	-0.2764065559172568
0.7853981633974483	-0.2760672197734404
0.7853981633974483	-0.27486044292767564
0.7853981633974483	-0.27342847126117054
0.7853981633974483	-0.27123960308161116
0.7853981633974483	-0.2653815442969716
0.7853981633974483	-0.25649991116430115
0.7853981633974483	-0.24566211583834807
0.7853981633974483	-0.22458689932197445
0.7853981633974483	-0.220811668919567
0.7853981633974483	-0.21292336121826594
0.7853981633974483	-0.20331176018246305
0.7853981633974483	-0.2026201166742882
0.7853981633974483	-0.2004157447748513
0.7853981633974483	-0.19819626558926823
0.7853981633974483	-0.19588177626416386
0.7853981633974483	-0.19458494368422544
0.7853981633974483	-0.18602488227754943
0.7853981633974483	-0.17654864836026007
0.7853981633974483	-0.1632967783270035
0.7853981633974483	-0.16254612053324183
0.7853981633974483	-0.15916342895356744
0.7853981633974483	-0.1556058967899405
0.7853981633974483	-0.15074548594423015
0.7853981633974483	-0.1471671303380185
0.7853981633974483	-0.14194052589283057
0.7853981633974483	-0.12885723001557134
0.7853981633974483	-0.12691806327780028
0.7853981633974483	-0.12528271184630152
0.7853981633974483	-0.12166332884516491
0.7853981633974483	-0.10901166411945784
0.7853981633974483	-0.10023305946362981
0.7853981633974483	-0.09422406799129313
0.7853981633974483	-0.07930188123968751
0.7853981633974483	-0.07453457148629017
0.7853981633974483	-0.06361582697823634
0.7853981633974483	-0.06199952893755048
0.7853981633974483	-0.058987568991078744
0.7853981633974483	-0.05498545214648547
0.7853981633974483	-0.054156992787724983
0.7853981633974483	-0.054128011305365195
0.7853981633974483	-0.05301820827132428
0.7853981633974483	-0.052049039301458294
0.7853981633974483	-0.048551294521492136
0.7853981633974483	-0.047244869142744485
0.7853981633974483	-0.04606424064466004
0.7853981633974483	-0.03150240094792885
0.7853981633974483	-0.027781266622301487
0.7853981633974483	-0.027150723158009184
0.7853981633974483	-0.023706812290019884
0.7853981633974483	-0.023301711326943895
0.7853981633974483	-0.019501484002923918
0.7853981633974483	-0.013616271844342071
0.7853981633974483	-0.010644678132192982
0.7853981633974483	-0.009730741476455213
0.7853981633974483	-0.008251458711894862
0.7853981633974483	0.01260461955910798
0.7853981633974483	0.01364254015945821
0.7853981633974483	0.02302572336570563
0.7853981633974483	0.02890886568916359
0.7853981633974483	0.03135339983174891
0.7853981633974483	0.035530891443452006
0.7853981633974483	0.04147441557242448
0.7853981633974483	0.048304251110153906
0.7853981633974483	0.056163142118117036
0.7853981633974483	0.05991515002607376
0.7853981633974483	0.06600331320044184
0.7853981633974483	0.07228505355854675
0.7853981633974483	0.07413514372268484
0.7853981633974483	0.08009930686052916
0.7853981633974483	0.083780136483119
0.7853981633974483	0.09173201011136865
0.7853981633974483	0.0940559008329999
0.7853981633974483	0.10166924956396421
0.7853981633974483	0.10544668699051264
0.7853981633974483	0.10978229227810576
0.7853981633974483	0.11466165135249654
0.7853981633974483	0.11649222229468979
0.7853981633974483	0.11815083211231778
0.7853981633974483	0.11976324214332552
0.7853981633974483	0.12060447018235941
0.7853981633974483	0.12836800629191802
0.7853981633974483	0.130605518106039
0.7853981633974483	0.15603477599455706
0.7853981633974483	0.168616908812834
0.7853981633974483	0.1686221556753064
0.7853981633974483	0.17357444414731554
0.7853981633974483	0.17560612284563734
0.7853981633974483	0.1866026525770672
0.7853981633974483	0.19166642543889664
0.7853981633974483	0.1938809769722901
0.7853981633974483	0.1986447292564837
0.7853981633974483	0.20053965751876557
0.7853981633974483	0.2055543469160708
0.7853981633974483	0.20750378447361703
0.7853981633974483	0.20759295491644417
0.7853981633974483	0.22296077152466676
0.7853981633974483	0.22466912091885802
0.7853981633974483	0.22478106216515378
0.7853981633974483	0.2307453234158668
0.7853981633974483	0.23230686221137387
0.7853981633974483	0.23752384336129256
0.7853981633974483	0.23845661787559377
0.7853981633974483	0.24001504913695065
0.7853981633974483	0.2423912659358237
0.7853981633974483	0.24399389840072558
0.7853981633974483	0.24592682246554465
0.7853981633974483	0.24606368627465092
0.7853981633974483	0.2483305345819829
0.7853981633974483	0.25043340801203845
0.7853981633974483	0.25194751390692677
0.7853981633974483	0.2525624392431833
0.7853981633974483	0.2550067895743106
0.7853981633974483	0.25528306843257975
0.7853981633974483	0.2647783151361387
0.7853981633974483	0.27005373375238273
0.7853981633974483	0.2758621351687003
0.7853981633974483	0.2769100568632984
0.7853981633974483	0.2861421249405482
0.7853981633974483	0.2867389933431986
0.7853981633974483	0.3227743084279586
0.7853981633974483	0.3278341932157791
0.7853981633974483	0.3280656102987
0.7853981633974483	0.33584716922921665
0.7853981633974483	0.33780413104788276
0.7853981633974483	0.3457934897708572
0.7853981633974483	0.3526390755231016
0.7853981633974483	0.35292592553117963
0.7853981633974483	0.360390678695995
0.7853981633974483	0.36320639361052814
0.7853981633974483	0.37369413085361625
0.7853981633974483	0.3756665303819677
0.7853981633974483	0.37602894592818575
0.7853981633974483	0.3854172574354129
0.7853981633974483	0.39071715149667563
0.7853981633974483	0.4003780498948653
0.7853981633974483	0.40142103283638
0.7853981633974483	0.40420438916172136
0.7853981633974483	0.4108919130659039
0.7853981633974483	0.41361016293419006
0.7853981633974483	0.4233783011971708
0.7853981633974483	0.4284293083298384
0.7853981633974483	0.4313694290348187
0.7853981633974483	0.4349284607773397
0.7853981633974483	0.4356941135604565
0.7853981633974483	0.4362567312266893
0.7853981633974483	0.4376797708151101
0.7853981633974483	0.4399548093978559
0.7853981633974483	0.4406984913801353
0.7853981633974483	0.4459878981948338
0.7853981633974483	0.4477696439365569
0.7853981633974483	0.44869567689931983
0.7853981633974483	0.45848472910687693
0.7853981633974483	0.46054375347955173
0.7853981633974483	0.4610221241165686
0.7853981633974483	0.4647189084713066
0.7853981633974483	0.47498247463337506
0.7853981633974483	0.47686374235224954
0.7853981633974483	0.47752644669335126
0.7853981633974483	0.49306777695195114
0.7853981633974483	0.5118063831267379
0.7853981633974483	0.5186030790602967
0.7853981633974483	0.5383414963903763
0.7853981633974483	0.5432481489647296
0.7853981633974483	0.5570718362686207
0.7853981633974483	0.563350999861268
0.7853981633974483	0.5646206681265935
0.7853981633974483	0.5663741036265437
0.7853981633974483	0.5690582589866106
0.7853981633974483	0.5722040524649964
0.7853981633974483	0.576083406181503
0.7853981633974483	0.5765981527410263
0.7853981633974483	0.5778576707196177
0.7853981633974483	0.5785249262533503
0.7853981633974483	0.5800929171602076
0.7853981633974483	0.584966135590109
0.7853981633974483	0.5961694413649745
0.7853981633974483	0.6027052616321934
0.7853981633974483	0.603178906702623
0.7853981633974483	0.6049624441159929
0.7853981633974483	0.6061111025416926
0.7853981633974483	0.6068721443632795
0.7853981633974483	0.6196388636431744
0.7853981633974483	0.6204294874310937
0.7853981633974483	0.6228091060184058
0.7853981633974483	0.6235426723689961
0.7853981633974483	0.624522892897556
0.7853981633974483	0.628153716374515
0.7853981633974483	0.6348041528626114
0.7853981633974483	0.635108399570367
0.7853981633974483	0.6352743670231855
0.7853981633974483	0.6590444081687021
0.7853981633974483	0.6633646236952289
0.7853981633974483	0.6713600689015404
0.7853981633974483	0.6907264328426438
0.7853981633974483	0.6917270893674463
0.7853981633974483	0.6944007709137738
0.7853981633974483	0.6945995308705755
0.7853981633974483	0.6964935916761945
0.7853981633974483	0.7078639009116172
0.7853981633974483	0.7081830319689341
0.7853981633974483	0.7172854497216496
0.7853981633974483	0.7303898612399395
0.7853981633974483	0.7343063228654576
0.7853981633974483	0.7450501069672106
0.7853981633974483	0.7520468040466483
0.7853981633974483	0.754514853754235
0.7853981633974483	0.7610172708726561
0.7853981633974483	0.7669082863747252
0.7853981633974483	0.7801356251195672
0.7853981633974483	0.7846851137905068
0.7853981633974483	0.786360246533751
0.7853981633974483	0.786604284395385
0.7853981633974483	0.7875780649431302
0.7853981633974483	0.7897059755891852
0.7853981633974483	0.790502147452623
0.7853981633974483	0.7925889236688555
0.7853981633974483	0.798197117754956
0.7853981633974483	0.8027562796368857
0.7853981633974483	0.8094412236797579
0.7853981633974483	0.8132256268148339
0.7853981633974483	0.8269234492036861
0.7853981633974483	0.8327759514679279
0.7853981633974483	0.8354019059704026
0.7853981633974483	0.8454400824581296
0.7853981633974483	0.8533876186211364
0.7853981633974483	0.8553091129434689
0.7853981633974483	0.8596695408359238
0.7853981633974483	0.8620930741934463
0.7853981633974483	0.8678311430189326
0.7853981633974483	0.8680707796332917
0.7853981633974483	0.8869249056673931
0.7853981633974483	0.8911681919307445
0.7853981633974483	0.8934084926203903
0.7853981633974483	0.9064697549324974
0.7853981633974483	0.9104507421008313
0.7853981633974483	0.913412310815047
0.7853981633974483	0.9139193641236909
0.7853981633974483	0.929533429929099
0.7853981633974483	0.9320414988097574
0.7853981633974483	0.9329017947434299
0.7853981633974483	0.9370195213478012
0.7853981633974483	0.9490423279215937
0.7853981633974483	0.950471250276691
0.7853981633974483	0.9545231471608151
0.7853981633974483	0.957325233699783
0.7853981633974483	0.9691699228177311
0.7853981633974483	0.9714552656890754
0.7853981633974483	0.9803338111058738
0.7853981633974483	0.9805827568280179
0.7853981633974483	0.9814339516145434
0.7853981633974483	0.9968718627786158
0.7853981633974483	0.9979946379519385
0.7853981633974483	1.0057175964885028
0.7853981633974483	1.0161157511515007
0.7853981633974483	1.0199996885825588
0.7853981633974483	1.0365441958024295
0.7853981633974483	1.0366438905626856
0.7853981633974483	1.0451502370449042
0.7853981633974483	1.046925791344563
0.7853981633974483	1.0643227435146376
0.7853981633974483	1.0689965117511817
0.7853981633974483	1.0692491479031945
0.7853981633974483	1.0694629939180873
0.7853981633974483	1.0974826905246193
0.7853981633974483	1.0999563816259845
0.7853981633974483	1.1022872808831832
0.7853981633974483	1.1040898338473522
0.7853981633974483	1.1135150781964782
0.7853981633974483	1.118973963905546
0.7853981633974483	1.1291001221118357
0.7853981633974483	1.130185479986621
0.7853981633974483	1.1397105812176185
0.7853981633974483	1.146120292717662
0.7853981633974483	1.1584192872147294
0.7853981633974483	1.1586258516198653
0.7853981633974483	1.1588171723078693
0.7853981633974483	1.1595176239645417
0.7853981633974483	1.1601712213686461
0.7853981633974483	1.164870165008122
0.7853981633974483	1.1695512643164667
0.7853981633974483	1.1802131930262907
0.7853981633974483	1.1814564779297347
0.7853981633974483	1.1894577281682004
0.7853981633974483	1.1944894746384842
0.7853981633974483	1.1946635970961257
0.7853981633974483	1.2111850340880488
0.7853981633974483	1.2267166352247107
0.7853981633974483	1.227249820015935
0.7853981633974483	1.2482406840188234
0.7853981633974483	1.2587401357391248
0.7853981633974483	1.281533183051442
0.7853981633974483	1.2873342047437886
0.7853981633974483	1.2901060742351984
0.7853981633974483	1.291680641875145
0.7853981633974483	1.2949748457172827
0.7853981633974483	1.298148415045663
0.7853981633974483	1.3189963838999552
0.7853981633974483	1.324071256123009
0.7853981633974483	1.3282237109935027
0.7853981633974483	1.3303677278681665
0.7853981633974483	1.3363879183939673
0.7853981633974483	1.336502638271912
0.7853981633974483	1.3379383593571414
0.7853981633974483	1.3532828460930069
0.7853981633974483	1.3585864892282915
0.7853981633974483	1.377156788358838
0.7853981633974483	1.3840828077182068
0.7853981633974483	1.401877251240776
0.7853981633974483	1.4051442420225149
0.7853981633974483	1.4083306043869768
0.7853981633974483	1.4327676237240818
0.7853981633974483	1.4660725109589001
0.7853981633974483	1.4663488238941496
0.7853981633974483	1.4741987688199707
0.7853981633974483	1.475389017403532
0.7853981633974483	1.480973767340414
0.7853981633974483	1.4812571869653488
0.7853981633974483	1.484835115503171
0.7853981633974483	1.4870435931132109
0.7853981633974483	1.488624789105724
0.7853981633974483	1.490145371705258
0.7853981633974483	1.5026253964181506
0.7853981633974483	1.5045665746991528
0.7853981633974483	1.506151965298699
0.7853981633974483	1.5121098465342862
0.7853981633974483	1.5138032590541732
0.7853981633974483	1.5163295132783792
0.7853981633974483	1.518626228860133
0.7853981633974483	1.519447590155763
0.7853981633974483	1.5225763036334712
0.7853981633974483	1.5233982908487793
0.7853981633974483	1.530279309715758
0.7853981633974483	1.54999820305789
0.7853981633974483	1.5568018480004886
0.7853981633974483	1.5604244086500163
0.7853981633974483	1.572402683138353
0.7853981633974483	1.5745238642782649
0.7853981633974483	1.5863359717081131
0.7853981633974483	1.6118497393970328
0.7853981633974483	1.6209783469982872
0.7853981633974483	1.6226906697074488
0.7853981633974483	1.6239528755767687
0.7853981633974483	1.6292575789982457
0.7853981633974483	1.631821818393028
0.7853981633974483	1.6554518701520475
0.7853981633974483	1.6661966073364955
0.7853981633974483	1.6738254243067199
0.7853981633974483	1.6755548088522758
0.7853981633974483	1.6772740840543445
0.7853981633974483	1.708876789199664
0.7853981633974483	1.7089348397693347
0.7853981633974483	1.7096683712351133
0.7853981633974483	1.7199467183675377
0.7853981633974483	1.7377683147141227
0.7853981633974483	1.7521721528023804
0.7853981633974483	1.7669497431445813
0.7853981633974483	1.7695450215087578
0.7853981633974483	1.770214830344941
0.7853981633974483	1.7782865706392121
0.7853981633974483	1.7788627159183847
0.7853981633974483	1.7794132691083637
0.7853981633974483	1.7802177553667757
0.7853981633974483	1.8105575331751433
0.7853981633974483	1.81947725909162
0.7853981633974483	1.8200200835557323
0.7853981633974483	1.8229791687196237
0.7853981633974483	1.8305111238790848
0.7853981633974483	1.8622010200283592
0.7853981633974483	1.8693068474058259
0.7853981633974483	1.8768142236963343
0.7853981633974483	1.879177015994387
0.7853981633974483	1.9041882991819954
0.7853981633974483	1.9046333573062404
0.7853981633974483	1.9120968635454623
0.7853981633974483	1.9133133830302018
0.7853981633974483	1.9140247285291312
0.7853981633974483	1.9205407777933146
0.7853981633974483	1.9628998427076496
0.7853981633974483	1.9736879910510234
0.7853981633974483	1.9945438291231379
0.7853981633974483	2.0112136279360104
0.7853981633974483	2.0112982164015696
0.7853981633974483	2.0262863904837864
0.7853981633974483	2.04571733597183
0.7853981633974483	2.0492715957786998
0.7853981633974483	2.057424852027146
0.7853981633974483	2.0650817562373747
0.7853981633974483	2.0770836471797196
0.7853981633974483	2.085675988713958
0.7853981633974483	2.116108240964482
0.7853981633974483	2.141892705781069
0.7853981633974483	2.1518944043948114
0.7853981633974483	2.152056808811563
0.7853981633974483	2.1675714157927937
0.7853981633974483	2.1720902389237953
0.7853981633974483	2.2025161143094976
0.7853981633974483	2.2161174987714176
0.7853981633974483	2.2175710725978006
0.7853981633974483	2.220312711597736
0.7853981633974483	2.222845591777815
0.7853981633974483	2.231093171090086
0.7853981633974483	2.243585429536701
0.7853981633974483	2.2601896634328575
0.7853981633974483	2.3057189960489084
0.7853981633974483	2.316237065567937
0.7853981633974483	2.3178746726871955
0.7853981633974483	2.3301648177163807
0.7853981633974483	2.405667148670002
0.7853981633974483	2.4276960911440173
0.7853981633974483	2.4279373790380583
0.7853981633974483	2.4401947042011383
0.7853981633974483	2.4679101645038095
0.7853981633974483	2.4728097773675097
0.7853981633974483	2.499078720430885
0.7853981633974483	2.5138752169500354
0.7853981633974483	2.5204396598566183
0.7853981633974483	2.5248908752433747
0.7853981633974483	2.538658865553999
0.7853981633974483	2.5545497033768374
0.7853981633974483	2.6030302627786304
0.7853981633974483	2.6035552481266064
0.7853981633974483	2.7014245629766167
0.7853981633974483	2.7015141571796284
0.7853981633974483	2.7018049636883568
0.7853981633974483	2.7103804404963348
0.7853981633974483	2.7635891977374873
0.7853981633974483	2.7829422710340204
0.7853981633974483	2.8015169475526287
0.7853981633974483	2.8031164939072557
0.7853981633974483	2.812544900151574
0.7853981633974483	2.818821355483887
0.7853981633974483	2.8223150781411452
0.7853981633974483	2.830194768241384
0.7853981633974483	2.9054521141132814
0.7853981633974483	2.916989403831574
0.7853981633974483	2.917000988107028
0.7853981633974483	2.926978871014451
0.7853981633974483	3.041957560730318
0.7853981633974483	3.0532683730159382
0.7853981633974483	3.0643722980433528
0.7853981633974483	3.075920569818502
0.7853981633974483	3.4127252686285563
0.7853981633974483	3.498534862782218
0.7853981633974483	3.510710010053561
0.7853981633974483	4.049728984193915
0.7853981633974483	4.068187628395697
1.1780972450961724	-4.4645961985646005
1.1780972450961724	-4.441473745605289
1.1780972450961724	-4.34910934807507
1.1780972450961724	-3.8745712878193403
1.1780972450961724	-3.8345732043776035
1.1780972450961724	-3.6254715164536035
1.1780972450961724	-3.5769135429559062
1.1780972450961724	-3.5734144647052677
1.1780972450961724	-3.571203903879522
1.1780972450961724	-3.48901603352723
1.1780972450961724	-3.479448153487602
1.1780972450961724	-3.471407093265438
1.1780972450961724	-3.439844414810584
1.1780972450961724	-3.4108707564792393
1.1780972450961724	-3.3487555729696172
1.1780972450961724	-3.344263171019475
1.1780972450961724	-3.2608366015897037
1.1780972450961724	-3.211842574579756
1.1780972450961724	-3.2073785065194
1.1780972450961724	-3.1996891957705227
1.1780972450961724	-3.094437533001491
1.1780972450961724	-3.074225144935056
1.1780972450961724	-3.002960918628758
1.1780972450961724	-2.9902974960646533
1.1780972450961724	-2.9774831829856856
1.1780972450961724	-2.963992766065209
1.1780972450961724	-2.8971419985153837
1.1780972450961724	-2.874919058804662
1.1780972450961724	-2.831745847055407
1.1780972450961724	-2.816917782563837
1.1780972450961724	-2.815884135792711
1.1780972450961724	-2.815496470884348
1.1780972450961724	-2.798674358115882
1.1780972450961724	-2.779655871918817
1.1780972450961724	-2.7443691945522515
1.1780972450961724	-2.716835105324832
1.1780972450961724	-2.705308045755947
1.1780972450961724	-2.696014388484679
1.1780972450961724	-2.645707351609265
1.1780972450961724	-2.605180492004174
1.1780972450961724	-2.5523360745607624
1.1780972450961724	-2.54332313927332
1.1780972450961724	-2.536166407178788
1.1780972450961724	-2.517536936541317
1.1780972450961724	-2.4781565740563978
1.1780972450961724	-2.477598518038524
1.1780972450961724	-2.465123338080029
1.1780972450961724	-2.447095941645025
1.1780972450961724	-2.438458988814218
1.1780972450961724	-2.3935889294914503
1.1780972450961724	-2.379709841530926
1.1780972450961724	-2.3698658290074803
1.1780972450961724	-2.354646130070693
1.1780972450961724	-2.350252128654241
1.1780972450961724	-2.3104004195011427
1.1780972450961724	-2.2975371147428847
1.1780972450961724	-2.287027952708952
1.1780972450961724	-2.2840386022233425
1.1780972450961724	-2.2807548869120984
1.1780972450961724	-2.2796672797018047
1.1780972450961724	-2.2690564182405724
1.1780972450961724	-2.2654613423807097
1.1780972450961724	-2.2117189252797615
1.1780972450961724	-2.1957394260506544
1.1780972450961724	-2.191858621003582
1.1780972450961724	-2.179395312729257
1.1780972450961724	-2.1764769129108497
1.1780972450961724	-2.161060023408192
1.1780972450961724	-2.127428264809991
1.1780972450961724	-2.113096539291898
1.1780972450961724	-2.1027329323119743
1.1780972450961724	-2.1005838300030066
1.1780972450961724	-2.0919294607339762
1.1780972450961724	-2.0860045789067687
1.1780972450961724	-2.081948601058171
1.1780972450961724	-2.057144293642803
1.1780972450961724	-2.0549490567623754
1.1780972450961724	-2.0411284964690495
1.1780972450961724	-2.036512920827891
1.1780972450961724	-2.033312040403808
1.1780972450961724	-2.0231760096172122
1.1780972450961724	-2.0054388933318723
1.1780972450961724	-2.0018467140836878
1.1780972450961724	-1.9969291991002498
1.1780972450961724	-1.9949909342821714
1.1780972450961724	-1.9859577335922012
1.1780972450961724	-1.9669662070800982
1.1780972450961724	-1.929116078712112
1.1780972450961724	-1.9132779051038322
1.1780972450961724	-1.9096838308120374
1.1780972450961724	-1.9061544621397457
1.1780972450961724	-1.8935736924424653
1.1780972450961724	-1.8923178487273205
1.1780972450961724	-1.8888326908972908
1.1780972450961724	-1.8876011761232934
1.1780972450961724	-1.8748948742302893
1.1780972450961724	-1.8676707644458623
1.1780972450961724	-1.863400651783165
1.1780972450961724	-1.8178410150834203
1.1780972450961724	-1.8079240512920842
1.1780972450961724	-1.790127335837145
1.1780972450961724	-1.7877143663642312
1.1780972450961724	-1.7828898681381262
1.1780972450961724	-1.7794466151600052
1.1780972450961724	-1.7759310845954699
1.1780972450961724	-1.7716130203593412
1.1780972450961724	-1.7663688937260333
1.1780972450961724	-1.756624287541709
1.1780972450961724	-1.742204256320492
1.1780972450961724	-1.7414206610575074
1.1780972450961724	-1.7332273031765317
1.1780972450961724	-1.7277374876307534
1.1780972450961724	-1.7200460751110092
1.1780972450961724	-1.7154037211333826
1.1780972450961724	-1.7141717389511182
1.1780972450961724	-1.7105242214119911
1.1780972450961724	-1.70467624170425
1.1780972450961724	-1.7043220928117977
1.1780972450961724	-1.6914639801901417
1.1780972450961724	-1.688607888929276
1.1780972450961724	-1.6615821790095815
1.1780972450961724	-1.6547498842843558
1.1780972450961724	-1.640387135502995
1.1780972450961724	-1.6284672709693337
1.1780972450961724	-1.6081140497619977
1.1780972450961724	-1.5934263586607793
1.1780972450961724	-1.5853950956068692
1.1780972450961724	-1.581695557520934
1.1780972450961724	-1.580100662620282
1.1780972450961724	-1.5770044179407916
1.1780972450961724	-1.5673372638338057
1.1780972450961724	-1.5551634838747517
1.1780972450961724	-1.5538274867090534
1.1780972450961724	-1.5420797162120257
1.1780972450961724	-1.5398138189367203
1.1780972450961724	-1.528261860481389
1.1780972450961724	-1.5150670643556223
1.1780972450961724	-1.4909234364354935
1.1780972450961724	-1.487816423554877
1.1780972450961724	-1.4793043648115773
1.1780972450961724	-1.4702143855509238
1.1780972450961724	-1.4671836986217583
1.1780972450961724	-1.4657645712160463
1.1780972450961724	-1.4640572052146534
1.1780972450961724	-1.463690636317111
1.1780972450961724	-1.458907122727555
1.1780972450961724	-1.4572896830136726
1.1780972450961724	-1.4572597812394512
1.1780972450961724	-1.4518131946678225
1.1780972450961724	-1.4491267283840705
1.1780972450961724	-1.448420119499215
1.1780972450961724	-1.4458210120270363
1.1780972450961724	-1.4383578852659584
1.1780972450961724	-1.4372545053301893
1.1780972450961724	-1.4325384382744415
1.1780972450961724	-1.416382624330308
1.1780972450961724	-1.4071575735116326
1.1780972450961724	-1.400878085784595
1.1780972450961724	-1.3737073237520807
1.1780972450961724	-1.3463499937154793
1.1780972450961724	-1.3421849337307985
1.1780972450961724	-1.3396327574370144
1.1780972450961724	-1.3263861545227238
1.1780972450961724	-1.311240387745909
1.1780972450961724	-1.3095846222588532
1.1780972450961724	-1.2764706789834372
1.1780972450961724	-1.2712822292992658
1.1780972450961724	-1.269990503226416
1.1780972450961724	-1.2663577626206004
1.1780972450961724	-1.2646742802081252
1.1780972450961724	-1.2619016823525397
1.1780972450961724	-1.254859950484777
1.1780972450961724	-1.2508624984324206
1.1780972450961724	-1.2453759725959515
1.1780972450961724	-1.243372466414516
1.1780972450961724	-1.2416123248339228
1.1780972450961724	-1.2390984717419644
1.1780972450961724	-1.2363850356011612
1.1780972450961724	-1.230689470594497
1.1780972450961724	-1.2295472712336262
1.1780972450961724	-1.2229211853301676
1.1780972450961724	-1.2076465353307233
1.1780972450961724	-1.2028296924721535
1.1780972450961724	-1.187660643422312
1.1780972450961724	-1.1803877319335059
1.1780972450961724	-1.1790260942718476
1.1780972450961724	-1.1718901618855972
1.1780972450961724	-1.1673273823624573
1.1780972450961724	-1.1638539596245716
1.1780972450961724	-1.1580969171291935
1.1780972450961724	-1.1417251577937622
1.1780972450961724	-1.1360237520096916
1.1780972450961724	-1.126818998630021
1.1780972450961724	-1.1249329569116642
1.1780972450961724	-1.1041154950267744
1.1780972450961724	-1.0925125290158875
1.1780972450961724	-1.0886469694890266
1.1780972450961724	-1.079958325135113
1.1780972450961724	-1.0649919511787953
1.1780972450961724	-1.052912763442858
1.1780972450961724	-1.052479697801255
1.1780972450961724	-1.0518439831107254
1.1780972450961724	-1.0491775859844814
1.1780972450961724	-1.0481503585776322
1.1780972450961724	-1.043469800723288
1.1780972450961724	-1.0398115935078385
1.1780972450961724	-1.0378040057753863
1.1780972450961724	-1.0376815250690137
1.1780972450961724	-1.0346980103839878
1.1780972450961724	-1.031362116557179
1.1780972450961724	-1.0259802507461893
1.1780972450961724	-1.0246037142313185
1.1780972450961724	-1.0233785062186724
1.1780972450961724	-1.0178400616340104
1.1780972450961724	-1.0075456604914361
1.1780972450961724	-1.0040294777227825
1.1780972450961724	-0.9970880474686208
1.1780972450961724	-0.9921452193992426
1.1780972450961724	-0.9865237734982094
1.1780972450961724	-0.9863789875649271
1.1780972450961724	-0.9674357190929599
1.1780972450961724	-0.9670844604123684
1.1780972450961724	-0.959648516836781
1.1780972450961724	-0.9471149085413169
1.1780972450961724	-0.937507392917041
1.1780972450961724	-0.937314928004083
1.1780972450961724	-0.9331266522617622
1.1780972450961724	-0.9301928317134706
1.1780972450961724	-0.919740557266703
1.1780972450961724	-0.9039128098613718
1.1780972450961724	-0.9015816770974457
1.1780972450961724	-0.899619773894939
1.1780972450961724	-0.8742452164418781
1.1780972450961724	-0.8727871957585125
1.1780972450961724	-0.8652404133077551
1.1780972450961724	-0.8637531228944938
1.1780972450961724	-0.8581599447716584
1.1780972450961724	-0.8538287435425388
1.1780972450961724	-0.827446305366257
1.1780972450961724	-0.8251108246381689
1.1780972450961724	-0.8212562193263816
1.1780972450961724	-0.8196619223498004
1.1780972450961724	-0.8165929161284371
1.1780972450961724	-0.8140461340727878
1.1780972450961724	-0.8118746096618825
1.1780972450961724	-0.8024880584897953
1.1780972450961724	-0.7999059561835846
1.1780972450961724	-0.7987383270403048
1.1780972450961724	-0.7909694529227824
1.1780972450961724	-0.7871596696345609
1.1780972450961724	-0.7768999349381693
1.1780972450961724	-0.7754737470198858
1.1780972450961724	-0.7737527932690801
1.1780972450961724	-0.7656690312220231
1.1780972450961724	-0.7605297255741524
1.1780972450961724	-0.7586462338649614
1.1780972450961724	-0.754467062267273
1.1780972450961724	-0.7541344028613447
1.1780972450961724	-0.7480629640052179
1.1780972450961724	-0.72671071993922
1.1780972450961724	-0.7221273286106564
1.1780972450961724	-0.7162846023361369
1.1780972450961724	-0.7132309848636298
1.1780972450961724	-0.7128493786105708
1.1780972450961724	-0.6977341398463084
1.1780972450961724	-0.6918705883198104
1.1780972450961724	-0.6778315855849628
1.1780972450961724	-0.6760399025411777
1.1780972450961724	-0.6727112827482459
1.1780972450961724	-0.6713084835349042
1.1780972450961724	-0.6703271296318546
1.1780972450961724	-0.6691147856264308
1.1780972450961724	-0.6630998536956636
1.1780972450961724	-0.6593640472834921
1.1780972450961724	-0.6579001860856154
1.1780972450961724	-0.6455495986418658
1.1780972450961724	-0.6405583177431887
1.1780972450961724	-0.6390875304888929
1.1780972450961724	-0.6333622044015534
1.1780972450961724	-0.6079268211410707
1.1780972450961724	-0.6055400206395031
1.1780972450961724	-0.6022972216025625
1.1780972450961724	-0.5970080089814325
1.1780972450961724	-0.5961210985399986
1.1780972450961724	-0.5888158258029902
1.1780972450961724	-0.5877354654669832
1.1780972450961724	-0.5793021802505681
1.1780972450961724	-0.5785686844913285
1.1780972450961724	-0.5780708843551575
1.1780972450961724	-0.5735361050396968
1.1780972450961724	-0.5693647950484427
1.1780972450961724	-0.5672863712947567
1.1780972450961724	-0.5541968736308763
1.1780972450961724	-0.5531476561050812
1.1780972450961724	-0.5512332828964497
1.1780972450961724	-0.5491591758807722
1.1780972450961724	-0.543322651864585
1.1780972450961724	-0.54205555655916
1.1780972450961724	-0.5384726967341916
1.1780972450961724	-0.5361280916912509
1.1780972450961724	-0.5282859412337233
1.1780972450961724	-0.5157446873929116
1.1780972450961724	-0.5150305956691628
1.1780972450961724	-0.5131006145131853
1.1780972450961724	-0.5112116680646047
1.1780972450961724	-0.5055059743376462
1.1780972450961724	-0.503474003256793
1.1780972450961724	-0.49641846065288675
1.1780972450961724	-0.48955415148670234
1.1780972450961724	-0.48511229325956673
1.1780972450961724	-0.48249961975434813
1.1780972450961724	-0.48207236692666616
1.1780972450961724	-0.47462688588371016
1.1780972450961724	-0.46222465409370006
1.1780972450961724	-0.46174226086778575
1.1780972450961724	-0.46165791894141106
1.1780972450961724	-0.4452989523971564
1.1780972450961724	-0.4434296678471235
1.1780972450961724	-0.4350153716769715
1.1780972450961724	-0.4323606385616493
1.1780972450961724	-0.4306078519928226
1.1780972450961724	-0.42900071607200574
1.1780972450961724	-0.41399463579010287
1.1780972450961724	-0.4117932245462302
1.1780972450961724	-0.411535076271237
1.1780972450961724	-0.4053688674813607
1.1780972450961724	-0.39462817845930953
1.1780972450961724	-0.38390103318584223
1.1780972450961724	-0.3826132338169695
1.1780972450961724	-0.3799398571890365
1.1780972450961724	-0.36273697476999744
1.1780972450961724	-0.3626426581081272
1.1780972450961724	-0.35652714041726075
1.1780972450961724	-0.34727467087440633
1.1780972450961724	-0.3407934891577679
1.1780972450961724	-0.3381430298701601
1.1780972450961724	-0.33771808347366705
1.1780972450961724	-0.3331291503354068
1.1780972450961724	-0.32845465056352874
1.1780972450961724	-0.32691779497768775
1.1780972450961724	-0.32503954829082704
1.1780972450961724	-0.32403722853937017
1.1780972450961724	-0.3184543852762874
1.1780972450961724	-0.3178681834915499
1.1780972450961724	-0.31507919128825185
1.1780972450961724	-0.3108645921552462
1.1780972450961724	-0.3058779137150287
1.1780972450961724	-0.2894072445943737
1.1780972450961724	-0.2852933843497275
1.1780972450961724	-0.28151756752513646
1.1780972450961724	-0.28038085935797363
1.1780972450961724	-0.2792652677522683
1.1780972450961724	-0.27199758540546437
1.1780972450961724	-0.2629828847323426
1.1780972450961724	-0.2623287275809931
1.1780972450961724	-0.2574947907883479
1.1780972450961724	-0.255995914860209
1.1780972450961724	-0.2500534648356201
1.1780972450961724	-0.24435325127100782
1.1780972450961724	-0.21314333888969106
1.1780972450961724	-0.19355413659404785
1.1780972450961724	-0.18272927770838662
1.1780972450961724	-0.18062144680389017
1.1780972450961724	-0.17795319170495735
1.1780972450961724	-0.17742378145670365
1.1780972450961724	-0.16988838957703573
1.1780972450961724	-0.16834299034360822
1.1780972450961724	-0.16778844433204648
1.1780972450961724	-0.16716151856939343
1.1780972450961724	-0.16619881557830896
1.1780972450961724	-0.16220507388432256
1.1780972450961724	-0.16114850312170467
1.1780972450961724	-0.15999515671972517
1.1780972450961724	-0.15759733549540486
1.1780972450961724	-0.15668418426143474
1.1780972450961724	-0.15156577685888667
1.1780972450961724	-0.15042621050905236
1.1780972450961724	-0.14742755639697291
1.1780972450961724	-0.14385802489255997
1.1780972450961724	-0.14271154766691832
1.1780972450961724	-0.14010067299848333
1.1780972450961724	-0.12884420475650243
1.1780972450961724	-0.1267025770450671
1.1780972450961724	-0.12334708875224498
1.1780972450961724	-0.11755451024915983
1.1780972450961724	-0.11484109408181453
1.1780972450961724	-0.10846762661210185
1.1780972450961724	-0.10447982925875143
1.1780972450961724	-0.09006113242422545
1.1780972450961724	-0.08956451843960408
1.1780972450961724	-0.08852286588898152
1.1780972450961724	-0.08430877799074123
1.1780972450961724	-0.08371452891058744
1.1780972450961724	-0.08303750085096227
1.1780972450961724	-0.07947932512880108
1.1780972450961724	-0.06734945041628615
1.1780972450961724	-0.05986933855992894
1.1780972450961724	-0.056156337510235334
1.1780972450961724	-0.05218983727686188
1.1780972450961724	-0.041436668954857314
1.1780972450961724	-0.03668449449111888
1.1780972450961724	-0.02038543691776263
1.1780972450961724	-0.017909510971259084
1.1780972450961724	-0.010375053398196922
1.1780972450961724	-0.009633689001028307
1.1780972450961724	-0.007139645673010658
1.1780972450961724	-0.005607632574347742
1.1780972450961724	-0.004770866787397312
1.1780972450961724	0.0038351438768354953
1.1780972450961724	0.005002177895723128
1.1780972450961724	0.006091686492121025
1.1780972450961724	0.018550723465778685
1.1780972450961724	0.02406602462033236
1.1780972450961724	0.03128745524225301
1.1780972450961724	0.031850586315538436
1.1780972450961724	0.03258604695067651
1.1780972450961724	0.035170940500094325
1.1780972450961724	0.03734485466275415
1.1780972450961724	0.04658333538670848
1.1780972450961724	0.04750204995902925
1.1780972450961724	0.0495421162605297
1.1780972450961724	0.04960200430458036
1.1780972450961724	0.05502302818427074
1.1780972450961724	0.057670718975954854
1.1780972450961724	0.05952882714493364
1.1780972450961724	0.062070226589686285
1.1780972450961724	0.0739853852407784
1.1780972450961724	0.07519834779580019
1.1780972450961724	0.07712497226784165
1.1780972450961724	0.0797359481579094
1.1780972450961724	0.08468385807309284
1.1780972450961724	0.08841276010674884
1.1780972450961724	0.09422376664461751
1.1780972450961724	0.10225411580533195
1.1780972450961724	0.10384424320971855
1.1780972450961724	0.10485570171048732
1.1780972450961724	0.11100053144587567
1.1780972450961724	0.11407338010691882
1.1780972450961724	0.11648566410391663
1.1780972450961724	0.12824287259711076
1.1780972450961724	0.1336529859861939
1.1780972450961724	0.13388993394797954
1.1780972450961724	0.1418327318456294
1.1780972450961724	0.15699752323615268
1.1780972450961724	0.1622726868860794
1.1780972450961724	0.1631806658121282
1.1780972450961724	0.16386237966958803
1.1780972450961724	0.16481005936165224
1.1780972450961724	0.17420121866126648
1.1780972450961724	0.17854698825597157
1.1780972450961724	0.18140034891324328
1.1780972450961724	0.18260824853860044
1.1780972450961724	0.18881011832554812
1.1780972450961724	0.18928868920895595
1.1780972450961724	0.19983120514853076
1.1780972450961724	0.20209354262736845
1.1780972450961724	0.21145825038915644
1.1780972450961724	0.22600005486593977
1.1780972450961724	0.23103163845302316
1.1780972450961724	0.23255677026954058
1.1780972450961724	0.24957081407859416
1.1780972450961724	0.2590723972759368
1.1780972450961724	0.26295883358992456
1.1780972450961724	0.26476094954113233
1.1780972450961724	0.26645805801073075
1.1780972450961724	0.2696141167005309
1.1780972450961724	0.27177921618190526
1.1780972450961724	0.2734384496844288
1.1780972450961724	0.28070880586485103
1.1780972450961724	0.29231650062200704
1.1780972450961724	0.29482292611532046
1.1780972450961724	0.29483786318832617
1.1780972450961724	0.30213232927675193
1.1780972450961724	0.3084848981020638
1.1780972450961724	0.3176223379576655
1.1780972450961724	0.3218585762495696
1.1780972450961724	0.3280839495907868
1.1780972450961724	0.3412270349051294
1.1780972450961724	0.3461772258112469
1.1780972450961724	0.34923059209708074
1.1780972450961724	0.3519232395443848
1.1780972450961724	0.3526829355723972
1.1780972450961724	0.3559207954690124
1.1780972450961724	0.3636288322308438
1.1780972450961724	0.36474497623582347
1.1780972450961724	0.36808087928747296
1.1780972450961724	0.3711681397259391
1.1780972450961724	0.3737823050297534
1.1780972450961724	0.3853081237225751
1.1780972450961724	0.38535497764841903
1.1780972450961724	0.3875765533859696
1.1780972450961724	0.40201836350663916
1.1780972450961724	0.4053178801050176
1.1780972450961724	0.4077557049617538
1.1780972450961724	0.42450878330212694
1.1780972450961724	0.42596700619323097
1.1780972450961724	0.43021066017643506
1.1780972450961724	0.43779769396817947
1.1780972450961724	0.4399825465907231
1.1780972450961724	0.44908565748081236
1.1780972450961724	0.44964026209011165
1.1780972450961724	0.4515978163885969
1.1780972450961724	0.45218270412318295
1.1780972450961724	0.4532037866631682
1.1780972450961724	0.4542589676661919
1.1780972450961724	0.4622284874462137
1.1780972450961724	0.4780510514805857
1.1780972450961724	0.4811335538938688
1.1780972450961724	0.48163253769816167
1.1780972450961724	0.48661740593502856
1.1780972450961724	0.49103738402242136
1.1780972450961724	0.49750115836913067
1.1780972450961724	0.49959782446061557
1.1780972450961724	0.5015512939842451
1.1780972450961724	0.5032489911342184
1.1780972450961724	0.5105652639990471
1.1780972450961724	0.5110875116509721
1.1780972450961724	0.5271226216183131
1.1780972450961724	0.5314732087531691
1.1780972450961724	0.5369773137242646
1.1780972450961724	0.5421939910546638
1.1780972450961724	0.5506685897284384
1.1780972450961724	0.55127307135026
1.1780972450961724	0.5520309088037643
1.1780972450961724	0.5543960301774218
1.1780972450961724	0.5554100904188923
1.1780972450961724	0.5578599372303465
1.1780972450961724	0.5586458463817308
1.1780972450961724	0.5686426495181726
1.1780972450961724	0.5688567368941674
1.1780972450961724	0.5819399232193663
1.1780972450961724	0.5825943763211737
1.1780972450961724	0.5891009158330012
1.1780972450961724	0.5929216915001261
1.1780972450961724	0.5975216402665389
1.1780972450961724	0.6007917040676698
1.1780972450961724	0.6010312810718341
1.1780972450961724	0.601811979983665
1.1780972450961724	0.6149980320074621
1.1780972450961724	0.6155651014207405
1.1780972450961724	0.6195181904796501
1.1780972450961724	0.6215904241143442
1.1780972450961724	0.62559668988531
1.1780972450961724	0.6319858705981051
1.1780972450961724	0.6327450752569865
1.1780972450961724	0.6355680282536781
1.1780972450961724	0.6397336773747104
1.1780972450961724	0.6422529317195718
1.1780972450961724	0.6663055827950712
1.1780972450961724	0.6823125710207285
1.1780972450961724	0.6938235516149169
1.1780972450961724	0.7032073013440638
1.1780972450961724	0.7138045720885366
1.1780972450961724	0.7141165698756249
1.1780972450961724	0.7243854928132158
1.1780972450961724	0.7273765287827231
1.1780972450961724	0.7362168958721775
1.1780972450961724	0.7474284435051701
1.1780972450961724	0.7479001764472556
1.1780972450961724	0.7576182668638345
1.1780972450961724	0.7700919717400643
1.1780972450961724	0.7735543306412618
1.1780972450961724	0.7844072017151276
1.1780972450961724	0.7870933640967568
1.1780972450961724	0.7877250854017881
1.1780972450961724	0.7936062203116285
1.1780972450961724	0.7978528996231549
1.1780972450961724	0.8012206769129678
1.1780972450961724	0.8038602280741318
1.1780972450961724	0.8039748768869698
1.1780972450961724	0.8088843460673001
1.1780972450961724	0.8132981567170647
1.1780972450961724	0.8148246247570528
1.1780972450961724	0.8163308548318532
1.1780972450961724	0.8239860123830053
1.1780972450961724	0.8241176097474152
1.1780972450961724	0.8262021146990567
1.1780972450961724	0.831535504956905
1.1780972450961724	0.8345340589201148
1.1780972450961724	0.8377054157234937
1.1780972450961724	0.8391957655018641
1.1780972450961724	0.8407872808916838
1.1780972450961724	0.8569557300865477
1.1780972450961724	0.858713982674615
1.1780972450961724	0.8657852359280463
1.1780972450961724	0.8679459233237654
1.1780972450961724	0.8853825004430806
1.1780972450961724	0.8970705473712877
1.1780972450961724	0.9051724691933063
1.1780972450961724	0.9118268941558808
1.1780972450961724	0.914736010355958
1.1780972450961724	0.9183283416937948
1.1780972450961724	0.9311635998200544
1.1780972450961724	0.9337045631482807
1.1780972450961724	0.9392709937576971
1.1780972450961724	0.9426632337571159
1.1780972450961724	0.9500406259197768
1.1780972450961724	0.9517615369185441
1.1780972450961724	0.9642778927144472
1.1780972450961724	0.9646932400802717
1.1780972450961724	0.9737357979932404
1.1780972450961724	0.9773854735721756
1.1780972450961724	0.9818275593613097
1.1780972450961724	0.9867236903699403
1.1780972450961724	0.9913565747526594
1.1780972450961724	0.9985196031938033
1.1780972450961724	1.0038849249079012
1.1780972450961724	1.0084892800212044
1.1780972450961724	1.0169101202642403
1.1780972450961724	1.017077699781725
1.1780972450961724	1.0293073904611867
1.1780972450961724	1.0312233878372494
1.1780972450961724	1.0334491094750076
1.1780972450961724	1.0459307861441616
1.1780972450961724	1.0464557999100748
1.1780972450961724	1.0543883929022426
1.1780972450961724	1.0714332841632808
1.1780972450961724	1.0805628406168486
1.1780972450961724	1.1196430139259088
1.1780972450961724	1.128583704285462
1.1780972450961724	1.1309842800137115
1.1780972450961724	1.1334905331365532
1.1780972450961724	1.1368803267127983
1.1780972450961724	1.1450160342420772
1.1780972450961724	1.1535464157365198
1.1780972450961724	1.1563112958204327
1.1780972450961724	1.1588886181575786
1.1780972450961724	1.1638948324162275
1.1780972450961724	1.1640243185977195
1.1780972450961724	1.1644199370709611
1.1780972450961724	1.1669407904619442
1.1780972450961724	1.1695424102835705
1.1780972450961724	1.17442059851932
1.1780972450961724	1.189122213550052
1.1780972450961724	1.1954385867187205
1.1780972450961724	1.1956175407806073
1.1780972450961724	1.2067813115781587
1.1780972450961724	1.2085873948886798
1.1780972450961724	1.217884567388066
1.1780972450961724	1.2201063270593762
1.1780972450961724	1.2212944311344984
1.1780972450961724	1.2252607660869859
1.1780972450961724	1.2278860901292288
1.1780972450961724	1.250207052386338
1.1780972450961724	1.251035952960295
1.1780972450961724	1.2675497063360026
1.1780972450961724	1.2698010271623892
1.1780972450961724	1.2741621942014456
1.1780972450961724	1.2801060473719175
1.1780972450961724	1.2818956674763828
1.1780972450961724	1.286799466303369
1.1780972450961724	1.2946306529401626
1.1780972450961724	1.2985808169661532
1.1780972450961724	1.3001830959315588
1.1780972450961724	1.314946136942106
1.1780972450961724	1.3180582000243948
1.1780972450961724	1.3196429281863638
1.1780972450961724	1.3219519856120925
1.1780972450961724	1.3267974704185628
1.1780972450961724	1.330585504795184
1.1780972450961724	1.3483720357568085
1.1780972450961724	1.3582181955563568
1.1780972450961724	1.3730768776948703
1.1780972450961724	1.3764497848042732
1.1780972450961724	1.3769737197758385
1.1780972450961724	1.3884498716962974
1.1780972450961724	1.3887359638083587
1.1780972450961724	1.401763351310981
1.1780972450961724	1.4105934336335664
1.1780972450961724	1.4114062150917701
1.1780972450961724	1.4171351013282139
1.1780972450961724	1.4337715167820804
1.1780972450961724	1.437715689890304
1.1780972450961724	1.4393265993486901
1.1780972450961724	1.4741149682221892
1.1780972450961724	1.4910439522138792
1.1780972450961724	1.502473050630102
1.1780972450961724	1.5096010126774857
1.1780972450961724	1.5174655540364939
1.1780972450961724	1.5181114051334772
1.1780972450961724	1.5181552912848164
1.1780972450961724	1.5193458614341342
1.1780972450961724	1.521438793114869
1.1780972450961724	1.5241008002646383
1.1780972450961724	1.5348281776999055
1.1780972450961724	1.5386459357569588
1.1780972450961724	1.5522001664935559
1.1780972450961724	1.5548120164492354
1.1780972450961724	1.5573939547745883
1.1780972450961724	1.5584663677841724
1.1780972450961724	1.5634573169809936
1.1780972450961724	1.5639156917895616
1.1780972450961724	1.5648922978240218
1.1780972450961724	1.5756318811249805
1.1780972450961724	1.6042250519854981
1.1780972450961724	1.62049400110847
1.1780972450961724	1.6263626023704538
1.1780972450961724	1.6316898390512882
1.1780972450961724	1.6449177346214845
1.1780972450961724	1.6547681009324497
1.1780972450961724	1.659469306893047
1.1780972450961724	1.6651360841314764
1.1780972450961724	1.6771441129493798
1.1780972450961724	1.6866460085459254
1.1780972450961724	1.6943860986732013
1.1780972450961724	1.69738908004027
1.1780972450961724	1.6990980193494205
1.1780972450961724	1.7021540108929099
1.1780972450961724	1.7182040860248557
1.1780972450961724	1.736404607528618
1.1780972450961724	1.758676785326379
1.1780972450961724	1.7615680026611251
1.1780972450961724	1.7918696679889687
1.1780972450961724	1.7923739629045168
1.1780972450961724	1.7935265498179211
1.1780972450961724	1.8143287298849038
1.1780972450961724	1.821395676299705
1.1780972450961724	1.8273749579150707
1.1780972450961724	1.8302326797035007
1.1780972450961724	1.8457492024738487
1.1780972450961724	1.8489684233945942
1.1780972450961724	1.8537670247584705
1.1780972450961724	1.8601266253808515
1.1780972450961724	1.860702142099355
1.1780972450961724	1.864480064524554
1.1780972450961724	1.8654282762716439
1.1780972450961724	1.866542388468062
1.1780972450961724	1.8782306171685765
1.1780972450961724	1.8992380372245743
1.1780972450961724	1.9023314846727584
1.1780972450961724	1.915929613340939
1.1780972450961724	1.9282863781042987
1.1780972450961724	1.944128918478811
1.1780972450961724	1.9532022215076827
1.1780972450961724	1.9561075963407024
1.1780972450961724	1.9683696315444508
1.1780972450961724	1.9724443422354916
1.1780972450961724	1.9852073669975652
1.1780972450961724	1.9873548417378724
1.1780972450961724	2.022710132549827
1.1780972450961724	2.0552618344257545
1.1780972450961724	2.056565996271726
1.1780972450961724	2.0751499358930623
1.1780972450961724	2.075494569777205
1.1780972450961724	2.087848453223288
1.1780972450961724	2.107680446174036
1.1780972450961724	2.123045274705057
1.1780972450961724	2.150900964503803
1.1780972450961724	2.1565103324526875
1.1780972450961724	2.165294514103106
1.1780972450961724	2.1736406883185615
1.1780972450961724	2.183985245410065
1.1780972450961724	2.2004273673162484
1.1780972450961724	2.21162939899399
1.1780972450961724	2.214705816332822
1.1780972450961724	2.215449948935788
1.1780972450961724	2.223833348291405
1.1780972450961724	2.2292137677040103
1.1780972450961724	2.2987939371998234
1.1780972450961724	2.302826648086241
1.1780972450961724	2.3290966056631652
1.1780972450961724	2.3474758215344007
1.1780972450961724	2.3529710011035814
1.1780972450961724	2.3530234605044082
1.1780972450961724	2.388426226271214
1.1780972450961724	2.42057051312546
1.1780972450961724	2.476025324054154
1.1780972450961724	2.4888271974054668
1.1780972450961724	2.494513889979634
1.1780972450961724	2.5040592069184533
1.1780972450961724	2.5263668726250423
1.1780972450961724	2.5448923265087764
1.1780972450961724	2.5523376147814174
1.1780972450961724	2.5535882248765276
1.1780972450961724	2.565989475468306
1.1780972450961724	2.5767282511352203
1.1780972450961724	2.6205092140132757
1.1780972450961724	2.620692774915571
1.1780972450961724	2.7343309542056877
1.1780972450961724	2.7562674067932784
1.1780972450961724	2.770191618256981
1.1780972450961724	2.7949558855628047
1.1780972450961724	2.807022758277296
1.1780972450961724	2.8083755197158355
1.1780972450961724	2.8094461756556477
1.1780972450961724	2.814100793364182
1.1780972450961724	2.966543492059255
1.1780972450961724	2.966699036752821
1.1780972450961724	3.0284943277172616
1.1780972450961724	3.03817176420071
1.1780972450961724	3.053805585632329
1.1780972450961724	3.0635765683800136
1.1780972450961724	3.090585495183596
1.1780972450961724	3.1290384750996183
1.1780972450961724	3.228692935447991
1.1780972450961724	3.365624933790472
1.1780972450961724	3.3764526328497597
1.1780972450961724	3.7445228148846366
1.1780972450961724	3.826264642012033
1.1780972450961724	3.8388476136813257
1.5707963267948966	-4.314348969430071
1.5707963267948966	-4.2775904301962075
1.5707963267948966	-4.059372953717899
1.5707963267948966	-4.011935300817704
1.5707963267948966	-3.9093897997867075
1.5707963267948966	-3.894981264941959
1.5707963267948966	-3.8500155661550326
1.5707963267948966	-3.705944182543432
1.5707963267948966	-3.702533646792791
1.5707963267948966	-3.6770537003248225
1.5707963267948966	-3.656782047198449
1.5707963267948966	-3.6241594657944796
1.5707963267948966	-3.5971735501357602
1.5707963267948966	-3.4901543868677734
1.5707963267948966	-3.407738516140548
1.5707963267948966	-3.2859588087773237
1.5707963267948966	-3.2049576925334526
1.5707963267948966	-3.1730817525942974
1.5707963267948966	-3.1619307696063887
1.5707963267948966	-3.1403521593886263
1.5707963267948966	-3.121077391457584
1.5707963267948966	-3.0988182574292664
1.5707963267948966	-3.009668551922609
1.5707963267948966	-2.9730017448745385
1.5707963267948966	-2.9512039363527482
1.5707963267948966	-2.937793243664331
1.5707963267948966	-2.896286771430002
1.5707963267948966	-2.8880902241341686
1.5707963267948966	-2.8730134331909567
1.5707963267948966	-2.7928723047827373
1.5707963267948966	-2.7795736668101667
1.5707963267948966	-2.7778901612483464
1.5707963267948966	-2.7768003697319172
1.5707963267948966	-2.7534790725814138
1.5707963267948966	-2.6880877775836205
1.5707963267948966	-2.6786492619316458
1.5707963267948966	-2.6660386625342283
1.5707963267948966	-2.6372316726580354
1.5707963267948966	-2.6116209588017774
1.5707963267948966	-2.6108896290925467
1.5707963267948966	-2.5757480658368324
1.5707963267948966	-2.5360703773272903
1.5707963267948966	-2.51129073883373
1.5707963267948966	-2.508929130075675
1.5707963267948966	-2.495420907437875
1.5707963267948966	-2.488416553292995
1.5707963267948966	-2.472985659957154
1.5707963267948966	-2.4655381329016284
1.5707963267948966	-2.4207343147667415
1.5707963267948966	-2.4167211114824436
1.5707963267948966	-2.4154460719508624
1.5707963267948966	-2.404639277880037
1.5707963267948966	-2.394926621558525
1.5707963267948966	-2.3841405424393893
1.5707963267948966	-2.3808994185638013
1.5707963267948966	-2.368207094334547
1.5707963267948966	-2.3653747411767587
1.5707963267948966	-2.351645852963229
1.5707963267948966	-2.321327488494864
1.5707963267948966	-2.3123718778416165
1.5707963267948966	-2.281626998934802
1.5707963267948966	-2.271498811113164
1.5707963267948966	-2.2640740446188086
1.5707963267948966	-2.228037486887918
1.5707963267948966	-2.2240800869464383
1.5707963267948966	-2.2171714267049105
1.5707963267948966	-2.1994415994804837
1.5707963267948966	-2.1853479544154237
1.5707963267948966	-2.184744533708114
1.5707963267948966	-2.1721186121719165
1.5707963267948966	-2.145462777733058
1.5707963267948966	-2.1387317867515008
1.5707963267948966	-2.1273321409835213
1.5707963267948966	-2.1080078812236946
1.5707963267948966	-2.104570227437704
1.5707963267948966	-2.1029443452352785
1.5707963267948966	-2.0854355361811976
1.5707963267948966	-2.083364713569547
1.5707963267948966	-2.0777183100598173
1.5707963267948966	-2.0704008439689763
1.5707963267948966	-2.0396165675011226
1.5707963267948966	-2.033889989741325
1.5707963267948966	-1.9851580525782775
1.5707963267948966	-1.9590408123724958
1.5707963267948966	-1.9587541904434251
1.5707963267948966	-1.9547572041047214
1.5707963267948966	-1.9513361914784395
1.5707963267948966	-1.9400985241875242
1.5707963267948966	-1.9380369004733793
1.5707963267948966	-1.9303763242784302
1.5707963267948966	-1.922495935193417
1.5707963267948966	-1.9073824498446634
1.5707963267948966	-1.8942017854299606
1.5707963267948966	-1.8905993448844574
1.5707963267948966	-1.887647251382733
1.5707963267948966	-1.8776413415320152
1.5707963267948966	-1.8682559854456307
1.5707963267948966	-1.8641518002054713
1.5707963267948966	-1.8606148191872143
1.5707963267948966	-1.855750085975033
1.5707963267948966	-1.8490782756607747
1.5707963267948966	-1.8480849023955868
1.5707963267948966	-1.84461259279593
1.5707963267948966	-1.8175143933198543
1.5707963267948966	-1.8156281878726028
1.5707963267948966	-1.8084789980202394
1.5707963267948966	-1.7960464108243621
1.5707963267948966	-1.7783736315776815
1.5707963267948966	-1.7535610802979957
1.5707963267948966	-1.736912133783623
1.5707963267948966	-1.7233990447157885
1.5707963267948966	-1.715440715474815
1.5707963267948966	-1.7021174061873752
1.5707963267948966	-1.6962665005415074
1.5707963267948966	-1.69452465972238
1.5707963267948966	-1.6938764711733398
1.5707963267948966	-1.6810426555861515
1.5707963267948966	-1.6765773641403876
1.5707963267948966	-1.6703380767744123
1.5707963267948966	-1.6636776388119663
1.5707963267948966	-1.645047962865292
1.5707963267948966	-1.6440576415012917
1.5707963267948966	-1.643908137950696
1.5707963267948966	-1.6286350293731897
1.5707963267948966	-1.6171378586671419
1.5707963267948966	-1.6158042390437328
1.5707963267948966	-1.614706326932737
1.5707963267948966	-1.597851692380759
1.5707963267948966	-1.5972998867171877
1.5707963267948966	-1.5779457306413442
1.5707963267948966	-1.5769857827715674
1.5707963267948966	-1.544726313403913
1.5707963267948966	-1.5417918076537982
1.5707963267948966	-1.5272136176256668
1.5707963267948966	-1.524332308521045
1.5707963267948966	-1.518556754811065
1.5707963267948966	-1.5149063783730738
1.5707963267948966	-1.5134277320624345
1.5707963267948966	-1.5072163939278105
1.5707963267948966	-1.4995643267999088
1.5707963267948966	-1.4956781292881012
1.5707963267948966	-1.4912939612539067
1.5707963267948966	-1.49004572353147
1.5707963267948966	-1.4817312840692554
1.5707963267948966	-1.4805934240066134
1.5707963267948966	-1.469367674093245
1.5707963267948966	-1.4644305755373048
1.5707963267948966	-1.4636054273328127
1.5707963267948966	-1.4621429084514264
1.5707963267948966	-1.4597614408242048
1.5707963267948966	-1.4586741984315583
1.5707963267948966	-1.4585710844234836
1.5707963267948966	-1.4523348030738759
1.5707963267948966	-1.4444754511064777
1.5707963267948966	-1.437147618350553
1.5707963267948966	-1.4314242816685474
1.5707963267948966	-1.422142479933481
1.5707963267948966	-1.4167508994695566
1.5707963267948966	-1.3876747178077593
1.5707963267948966	-1.384090321068825
1.5707963267948966	-1.3838758311164565
1.5707963267948966	-1.3811531539087907
1.5707963267948966	-1.3800825403864945
1.5707963267948966	-1.3762007236095015
1.5707963267948966	-1.3721321224174097
1.5707963267948966	-1.3517337083214653
1.5707963267948966	-1.3420683743839679
1.5707963267948966	-1.34123217540157
1.5707963267948966	-1.3382855142709806
1.5707963267948966	-1.3190762607839486
1.5707963267948966	-1.3133668421109728
1.5707963267948966	-1.3111548152317232
1.5707963267948966	-1.3035662434584032
1.5707963267948966	-1.2964598163159358
1.5707963267948966	-1.296154218823404
1.5707963267948966	-1.2795399819210052
1.5707963267948966	-1.2680661764432464
1.5707963267948966	-1.260966258411867
1.5707963267948966	-1.2592148189097478
1.5707963267948966	-1.2318367240243584
1.5707963267948966	-1.2271351631173772
1.5707963267948966	-1.2258546687599603
1.5707963267948966	-1.2210732703010507
1.5707963267948966	-1.2187010412276373
1.5707963267948966	-1.2114847981852754
1.5707963267948966	-1.2103725535228451
1.5707963267948966	-1.2045118901968768
1.5707963267948966	-1.2003256283715866
1.5707963267948966	-1.1999103108688312
1.5707963267948966	-1.1986064494589712
1.5707963267948966	-1.1943193638787772
1.5707963267948966	-1.188298596948919
1.5707963267948966	-1.187652178540102
1.5707963267948966	-1.1871213689515734
1.5707963267948966	-1.1819677201984828
1.5707963267948966	-1.148317309932975
1.5707963267948966	-1.1441992769434004
1.5707963267948966	-1.1272687155235945
1.5707963267948966	-1.1211943643796634
1.5707963267948966	-1.1210518044446447
1.5707963267948966	-1.1137259498058012
1.5707963267948966	-1.0896906822928845
1.5707963267948966	-1.0857688925215894
1.5707963267948966	-1.0831152621222435
1.5707963267948966	-1.0771155110301167
1.5707963267948966	-1.076394605542545
1.5707963267948966	-1.0756540382429585
1.5707963267948966	-1.0663046331048742
1.5707963267948966	-1.0627435729277714
1.5707963267948966	-1.0541264306431843
1.5707963267948966	-1.053642094374466
1.5707963267948966	-1.045638520380844
1.5707963267948966	-1.039646678715712
1.5707963267948966	-1.0347636800690432
1.5707963267948966	-1.0238034302090298
1.5707963267948966	-1.018378697308823
1.5707963267948966	-1.009840111301417
1.5707963267948966	-1.008610285675226
1.5707963267948966	-1.0030774257231427
1.5707963267948966	-1.0028532083975965
1.5707963267948966	-0.9998859436345506
1.5707963267948966	-0.9963857845153513
1.5707963267948966	-0.9957701196567423
1.5707963267948966	-0.985217770726003
1.5707963267948966	-0.9787861955226352
1.5707963267948966	-0.976198893052544
1.5707963267948966	-0.9637349380162257
1.5707963267948966	-0.9561785985763287
1.5707963267948966	-0.9528920001614898
1.5707963267948966	-0.942933370120723
1.5707963267948966	-0.9387021213004434
1.5707963267948966	-0.9191970681489257
1.5707963267948966	-0.9141248116018112
1.5707963267948966	-0.9036145805609173
1.5707963267948966	-0.8963914839710695
1.5707963267948966	-0.8949971111408017
1.5707963267948966	-0.8897932285937027
1.5707963267948966	-0.8774088531229404
1.5707963267948966	-0.8752947199671273
1.5707963267948966	-0.8660341572220092
1.5707963267948966	-0.8656906768277126
1.5707963267948966	-0.8623230019147048
1.5707963267948966	-0.8619204305708935
1.5707963267948966	-0.8596872870286687
1.5707963267948966	-0.848738942097722
1.5707963267948966	-0.8344280832357298
1.5707963267948966	-0.8215459299785911
1.5707963267948966	-0.8201694970822008
1.5707963267948966	-0.8198939654493335
1.5707963267948966	-0.8198622192508884
1.5707963267948966	-0.819518182822729
1.5707963267948966	-0.8172463301381813
1.5707963267948966	-0.816047515962751
1.5707963267948966	-0.8054866258378236
1.5707963267948966	-0.8016806199408322
1.5707963267948966	-0.7944976051720364
1.5707963267948966	-0.792817162968235
1.5707963267948966	-0.7903245887190407
1.5707963267948966	-0.7891359353791491
1.5707963267948966	-0.7780349959606062
1.5707963267948966	-0.7755079425424533
1.5707963267948966	-0.7557162090307278
1.5707963267948966	-0.7536362390443797
1.5707963267948966	-0.7492305832773215
1.5707963267948966	-0.7484503893960666
1.5707963267948966	-0.7283790477869482
1.5707963267948966	-0.7264798432487897
1.5707963267948966	-0.7236438852048465
1.5707963267948966	-0.7173365208665144
1.5707963267948966	-0.7133700695522377
1.5707963267948966	-0.7098024234430212
1.5707963267948966	-0.6889270992824647
1.5707963267948966	-0.687085867702057
1.5707963267948966	-0.6772781763347901
1.5707963267948966	-0.664319918479374
1.5707963267948966	-0.6623482883027089
1.5707963267948966	-0.6582861290416792
1.5707963267948966	-0.6576640564758548
1.5707963267948966	-0.6562193340616186
1.5707963267948966	-0.6541941941485461
1.5707963267948966	-0.6524466401203818
1.5707963267948966	-0.6502474028487758
1.5707963267948966	-0.6472000282982611
1.5707963267948966	-0.6469382259933377
1.5707963267948966	-0.6446673555568296
1.5707963267948966	-0.638015053127875
1.5707963267948966	-0.6356757218868958
1.5707963267948966	-0.6158661959183904
1.5707963267948966	-0.6151703584904386
1.5707963267948966	-0.5977483236574347
1.5707963267948966	-0.5941386218297174
1.5707963267948966	-0.5915647794471813
1.5707963267948966	-0.5804898826674159
1.5707963267948966	-0.5774030170175194
1.5707963267948966	-0.5667628881618849
1.5707963267948966	-0.564797232182402
1.5707963267948966	-0.5620084594371879
1.5707963267948966	-0.5524219532688146
1.5707963267948966	-0.5498930906538704
1.5707963267948966	-0.549233545330824
1.5707963267948966	-0.5490281007936422
1.5707963267948966	-0.5429272852728233
1.5707963267948966	-0.5353787182660287
1.5707963267948966	-0.534226430153124
1.5707963267948966	-0.5334236430975169
1.5707963267948966	-0.5240052662346009
1.5707963267948966	-0.49984286950830503
1.5707963267948966	-0.4946565308518344
1.5707963267948966	-0.49371366372863307
1.5707963267948966	-0.48857981153652075
1.5707963267948966	-0.4827058657228027
1.5707963267948966	-0.4824391520247573
1.5707963267948966	-0.4764551548846714
1.5707963267948966	-0.4722669873727461
1.5707963267948966	-0.4717978394643293
1.5707963267948966	-0.46152844265817317
1.5707963267948966	-0.4548101087674896
1.5707963267948966	-0.4524525686365305
1.5707963267948966	-0.4499432400307408
1.5707963267948966	-0.4465332973728935
1.5707963267948966	-0.43700795758854244
1.5707963267948966	-0.43682740598181297
1.5707963267948966	-0.4331656191596229
1.5707963267948966	-0.4263196726767853
1.5707963267948966	-0.42046149479832673
1.5707963267948966	-0.40617596201337536
1.5707963267948966	-0.3945110467930655
1.5707963267948966	-0.38332396990692935
1.5707963267948966	-0.38241076653571116
1.5707963267948966	-0.38017924882320764
1.5707963267948966	-0.37667879079389766
1.5707963267948966	-0.3740741743394205
1.5707963267948966	-0.3709309459806168
1.5707963267948966	-0.36441339323671906
1.5707963267948966	-0.357921291867315
1.5707963267948966	-0.35735651976598803
1.5707963267948966	-0.35704579551237947
1.5707963267948966	-0.3561317432676854
1.5707963267948966	-0.3554735757687781
1.5707963267948966	-0.34847236828560485
1.5707963267948966	-0.3484446099765829
1.5707963267948966	-0.3411534356228656
1.5707963267948966	-0.33475657849991886
1.5707963267948966	-0.3312649106811712
1.5707963267948966	-0.32820493872237666
1.5707963267948966	-0.3276959998753253
1.5707963267948966	-0.32728038284721206
1.5707963267948966	-0.3158206592091151
1.5707963267948966	-0.3123388878702471
1.5707963267948966	-0.31196507573049914
1.5707963267948966	-0.3105394184086933
1.5707963267948966	-0.3038555114849335
1.5707963267948966	-0.2917208607330541
1.5707963267948966	-0.28963688699101525
1.5707963267948966	-0.2846921232305597
1.5707963267948966	-0.2731793091157315
1.5707963267948966	-0.26536691603185963
1.5707963267948966	-0.26492495172322944
1.5707963267948966	-0.26466472093315063
1.5707963267948966	-0.25850973503339114
1.5707963267948966	-0.25171086129451714
1.5707963267948966	-0.24400627876555214
1.5707963267948966	-0.2394866093552363
1.5707963267948966	-0.23850675650632397
1.5707963267948966	-0.23846345175594624
1.5707963267948966	-0.2213598461903477
1.5707963267948966	-0.2183384513179389
1.5707963267948966	-0.2155704849547183
1.5707963267948966	-0.20960228097095734
1.5707963267948966	-0.2093415142508306
1.5707963267948966	-0.20398890038850404
1.5707963267948966	-0.19973029899770545
1.5707963267948966	-0.19772027281577192
1.5707963267948966	-0.18833807754622267
1.5707963267948966	-0.18107618396893832
1.5707963267948966	-0.17111731383344134
1.5707963267948966	-0.17059804585349655
1.5707963267948966	-0.1643375818597712
1.5707963267948966	-0.15680015517022783
1.5707963267948966	-0.15102920342365128
1.5707963267948966	-0.15089732345582502
1.5707963267948966	-0.15068839572022505
1.5707963267948966	-0.1499764588550789
1.5707963267948966	-0.1482724983993755
1.5707963267948966	-0.1423316686142714
1.5707963267948966	-0.13887660286742276
1.5707963267948966	-0.13617073592015827
1.5707963267948966	-0.1277003578379805
1.5707963267948966	-0.1236050801975126
1.5707963267948966	-0.11328335127628092
1.5707963267948966	-0.11222657060369541
1.5707963267948966	-0.10960972722344292
1.5707963267948966	-0.10668761458412036
1.5707963267948966	-0.0940477471214953
1.5707963267948966	-0.09401242409535432
1.5707963267948966	-0.09053021987077248
1.5707963267948966	-0.08237189050341254
1.5707963267948966	-0.07240330055484655
1.5707963267948966	-0.07070358988505929
1.5707963267948966	-0.05095437172171895
1.5707963267948966	-0.0486425560990564
1.5707963267948966	-0.044622316816343405
1.5707963267948966	-0.043752821757518684
1.5707963267948966	-0.034557974908938964
1.5707963267948966	-0.03122054513997081
1.5707963267948966	-0.026624354711846543
1.5707963267948966	-0.022344257785924214
1.5707963267948966	-0.020102623006758944
1.5707963267948966	-0.020072241372689037
1.5707963267948966	-0.019981244925107694
1.5707963267948966	-0.01815556102499723
1.5707963267948966	-0.016475416073618063
1.5707963267948966	-0.016468385460360495
1.5707963267948966	-0.011865788979702696
1.5707963267948966	-0.0063130604910183125
1.5707963267948966	-0.00408143521285419
1.5707963267948966	-0.0032458105679973627
1.5707963267948966	0.005764930167657428
1.5707963267948966	0.009037993092682925
1.5707963267948966	0.015422674948349927
1.5707963267948966	0.018308416195884872
1.5707963267948966	0.021782694466605242
1.5707963267948966	0.026923569940529024
1.5707963267948966	0.03186737841310583
1.5707963267948966	0.03700820774021096
1.5707963267948966	0.04844383004554542
1.5707963267948966	0.05539142329767488
1.5707963267948966	0.062238961604934584
1.5707963267948966	0.08124415866710422
1.5707963267948966	0.09262995623895136
1.5707963267948966	0.09273556216374743
1.5707963267948966	0.09438883917011871
1.5707963267948966	0.09627008587553967
1.5707963267948966	0.10010813122773854
1.5707963267948966	0.10486732320904757
1.5707963267948966	0.1120570015136213
1.5707963267948966	0.11876250497807295
1.5707963267948966	0.12475637718412048
1.5707963267948966	0.12524152710935224
1.5707963267948966	0.131041511693327
1.5707963267948966	0.13495168873868124
1.5707963267948966	0.14222065357729274
1.5707963267948966	0.14231565636005594
1.5707963267948966	0.1427249893966369
1.5707963267948966	0.14424988823582702
1.5707963267948966	0.15691704700636455
1.5707963267948966	0.15853885501868026
1.5707963267948966	0.16734147783056924
1.5707963267948966	0.16982548878776021
1.5707963267948966	0.1768905443719495
1.5707963267948966	0.18107391738250644
1.5707963267948966	0.18764680358868707
1.5707963267948966	0.18812474511081623
1.5707963267948966	0.19128429237751238
1.5707963267948966	0.19192132975679657
1.5707963267948966	0.20280579773342342
1.5707963267948966	0.20430964689732473
1.5707963267948966	0.2057129784271325
1.5707963267948966	0.206010884000009
1.5707963267948966	0.20753525933599845
1.5707963267948966	0.21225812743387526
1.5707963267948966	0.21378261173278912
1.5707963267948966	0.22116996661408062
1.5707963267948966	0.22434711985921138
1.5707963267948966	0.2248747308601571
1.5707963267948966	0.22807999294374517
1.5707963267948966	0.22938324493424878
1.5707963267948966	0.23456428221077819
1.5707963267948966	0.2375478380717202
1.5707963267948966	0.24298048286801555
1.5707963267948966	0.25141820971392326
1.5707963267948966	0.2574754206702843
1.5707963267948966	0.2586351091727385
1.5707963267948966	0.26346133384228
1.5707963267948966	0.2693037223490897
1.5707963267948966	0.2754132779387851
1.5707963267948966	0.2759184949180391
1.5707963267948966	0.2841657095512587
1.5707963267948966	0.28473693826312746
1.5707963267948966	0.30070485607075037
1.5707963267948966	0.3044670777968377
1.5707963267948966	0.3289313272500126
1.5707963267948966	0.3320576835199842
1.5707963267948966	0.3324308212495367
1.5707963267948966	0.34294686059373397
1.5707963267948966	0.3434738404480701
1.5707963267948966	0.34407082478850864
1.5707963267948966	0.34475371367902813
1.5707963267948966	0.3517269312706728
1.5707963267948966	0.3638786868292554
1.5707963267948966	0.3734059369803406
1.5707963267948966	0.3746885620905554
1.5707963267948966	0.3748424670063714
1.5707963267948966	0.37735228366317763
1.5707963267948966	0.40326629843581535
1.5707963267948966	0.40597520134081616
1.5707963267948966	0.41106675460783965
1.5707963267948966	0.41118672305034815
1.5707963267948966	0.41310824360928966
1.5707963267948966	0.41740248303204064
1.5707963267948966	0.4221018796909801
1.5707963267948966	0.42673358362398517
1.5707963267948966	0.43347745146537475
1.5707963267948966	0.4337037708611117
1.5707963267948966	0.4337783861664747
1.5707963267948966	0.43806422785655524
1.5707963267948966	0.4399825491947378
1.5707963267948966	0.4411072186818674
1.5707963267948966	0.44899987516262346
1.5707963267948966	0.4499340247762807
1.5707963267948966	0.455512650385832
1.5707963267948966	0.4637374996980525
1.5707963267948966	0.4650710015728926
1.5707963267948966	0.46511162712850174
1.5707963267948966	0.4728137763165708
1.5707963267948966	0.4757702548394801
1.5707963267948966	0.4763189046367792
1.5707963267948966	0.47898554512289215
1.5707963267948966	0.4804283802761533
1.5707963267948966	0.4806907275403913
1.5707963267948966	0.49724393840244385
1.5707963267948966	0.50384564702316
1.5707963267948966	0.5291031421518944
1.5707963267948966	0.5357957720007632
1.5707963267948966	0.5363528283696177
1.5707963267948966	0.5406149023700995
1.5707963267948966	0.5437580002407345
1.5707963267948966	0.5447796027750329
1.5707963267948966	0.5456910995777217
1.5707963267948966	0.5511730798117154
1.5707963267948966	0.5546901836203197
1.5707963267948966	0.5583002031369001
1.5707963267948966	0.560823290198729
1.5707963267948966	0.5624061465482938
1.5707963267948966	0.5649553522780414
1.5707963267948966	0.5667080997473651
1.5707963267948966	0.5714128850390421
1.5707963267948966	0.5831359518001484
1.5707963267948966	0.5873754750463323
1.5707963267948966	0.5893415468996904
1.5707963267948966	0.6047804708080476
1.5707963267948966	0.606540009405249
1.5707963267948966	0.6138064465144768
1.5707963267948966	0.6189520296564107
1.5707963267948966	0.6219571980782628
1.5707963267948966	0.6295915733403694
1.5707963267948966	0.6315678694937458
1.5707963267948966	0.6398054778568909
1.5707963267948966	0.6432681951087778
1.5707963267948966	0.6462779951866574
1.5707963267948966	0.6529916741745998
1.5707963267948966	0.6588964183523474
1.5707963267948966	0.67444415215529
1.5707963267948966	0.6890009454230819
1.5707963267948966	0.6916984472692735
1.5707963267948966	0.691767207574247
1.5707963267948966	0.7109416620283668
1.5707963267948966	0.7147895492407854
1.5707963267948966	0.7190262485772094
1.5707963267948966	0.7231228836208854
1.5707963267948966	0.7264796580516463
1.5707963267948966	0.7267053182449257
1.5707963267948966	0.7377381153952722
1.5707963267948966	0.7493785114562201
1.5707963267948966	0.7600972381195734
1.5707963267948966	0.76607803662354
1.5707963267948966	0.7720036484069159
1.5707963267948966	0.7811945639997896
1.5707963267948966	0.7830978041565949
1.5707963267948966	0.7860168093686064
1.5707963267948966	0.7883799660763425
1.5707963267948966	0.7986110703191556
1.5707963267948966	0.805654699060667
1.5707963267948966	0.8061232020718314
1.5707963267948966	0.8105677189041618
1.5707963267948966	0.8160756884808866
1.5707963267948966	0.8192632986516979
1.5707963267948966	0.8210156389295844
1.5707963267948966	0.8313922839964019
1.5707963267948966	0.8327461778464547
1.5707963267948966	0.8349912192276643
1.5707963267948966	0.8442032281988953
1.5707963267948966	0.846283455585222
1.5707963267948966	0.850303013425914
1.5707963267948966	0.8561379291877557
1.5707963267948966	0.8578549290915374
1.5707963267948966	0.8610264287981351
1.5707963267948966	0.8720385254262464
1.5707963267948966	0.8735685800915667
1.5707963267948966	0.8859646934449068
1.5707963267948966	0.8946062640152821
1.5707963267948966	0.9038160015281353
1.5707963267948966	0.9077296151777836
1.5707963267948966	0.915091563184325
1.5707963267948966	0.91768161317289
1.5707963267948966	0.9177179334157529
1.5707963267948966	0.9255206689796317
1.5707963267948966	0.9256239751076851
1.5707963267948966	0.926994614465974
1.5707963267948966	0.9355596047822237
1.5707963267948966	0.9364016460457996
1.5707963267948966	0.9400853357252376
1.5707963267948966	0.9415403291445467
1.5707963267948966	0.9425318392237224
1.5707963267948966	0.946800102937183
1.5707963267948966	0.948020913243907
1.5707963267948966	0.9485037995328622
1.5707963267948966	0.9544707296609624
1.5707963267948966	0.956464148212997
1.5707963267948966	0.957470345935954
1.5707963267948966	0.9834108537768192
1.5707963267948966	0.9845706236929915
1.5707963267948966	1.0026339628270313
1.5707963267948966	1.0072958817037385
1.5707963267948966	1.0107549726714034
1.5707963267948966	1.0308952480531195
1.5707963267948966	1.035462741613836
1.5707963267948966	1.0534618288815334
1.5707963267948966	1.0539837312526885
1.5707963267948966	1.0687054736034818
1.5707963267948966	1.0805787245186211
1.5707963267948966	1.0898610577703194
1.5707963267948966	1.0901591720446757
1.5707963267948966	1.0989526490209496
1.5707963267948966	1.118531974100275
1.5707963267948966	1.1293530739038906
1.5707963267948966	1.1319345083180146
1.5707963267948966	1.134332425643086
1.5707963267948966	1.1512854000156043
1.5707963267948966	1.1550413027823065
1.5707963267948966	1.1555053089857705
1.5707963267948966	1.1572551756565452
1.5707963267948966	1.1572816333967257
1.5707963267948966	1.1573304442649115
1.5707963267948966	1.1579155436696322
1.5707963267948966	1.159991055589557
1.5707963267948966	1.1664240450887193
1.5707963267948966	1.1672963654583084
1.5707963267948966	1.1711492612618724
1.5707963267948966	1.1935878537619407
1.5707963267948966	1.1960019892440077
1.5707963267948966	1.2003288579724811
1.5707963267948966	1.2016379304374887
1.5707963267948966	1.2016944295635101
1.5707963267948966	1.2077167812396485
1.5707963267948966	1.2112501160019271
1.5707963267948966	1.2112620851759541
1.5707963267948966	1.2145933962666513
1.5707963267948966	1.218163300105782
1.5707963267948966	1.219476773814544
1.5707963267948966	1.2404755787799893
1.5707963267948966	1.242113510812214
1.5707963267948966	1.2423747103549287
1.5707963267948966	1.2440015569263914
1.5707963267948966	1.2518244096176852
1.5707963267948966	1.2582025886011068
1.5707963267948966	1.263487663953963
1.5707963267948966	1.2753174371554943
1.5707963267948966	1.2800791246553018
1.5707963267948966	1.2892539247848542
1.5707963267948966	1.2901658532185571
1.5707963267948966	1.2910264746310056
1.5707963267948966	1.2973073723952404
1.5707963267948966	1.3069361006107023
1.5707963267948966	1.3186911229691578
1.5707963267948966	1.3411134604040003
1.5707963267948966	1.3411518777717057
1.5707963267948966	1.342840020375863
1.5707963267948966	1.346818444950248
1.5707963267948966	1.3545769166652046
1.5707963267948966	1.3550573944412416
1.5707963267948966	1.364270378441282
1.5707963267948966	1.3647888024459975
1.5707963267948966	1.3710851465683964
1.5707963267948966	1.3794365138493192
1.5707963267948966	1.3832983598288355
1.5707963267948966	1.396530316797889
1.5707963267948966	1.399203865666804
1.5707963267948966	1.4000988391236857
1.5707963267948966	1.4312221040940276
1.5707963267948966	1.4542112893354466
1.5707963267948966	1.4709421151006212
1.5707963267948966	1.472149292029019
1.5707963267948966	1.4748727309172245
1.5707963267948966	1.4750068154495903
1.5707963267948966	1.49526618318531
1.5707963267948966	1.4955574628434243
1.5707963267948966	1.496089745256249
1.5707963267948966	1.4982828850963084
1.5707963267948966	1.498531510327768
1.5707963267948966	1.5063883380141676
1.5707963267948966	1.5104231654418774
1.5707963267948966	1.5135399717734903
1.5707963267948966	1.516387225127442
1.5707963267948966	1.5340231767620023
1.5707963267948966	1.5354054842589382
1.5707963267948966	1.5392394283107222
1.5707963267948966	1.5481581634622859
1.5707963267948966	1.5510203715439603
1.5707963267948966	1.56199880687313
1.5707963267948966	1.5696465752724809
1.5707963267948966	1.5739745990082334
1.5707963267948966	1.5884373611850382
1.5707963267948966	1.5966492763938351
1.5707963267948966	1.6292869034808266
1.5707963267948966	1.6318270766963923
1.5707963267948966	1.6387148325638425
1.5707963267948966	1.6510047509206456
1.5707963267948966	1.6624457401085486
1.5707963267948966	1.6660807863885068
1.5707963267948966	1.6729499019052358
1.5707963267948966	1.6790116518356593
1.5707963267948966	1.6792906301090995
1.5707963267948966	1.6953379559300776
1.5707963267948966	1.706822277419134
1.5707963267948966	1.7186720270610696
1.5707963267948966	1.7187320284095757
1.5707963267948966	1.723953269559569
1.5707963267948966	1.7439543158991575
1.5707963267948966	1.7629244484013595
1.5707963267948966	1.775050860531897
1.5707963267948966	1.7824310285571927
1.5707963267948966	1.801172207935789
1.5707963267948966	1.8023785141066735
1.5707963267948966	1.8141431314654235
1.5707963267948966	1.8169478744736685
1.5707963267948966	1.8215597749935848
1.5707963267948966	1.8368060064823202
1.5707963267948966	1.8387316934179647
1.5707963267948966	1.8512729162392052
1.5707963267948966	1.855332611611734
1.5707963267948966	1.8591622857212393
1.5707963267948966	1.8595495829862958
1.5707963267948966	1.8685468336835902
1.5707963267948966	1.8696622960542344
1.5707963267948966	1.8911200174388316
1.5707963267948966	1.9188104093543839
1.5707963267948966	1.9456301394783155
1.5707963267948966	1.9473326323209408
1.5707963267948966	1.949125501912815
1.5707963267948966	1.9546886901265452
1.5707963267948966	1.9713751690989285
1.5707963267948966	1.9732445534750074
1.5707963267948966	1.9806729947882942
1.5707963267948966	1.9906041784146344
1.5707963267948966	1.9927367499494322
1.5707963267948966	1.994325266457429
1.5707963267948966	1.9947157967456366
1.5707963267948966	2.0034624011734703
1.5707963267948966	2.0374622271034117
1.5707963267948966	2.0629172459512626
1.5707963267948966	2.0664060922854315
1.5707963267948966	2.074970788577255
1.5707963267948966	2.1378987561905136
1.5707963267948966	2.155297496728887
1.5707963267948966	2.1572660061751043
1.5707963267948966	2.1579597769671484
1.5707963267948966	2.169678331391639
1.5707963267948966	2.1782161365283073
1.5707963267948966	2.1883104695945588
1.5707963267948966	2.1956622190116577
1.5707963267948966	2.2034327345620417
1.5707963267948966	2.2096631376106535
1.5707963267948966	2.2170417314609416
1.5707963267948966	2.2299200124593543
1.5707963267948966	2.2566771799258465
1.5707963267948966	2.268599318266688
1.5707963267948966	2.268672659841534
1.5707963267948966	2.274938847358393
1.5707963267948966	2.316900057639934
1.5707963267948966	2.337333492007528
1.5707963267948966	2.346245716378666
1.5707963267948966	2.3662869299618796
1.5707963267948966	2.3877567006227665
1.5707963267948966	2.404117794538516
1.5707963267948966	2.4044357990035765
1.5707963267948966	2.410183666876674
1.5707963267948966	2.415523353410842
1.5707963267948966	2.4391702854424135
1.5707963267948966	2.4966855924890674
1.5707963267948966	2.4974307693119613
1.5707963267948966	2.5016075755424616
1.5707963267948966	2.5152513610041645
1.5707963267948966	2.554712800025966
1.5707963267948966	2.580246084985614
1.5707963267948966	2.6666952938613755
1.5707963267948966	2.6669050779607426
1.5707963267948966	2.7164772990525385
1.5707963267948966	2.741120585498722
1.5707963267948966	2.748725051932993
1.5707963267948966	2.7758281484615055
1.5707963267948966	2.80061220315152
1.5707963267948966	2.8716576763749297
1.5707963267948966	2.880168533394909
1.5707963267948966	3.0571972227288917
1.5707963267948966	3.0572325916665495
1.5707963267948966	3.058677720486962
1.5707963267948966	3.092716565700124
1.5707963267948966	3.1360102344806045
1.5707963267948966	3.1419842101263997
1.5707963267948966	3.165998241389851
1.5707963267948966	3.173064059526936
1.5707963267948966	3.3487327104781777
1.5707963267948966	3.3577714817842677
1.5707963267948966	3.42010073491508
1.5707963267948966	3.458480203026013
1.5707963267948966	3.558888976657486
1.5707963267948966	3.6919222789178345
1.5707963267948966	3.702994137708303
1.9634954084936207	-4.327419491539732
1.9634954084936207	-4.28534570851318
1.9634954084936207	-4.076369169943048
1.9634954084936207	-4.0321765205244695
1.9634954084936207	-3.9812378442160656
1.9634954084936207	-3.9783362528336443
1.9634954084936207	-3.9112756233802486
1.9634954084936207	-3.836212917850162
1.9634954084936207	-3.70515959020015
1.9634954084936207	-3.622431056004282
1.9634954084936207	-3.566182550377939
1.9634954084936207	-3.508638834295245
1.9634954084936207	-3.412106368245854
1.9634954084936207	-3.2992092250817096
1.9634954084936207	-3.293649187608747
1.9634954084936207	-3.2840051761678364
1.9634954084936207	-3.281866325194633
1.9634954084936207	-3.182883048543278
1.9634954084936207	-3.1559432348007657
1.9634954084936207	-3.1506403598612143
1.9634954084936207	-3.075876232790832
1.9634954084936207	-3.062784903956098
1.9634954084936207	-2.9690147939481895
1.9634954084936207	-2.8640460132147654
1.9634954084936207	-2.8445052867311045
1.9634954084936207	-2.8302417424865336
1.9634954084936207	-2.802157250094714
1.9634954084936207	-2.7847304759968203
1.9634954084936207	-2.7751848560006316
1.9634954084936207	-2.76303712483133
1.9634954084936207	-2.750894844031281
1.9634954084936207	-2.7328085079325852
1.9634954084936207	-2.7027286123315717
1.9634954084936207	-2.6860163868293077
1.9634954084936207	-2.674742314228305
1.9634954084936207	-2.6347931414873393
1.9634954084936207	-2.6247257016792522
1.9634954084936207	-2.6112014505528114
1.9634954084936207	-2.5911586882137723
1.9634954084936207	-2.5764988046949853
1.9634954084936207	-2.557563856397297
1.9634954084936207	-2.537897017124807
1.9634954084936207	-2.53357361347022
1.9634954084936207	-2.5310830686715913
1.9634954084936207	-2.5149508005682586
1.9634954084936207	-2.492496611464433
1.9634954084936207	-2.468210558714391
1.9634954084936207	-2.451137869851991
1.9634954084936207	-2.446862094764085
1.9634954084936207	-2.4190518989175995
1.9634954084936207	-2.415523186586056
1.9634954084936207	-2.3619262955609894
1.9634954084936207	-2.3491876236134237
1.9634954084936207	-2.341856169264193
1.9634954084936207	-2.313588889373273
1.9634954084936207	-2.3024731256178903
1.9634954084936207	-2.2971073895302503
1.9634954084936207	-2.2963757884195286
1.9634954084936207	-2.295678846320376
1.9634954084936207	-2.2666708982728343
1.9634954084936207	-2.2537102085513006
1.9634954084936207	-2.243936888510266
1.9634954084936207	-2.2309166288696787
1.9634954084936207	-2.215572122251575
1.9634954084936207	-2.213526158663001
1.9634954084936207	-2.208158159054697
1.9634954084936207	-2.1968471189897594
1.9634954084936207	-2.1855636884672274
1.9634954084936207	-2.127521333006124
1.9634954084936207	-2.1041958229284625
1.9634954084936207	-2.101114260957938
1.9634954084936207	-2.097185885616646
1.9634954084936207	-2.0910813513578157
1.9634954084936207	-2.080854655141287
1.9634954084936207	-2.078217413152838
1.9634954084936207	-2.0727815903027733
1.9634954084936207	-2.065718100532108
1.9634954084936207	-2.0605574540905907
1.9634954084936207	-2.057188319905768
1.9634954084936207	-2.049647284042379
1.9634954084936207	-2.0351402712178235
1.9634954084936207	-2.0158638099831556
1.9634954084936207	-2.0088393105810374
1.9634954084936207	-1.9936163766271058
1.9634954084936207	-1.9637058653252115
1.9634954084936207	-1.9452926456257422
1.9634954084936207	-1.9433415783030161
1.9634954084936207	-1.9214443059577455
1.9634954084936207	-1.895570167717369
1.9634954084936207	-1.8879647580733492
1.9634954084936207	-1.8769963502385192
1.9634954084936207	-1.86572751906521
1.9634954084936207	-1.8632107722007933
1.9634954084936207	-1.8588883356547008
1.9634954084936207	-1.8584706223195182
1.9634954084936207	-1.858294090561246
1.9634954084936207	-1.854722113800719
1.9634954084936207	-1.8511813989313077
1.9634954084936207	-1.8237523445474961
1.9634954084936207	-1.8221463620162173
1.9634954084936207	-1.8215671075121158
1.9634954084936207	-1.820307717110489
1.9634954084936207	-1.7884282192403076
1.9634954084936207	-1.7884002267888113
1.9634954084936207	-1.7843191472190836
1.9634954084936207	-1.783179636402225
1.9634954084936207	-1.7707449601139393
1.9634954084936207	-1.769699842069571
1.9634954084936207	-1.754100550099346
1.9634954084936207	-1.7486892728137653
1.9634954084936207	-1.7342023578968195
1.9634954084936207	-1.7262392058080769
1.9634954084936207	-1.702160716593343
1.9634954084936207	-1.692918081652655
1.9634954084936207	-1.6805327657067566
1.9634954084936207	-1.6792662044428721
1.9634954084936207	-1.6699570421017134
1.9634954084936207	-1.663500547792718
1.9634954084936207	-1.6589720383105844
1.9634954084936207	-1.6545719607950782
1.9634954084936207	-1.643061038767259
1.9634954084936207	-1.630964955602303
1.9634954084936207	-1.6265125608182625
1.9634954084936207	-1.6235103904615014
1.9634954084936207	-1.6217492486390241
1.9634954084936207	-1.6087176906679783
1.9634954084936207	-1.6017312040035865
1.9634954084936207	-1.5902191639804426
1.9634954084936207	-1.5900448828321605
1.9634954084936207	-1.584699146666881
1.9634954084936207	-1.5732686540181333
1.9634954084936207	-1.5691007934917964
1.9634954084936207	-1.5688453793125394
1.9634954084936207	-1.5651122679574083
1.9634954084936207	-1.5480892335539105
1.9634954084936207	-1.534870593700263
1.9634954084936207	-1.523681463791653
1.9634954084936207	-1.523014654433276
1.9634954084936207	-1.5193000688367941
1.9634954084936207	-1.5026689254704477
1.9634954084936207	-1.489441538366797
1.9634954084936207	-1.4890467634569609
1.9634954084936207	-1.4806454933808952
1.9634954084936207	-1.4700697224084867
1.9634954084936207	-1.4680724681429504
1.9634954084936207	-1.460659265096856
1.9634954084936207	-1.456303051964938
1.9634954084936207	-1.4362582693290538
1.9634954084936207	-1.4330163122285127
1.9634954084936207	-1.430879723216868
1.9634954084936207	-1.428051968422648
1.9634954084936207	-1.4196152010619336
1.9634954084936207	-1.4085731444703695
1.9634954084936207	-1.400831918446055
1.9634954084936207	-1.4000519635757775
1.9634954084936207	-1.398901188200241
1.9634954084936207	-1.396970840520788
1.9634954084936207	-1.3879684513812078
1.9634954084936207	-1.364814439344487
1.9634954084936207	-1.34536094193024
1.9634954084936207	-1.335539054925134
1.9634954084936207	-1.3324636233125506
1.9634954084936207	-1.3255162675503103
1.9634954084936207	-1.3131550836750874
1.9634954084936207	-1.3055530520324048
1.9634954084936207	-1.3002432533717494
1.9634954084936207	-1.2964640119763986
1.9634954084936207	-1.2932037345480145
1.9634954084936207	-1.290161065689972
1.9634954084936207	-1.288138879827007
1.9634954084936207	-1.2796782293252533
1.9634954084936207	-1.2749463142264432
1.9634954084936207	-1.2746279520556465
1.9634954084936207	-1.2704328116136028
1.9634954084936207	-1.2659601326831271
1.9634954084936207	-1.256830746359471
1.9634954084936207	-1.2456428420089487
1.9634954084936207	-1.2414499592735
1.9634954084936207	-1.2348060768520461
1.9634954084936207	-1.232193762032742
1.9634954084936207	-1.2286083348756047
1.9634954084936207	-1.2179870519935185
1.9634954084936207	-1.2174615510521447
1.9634954084936207	-1.2117740190305044
1.9634954084936207	-1.2038329861398402
1.9634954084936207	-1.1989901777344865
1.9634954084936207	-1.1877432367767522
1.9634954084936207	-1.1800049232591299
1.9634954084936207	-1.1647360740063908
1.9634954084936207	-1.1597694114741415
1.9634954084936207	-1.155799514477077
1.9634954084936207	-1.1489989074093465
1.9634954084936207	-1.1380501504419347
1.9634954084936207	-1.136703368739998
1.9634954084936207	-1.1337371563235659
1.9634954084936207	-1.1280404879513064
1.9634954084936207	-1.1249452666135955
1.9634954084936207	-1.1183219441901509
1.9634954084936207	-1.1082936876048504
1.9634954084936207	-1.106700744812265
1.9634954084936207	-1.103745116729549
1.9634954084936207	-1.100426692027869
1.9634954084936207	-1.0967532788787393
1.9634954084936207	-1.0818500064114305
1.9634954084936207	-1.0817236614357302
1.9634954084936207	-1.0705420373521477
1.9634954084936207	-1.0530610427306453
1.9634954084936207	-1.0475979976212828
1.9634954084936207	-1.0464669280093284
1.9634954084936207	-1.043375527675793
1.9634954084936207	-1.033603451346849
1.9634954084936207	-1.027149639291756
1.9634954084936207	-1.0203876427555825
1.9634954084936207	-1.014149328871908
1.9634954084936207	-1.0101521207794344
1.9634954084936207	-1.0046785340942739
1.9634954084936207	-0.9984093697548123
1.9634954084936207	-0.9982114195096616
1.9634954084936207	-0.9974589572910628
1.9634954084936207	-0.9910999180086426
1.9634954084936207	-0.986987457841451
1.9634954084936207	-0.9700049702230737
1.9634954084936207	-0.9639510790671189
1.9634954084936207	-0.958763434613753
1.9634954084936207	-0.9553482793508616
1.9634954084936207	-0.9527470347966067
1.9634954084936207	-0.9215667596947144
1.9634954084936207	-0.9195574775189463
1.9634954084936207	-0.8872675324154989
1.9634954084936207	-0.8861269641551114
1.9634954084936207	-0.8858642635780077
1.9634954084936207	-0.884195709549302
1.9634954084936207	-0.8814249569888589
1.9634954084936207	-0.8782415525000506
1.9634954084936207	-0.8720801765006527
1.9634954084936207	-0.8666402156710828
1.9634954084936207	-0.8657218579408563
1.9634954084936207	-0.8645322423778976
1.9634954084936207	-0.8605501546260024
1.9634954084936207	-0.8587306305150165
1.9634954084936207	-0.8556605007435805
1.9634954084936207	-0.8467090324230379
1.9634954084936207	-0.8464900638698725
1.9634954084936207	-0.8461040731887566
1.9634954084936207	-0.8444078625194704
1.9634954084936207	-0.8422106172144646
1.9634954084936207	-0.8368259728017235
1.9634954084936207	-0.8340039489735397
1.9634954084936207	-0.8302762776734779
1.9634954084936207	-0.8270726137404409
1.9634954084936207	-0.823034265242658
1.9634954084936207	-0.8133201082630919
1.9634954084936207	-0.8053455342282003
1.9634954084936207	-0.8027633759569918
1.9634954084936207	-0.7979654030247199
1.9634954084936207	-0.7811381394201591
1.9634954084936207	-0.7785497724780501
1.9634954084936207	-0.765479603631765
1.9634954084936207	-0.7510945652931662
1.9634954084936207	-0.7359997113862784
1.9634954084936207	-0.723461323417073
1.9634954084936207	-0.7111195710395952
1.9634954084936207	-0.6983343640706204
1.9634954084936207	-0.6966000099275693
1.9634954084936207	-0.6929338000109879
1.9634954084936207	-0.6916286595023291
1.9634954084936207	-0.6892715127672843
1.9634954084936207	-0.6849227150951883
1.9634954084936207	-0.6835848750446181
1.9634954084936207	-0.6805752143689828
1.9634954084936207	-0.678915016776905
1.9634954084936207	-0.6767237567698301
1.9634954084936207	-0.674643538200963
1.9634954084936207	-0.6700395945178744
1.9634954084936207	-0.6698084292174646
1.9634954084936207	-0.6667080504846841
1.9634954084936207	-0.662033320631887
1.9634954084936207	-0.661498138275909
1.9634954084936207	-0.6557496920643142
1.9634954084936207	-0.6536092617460607
1.9634954084936207	-0.6526863850128775
1.9634954084936207	-0.6462920856923723
1.9634954084936207	-0.6428675750943961
1.9634954084936207	-0.6402301809040624
1.9634954084936207	-0.6377500757023162
1.9634954084936207	-0.6226080113962168
1.9634954084936207	-0.6214293668558659
1.9634954084936207	-0.6152305551649144
1.9634954084936207	-0.6058527325386712
1.9634954084936207	-0.6055530402918553
1.9634954084936207	-0.6028290489117146
1.9634954084936207	-0.5849781316716864
1.9634954084936207	-0.5701266578506116
1.9634954084936207	-0.5695039626104637
1.9634954084936207	-0.5640295838098389
1.9634954084936207	-0.5625318780555782
1.9634954084936207	-0.5238602071195639
1.9634954084936207	-0.5219191356102066
1.9634954084936207	-0.5212866240101303
1.9634954084936207	-0.5165007915310319
1.9634954084936207	-0.5123320848022329
1.9634954084936207	-0.5075047686234235
1.9634954084936207	-0.5043139798239317
1.9634954084936207	-0.49661802085389706
1.9634954084936207	-0.48893632653420305
1.9634954084936207	-0.48420219012955806
1.9634954084936207	-0.4820504818130046
1.9634954084936207	-0.47695004438726507
1.9634954084936207	-0.47565919894371467
1.9634954084936207	-0.47322380757496685
1.9634954084936207	-0.4705183601268169
1.9634954084936207	-0.46522652004058734
1.9634954084936207	-0.46423790445866464
1.9634954084936207	-0.46311593197876855
1.9634954084936207	-0.4615580068088209
1.9634954084936207	-0.4609451271007697
1.9634954084936207	-0.4579445647789404
1.9634954084936207	-0.45576030833851305
1.9634954084936207	-0.45313712108615756
1.9634954084936207	-0.4513620638813703
1.9634954084936207	-0.4375804073409437
1.9634954084936207	-0.43008157283932835
1.9634954084936207	-0.4209799003586303
1.9634954084936207	-0.41663307684006234
1.9634954084936207	-0.4093070454376038
1.9634954084936207	-0.40576085683974344
1.9634954084936207	-0.40146463661359527
1.9634954084936207	-0.39998862734764873
1.9634954084936207	-0.3997363478800669
1.9634954084936207	-0.39790377512718894
1.9634954084936207	-0.3879260151673476
1.9634954084936207	-0.37521729274569626
1.9634954084936207	-0.3544795687097011
1.9634954084936207	-0.3486049217707994
1.9634954084936207	-0.347541472377329
1.9634954084936207	-0.3390542865450179
1.9634954084936207	-0.3314581695958964
1.9634954084936207	-0.327438961409786
1.9634954084936207	-0.3203539831002307
1.9634954084936207	-0.31842327050013514
1.9634954084936207	-0.311468963736479
1.9634954084936207	-0.3100958369110183
1.9634954084936207	-0.30384954224378347
1.9634954084936207	-0.30183236689346304
1.9634954084936207	-0.29781847227280506
1.9634954084936207	-0.2969334729028563
1.9634954084936207	-0.2859220298289853
1.9634954084936207	-0.27998259662077984
1.9634954084936207	-0.2716653686303676
1.9634954084936207	-0.2656620822961841
1.9634954084936207	-0.2651290230302038
1.9634954084936207	-0.26415737332443057
1.9634954084936207	-0.26174537994653874
1.9634954084936207	-0.2613495786077278
1.9634954084936207	-0.2603740611693899
1.9634954084936207	-0.24701677641184405
1.9634954084936207	-0.23921579256837888
1.9634954084936207	-0.23550201104497726
1.9634954084936207	-0.2317982421514792
1.9634954084936207	-0.230263926702242
1.9634954084936207	-0.22113032862511783
1.9634954084936207	-0.21673176744425668
1.9634954084936207	-0.21575542946903112
1.9634954084936207	-0.21438126445770928
1.9634954084936207	-0.21204489092970907
1.9634954084936207	-0.20479132822021306
1.9634954084936207	-0.20196797904365082
1.9634954084936207	-0.19733378767865828
1.9634954084936207	-0.19175210747292645
1.9634954084936207	-0.18901336158418625
1.9634954084936207	-0.1817126763153759
1.9634954084936207	-0.18125321752394294
1.9634954084936207	-0.17758106086534148
1.9634954084936207	-0.1771497207609483
1.9634954084936207	-0.16683193548108433
1.9634954084936207	-0.15820433301739817
1.9634954084936207	-0.15478341749425734
1.9634954084936207	-0.14810959475282237
1.9634954084936207	-0.13738244010235162
1.9634954084936207	-0.1357886914040225
1.9634954084936207	-0.12950253027562253
1.9634954084936207	-0.11649257071574945
1.9634954084936207	-0.11409999793257333
1.9634954084936207	-0.10793888339683652
1.9634954084936207	-0.10650304384480189
1.9634954084936207	-0.0994194854548899
1.9634954084936207	-0.09831778566780248
1.9634954084936207	-0.0940939091344465
1.9634954084936207	-0.09158160462936876
1.9634954084936207	-0.08781936560500665
1.9634954084936207	-0.08258498688301225
1.9634954084936207	-0.08026451942311831
1.9634954084936207	-0.0636674867331739
1.9634954084936207	-0.05798135117994353
1.9634954084936207	-0.05424413932929509
1.9634954084936207	-0.04979162499906356
1.9634954084936207	-0.04716150872574785
1.9634954084936207	-0.043990291445542645
1.9634954084936207	-0.04257124054058648
1.9634954084936207	-0.039341057973641146
1.9634954084936207	-0.03890077147684517
1.9634954084936207	-0.03561627103408767
1.9634954084936207	-0.035361218595708
1.9634954084936207	-0.031747384286575475
1.9634954084936207	-0.02852994631256837
1.9634954084936207	-0.028229451232911994
1.9634954084936207	-0.023258247827150136
1.9634954084936207	-0.019466695758957098
1.9634954084936207	-0.006436481377522155
1.9634954084936207	-0.0054147368447005455
1.9634954084936207	0.00336094808295595
1.9634954084936207	0.009538813143245213
1.9634954084936207	0.0119285083830651
1.9634954084936207	0.02789295823832921
1.9634954084936207	0.029527576454637283
1.9634954084936207	0.03893825388630301
1.9634954084936207	0.052189952285916164
1.9634954084936207	0.06525108344768871
1.9634954084936207	0.06970186851082573
1.9634954084936207	0.07153100183060797
1.9634954084936207	0.07197008090168097
1.9634954084936207	0.07351855860579794
1.9634954084936207	0.0740498976420116
1.9634954084936207	0.07716774643129203
1.9634954084936207	0.083986352370224
1.9634954084936207	0.08840539088041836
1.9634954084936207	0.09120916551108893
1.9634954084936207	0.0995399299824542
1.9634954084936207	0.11703410018094251
1.9634954084936207	0.12364301651344434
1.9634954084936207	0.1291546153145024
1.9634954084936207	0.13118265874472537
1.9634954084936207	0.13159036481127567
1.9634954084936207	0.13301569233508645
1.9634954084936207	0.13816255804185795
1.9634954084936207	0.15549532455566473
1.9634954084936207	0.16045746218285525
1.9634954084936207	0.16217171193220847
1.9634954084936207	0.16225163191740324
1.9634954084936207	0.17119918177345417
1.9634954084936207	0.1764815473964041
1.9634954084936207	0.18017787358468595
1.9634954084936207	0.1861679950905036
1.9634954084936207	0.1880023056553776
1.9634954084936207	0.19002209762958588
1.9634954084936207	0.1940030464810058
1.9634954084936207	0.19521092185369826
1.9634954084936207	0.19860390739971515
1.9634954084936207	0.1996049884324261
1.9634954084936207	0.2055983331214755
1.9634954084936207	0.20603383770934822
1.9634954084936207	0.2066931878657396
1.9634954084936207	0.21047591928446208
1.9634954084936207	0.21169239144369958
1.9634954084936207	0.21508102347139155
1.9634954084936207	0.22826488304179504
1.9634954084936207	0.23302764635498557
1.9634954084936207	0.2336403130695548
1.9634954084936207	0.2367175261644801
1.9634954084936207	0.23884097402697124
1.9634954084936207	0.2395949836832212
1.9634954084936207	0.2481108636525723
1.9634954084936207	0.25131271920468073
1.9634954084936207	0.2543287804311244
1.9634954084936207	0.25916681250524487
1.9634954084936207	0.26851267123712264
1.9634954084936207	0.27357679944051355
1.9634954084936207	0.2763522983329976
1.9634954084936207	0.28103348661202865
1.9634954084936207	0.2836650675621946
1.9634954084936207	0.28771626068996736
1.9634954084936207	0.2883201805305517
1.9634954084936207	0.2964771812907231
1.9634954084936207	0.29884737308054077
1.9634954084936207	0.3081465784725967
1.9634954084936207	0.311337755972961
1.9634954084936207	0.3131316273522997
1.9634954084936207	0.3278661445689492
1.9634954084936207	0.33104569408164725
1.9634954084936207	0.34469844843860653
1.9634954084936207	0.34749659228645896
1.9634954084936207	0.35270642920443196
1.9634954084936207	0.35812307097352125
1.9634954084936207	0.36204218241103625
1.9634954084936207	0.36745493552437514
1.9634954084936207	0.36759201591064866
1.9634954084936207	0.3685755014227488
1.9634954084936207	0.3770302782092285
1.9634954084936207	0.3809391380294461
1.9634954084936207	0.3841835768838926
1.9634954084936207	0.3876874732232465
1.9634954084936207	0.4001105239538129
1.9634954084936207	0.40157755197214523
1.9634954084936207	0.40605481432595864
1.9634954084936207	0.4090577691899491
1.9634954084936207	0.4267051491767788
1.9634954084936207	0.4283120564703671
1.9634954084936207	0.432041776231026
1.9634954084936207	0.4377508382611057
1.9634954084936207	0.44982153741682424
1.9634954084936207	0.4507892082390151
1.9634954084936207	0.45181922455651624
1.9634954084936207	0.4563117080972212
1.9634954084936207	0.46848078773466595
1.9634954084936207	0.4746940284234405
1.9634954084936207	0.4762581070322468
1.9634954084936207	0.4785292252947553
1.9634954084936207	0.5089340996986979
1.9634954084936207	0.509297226048921
1.9634954084936207	0.5112931187309296
1.9634954084936207	0.5114144764242161
1.9634954084936207	0.5151836960674449
1.9634954084936207	0.5153316213741461
1.9634954084936207	0.5262514259684905
1.9634954084936207	0.5296577633287539
1.9634954084936207	0.5309487048897511
1.9634954084936207	0.533513213689265
1.9634954084936207	0.5420311466257794
1.9634954084936207	0.543737805360152
1.9634954084936207	0.5549590892698908
1.9634954084936207	0.5585067723177369
1.9634954084936207	0.5601093344200936
1.9634954084936207	0.565924647562562
1.9634954084936207	0.5662783884866899
1.9634954084936207	0.5805720478819598
1.9634954084936207	0.5811941436699897
1.9634954084936207	0.5821535631274376
1.9634954084936207	0.5855850058934935
1.9634954084936207	0.5867261581058324
1.9634954084936207	0.5873577222014954
1.9634954084936207	0.5874527157789947
1.9634954084936207	0.5911759787831734
1.9634954084936207	0.5976182508164598
1.9634954084936207	0.6009794236301665
1.9634954084936207	0.6017912442470402
1.9634954084936207	0.6123501963512803
1.9634954084936207	0.6135351829482987
1.9634954084936207	0.6214574948782392
1.9634954084936207	0.6298627187482607
1.9634954084936207	0.6300378659623492
1.9634954084936207	0.630334446308472
1.9634954084936207	0.6322085703631234
1.9634954084936207	0.6485763389158001
1.9634954084936207	0.653094088530107
1.9634954084936207	0.6535938238948559
1.9634954084936207	0.6556970053986524
1.9634954084936207	0.6597806822059118
1.9634954084936207	0.7031971045746719
1.9634954084936207	0.7148462766496755
1.9634954084936207	0.7167633242571052
1.9634954084936207	0.7184801385909411
1.9634954084936207	0.7473879140156049
1.9634954084936207	0.7499422218425348
1.9634954084936207	0.750009501132736
1.9634954084936207	0.7527712588231265
1.9634954084936207	0.7548147040051171
1.9634954084936207	0.755996649118542
1.9634954084936207	0.7722810241702414
1.9634954084936207	0.7901462250927085
1.9634954084936207	0.791316938727932
1.9634954084936207	0.7925783504446781
1.9634954084936207	0.7982120035114441
1.9634954084936207	0.7990120893482683
1.9634954084936207	0.8040941517399061
1.9634954084936207	0.8058736854866333
1.9634954084936207	0.8090165798405695
1.9634954084936207	0.8126265575987928
1.9634954084936207	0.814460455265562
1.9634954084936207	0.8158008844867173
1.9634954084936207	0.8175638150358481
1.9634954084936207	0.8243273397008442
1.9634954084936207	0.8329382872195944
1.9634954084936207	0.8335711345993728
1.9634954084936207	0.8352105601565009
1.9634954084936207	0.8370333312071998
1.9634954084936207	0.8375522622739645
1.9634954084936207	0.8388484943605553
1.9634954084936207	0.8431373763288996
1.9634954084936207	0.8470347604637904
1.9634954084936207	0.8533472755013807
1.9634954084936207	0.858283578713412
1.9634954084936207	0.8629090654823535
1.9634954084936207	0.8690114203803381
1.9634954084936207	0.8720617725993473
1.9634954084936207	0.8721864645515542
1.9634954084936207	0.8828555855820749
1.9634954084936207	0.8839070647754724
1.9634954084936207	0.8839498938466003
1.9634954084936207	0.8930108375203312
1.9634954084936207	0.9104124263925515
1.9634954084936207	0.9143798710262669
1.9634954084936207	0.9210475371758122
1.9634954084936207	0.9218040182602639
1.9634954084936207	0.93283442776093
1.9634954084936207	0.9403480685590249
1.9634954084936207	0.9462883823037731
1.9634954084936207	0.9490771645514137
1.9634954084936207	0.9511222558777391
1.9634954084936207	0.9583303504361687
1.9634954084936207	0.9740766237299208
1.9634954084936207	0.9741156605337352
1.9634954084936207	0.9818170287182735
1.9634954084936207	0.9913052560423901
1.9634954084936207	1.0036931604292945
1.9634954084936207	1.0074799296051675
1.9634954084936207	1.0163329503478158
1.9634954084936207	1.025684796311401
1.9634954084936207	1.0268240287500752
1.9634954084936207	1.0402653040964172
1.9634954084936207	1.049121940497223
1.9634954084936207	1.0491701712123749
1.9634954084936207	1.0536193508352207
1.9634954084936207	1.0715468571683777
1.9634954084936207	1.0762247160785905
1.9634954084936207	1.0766703925369756
1.9634954084936207	1.0798405252000025
1.9634954084936207	1.0817256098161012
1.9634954084936207	1.0831751758754204
1.9634954084936207	1.0884711773705424
1.9634954084936207	1.091509940827525
1.9634954084936207	1.1011824547734248
1.9634954084936207	1.1045827088890499
1.9634954084936207	1.1167502852797244
1.9634954084936207	1.1220052147849842
1.9634954084936207	1.1266741891765908
1.9634954084936207	1.1344957639674917
1.9634954084936207	1.1383243519961495
1.9634954084936207	1.1393982572747934
1.9634954084936207	1.146592330143628
1.9634954084936207	1.1503975489901634
1.9634954084936207	1.159090901590581
1.9634954084936207	1.1592278360774215
1.9634954084936207	1.1672056097861128
1.9634954084936207	1.172747360806085
1.9634954084936207	1.1734170358524092
1.9634954084936207	1.175697647547797
1.9634954084936207	1.1787884562405035
1.9634954084936207	1.1836078915203014
1.9634954084936207	1.1904621796220238
1.9634954084936207	1.1927401781493425
1.9634954084936207	1.1950317141273041
1.9634954084936207	1.2038448767127963
1.9634954084936207	1.2083430066634833
1.9634954084936207	1.2200053871233938
1.9634954084936207	1.2225378049929478
1.9634954084936207	1.2355447994857585
1.9634954084936207	1.243432776082526
1.9634954084936207	1.2437988287106077
1.9634954084936207	1.2496830633942086
1.9634954084936207	1.2581150858993873
1.9634954084936207	1.2769245053054843
1.9634954084936207	1.2797353004334613
1.9634954084936207	1.2824553296076289
1.9634954084936207	1.2869899286685356
1.9634954084936207	1.3092394479477423
1.9634954084936207	1.3112982978181282
1.9634954084936207	1.3134073583152037
1.9634954084936207	1.3233131095277448
1.9634954084936207	1.3282555497678072
1.9634954084936207	1.3442684421220275
1.9634954084936207	1.3473870278800306
1.9634954084936207	1.3632518540944605
1.9634954084936207	1.3856305793004218
1.9634954084936207	1.3934571428622509
1.9634954084936207	1.3955988260336591
1.9634954084936207	1.405096368215376
1.9634954084936207	1.4056127806044867
1.9634954084936207	1.4125429572382506
1.9634954084936207	1.4277022801952834
1.9634954084936207	1.431147374393499
1.9634954084936207	1.4352889831889177
1.9634954084936207	1.4444701595549576
1.9634954084936207	1.454016182940879
1.9634954084936207	1.4581778726112717
1.9634954084936207	1.4613200578765655
1.9634954084936207	1.4746839329705068
1.9634954084936207	1.4875483292772098
1.9634954084936207	1.4903949846118576
1.9634954084936207	1.501882776556628
1.9634954084936207	1.5039739109087034
1.9634954084936207	1.5069328656998562
1.9634954084936207	1.5104022805748056
1.9634954084936207	1.5129403106618744
1.9634954084936207	1.5130171447012464
1.9634954084936207	1.5189612379743131
1.9634954084936207	1.5251517141867128
1.9634954084936207	1.5257364609839001
1.9634954084936207	1.5441147166561167
1.9634954084936207	1.5464769924601947
1.9634954084936207	1.555392356881349
1.9634954084936207	1.555723120055412
1.9634954084936207	1.5662592575940995
1.9634954084936207	1.5697729074277285
1.9634954084936207	1.5743015718582996
1.9634954084936207	1.5929898522616162
1.9634954084936207	1.6007479173718107
1.9634954084936207	1.603792934272962
1.9634954084936207	1.605900297347421
1.9634954084936207	1.6202095443833309
1.9634954084936207	1.6267561282484717
1.9634954084936207	1.6298722152441631
1.9634954084936207	1.634731010681762
1.9634954084936207	1.647966952814448
1.9634954084936207	1.650983344488829
1.9634954084936207	1.6542817776168652
1.9634954084936207	1.677861260334486
1.9634954084936207	1.6860811691972484
1.9634954084936207	1.6860903453773546
1.9634954084936207	1.6958716217769367
1.9634954084936207	1.697860755562798
1.9634954084936207	1.7108306823633292
1.9634954084936207	1.7166587949958323
1.9634954084936207	1.72527748263845
1.9634954084936207	1.7315111854225471
1.9634954084936207	1.7970361604355944
1.9634954084936207	1.8014803031176005
1.9634954084936207	1.8063310152448078
1.9634954084936207	1.8129615717214704
1.9634954084936207	1.8158695947040735
1.9634954084936207	1.8331291125012708
1.9634954084936207	1.8381262217542544
1.9634954084936207	1.8503005309009581
1.9634954084936207	1.8516051115123813
1.9634954084936207	1.8608347050602112
1.9634954084936207	1.8940331224208364
1.9634954084936207	1.8963357811560968
1.9634954084936207	1.9059218502021527
1.9634954084936207	1.9068557887237443
1.9634954084936207	1.9140586188628763
1.9634954084936207	1.919890315314192
1.9634954084936207	1.9200523484916385
1.9634954084936207	1.9245059107784375
1.9634954084936207	1.9367086378718654
1.9634954084936207	1.9475973186965714
1.9634954084936207	1.9524070296169205
1.9634954084936207	1.961245641695031
1.9634954084936207	1.9657991430475423
1.9634954084936207	1.9674812266609665
1.9634954084936207	1.9858914439329656
1.9634954084936207	2.012375571067484
1.9634954084936207	2.0318774386785843
1.9634954084936207	2.0452893258308054
1.9634954084936207	2.0550833091504863
1.9634954084936207	2.0553864367959567
1.9634954084936207	2.0612587946240994
1.9634954084936207	2.070564253132723
1.9634954084936207	2.0867534774003706
1.9634954084936207	2.093138064122366
1.9634954084936207	2.1504866823700075
1.9634954084936207	2.153395126223745
1.9634954084936207	2.15725309029722
1.9634954084936207	2.1688215683955954
1.9634954084936207	2.2070990737362894
1.9634954084936207	2.2151303299502088
1.9634954084936207	2.2297432018806447
1.9634954084936207	2.2311590312519134
1.9634954084936207	2.2372922810420244
1.9634954084936207	2.24078303246392
1.9634954084936207	2.2663935647797544
1.9634954084936207	2.2724452014468284
1.9634954084936207	2.28034955355359
1.9634954084936207	2.2986856033565823
1.9634954084936207	2.319552639710614
1.9634954084936207	2.3197902402947617
1.9634954084936207	2.374132506772855
1.9634954084936207	2.3985133101163503
1.9634954084936207	2.4014172012625066
1.9634954084936207	2.4261596549195215
1.9634954084936207	2.449331674201305
1.9634954084936207	2.4501479954815517
1.9634954084936207	2.491588282585138
1.9634954084936207	2.4922733461906574
1.9634954084936207	2.517202576427424
1.9634954084936207	2.532653138687431
1.9634954084936207	2.540770461965778
1.9634954084936207	2.5465220549012306
1.9634954084936207	2.5694787400877535
1.9634954084936207	2.677954483799277
1.9634954084936207	2.7189325589719466
1.9634954084936207	2.7476463122849237
1.9634954084936207	2.756725478782292
1.9634954084936207	2.761456759313187
1.9634954084936207	2.832060587929393
1.9634954084936207	2.8550723535186573
1.9634954084936207	2.860216405932118
1.9634954084936207	2.884942585879714
1.9634954084936207	2.887167778988207
1.9634954084936207	3.0437550295378326
1.9634954084936207	3.0757720556077452
1.9634954084936207	3.1401103146948697
1.9634954084936207	3.2127685295772643
1.9634954084936207	3.216617945050822
1.9634954084936207	3.3499216439340467
1.9634954084936207	3.3513646576714153
1.9634954084936207	3.3929542347227093
1.9634954084936207	3.4279332191409115
1.9634954084936207	3.4588270370846477
1.9634954084936207	3.4647192438130348
1.9634954084936207	3.679706869694527
1.9634954084936207	3.689415809135405
2.356194490192345	-4.522421712921654
2.356194490192345	-4.4790577642268286
2.356194490192345	-4.40619855195831
2.356194490192345	-4.367563023156675
2.356194490192345	-3.940178882070744
2.356194490192345	-3.848269184165945
2.356194490192345	-3.6986049157115195
2.356194490192345	-3.5972023704520417
2.356194490192345	-3.581292634058355
2.356194490192345	-3.5762179117980004
2.356194490192345	-3.565255446729613
2.356194490192345	-3.5080128249595264
2.356194490192345	-3.4893517355662587
2.356194490192345	-3.39764744968683
2.356194490192345	-3.2798031265845236
2.356194490192345	-3.1961424590652348
2.356194490192345	-3.1922168656813272
2.356194490192345	-3.1846477117696406
2.356194490192345	-3.0945390595407813
2.356194490192345	-3.0821302632683096
2.356194490192345	-2.9920333459374886
2.356194490192345	-2.9779880957368956
2.356194490192345	-2.977831597076786
2.356194490192345	-2.975982648273419
2.356194490192345	-2.963552441090318
2.356194490192345	-2.9430694712089247
2.356194490192345	-2.8911045783367486
2.356194490192345	-2.879850924773474
2.356194490192345	-2.872158279101698
2.356194490192345	-2.863726424177089
2.356194490192345	-2.853088829005271
2.356194490192345	-2.816673506644788
2.356194490192345	-2.7538225888964876
2.356194490192345	-2.745309721495553
2.356194490192345	-2.718684527026454
2.356194490192345	-2.6564247766777487
2.356194490192345	-2.650467706392897
2.356194490192345	-2.6401350140405215
2.356194490192345	-2.6321025099770177
2.356194490192345	-2.6188779997819323
2.356194490192345	-2.60912778906121
2.356194490192345	-2.58614704118774
2.356194490192345	-2.4974930384635803
2.356194490192345	-2.4730978818744154
2.356194490192345	-2.454930499294368
2.356194490192345	-2.4520503040144095
2.356194490192345	-2.438787591576598
2.356194490192345	-2.434613543670976
2.356194490192345	-2.4238127661307933
2.356194490192345	-2.4176698124875595
2.356194490192345	-2.409134869420955
2.356194490192345	-2.403217530830922
2.356194490192345	-2.3896665533116326
2.356194490192345	-2.3876852411233993
2.356194490192345	-2.3801657956273017
2.356194490192345	-2.267158487013478
2.356194490192345	-2.2666188509242122
2.356194490192345	-2.2563842942467973
2.356194490192345	-2.2475294047028083
2.356194490192345	-2.2436875714158044
2.356194490192345	-2.23597817892989
2.356194490192345	-2.2189279487594193
2.356194490192345	-2.2156306745326484
2.356194490192345	-2.2135266120118717
2.356194490192345	-2.206183280082887
2.356194490192345	-2.2031199696705293
2.356194490192345	-2.2026743987425186
2.356194490192345	-2.2005119825480866
2.356194490192345	-2.194831967960987
2.356194490192345	-2.1780233438498082
2.356194490192345	-2.1764100655865373
2.356194490192345	-2.1607218155987122
2.356194490192345	-2.1548122621290062
2.356194490192345	-2.1451974684922153
2.356194490192345	-2.143316553099091
2.356194490192345	-2.130603630743865
2.356194490192345	-2.079078750129005
2.356194490192345	-2.0592474093447315
2.356194490192345	-2.051659046937347
2.356194490192345	-2.0507368545526212
2.356194490192345	-2.032415832169862
2.356194490192345	-2.0305917842689705
2.356194490192345	-2.028478699128114
2.356194490192345	-2.002302156697211
2.356194490192345	-1.986903247336862
2.356194490192345	-1.9843355447043791
2.356194490192345	-1.9711165065418232
2.356194490192345	-1.9669062800902861
2.356194490192345	-1.964062120336469
2.356194490192345	-1.9558461971669892
2.356194490192345	-1.9557040536558452
2.356194490192345	-1.9395847480727113
2.356194490192345	-1.938729242175439
2.356194490192345	-1.9319748094650724
2.356194490192345	-1.931844598901943
2.356194490192345	-1.9196716994757788
2.356194490192345	-1.911841981995117
2.356194490192345	-1.9069664399765502
2.356194490192345	-1.8950165492780604
2.356194490192345	-1.870442027062297
2.356194490192345	-1.8532177631542819
2.356194490192345	-1.8445928971789067
2.356194490192345	-1.8227058063070922
2.356194490192345	-1.81157352736928
2.356194490192345	-1.8050417732468098
2.356194490192345	-1.7977548083356245
2.356194490192345	-1.794862854114354
2.356194490192345	-1.7718524436634873
2.356194490192345	-1.7597662913999539
2.356194490192345	-1.7341637585086316
2.356194490192345	-1.7170350086074055
2.356194490192345	-1.713295013857686
2.356194490192345	-1.7129787563652472
2.356194490192345	-1.7112266658730129
2.356194490192345	-1.697350805512234
2.356194490192345	-1.6955407104833118
2.356194490192345	-1.693242819221118
2.356194490192345	-1.6915041294688489
2.356194490192345	-1.6869304717552256
2.356194490192345	-1.686800800496401
2.356194490192345	-1.673547455774278
2.356194490192345	-1.6727645427648472
2.356194490192345	-1.6633528436060603
2.356194490192345	-1.6471463036722336
2.356194490192345	-1.646657373112664
2.356194490192345	-1.6384313194362727
2.356194490192345	-1.6255236498381012
2.356194490192345	-1.623211130301262
2.356194490192345	-1.6227926691842731
2.356194490192345	-1.6225687441110628
2.356194490192345	-1.6104910285779341
2.356194490192345	-1.6102886783293013
2.356194490192345	-1.6098735216653117
2.356194490192345	-1.5918110684836755
2.356194490192345	-1.5482907235856365
2.356194490192345	-1.525989930809871
2.356194490192345	-1.51915672733689
2.356194490192345	-1.5025414389460838
2.356194490192345	-1.4929499083183986
2.356194490192345	-1.4876108759531712
2.356194490192345	-1.4864343333768222
2.356194490192345	-1.484649287875378
2.356194490192345	-1.4761461485861012
2.356194490192345	-1.4711446998755997
2.356194490192345	-1.4668174074495655
2.356194490192345	-1.4514045611659665
2.356194490192345	-1.449438012980711
2.356194490192345	-1.4474892024392005
2.356194490192345	-1.4355597701667362
2.356194490192345	-1.4282088898179133
2.356194490192345	-1.4275423625412038
2.356194490192345	-1.4251794864813436
2.356194490192345	-1.4241483665260726
2.356194490192345	-1.4231314600960407
2.356194490192345	-1.4162752398253309
2.356194490192345	-1.4092664528422225
2.356194490192345	-1.408626460689768
2.356194490192345	-1.4060598468587677
2.356194490192345	-1.3988106382553536
2.356194490192345	-1.3840587942884424
2.356194490192345	-1.3811129648817613
2.356194490192345	-1.375012078682361
2.356194490192345	-1.3710937586369638
2.356194490192345	-1.369318047093774
2.356194490192345	-1.363974515352118
2.356194490192345	-1.3492203699929881
2.356194490192345	-1.3321100055430044
2.356194490192345	-1.3223938080290791
2.356194490192345	-1.3151355444166652
2.356194490192345	-1.3019289486523142
2.356194490192345	-1.2922209170861523
2.356194490192345	-1.2918835055337516
2.356194490192345	-1.283663276038765
2.356194490192345	-1.2822163258744446
2.356194490192345	-1.2802878026423612
2.356194490192345	-1.2702801178329186
2.356194490192345	-1.2664447373417802
2.356194490192345	-1.2632419379331377
2.356194490192345	-1.2603896214119208
2.356194490192345	-1.251062839676396
2.356194490192345	-1.2453977584650342
2.356194490192345	-1.2446207367660889
2.356194490192345	-1.2413329647467137
2.356194490192345	-1.2356089981007987
2.356194490192345	-1.2345270279695528
2.356194490192345	-1.2311045367973945
2.356194490192345	-1.2020720793754416
2.356194490192345	-1.1919219330453477
2.356194490192345	-1.1906333320856497
2.356194490192345	-1.1766802061889072
2.356194490192345	-1.175733929511733
2.356194490192345	-1.170315126324743
2.356194490192345	-1.1614853331545785
2.356194490192345	-1.150611520781971
2.356194490192345	-1.1496131840029806
2.356194490192345	-1.1157198748790875
2.356194490192345	-1.1128572254078724
2.356194490192345	-1.1108271508237775
2.356194490192345	-1.0978011368852265
2.356194490192345	-1.095977554002672
2.356194490192345	-1.0955558256462874
2.356194490192345	-1.0897967871324687
2.356194490192345	-1.0866320307619075
2.356194490192345	-1.0853046784852554
2.356194490192345	-1.0845265068752052
2.356194490192345	-1.0770793376333696
2.356194490192345	-1.0733409388472588
2.356194490192345	-1.0688191937272784
2.356194490192345	-1.0673924866892968
2.356194490192345	-1.0655470915032974
2.356194490192345	-1.0642284489824936
2.356194490192345	-1.052999330450455
2.356194490192345	-1.052595648421346
2.356194490192345	-1.0421211319665913
2.356194490192345	-1.037192509535747
2.356194490192345	-1.0243762551727045
2.356194490192345	-1.0109473826665987
2.356194490192345	-0.9992772358291739
2.356194490192345	-0.9970504367259925
2.356194490192345	-0.9961820489967005
2.356194490192345	-0.9920474476131329
2.356194490192345	-0.9904799092965341
2.356194490192345	-0.9852056183123281
2.356194490192345	-0.9717643334480338
2.356194490192345	-0.9713921869728231
2.356194490192345	-0.9603862028952578
2.356194490192345	-0.9576815267441553
2.356194490192345	-0.9532241049352397
2.356194490192345	-0.947707120890743
2.356194490192345	-0.9283209041779008
2.356194490192345	-0.9226287982980095
2.356194490192345	-0.9176890483308267
2.356194490192345	-0.9046800605337468
2.356194490192345	-0.9009713822842328
2.356194490192345	-0.8938963655972217
2.356194490192345	-0.892914130657697
2.356194490192345	-0.8862208718505958
2.356194490192345	-0.8855755969032035
2.356194490192345	-0.8846866983841181
2.356194490192345	-0.8834523014971819
2.356194490192345	-0.8750892143059588
2.356194490192345	-0.8750845797751752
2.356194490192345	-0.8694318659263632
2.356194490192345	-0.8668854617491979
2.356194490192345	-0.8656223153031696
2.356194490192345	-0.8561038656658866
2.356194490192345	-0.8397793799498756
2.356194490192345	-0.8360270776387384
2.356194490192345	-0.8290866440876243
2.356194490192345	-0.8229184658879456
2.356194490192345	-0.8069298345231393
2.356194490192345	-0.8060853883662022
2.356194490192345	-0.8054256489671143
2.356194490192345	-0.8023059791205789
2.356194490192345	-0.8006565570184093
2.356194490192345	-0.8001412159174888
2.356194490192345	-0.7886775877872372
2.356194490192345	-0.7873501948545053
2.356194490192345	-0.7779079009242551
2.356194490192345	-0.7715049696162701
2.356194490192345	-0.7665805552177827
2.356194490192345	-0.7657456915900325
2.356194490192345	-0.7603572291313005
2.356194490192345	-0.7516750489425722
2.356194490192345	-0.7513368680329725
2.356194490192345	-0.7443717475473015
2.356194490192345	-0.7299161067607772
2.356194490192345	-0.7298281248595699
2.356194490192345	-0.7287185403216876
2.356194490192345	-0.7284435053539414
2.356194490192345	-0.7216464733325993
2.356194490192345	-0.7201002721908389
2.356194490192345	-0.7151027109848289
2.356194490192345	-0.7136773925836163
2.356194490192345	-0.7061793278978985
2.356194490192345	-0.7053122495579355
2.356194490192345	-0.6969425928939019
2.356194490192345	-0.690069438356109
2.356194490192345	-0.6819652060560624
2.356194490192345	-0.6816932865638385
2.356194490192345	-0.6794279908830436
2.356194490192345	-0.6740509724831352
2.356194490192345	-0.6589677631918605
2.356194490192345	-0.6567182526914219
2.356194490192345	-0.6543586637385075
2.356194490192345	-0.6341705234954755
2.356194490192345	-0.6316687676186576
2.356194490192345	-0.6222580200904737
2.356194490192345	-0.6102376326418799
2.356194490192345	-0.6029889454633746
2.356194490192345	-0.5991631998192057
2.356194490192345	-0.5917153327911028
2.356194490192345	-0.5874781639419973
2.356194490192345	-0.58288265425319
2.356194490192345	-0.5728690678899291
2.356194490192345	-0.566281374803242
2.356194490192345	-0.5655820413032787
2.356194490192345	-0.5646975153888957
2.356194490192345	-0.5635988979275928
2.356194490192345	-0.5544470760717841
2.356194490192345	-0.5527136051116431
2.356194490192345	-0.5510203924900633
2.356194490192345	-0.5508172353569384
2.356194490192345	-0.5385501678133444
2.356194490192345	-0.5315855315067601
2.356194490192345	-0.52611360335643
2.356194490192345	-0.5252597013824605
2.356194490192345	-0.5192684967509053
2.356194490192345	-0.5168229512999863
2.356194490192345	-0.5079445461083862
2.356194490192345	-0.5007709005882601
2.356194490192345	-0.4919925757229472
2.356194490192345	-0.4905301987110545
2.356194490192345	-0.4858152690018684
2.356194490192345	-0.48445744128946955
2.356194490192345	-0.48430398710041866
2.356194490192345	-0.47975017556076605
2.356194490192345	-0.4754523345792916
2.356194490192345	-0.47141295132092037
2.356194490192345	-0.4710951069397221
2.356194490192345	-0.46551106525569336
2.356194490192345	-0.46476359580578647
2.356194490192345	-0.4644839023571165
2.356194490192345	-0.4576451325084774
2.356194490192345	-0.4441698035611724
2.356194490192345	-0.4436998814254785
2.356194490192345	-0.43441499561174196
2.356194490192345	-0.43258669743804623
2.356194490192345	-0.424143244251888
2.356194490192345	-0.41739318140473125
2.356194490192345	-0.4164468893467006
2.356194490192345	-0.4146624278393791
2.356194490192345	-0.4142633253526668
2.356194490192345	-0.40737533366235645
2.356194490192345	-0.3934983154422529
2.356194490192345	-0.37242341884373076
2.356194490192345	-0.36239540652096225
2.356194490192345	-0.3616731378522881
2.356194490192345	-0.3603231514398308
2.356194490192345	-0.35241830281338393
2.356194490192345	-0.34969650285963194
2.356194490192345	-0.3449121496927079
2.356194490192345	-0.34230291292395226
2.356194490192345	-0.3356041923291326
2.356194490192345	-0.3327143411539532
2.356194490192345	-0.32832269779247253
2.356194490192345	-0.32669248447030363
2.356194490192345	-0.3239932646511017
2.356194490192345	-0.31381274899223915
2.356194490192345	-0.30984785733775283
2.356194490192345	-0.3067831527176498
2.356194490192345	-0.3064406344335056
2.356194490192345	-0.30540877494741975
2.356194490192345	-0.30207233713378295
2.356194490192345	-0.29009083619010934
2.356194490192345	-0.2759388832215226
2.356194490192345	-0.25856843642108823
2.356194490192345	-0.2579663444930951
2.356194490192345	-0.2574000022215891
2.356194490192345	-0.2572469500847715
2.356194490192345	-0.254821262469245
2.356194490192345	-0.24810225756561177
2.356194490192345	-0.2420198062915837
2.356194490192345	-0.23693856480114073
2.356194490192345	-0.23449069381821178
2.356194490192345	-0.22379269384249056
2.356194490192345	-0.21437278398999032
2.356194490192345	-0.21204054928635788
2.356194490192345	-0.20271972110665137
2.356194490192345	-0.19085695380562573
2.356194490192345	-0.18412357783450162
2.356194490192345	-0.17487421961355898
2.356194490192345	-0.17442969010921858
2.356194490192345	-0.17394014405797856
2.356194490192345	-0.15960729434971727
2.356194490192345	-0.15816400389809165
2.356194490192345	-0.15252907043527264
2.356194490192345	-0.14817615273999563
2.356194490192345	-0.14186943844274402
2.356194490192345	-0.14134173261121838
2.356194490192345	-0.14069710040247438
2.356194490192345	-0.13637982703452736
2.356194490192345	-0.13626509099851883
2.356194490192345	-0.13073124644999812
2.356194490192345	-0.12218822373454596
2.356194490192345	-0.119813849766234
2.356194490192345	-0.11890842189745057
2.356194490192345	-0.11835871702863703
2.356194490192345	-0.11539666690210218
2.356194490192345	-0.11273798745316947
2.356194490192345	-0.10890897155373308
2.356194490192345	-0.0984987170251747
2.356194490192345	-0.09469786458027694
2.356194490192345	-0.09352119309966613
2.356194490192345	-0.09315252652696085
2.356194490192345	-0.08820184235339426
2.356194490192345	-0.08733430973869978
2.356194490192345	-0.08541124496263225
2.356194490192345	-0.08453294349650421
2.356194490192345	-0.07991303554707857
2.356194490192345	-0.07931608729889779
2.356194490192345	-0.06289788294880205
2.356194490192345	-0.05472381008395467
2.356194490192345	-0.05208908174877924
2.356194490192345	-0.04503113368866396
2.356194490192345	-0.036433804741580936
2.356194490192345	-0.03618249806781688
2.356194490192345	-0.036067699953590694
2.356194490192345	-0.02511680488617608
2.356194490192345	-0.02349329084062305
2.356194490192345	-0.020349586271777017
2.356194490192345	-0.019907879214750946
2.356194490192345	-0.008119008433852937
2.356194490192345	-0.006505503317087239
2.356194490192345	-0.004452172327304523
2.356194490192345	0.009486984063372006
2.356194490192345	0.020010877068159853
2.356194490192345	0.02358343213943863
2.356194490192345	0.030610207567830727
2.356194490192345	0.03820180013538487
2.356194490192345	0.04052353718988684
2.356194490192345	0.05057045568838267
2.356194490192345	0.052108559628202336
2.356194490192345	0.05230332392229199
2.356194490192345	0.05418318063141969
2.356194490192345	0.06586234119341854
2.356194490192345	0.06679519963965677
2.356194490192345	0.0828841616204103
2.356194490192345	0.0832532700532365
2.356194490192345	0.08659400122681948
2.356194490192345	0.08688783797880545
2.356194490192345	0.09109687141410827
2.356194490192345	0.10752710029919374
2.356194490192345	0.11002164399513051
2.356194490192345	0.1236773511213003
2.356194490192345	0.13041748268732034
2.356194490192345	0.13632435457422076
2.356194490192345	0.140670268368175
2.356194490192345	0.14314190556286016
2.356194490192345	0.14325699808452613
2.356194490192345	0.15079355132742484
2.356194490192345	0.15097023932477374
2.356194490192345	0.15735595482757736
2.356194490192345	0.16281656278555
2.356194490192345	0.16932107467533505
2.356194490192345	0.16964996687252695
2.356194490192345	0.17081109224937535
2.356194490192345	0.17517945880319274
2.356194490192345	0.18801090567715795
2.356194490192345	0.19488151540306883
2.356194490192345	0.19515316203580718
2.356194490192345	0.19727809830376805
2.356194490192345	0.2013994913901686
2.356194490192345	0.20262687282437608
2.356194490192345	0.20280014687542783
2.356194490192345	0.21183868469485242
2.356194490192345	0.2134491434559266
2.356194490192345	0.21900264733398034
2.356194490192345	0.22858317085305654
2.356194490192345	0.23214675885903926
2.356194490192345	0.24161826166095807
2.356194490192345	0.2425766012554352
2.356194490192345	0.24403711554658955
2.356194490192345	0.24655875682033251
2.356194490192345	0.24981712259372424
2.356194490192345	0.25830962022158754
2.356194490192345	0.26298239816686264
2.356194490192345	0.26848054920699616
2.356194490192345	0.28105144368654233
2.356194490192345	0.2856424960280184
2.356194490192345	0.2859333102338072
2.356194490192345	0.2881643740426893
2.356194490192345	0.2971170186826564
2.356194490192345	0.29917005697194704
2.356194490192345	0.29964475561897286
2.356194490192345	0.3045613520508925
2.356194490192345	0.32150147746677904
2.356194490192345	0.32345572550519963
2.356194490192345	0.3301968170555307
2.356194490192345	0.3348113880255098
2.356194490192345	0.33567493249597874
2.356194490192345	0.3374359363940415
2.356194490192345	0.3428523496275231
2.356194490192345	0.3470870765021137
2.356194490192345	0.35014220338406965
2.356194490192345	0.3506810448199635
2.356194490192345	0.35219585889323635
2.356194490192345	0.3524332060199387
2.356194490192345	0.3534376437331474
2.356194490192345	0.35595467123464075
2.356194490192345	0.3710038686252921
2.356194490192345	0.38204418760302605
2.356194490192345	0.38815401086063206
2.356194490192345	0.3956921167813401
2.356194490192345	0.4033146268353862
2.356194490192345	0.41621555510264896
2.356194490192345	0.41663352289086253
2.356194490192345	0.439414079665323
2.356194490192345	0.44557780047585455
2.356194490192345	0.4480824393574217
2.356194490192345	0.4573922667872007
2.356194490192345	0.4575122951003149
2.356194490192345	0.45861785020273627
2.356194490192345	0.4605623873824861
2.356194490192345	0.4610930212570155
2.356194490192345	0.4637381237623329
2.356194490192345	0.4707033206344744
2.356194490192345	0.4758054418667519
2.356194490192345	0.4908081379650973
2.356194490192345	0.4934527745572519
2.356194490192345	0.49770795324084627
2.356194490192345	0.500638547491725
2.356194490192345	0.5009517658050672
2.356194490192345	0.5034029964165904
2.356194490192345	0.5049704468582149
2.356194490192345	0.5081124471906302
2.356194490192345	0.5142506564843107
2.356194490192345	0.515502053299151
2.356194490192345	0.540883470402227
2.356194490192345	0.5519495471340337
2.356194490192345	0.5559308531499567
2.356194490192345	0.5590478164840217
2.356194490192345	0.5602559393893245
2.356194490192345	0.5620505390406868
2.356194490192345	0.5657301962607582
2.356194490192345	0.5667541449551384
2.356194490192345	0.568850586801183
2.356194490192345	0.5738029585562922
2.356194490192345	0.5751086353154288
2.356194490192345	0.5762971783197638
2.356194490192345	0.5815478726735348
2.356194490192345	0.5870987915566812
2.356194490192345	0.587371643486293
2.356194490192345	0.5904190895054264
2.356194490192345	0.5982742126245357
2.356194490192345	0.6064471910308828
2.356194490192345	0.6124577400062177
2.356194490192345	0.6181693817503032
2.356194490192345	0.6182594369405332
2.356194490192345	0.6203108911011617
2.356194490192345	0.626394440217136
2.356194490192345	0.6318313409373779
2.356194490192345	0.649411615009652
2.356194490192345	0.6502385207094948
2.356194490192345	0.6518945820711155
2.356194490192345	0.6561053708739653
2.356194490192345	0.656772024639864
2.356194490192345	0.6597430349398423
2.356194490192345	0.6606553930864257
2.356194490192345	0.6658027881573282
2.356194490192345	0.6687883238694087
2.356194490192345	0.6733214868914685
2.356194490192345	0.6815563179419883
2.356194490192345	0.6887357128185688
2.356194490192345	0.6899770945431113
2.356194490192345	0.6963628498165977
2.356194490192345	0.708782512382403
2.356194490192345	0.71494946286772
2.356194490192345	0.7235350946182892
2.356194490192345	0.732247984040124
2.356194490192345	0.732485998928318
2.356194490192345	0.7418490584779357
2.356194490192345	0.7437897077407174
2.356194490192345	0.7503571160541549
2.356194490192345	0.7514146050941556
2.356194490192345	0.7515966031401171
2.356194490192345	0.7572778992181433
2.356194490192345	0.7639649136038837
2.356194490192345	0.767090932296727
2.356194490192345	0.7820834903062727
2.356194490192345	0.7838655275749253
2.356194490192345	0.7843409519233023
2.356194490192345	0.7886273550486336
2.356194490192345	0.7976717470193888
2.356194490192345	0.8089461827974078
2.356194490192345	0.8093383108067556
2.356194490192345	0.8098885170135883
2.356194490192345	0.8103272050778236
2.356194490192345	0.8172022992632559
2.356194490192345	0.8202183611014237
2.356194490192345	0.8210670431741374
2.356194490192345	0.8258745039802985
2.356194490192345	0.8278720539175377
2.356194490192345	0.832734113437104
2.356194490192345	0.8480297364882521
2.356194490192345	0.8585301705760213
2.356194490192345	0.8681735872714507
2.356194490192345	0.8781807875535966
2.356194490192345	0.8783241980948276
2.356194490192345	0.8792713248449541
2.356194490192345	0.8941917304298781
2.356194490192345	0.9012061530609857
2.356194490192345	0.9030401599358258
2.356194490192345	0.9049018761974145
2.356194490192345	0.9202539472949669
2.356194490192345	0.9204608041920006
2.356194490192345	0.9246809579222759
2.356194490192345	0.9274127443535292
2.356194490192345	0.9338857154779245
2.356194490192345	0.9392384281439212
2.356194490192345	0.9446247809218833
2.356194490192345	0.9457920720911216
2.356194490192345	0.9459992328731326
2.356194490192345	0.9496716835938122
2.356194490192345	0.9535436994195097
2.356194490192345	0.9601309344329854
2.356194490192345	0.9622310450845913
2.356194490192345	0.9728102457959427
2.356194490192345	0.9734700951198122
2.356194490192345	0.976347812432349
2.356194490192345	0.9857896471698429
2.356194490192345	0.987710996334724
2.356194490192345	0.9883643754114613
2.356194490192345	1.0005502563616018
2.356194490192345	1.0059557491561626
2.356194490192345	1.0339065696695444
2.356194490192345	1.0641507047457197
2.356194490192345	1.0643734287214819
2.356194490192345	1.0668231501487693
2.356194490192345	1.0684217702181205
2.356194490192345	1.0751857490012968
2.356194490192345	1.0966750544527875
2.356194490192345	1.104569586423149
2.356194490192345	1.1046860693365799
2.356194490192345	1.1074927553819707
2.356194490192345	1.1089666192353078
2.356194490192345	1.127540310670884
2.356194490192345	1.1306885350928018
2.356194490192345	1.1308717030493822
2.356194490192345	1.138060373616487
2.356194490192345	1.1416895848530952
2.356194490192345	1.1447882257711128
2.356194490192345	1.1449352411471556
2.356194490192345	1.1451831582281375
2.356194490192345	1.1459693289669457
2.356194490192345	1.148455401177548
2.356194490192345	1.1488591840972122
2.356194490192345	1.1546356240527784
2.356194490192345	1.1563030426216656
2.356194490192345	1.1674660923412636
2.356194490192345	1.1806674189371393
2.356194490192345	1.1837331466925476
2.356194490192345	1.1970715553105329
2.356194490192345	1.2030234566996831
2.356194490192345	1.2040728615472729
2.356194490192345	1.2073833632715876
2.356194490192345	1.2147517658881593
2.356194490192345	1.2228687411792534
2.356194490192345	1.2252245627494078
2.356194490192345	1.2371405007169782
2.356194490192345	1.2416703782795933
2.356194490192345	1.241796284443909
2.356194490192345	1.2445558291114063
2.356194490192345	1.2481775816937937
2.356194490192345	1.2569396273466407
2.356194490192345	1.2592402140760568
2.356194490192345	1.2607309767676558
2.356194490192345	1.2701511074801464
2.356194490192345	1.2756508294059354
2.356194490192345	1.277630593342365
2.356194490192345	1.2859802816834423
2.356194490192345	1.292183223445449
2.356194490192345	1.2936060722132297
2.356194490192345	1.295417901547009
2.356194490192345	1.2998046771650855
2.356194490192345	1.3010780568542546
2.356194490192345	1.3078891681872986
2.356194490192345	1.3184290182679428
2.356194490192345	1.3311551324695174
2.356194490192345	1.3363739021343717
2.356194490192345	1.3710551035031535
2.356194490192345	1.3725157358584237
2.356194490192345	1.3799009269318112
2.356194490192345	1.3812150192396213
2.356194490192345	1.3844600184757534
2.356194490192345	1.3845272223288905
2.356194490192345	1.3941911784658823
2.356194490192345	1.401778379763805
2.356194490192345	1.411293003780281
2.356194490192345	1.443610126681802
2.356194490192345	1.4519185701502206
2.356194490192345	1.4523379655584012
2.356194490192345	1.4585476421348473
2.356194490192345	1.4755258934860631
2.356194490192345	1.483954900857634
2.356194490192345	1.489250782258917
2.356194490192345	1.493197861753929
2.356194490192345	1.4997470669788446
2.356194490192345	1.5012626836798557
2.356194490192345	1.5022639778129112
2.356194490192345	1.5037502942027892
2.356194490192345	1.5178170206396047
2.356194490192345	1.5365474178691203
2.356194490192345	1.5446702528426437
2.356194490192345	1.5599601547952169
2.356194490192345	1.5609223414045068
2.356194490192345	1.578262658778574
2.356194490192345	1.5809689769521147
2.356194490192345	1.5911345757402722
2.356194490192345	1.5956897954992977
2.356194490192345	1.5965612766164392
2.356194490192345	1.606192787414631
2.356194490192345	1.6062584270857883
2.356194490192345	1.609221495676217
2.356194490192345	1.6098148786928528
2.356194490192345	1.610304169652681
2.356194490192345	1.6183968963683322
2.356194490192345	1.638800807551132
2.356194490192345	1.662733363805442
2.356194490192345	1.6792164712351356
2.356194490192345	1.6842438827399144
2.356194490192345	1.6982925653733378
2.356194490192345	1.7003641369041003
2.356194490192345	1.7077694563226355
2.356194490192345	1.7098717272089667
2.356194490192345	1.7099957370793446
2.356194490192345	1.721952375010111
2.356194490192345	1.7316955347410672
2.356194490192345	1.7379572946161668
2.356194490192345	1.7486810006474818
2.356194490192345	1.7489760169249011
2.356194490192345	1.7501574558235564
2.356194490192345	1.7540357320656854
2.356194490192345	1.7667581289168357
2.356194490192345	1.7731088507190407
2.356194490192345	1.8040919947911853
2.356194490192345	1.8046497351308621
2.356194490192345	1.8056189330106165
2.356194490192345	1.8128847611059373
2.356194490192345	1.8372810276111158
2.356194490192345	1.8602563554159854
2.356194490192345	1.863218969964197
2.356194490192345	1.8765159482449902
2.356194490192345	1.8829293100461488
2.356194490192345	1.8888127861983084
2.356194490192345	1.8972199275032309
2.356194490192345	1.9049745119203818
2.356194490192345	1.906390495857904
2.356194490192345	1.9101556835337317
2.356194490192345	1.9132053493678016
2.356194490192345	1.9191864827514349
2.356194490192345	1.927548915730078
2.356194490192345	1.9367467028282532
2.356194490192345	1.9455102214092093
2.356194490192345	1.9710359242596271
2.356194490192345	1.971082197915555
2.356194490192345	2.0036253873435745
2.356194490192345	2.0170750165552316
2.356194490192345	2.031888372676073
2.356194490192345	2.0465488326221815
2.356194490192345	2.057365974321474
2.356194490192345	2.0724001785447603
2.356194490192345	2.098393306523829
2.356194490192345	2.098839109808414
2.356194490192345	2.1425303690774933
2.356194490192345	2.1478153884432256
2.356194490192345	2.1500913547847884
2.356194490192345	2.163091626847792
2.356194490192345	2.1678658892163565
2.356194490192345	2.1824508093119883
2.356194490192345	2.1868848820644393
2.356194490192345	2.188850323944342
2.356194490192345	2.200200213502521
2.356194490192345	2.2182962549736653
2.356194490192345	2.2220479471890977
2.356194490192345	2.247895619776226
2.356194490192345	2.3413262349245896
2.356194490192345	2.3447948672198926
2.356194490192345	2.3454654314657137
2.356194490192345	2.3787680773600512
2.356194490192345	2.395862369572055
2.356194490192345	2.409530892680155
2.356194490192345	2.4138782351229153
2.356194490192345	2.4299409705511037
2.356194490192345	2.462778483417269
2.356194490192345	2.4864531199228628
2.356194490192345	2.5049566680217294
2.356194490192345	2.516489396872805
2.356194490192345	2.528785982996585
2.356194490192345	2.537360911087803
2.356194490192345	2.5380028551093963
2.356194490192345	2.538013166452365
2.356194490192345	2.5480092383924777
2.356194490192345	2.6002337165173213
2.356194490192345	2.628706846807744
2.356194490192345	2.6393525157006725
2.356194490192345	2.6756168155591533
2.356194490192345	2.7028712433235205
2.356194490192345	2.7288678944134803
2.356194490192345	2.820114851654761
2.356194490192345	2.832213739798523
2.356194490192345	2.866942093632648
2.356194490192345	2.8689471214280218
2.356194490192345	2.880946296295337
2.356194490192345	3.012241544480068
2.356194490192345	3.0488435663753717
2.356194490192345	3.053938766019878
2.356194490192345	3.0563058477165597
2.356194490192345	3.083365259012869
2.356194490192345	3.1547322859987545
2.356194490192345	3.17757648798561
2.356194490192345	3.21906504099298
2.356194490192345	3.376135927604259
2.356194490192345	3.4086082819988555
2.356194490192345	3.6719226917334487
2.356194490192345	3.6743179309659166
2.356194490192345	3.7859470267671007
2.356194490192345	3.792502767952948
2.748893571891069	-4.850918052070565
2.748893571891069	-4.815817701771859
2.748893571891069	-4.12443507394967
2.748893571891069	-4.032226453759868
2.748893571891069	-4.008854447196292
2.748893571891069	-3.9254074981623166
2.748893571891069	-3.612470187212794
2.748893571891069	-3.51102838141324
2.748893571891069	-3.5093424308607597
2.748893571891069	-3.4036630825419953
2.748893571891069	-3.37921012790032
2.748893571891069	-3.357933577136108
2.748893571891069	-3.2716360868513776
2.748893571891069	-3.259406255497219
2.748893571891069	-3.250779884993105
2.748893571891069	-3.2353501548262784
2.748893571891069	-3.1553658173275605
2.748893571891069	-3.1530956152471514
2.748893571891069	-3.150961692109549
2.748893571891069	-3.1295609449813293
2.748893571891069	-3.070810062635271
2.748893571891069	-3.0417465554107226
2.748893571891069	-3.031049661714235
2.748893571891069	-2.989943432333824
2.748893571891069	-2.8991346028910803
2.748893571891069	-2.8762613805442285
2.748893571891069	-2.8577657953922024
2.748893571891069	-2.8002503637551213
2.748893571891069	-2.784824723191949
2.748893571891069	-2.784774838997114
2.748893571891069	-2.7777210678405986
2.748893571891069	-2.7695712568812665
2.748893571891069	-2.6673325354397264
2.748893571891069	-2.65099105092338
2.748893571891069	-2.6497394104194223
2.748893571891069	-2.6305838708975444
2.748893571891069	-2.6287124709082406
2.748893571891069	-2.5815454986974435
2.748893571891069	-2.561939334892891
2.748893571891069	-2.5582535335301224
2.748893571891069	-2.548883898359411
2.748893571891069	-2.5401775033044087
2.748893571891069	-2.529942452746341
2.748893571891069	-2.525302383180611
2.748893571891069	-2.5103914753224648
2.748893571891069	-2.5051336531671717
2.748893571891069	-2.4411554796843946
2.748893571891069	-2.426712895805925
2.748893571891069	-2.421777565302964
2.748893571891069	-2.412973817334202
2.748893571891069	-2.4053892293063237
2.748893571891069	-2.394747317037101
2.748893571891069	-2.3941376772471754
2.748893571891069	-2.3853232240621383
2.748893571891069	-2.364404294828316
2.748893571891069	-2.3560504247275826
2.748893571891069	-2.349460117149886
2.748893571891069	-2.336021539220478
2.748893571891069	-2.3343068788618417
2.748893571891069	-2.273743728824002
2.748893571891069	-2.273743288491162
2.748893571891069	-2.2567400759747596
2.748893571891069	-2.243789519473479
2.748893571891069	-2.2436205758329666
2.748893571891069	-2.223603373226215
2.748893571891069	-2.2050465779291284
2.748893571891069	-2.1990138829343486
2.748893571891069	-2.1783105485627354
2.748893571891069	-2.1168621372779435
2.748893571891069	-2.1117415793233865
2.748893571891069	-2.077639193312184
2.748893571891069	-2.072036030096558
2.748893571891069	-2.056912415152512
2.748893571891069	-2.039385906688241
2.748893571891069	-2.0348364267368257
2.748893571891069	-2.029904301324655
2.748893571891069	-2.022018394840325
2.748893571891069	-2.014939352414057
2.748893571891069	-2.0121590071232522
2.748893571891069	-2.0121247088352074
2.748893571891069	-2.005107278173382
2.748893571891069	-2.004698322390026
2.748893571891069	-2.000401653795339
2.748893571891069	-1.9922694633570228
2.748893571891069	-1.986339573993843
2.748893571891069	-1.9713352919342328
2.748893571891069	-1.9704495349825097
2.748893571891069	-1.962508801951293
2.748893571891069	-1.9617290245134333
2.748893571891069	-1.9584488114934429
2.748893571891069	-1.93589786103258
2.748893571891069	-1.9117063090915165
2.748893571891069	-1.908797848328341
2.748893571891069	-1.8535696301185516
2.748893571891069	-1.852397538832628
2.748893571891069	-1.843564459938273
2.748893571891069	-1.8323859227193298
2.748893571891069	-1.821977620950408
2.748893571891069	-1.8117298559833432
2.748893571891069	-1.8081055639355683
2.748893571891069	-1.807106061189928
2.748893571891069	-1.8058464648624275
2.748893571891069	-1.8015937140026423
2.748893571891069	-1.7985769258249762
2.748893571891069	-1.7963921359010757
2.748893571891069	-1.7914010263701963
2.748893571891069	-1.781679840644328
2.748893571891069	-1.7788636873657577
2.748893571891069	-1.7713798591908771
2.748893571891069	-1.7632766464238607
2.748893571891069	-1.7629011359940525
2.748893571891069	-1.7586796711930865
2.748893571891069	-1.7537898510955852
2.748893571891069	-1.7504328734441779
2.748893571891069	-1.7230135434617884
2.748893571891069	-1.6937392223256753
2.748893571891069	-1.6930310938866555
2.748893571891069	-1.6858907253776056
2.748893571891069	-1.665762681013029
2.748893571891069	-1.651479564697058
2.748893571891069	-1.6483742518842528
2.748893571891069	-1.6343509294249499
2.748893571891069	-1.623566869311028
2.748893571891069	-1.6087402849722654
2.748893571891069	-1.602588463274906
2.748893571891069	-1.6018770383260068
2.748893571891069	-1.5931544267151687
2.748893571891069	-1.588451791265368
2.748893571891069	-1.5782199735163949
2.748893571891069	-1.574602850865489
2.748893571891069	-1.5691793633092719
2.748893571891069	-1.5622353827494466
2.748893571891069	-1.555370491099155
2.748893571891069	-1.53450369142955
2.748893571891069	-1.5340958575168462
2.748893571891069	-1.5271810833780375
2.748893571891069	-1.5115319762201325
2.748893571891069	-1.5107017681539374
2.748893571891069	-1.505041271493078
2.748893571891069	-1.495050840885248
2.748893571891069	-1.4915409749820931
2.748893571891069	-1.483891889715264
2.748893571891069	-1.477160740997335
2.748893571891069	-1.4715242846215906
2.748893571891069	-1.4686856021701302
2.748893571891069	-1.4602455644059533
2.748893571891069	-1.4580872996577028
2.748893571891069	-1.4571584761608767
2.748893571891069	-1.4557692393090957
2.748893571891069	-1.448731119135351
2.748893571891069	-1.439930120935501
2.748893571891069	-1.4251823477873629
2.748893571891069	-1.4113815481695555
2.748893571891069	-1.3922960291708373
2.748893571891069	-1.3817386210316043
2.748893571891069	-1.3740877575815027
2.748893571891069	-1.355273832542581
2.748893571891069	-1.3514561166144123
2.748893571891069	-1.3301298059041
2.748893571891069	-1.3261935116829688
2.748893571891069	-1.3212700739632668
2.748893571891069	-1.3162216438761731
2.748893571891069	-1.3106242249779654
2.748893571891069	-1.3104867376159812
2.748893571891069	-1.3056126325458033
2.748893571891069	-1.3029005519052443
2.748893571891069	-1.2969103363486791
2.748893571891069	-1.2837085286897782
2.748893571891069	-1.2805937043038609
2.748893571891069	-1.274195842281833
2.748893571891069	-1.2728694955559416
2.748893571891069	-1.2725016258851978
2.748893571891069	-1.2621353213949622
2.748893571891069	-1.2590611067886035
2.748893571891069	-1.2561983986447938
2.748893571891069	-1.2543842495765445
2.748893571891069	-1.2527973161780392
2.748893571891069	-1.2497153172261974
2.748893571891069	-1.242533056243479
2.748893571891069	-1.2308384858206742
2.748893571891069	-1.2286014239996714
2.748893571891069	-1.2264305563194517
2.748893571891069	-1.2226283233255357
2.748893571891069	-1.2081802493217477
2.748893571891069	-1.2081350843451686
2.748893571891069	-1.1994278272085754
2.748893571891069	-1.1898402199293343
2.748893571891069	-1.187255128690232
2.748893571891069	-1.1872479090685157
2.748893571891069	-1.160408919810159
2.748893571891069	-1.1517663029048038
2.748893571891069	-1.1457590134039126
2.748893571891069	-1.1178561359710795
2.748893571891069	-1.1118343864389977
2.748893571891069	-1.1070008186029399
2.748893571891069	-1.1050288106895294
2.748893571891069	-1.1000076218995252
2.748893571891069	-1.098381027965974
2.748893571891069	-1.0979176146127252
2.748893571891069	-1.095443988660303
2.748893571891069	-1.0882225658974296
2.748893571891069	-1.0866799514949883
2.748893571891069	-1.0845947815962258
2.748893571891069	-1.074415956014775
2.748893571891069	-1.0681713356706957
2.748893571891069	-1.0660192390030574
2.748893571891069	-1.0603934324001818
2.748893571891069	-1.0518339166805812
2.748893571891069	-1.0497475178922961
2.748893571891069	-1.0356892962904978
2.748893571891069	-1.0333406033661188
2.748893571891069	-1.0312492681423113
2.748893571891069	-1.0250084934556156
2.748893571891069	-1.013964071361065
2.748893571891069	-1.0105025795171276
2.748893571891069	-1.0052445711250113
2.748893571891069	-1.0020787708180658
2.748893571891069	-0.9996661800193734
2.748893571891069	-0.9981988134647218
2.748893571891069	-0.9837834693648899
2.748893571891069	-0.9784035581275194
2.748893571891069	-0.9715729337471819
2.748893571891069	-0.9510071373751966
2.748893571891069	-0.9488385520843597
2.748893571891069	-0.9486831716015741
2.748893571891069	-0.9475832374317513
2.748893571891069	-0.946661851966617
2.748893571891069	-0.9432188788427629
2.748893571891069	-0.9346097682518719
2.748893571891069	-0.924268337539667
2.748893571891069	-0.9242144353148858
2.748893571891069	-0.9228611343037151
2.748893571891069	-0.9103696978354812
2.748893571891069	-0.9027767235346831
2.748893571891069	-0.890089139588208
2.748893571891069	-0.8884290680518583
2.748893571891069	-0.881519441462296
2.748893571891069	-0.8658750222085587
2.748893571891069	-0.8632268618701503
2.748893571891069	-0.8596459564051948
2.748893571891069	-0.8539046105598764
2.748893571891069	-0.8516331822513413
2.748893571891069	-0.8501857563005127
2.748893571891069	-0.8485021816860925
2.748893571891069	-0.8457759742337501
2.748893571891069	-0.8410704564026515
2.748893571891069	-0.8372010889969504
2.748893571891069	-0.835715336237404
2.748893571891069	-0.8348579210281828
2.748893571891069	-0.8074917640206114
2.748893571891069	-0.8056193125683108
2.748893571891069	-0.805597138375378
2.748893571891069	-0.8009996778249655
2.748893571891069	-0.7995393309626263
2.748893571891069	-0.7988207699928486
2.748893571891069	-0.7784177405559628
2.748893571891069	-0.7751957339851538
2.748893571891069	-0.7655447305068278
2.748893571891069	-0.7620039484628406
2.748893571891069	-0.7600010319525555
2.748893571891069	-0.7591557899664354
2.748893571891069	-0.7582674001782024
2.748893571891069	-0.7560768398143537
2.748893571891069	-0.7425431202400842
2.748893571891069	-0.7404866705365104
2.748893571891069	-0.7376752455169204
2.748893571891069	-0.7339223935685961
2.748893571891069	-0.7283374757017889
2.748893571891069	-0.7151500041695087
2.748893571891069	-0.7040632834782562
2.748893571891069	-0.700852433454081
2.748893571891069	-0.6979845884423855
2.748893571891069	-0.6957646096516477
2.748893571891069	-0.6935761063272252
2.748893571891069	-0.6881747674444835
2.748893571891069	-0.6877682474437163
2.748893571891069	-0.6865157095148137
2.748893571891069	-0.6700813206309135
2.748893571891069	-0.6597687331883648
2.748893571891069	-0.6477415469356622
2.748893571891069	-0.6467256872597507
2.748893571891069	-0.6392132252080742
2.748893571891069	-0.6344228127076956
2.748893571891069	-0.6125465837546483
2.748893571891069	-0.6108733155976113
2.748893571891069	-0.6093942566110029
2.748893571891069	-0.6022419534837988
2.748893571891069	-0.5815714041799351
2.748893571891069	-0.5769329606276863
2.748893571891069	-0.5752634649155439
2.748893571891069	-0.5700330849795157
2.748893571891069	-0.5673315437409413
2.748893571891069	-0.559018979103322
2.748893571891069	-0.5388793073598863
2.748893571891069	-0.5383179722281017
2.748893571891069	-0.5325575246660675
2.748893571891069	-0.5314680766008618
2.748893571891069	-0.5286441852966975
2.748893571891069	-0.5244597513215904
2.748893571891069	-0.5216036537327084
2.748893571891069	-0.5141020464018226
2.748893571891069	-0.5124276851927386
2.748893571891069	-0.5069229275080913
2.748893571891069	-0.505330776058599
2.748893571891069	-0.5047976747312176
2.748893571891069	-0.502856171330215
2.748893571891069	-0.501801869184566
2.748893571891069	-0.50025762869191
2.748893571891069	-0.49453340282277714
2.748893571891069	-0.49087004753124486
2.748893571891069	-0.48782898817238973
2.748893571891069	-0.485270027972736
2.748893571891069	-0.47922824597042496
2.748893571891069	-0.4753168096184004
2.748893571891069	-0.4739692518136811
2.748893571891069	-0.47322755668767014
2.748893571891069	-0.47003468830430695
2.748893571891069	-0.4693143626380563
2.748893571891069	-0.4686424851386589
2.748893571891069	-0.4626108915257203
2.748893571891069	-0.46048701388243396
2.748893571891069	-0.4584250852957581
2.748893571891069	-0.4433422003193117
2.748893571891069	-0.43161887091840523
2.748893571891069	-0.42432310142885754
2.748893571891069	-0.4196571676581673
2.748893571891069	-0.40901167903648794
2.748893571891069	-0.4080938691114169
2.748893571891069	-0.4031751569277082
2.748893571891069	-0.39350291806385496
2.748893571891069	-0.3842488007485727
2.748893571891069	-0.37808542299242476
2.748893571891069	-0.37433446783848495
2.748893571891069	-0.3658916019887579
2.748893571891069	-0.3550743099972627
2.748893571891069	-0.3538798079861634
2.748893571891069	-0.3524803084257684
2.748893571891069	-0.35032168112299256
2.748893571891069	-0.34851575068106
2.748893571891069	-0.34229276120253865
2.748893571891069	-0.34064762415913846
2.748893571891069	-0.33777738397227913
2.748893571891069	-0.3268903491477033
2.748893571891069	-0.32226475754511436
2.748893571891069	-0.3183103879640102
2.748893571891069	-0.3085467384368504
2.748893571891069	-0.3066279243035887
2.748893571891069	-0.3014734474196277
2.748893571891069	-0.29892062741126196
2.748893571891069	-0.2981501790969807
2.748893571891069	-0.2962340730966523
2.748893571891069	-0.2931619221369632
2.748893571891069	-0.2885237011076063
2.748893571891069	-0.2792326024074556
2.748893571891069	-0.27779097954409154
2.748893571891069	-0.27435175871718365
2.748893571891069	-0.2703468222825416
2.748893571891069	-0.26590145841935
2.748893571891069	-0.2584057277193992
2.748893571891069	-0.24657909968041647
2.748893571891069	-0.2381542984968723
2.748893571891069	-0.23119551477820455
2.748893571891069	-0.2131618639085282
2.748893571891069	-0.20284565131714682
2.748893571891069	-0.1940364148385956
2.748893571891069	-0.1926078968611652
2.748893571891069	-0.1831564805442234
2.748893571891069	-0.1769773232514753
2.748893571891069	-0.16904052909453302
2.748893571891069	-0.16782176033419477
2.748893571891069	-0.16350626049615494
2.748893571891069	-0.16311838839778228
2.748893571891069	-0.15779329855696353
2.748893571891069	-0.15690107892931074
2.748893571891069	-0.1518108262095108
2.748893571891069	-0.13891753814254612
2.748893571891069	-0.135640719891336
2.748893571891069	-0.13390329580970706
2.748893571891069	-0.1310175585057037
2.748893571891069	-0.12940868176827908
2.748893571891069	-0.12821725928991337
2.748893571891069	-0.1253502397546035
2.748893571891069	-0.12288119514006016
2.748893571891069	-0.12093174984035372
2.748893571891069	-0.11653438749558133
2.748893571891069	-0.11640492178755354
2.748893571891069	-0.11218253442538997
2.748893571891069	-0.1098090462551951
2.748893571891069	-0.10875155669904599
2.748893571891069	-0.10726722272137656
2.748893571891069	-0.10229254179874844
2.748893571891069	-0.09906263417062056
2.748893571891069	-0.09531669516133062
2.748893571891069	-0.08621324712797307
2.748893571891069	-0.08084575962001672
2.748893571891069	-0.07600551611571289
2.748893571891069	-0.07483147609501774
2.748893571891069	-0.07021896799901661
2.748893571891069	-0.06370597228361931
2.748893571891069	-0.06206162623971113
2.748893571891069	-0.0607741077512315
2.748893571891069	-0.050334639644350254
2.748893571891069	-0.04425272793413981
2.748893571891069	-0.019044649313536333
2.748893571891069	-0.013357435261565033
2.748893571891069	-0.011996475548833976
2.748893571891069	-0.004124159408811501
2.748893571891069	0.00859751502894257
2.748893571891069	0.01965426286797678
2.748893571891069	0.026821818015589253
2.748893571891069	0.030328468603061626
2.748893571891069	0.033578043332722546
2.748893571891069	0.039313412112990435
2.748893571891069	0.03992107875451422
2.748893571891069	0.041384530883126276
2.748893571891069	0.047337572887361484
2.748893571891069	0.04842560012360812
2.748893571891069	0.06062788226357083
2.748893571891069	0.06112448645493727
2.748893571891069	0.07478731408619632
2.748893571891069	0.08054682967912936
2.748893571891069	0.0811437971883426
2.748893571891069	0.08435462418289112
2.748893571891069	0.09316068383891439
2.748893571891069	0.0935783279381701
2.748893571891069	0.11128331363536148
2.748893571891069	0.11878227542184083
2.748893571891069	0.12443178464542198
2.748893571891069	0.12493313567949331
2.748893571891069	0.13167334034120876
2.748893571891069	0.13422956046189868
2.748893571891069	0.13670749746651223
2.748893571891069	0.13869035204101104
2.748893571891069	0.13920655728031914
2.748893571891069	0.14365978067089577
2.748893571891069	0.14663461797030292
2.748893571891069	0.14943290094614778
2.748893571891069	0.15170928456815774
2.748893571891069	0.16420190422171027
2.748893571891069	0.16423817326596143
2.748893571891069	0.18497713820206624
2.748893571891069	0.18692050953817096
2.748893571891069	0.18854150753125773
2.748893571891069	0.19484276586293392
2.748893571891069	0.20008244150796742
2.748893571891069	0.20201285824435172
2.748893571891069	0.20335164064789435
2.748893571891069	0.20648109475446802
2.748893571891069	0.2087820299277131
2.748893571891069	0.21201885827475142
2.748893571891069	0.2166896765615287
2.748893571891069	0.22337693154549879
2.748893571891069	0.22468357287660534
2.748893571891069	0.2359476608212181
2.748893571891069	0.24327284330846233
2.748893571891069	0.24886788682573652
2.748893571891069	0.2489147496706524
2.748893571891069	0.2525627261693261
2.748893571891069	0.2611847780748757
2.748893571891069	0.2679051797168543
2.748893571891069	0.2686142460364563
2.748893571891069	0.27703537593127503
2.748893571891069	0.2803497747263312
2.748893571891069	0.2859255395346576
2.748893571891069	0.290954364952666
2.748893571891069	0.2959839051932399
2.748893571891069	0.29671786000918116
2.748893571891069	0.29857920596221654
2.748893571891069	0.30220179300566163
2.748893571891069	0.30497574946762673
2.748893571891069	0.30654133144416407
2.748893571891069	0.3067436189804629
2.748893571891069	0.3113756436706625
2.748893571891069	0.3195605950607649
2.748893571891069	0.3205746696015475
2.748893571891069	0.33122051853144296
2.748893571891069	0.3312596494889638
2.748893571891069	0.352897182692222
2.748893571891069	0.353403536677658
2.748893571891069	0.3569782632285602
2.748893571891069	0.3577362624013785
2.748893571891069	0.36315908782488365
2.748893571891069	0.36358586808100074
2.748893571891069	0.37492256266529034
2.748893571891069	0.37685285935042134
2.748893571891069	0.3788741458692562
2.748893571891069	0.3954558585743053
2.748893571891069	0.3987592492094468
2.748893571891069	0.4035112798479412
2.748893571891069	0.41093580546575126
2.748893571891069	0.4162277388043408
2.748893571891069	0.4188335440650286
2.748893571891069	0.4215522749479863
2.748893571891069	0.424405989223124
2.748893571891069	0.4293664378461259
2.748893571891069	0.43267851150128156
2.748893571891069	0.434253266001406
2.748893571891069	0.448352181981861
2.748893571891069	0.4574324560041341
2.748893571891069	0.45744101517288555
2.748893571891069	0.4644793210464787
2.748893571891069	0.4657885759744541
2.748893571891069	0.46623558995650427
2.748893571891069	0.47544534243223835
2.748893571891069	0.47850240134364486
2.748893571891069	0.48789396068875046
2.748893571891069	0.510421841577742
2.748893571891069	0.5115139658472614
2.748893571891069	0.5177013285808854
2.748893571891069	0.518050093369748
2.748893571891069	0.519753718458673
2.748893571891069	0.5232941800789654
2.748893571891069	0.5332006108786466
2.748893571891069	0.5346803871302699
2.748893571891069	0.5434026742348483
2.748893571891069	0.5476155511287798
2.748893571891069	0.5499425026356582
2.748893571891069	0.551832533212472
2.748893571891069	0.553552689893818
2.748893571891069	0.5555109982281687
2.748893571891069	0.5567564737380485
2.748893571891069	0.561341081242158
2.748893571891069	0.5718230115231399
2.748893571891069	0.5750263390791507
2.748893571891069	0.5779183761545872
2.748893571891069	0.5961300613675766
2.748893571891069	0.5982585747062964
2.748893571891069	0.6013437416754354
2.748893571891069	0.6028855785411681
2.748893571891069	0.6069673483343037
2.748893571891069	0.6085361311657873
2.748893571891069	0.6086345081764959
2.748893571891069	0.6118211260890387
2.748893571891069	0.6182071378596339
2.748893571891069	0.6230005953013654
2.748893571891069	0.6260847134618011
2.748893571891069	0.6452984056711082
2.748893571891069	0.6583137727911568
2.748893571891069	0.6591978597228085
2.748893571891069	0.6670357191425209
2.748893571891069	0.6742315726921385
2.748893571891069	0.6754751563361585
2.748893571891069	0.6777331464918459
2.748893571891069	0.6791770665340704
2.748893571891069	0.693370077811704
2.748893571891069	0.7164221904172985
2.748893571891069	0.7184562534499495
2.748893571891069	0.7185878091501081
2.748893571891069	0.7218079696154946
2.748893571891069	0.7226835647922502
2.748893571891069	0.7231893641422943
2.748893571891069	0.7245170002733825
2.748893571891069	0.734219243422314
2.748893571891069	0.7359164774606338
2.748893571891069	0.738301666360865
2.748893571891069	0.7392387242314052
2.748893571891069	0.7468526767671828
2.748893571891069	0.7513558393260684
2.748893571891069	0.7630319422614282
2.748893571891069	0.7801612728338336
2.748893571891069	0.7815701555292052
2.748893571891069	0.7833233586501755
2.748893571891069	0.7971899738123023
2.748893571891069	0.8018170874987707
2.748893571891069	0.8089489634758141
2.748893571891069	0.8103516410338043
2.748893571891069	0.8230821179992716
2.748893571891069	0.8241967421787325
2.748893571891069	0.8358783552588549
2.748893571891069	0.8373344471979534
2.748893571891069	0.8374893558434806
2.748893571891069	0.8377916443815563
2.748893571891069	0.8386908289077903
2.748893571891069	0.8437646479445622
2.748893571891069	0.8584363469457642
2.748893571891069	0.8595236836948557
2.748893571891069	0.8630427979442219
2.748893571891069	0.8664213229200265
2.748893571891069	0.8692887508934096
2.748893571891069	0.8698883098198472
2.748893571891069	0.871892549549626
2.748893571891069	0.8762710688378168
2.748893571891069	0.880928875839408
2.748893571891069	0.8854744824245007
2.748893571891069	0.8881364283552181
2.748893571891069	0.8919511665121544
2.748893571891069	0.9014509738019569
2.748893571891069	0.9047469893039994
2.748893571891069	0.9168416545850411
2.748893571891069	0.9197570629509259
2.748893571891069	0.9205855903947892
2.748893571891069	0.9254994730912909
2.748893571891069	0.9301518579220582
2.748893571891069	0.9352839883669982
2.748893571891069	0.9379211660802996
2.748893571891069	0.9390814945812026
2.748893571891069	0.9395926735804886
2.748893571891069	0.9411027299760601
2.748893571891069	0.9478086078748178
2.748893571891069	0.9584283531726658
2.748893571891069	0.9616908439508132
2.748893571891069	0.9691827553335208
2.748893571891069	0.9711373118534635
2.748893571891069	0.9785463719121958
2.748893571891069	0.9828624829236565
2.748893571891069	1.0256640785449649
2.748893571891069	1.0276629476174544
2.748893571891069	1.0300089094432439
2.748893571891069	1.0304673601457688
2.748893571891069	1.0355001734744764
2.748893571891069	1.0357887448111158
2.748893571891069	1.0427831925752662
2.748893571891069	1.043178495648615
2.748893571891069	1.0529198443027092
2.748893571891069	1.0573371528240831
2.748893571891069	1.065432204761396
2.748893571891069	1.0678532958057432
2.748893571891069	1.0689623786321363
2.748893571891069	1.0777130718188979
2.748893571891069	1.078689777367606
2.748893571891069	1.0942526621313564
2.748893571891069	1.0972035409559173
2.748893571891069	1.1012408060825023
2.748893571891069	1.1018956386468632
2.748893571891069	1.1049926097132277
2.748893571891069	1.111999261536135
2.748893571891069	1.120914663352706
2.748893571891069	1.125908743909175
2.748893571891069	1.1332812390186602
2.748893571891069	1.145564438327122
2.748893571891069	1.1498238344322567
2.748893571891069	1.1579988992704364
2.748893571891069	1.165497330575092
2.748893571891069	1.1720389497690231
2.748893571891069	1.1842151251546094
2.748893571891069	1.1887914644778317
2.748893571891069	1.1888271827406753
2.748893571891069	1.1926288252780988
2.748893571891069	1.208459576830585
2.748893571891069	1.216040483144214
2.748893571891069	1.2197743424287977
2.748893571891069	1.2202385177891772
2.748893571891069	1.2268280634411703
2.748893571891069	1.2302368798391692
2.748893571891069	1.2348538947230767
2.748893571891069	1.2380257151025362
2.748893571891069	1.251964772042272
2.748893571891069	1.2552972978840184
2.748893571891069	1.257500086538746
2.748893571891069	1.258960400890147
2.748893571891069	1.270462367978074
2.748893571891069	1.2746958891371105
2.748893571891069	1.2802351516350967
2.748893571891069	1.2808836104374108
2.748893571891069	1.2822198732415029
2.748893571891069	1.2917417363320154
2.748893571891069	1.2959487724563958
2.748893571891069	1.307727314632741
2.748893571891069	1.309833222142926
2.748893571891069	1.316393313075026
2.748893571891069	1.3166072524794021
2.748893571891069	1.3390399224968939
2.748893571891069	1.3394488734420498
2.748893571891069	1.3532426533538655
2.748893571891069	1.354866931658547
2.748893571891069	1.3552912476640064
2.748893571891069	1.3612153415491006
2.748893571891069	1.3720587717275237
2.748893571891069	1.394242191524751
2.748893571891069	1.4143052405099188
2.748893571891069	1.4193737889255846
2.748893571891069	1.4200393269894822
2.748893571891069	1.428507450960962
2.748893571891069	1.4418437594907374
2.748893571891069	1.44234063928475
2.748893571891069	1.4754877499107413
2.748893571891069	1.4838645165146915
2.748893571891069	1.4914424631754537
2.748893571891069	1.4972261171568007
2.748893571891069	1.500334630220994
2.748893571891069	1.5020724914121903
2.748893571891069	1.5034774202206156
2.748893571891069	1.504673765924169
2.748893571891069	1.5085736355226453
2.748893571891069	1.5144317667172689
2.748893571891069	1.5186952344440305
2.748893571891069	1.5288289526603203
2.748893571891069	1.5390462182760904
2.748893571891069	1.553020543980831
2.748893571891069	1.5538128083393534
2.748893571891069	1.555399002055694
2.748893571891069	1.556741014288647
2.748893571891069	1.5646941225947386
2.748893571891069	1.5653332752279174
2.748893571891069	1.5716715604115532
2.748893571891069	1.5718877329548366
2.748893571891069	1.5734687733705746
2.748893571891069	1.5776614906831505
2.748893571891069	1.5804775830517075
2.748893571891069	1.5876816630783162
2.748893571891069	1.5926480846943671
2.748893571891069	1.6038989856276469
2.748893571891069	1.605044102026914
2.748893571891069	1.6129595589628174
2.748893571891069	1.6195694892992187
2.748893571891069	1.6394317282819646
2.748893571891069	1.6548569203863495
2.748893571891069	1.6629734323053786
2.748893571891069	1.6630686087024766
2.748893571891069	1.6728296267633307
2.748893571891069	1.7264196125435567
2.748893571891069	1.7394291602557463
2.748893571891069	1.7532262929461155
2.748893571891069	1.7576447049436574
2.748893571891069	1.758794461485431
2.748893571891069	1.7665131181755545
2.748893571891069	1.7930412645173626
2.748893571891069	1.7937971368030705
2.748893571891069	1.7980862148589853
2.748893571891069	1.8014287508171385
2.748893571891069	1.8025913218103626
2.748893571891069	1.8172368630312685
2.748893571891069	1.828048610797448
2.748893571891069	1.833209149294564
2.748893571891069	1.8376789814078331
2.748893571891069	1.8398221199953462
2.748893571891069	1.850761644493656
2.748893571891069	1.8591569862354682
2.748893571891069	1.8612880027644527
2.748893571891069	1.879122014112785
2.748893571891069	1.893746804275187
2.748893571891069	1.9053427491101944
2.748893571891069	1.9213111035660437
2.748893571891069	1.922180406502726
2.748893571891069	1.9968727465989125
2.748893571891069	1.997665062682254
2.748893571891069	2.0184907753442056
2.748893571891069	2.043817479551306
2.748893571891069	2.050671679446758
2.748893571891069	2.0706276933903687
2.748893571891069	2.072646683882955
2.748893571891069	2.0732603213054355
2.748893571891069	2.0812370184836624
2.748893571891069	2.093387788065439
2.748893571891069	2.114755905523867
2.748893571891069	2.150176206036677
2.748893571891069	2.1598199424252282
2.748893571891069	2.1665279114625124
2.748893571891069	2.1807475570832127
2.748893571891069	2.1827967879041354
2.748893571891069	2.183764378482119
2.748893571891069	2.191013182959881
2.748893571891069	2.191725082067582
2.748893571891069	2.196893783871836
2.748893571891069	2.203174887082879
2.748893571891069	2.217446096866899
2.748893571891069	2.2380917133884948
2.748893571891069	2.248932455527769
2.748893571891069	2.250450377784762
2.748893571891069	2.2570979337116372
2.748893571891069	2.2856758814375304
2.748893571891069	2.294164541858832
2.748893571891069	2.3315962775622356
2.748893571891069	2.36886641452283
2.748893571891069	2.384342972636995
2.748893571891069	2.412797808158855
2.748893571891069	2.4264559111897
2.748893571891069	2.478374044707044
2.748893571891069	2.488678179759049
2.748893571891069	2.510671570037295
2.748893571891069	2.51918606355473
2.748893571891069	2.524737905288781
2.748893571891069	2.5358904892174743
2.748893571891069	2.5740917023917835
2.748893571891069	2.577506364524764
2.748893571891069	2.5936038715408216
2.748893571891069	2.6851124883460002
2.748893571891069	2.7104309343249327
2.748893571891069	2.715264621127316
2.748893571891069	2.723079623865791
2.748893571891069	2.7389299945574432
2.748893571891069	2.7615245879510533
2.748893571891069	2.817998233163488
2.748893571891069	2.8272243700940862
2.748893571891069	2.837280123183732
2.748893571891069	2.8374912625164206
2.748893571891069	2.8807878522588135
2.748893571891069	2.8925388441173574
2.748893571891069	2.9314148639425968
2.748893571891069	2.970981114403587
2.748893571891069	3.0433640929578183
2.748893571891069	3.070002476042597
2.748893571891069	3.157986601903395
2.748893571891069	3.2062967312224617
2.748893571891069	3.3779000745425836
2.748893571891069	3.388463218736083
2.748893571891069	3.4893348438562835
2.748893571891069	3.5135680557317386
2.748893571891069	4.000242992758241
2.748893571891069	4.003773367666518
3.141592653589793	-5.274813389365884
3.141592653589793	-5.259175469157452
3.141592653589793	-4.451870797290563
3.141592653589793	-4.377162229971483
3.141592653589793	-3.8111767049201726
3.141592653589793	-3.7021743129375753
3.141592653589793	-3.702174312937574
3.141592653589793	-3.6988925127077485
3.141592653589793	-3.5922895562557366
3.141592653589793	-3.5922895562557318
3.141592653589793	-3.591309534268147
3.141592653589793	-3.487339629882605
3.141592653589793	-3.414794422783901
3.141592653589793	-3.3312204539912615
3.141592653589793	-3.1964741912717787
3.141592653589793	-3.1964741912717756
3.141592653589793	-3.0788536932590946
3.141592653589793	-3.078853693259083
3.141592653589793	-3.068170461900361
3.141592653589793	-3.0681704619003574
3.141592653589793	-3.053295150771908
3.141592653589793	-3.053295150771906
3.141592653589793	-2.9701844004321343
3.141592653589793	-2.941066446674474
3.141592653589793	-2.941066446674466
3.141592653589793	-2.8358591068347785
3.141592653589793	-2.835859106834778
3.141592653589793	-2.8335217157408588
3.141592653589793	-2.818965428701663
3.141592653589793	-2.8189654287016572
3.141592653589793	-2.7801739459388055
3.141592653589793	-2.777437806300748
3.141592653589793	-2.765599291889217
3.141592653589793	-2.7655992918892114
3.141592653589793	-2.7633264498223924
3.141592653589793	-2.7633264498223857
3.141592653589793	-2.7505532231513334
3.141592653589793	-2.7505532231513263
3.141592653589793	-2.744438495004151
3.141592653589793	-2.7444384950041476
3.141592653589793	-2.663048074973026
3.141592653589793	-2.6630480749730245
3.141592653589793	-2.6259548631418452
3.141592653589793	-2.625954863141842
3.141592653589793	-2.5852326857353605
3.141592653589793	-2.509107268286753
3.141592653589793	-2.5090150426565394
3.141592653589793	-2.4790166548608994
3.141592653589793	-2.475046978121869
3.141592653589793	-2.475046978121867
3.141592653589793	-2.400389638586126
3.141592653589793	-2.400389638586124
3.141592653589793	-2.3797543660121243
3.141592653589793	-2.3797543660121234
3.141592653589793	-2.3776185659902103
3.141592653589793	-2.3776185659902054
3.141592653589793	-2.3614155202130647
3.141592653589793	-2.3614155202130624
3.141592653589793	-2.252221883111294
3.141592653589793	-2.2514788822090335
3.141592653589793	-2.2514788822090326
3.141592653589793	-2.2492885038135317
3.141592653589793	-2.211504913809098
3.141592653589793	-2.2115049138090916
3.141592653589793	-2.2097822888027103
3.141592653589793	-2.1895632526055437
3.141592653589793	-2.189563252605537
3.141592653589793	-2.1741562541109434
3.141592653589793	-2.1741562541109425
3.141592653589793	-2.1679874716992193
3.141592653589793	-2.1550947277602996
3.141592653589793	-2.155094727760297
3.141592653589793	-2.150928038562641
3.141592653589793	-2.150928038562637
3.141592653589793	-2.1457195074580135
3.141592653589793	-2.145719507458012
3.141592653589793	-2.126241074834111
3.141592653589793	-2.1262410748341067
3.141592653589793	-2.1239848008560336
3.141592653589793	-2.1239848008560296
3.141592653589793	-2.043528158129609
3.141592653589793	-2.0434179335445495
3.141592653589793	-2.0282607564573203
3.141592653589793	-2.003475164329943
3.141592653589793	-2.003475164329938
3.141592653589793	-1.9904413862534358
3.141592653589793	-1.990441386253431
3.141592653589793	-1.9859137511074494
3.141592653589793	-1.9859137511074436
3.141592653589793	-1.982671648821818
3.141592653589793	-1.9795935186985163
3.141592653589793	-1.9690864233534773
3.141592653589793	-1.9690864233534766
3.141592653589793	-1.9398505830615207
3.141592653589793	-1.861375879498497
3.141592653589793	-1.8613758794984903
3.141592653589793	-1.8492232784496565
3.141592653589793	-1.849223278449655
3.141592653589793	-1.8420152090782658
3.141592653589793	-1.8420152090782644
3.141592653589793	-1.8338027448680216
3.141592653589793	-1.8281075231899668
3.141592653589793	-1.8281075231899646
3.141592653589793	-1.8088551479080586
3.141592653589793	-1.8088551479080566
3.141592653589793	-1.805927453773876
3.141592653589793	-1.8059274537738748
3.141592653589793	-1.7864177082159909
3.141592653589793	-1.7864177082159893
3.141592653589793	-1.78290688688166
3.141592653589793	-1.782906886881657
3.141592653589793	-1.782280384659084
3.141592653589793	-1.6834792630189357
3.141592653589793	-1.6699039221779854
3.141592653589793	-1.6699039221779846
3.141592653589793	-1.656083159527528
3.141592653589793	-1.6560831595275254
3.141592653589793	-1.6526095509770709
3.141592653589793	-1.6526095509770664
3.141592653589793	-1.643701329686993
3.141592653589793	-1.6437013296869891
3.141592653589793	-1.6362755272733565
3.141592653589793	-1.636275527273353
3.141592653589793	-1.6355682200574249
3.141592653589793	-1.635568220057419
3.141592653589793	-1.6340565379434917
3.141592653589793	-1.6340565379434904
3.141592653589793	-1.6198927562441336
3.141592653589793	-1.6198927562441334
3.141592653589793	-1.6189765130815146
3.141592653589793	-1.618976513081513
3.141592653589793	-1.6165018557098696
3.141592653589793	-1.616501855709868
3.141592653589793	-1.616363110947446
3.141592653589793	-1.6163631109474432
3.141592653589793	-1.5974396715930634
3.141592653589793	-1.5974396715930617
3.141592653589793	-1.5872208587431813
3.141592653589793	-1.5836478570689836
3.141592653589793	-1.583305205176302
3.141592653589793	-1.4806879120840466
3.141592653589793	-1.4806879120840455
3.141592653589793	-1.4652336017788121
3.141592653589793	-1.4652336017788095
3.141592653589793	-1.4537200843131606
3.141592653589793	-1.4537200843131595
3.141592653589793	-1.4501594840076868
3.141592653589793	-1.4501594840076848
3.141592653589793	-1.4471114155182638
3.141592653589793	-1.4417347946883132
3.141592653589793	-1.4417347946883108
3.141592653589793	-1.4299170381507584
3.141592653589793	-1.4299170381507562
3.141592653589793	-1.417872057984244
3.141592653589793	-1.4178720579842428
3.141592653589793	-1.4126380340914502
3.141592653589793	-1.41263803409145
3.141592653589793	-1.4107387560749776
3.141592653589793	-1.4107387560749771
3.141592653589793	-1.40341776921852
3.141592653589793	-1.4034177692185188
3.141592653589793	-1.4025517909253598
3.141592653589793	-1.4025517909253566
3.141592653589793	-1.3766714368272381
3.141592653589793	-1.3766714368272377
3.141592653589793	-1.3528796447897085
3.141592653589793	-1.3527074045688625
3.141592653589793	-1.3334209866079092
3.141592653589793	-1.3292807678415404
3.141592653589793	-1.2864082036087208
3.141592653589793	-1.2864082036087185
3.141592653589793	-1.2656862474084751
3.141592653589793	-1.2656862474084711
3.141592653589793	-1.2520325686229403
3.141592653589793	-1.2473683635835462
3.141592653589793	-1.2343511992630432
3.141592653589793	-1.234351199263042
3.141592653589793	-1.2301946019910086
3.141592653589793	-1.2301946019910062
3.141592653589793	-1.2091024256633995
3.141592653589793	-1.2091024256633958
3.141592653589793	-1.2088824331750259
3.141592653589793	-1.208882433175024
3.141592653589793	-1.2086411184525079
3.141592653589793	-1.2086411184525045
3.141592653589793	-1.2074983741147172
3.141592653589793	-1.2074983741147163
3.141592653589793	-1.199476432151285
3.141592653589793	-1.1994764321512834
3.141592653589793	-1.183840075440551
3.141592653589793	-1.1838400754405494
3.141592653589793	-1.181656234488725
3.141592653589793	-1.1816562344887227
3.141592653589793	-1.1678696852706576
3.141592653589793	-1.1678696852706556
3.141592653589793	-1.1674421173589633
3.141592653589793	-1.167442117358962
3.141592653589793	-1.164929197775845
3.141592653589793	-1.1572580035461237
3.141592653589793	-1.157258003546123
3.141592653589793	-1.1536738661132542
3.141592653589793	-1.1536738661132535
3.141592653589793	-1.1337960516711358
3.141592653589793	-1.1337960516711345
3.141592653589793	-1.1289075803369517
3.141592653589793	-1.1289075803369506
3.141592653589793	-1.086329603740415
3.141592653589793	-1.0808561424633023
3.141592653589793	-1.0808561424633014
3.141592653589793	-1.0726404317590883
3.141592653589793	-1.0726404317590847
3.141592653589793	-1.0687364394634737
3.141592653589793	-1.0598224302435764
3.141592653589793	-1.059822430243575
3.141592653589793	-1.0102676169585514
3.141592653589793	-1.0102676169585507
3.141592653589793	-1.0029560627587604
3.141592653589793	-1.002956062758759
3.141592653589793	-0.9970074263788441
3.141592653589793	-0.9970074263788437
3.141592653589793	-0.9696672489611007
3.141592653589793	-0.9696672489610982
3.141592653589793	-0.9676178800555504
3.141592653589793	-0.96761788005555
3.141592653589793	-0.9388961347273101
3.141592653589793	-0.9388961347273073
3.141592653589793	-0.9344951306596007
3.141592653589793	-0.9344951306595995
3.141592653589793	-0.9339724058297869
3.141592653589793	-0.9339724058297854
3.141592653589793	-0.9322496114099866
3.141592653589793	-0.930106001788559
3.141592653589793	-0.9301060017885577
3.141592653589793	-0.9240415929280231
3.141592653589793	-0.9213598753221602
3.141592653589793	-0.9213598753221588
3.141592653589793	-0.9174158431263527
3.141592653589793	-0.9174158431263499
3.141592653589793	-0.8933403564581738
3.141592653589793	-0.8933403564581698
3.141592653589793	-0.884343040040297
3.141592653589793	-0.8843430400402935
3.141592653589793	-0.8799879915747791
3.141592653589793	-0.879987991574775
3.141592653589793	-0.8777655133487879
3.141592653589793	-0.8734662028797135
3.141592653589793	-0.8713488550434272
3.141592653589793	-0.8713488550434236
3.141592653589793	-0.87099547534631
3.141592653589793	-0.8709954753463097
3.141592653589793	-0.8599207103376566
3.141592653589793	-0.8599207103376559
3.141592653589793	-0.8339487888727715
3.141592653589793	-0.8339487888727682
3.141592653589793	-0.8252832195443469
3.141592653589793	-0.8092913740723837
3.141592653589793	-0.7919413354205507
3.141592653589793	-0.7919413354205498
3.141592653589793	-0.7654735923706769
3.141592653589793	-0.7654735923706755
3.141592653589793	-0.7530262485162815
3.141592653589793	-0.7530262485162805
3.141592653589793	-0.7521461005980583
3.141592653589793	-0.7521461005980563
3.141592653589793	-0.7331920912643852
3.141592653589793	-0.7331920912643846
3.141592653589793	-0.7287603143333143
3.141592653589793	-0.7287603143333135
3.141592653589793	-0.7202386309639349
3.141592653589793	-0.720238630963934
3.141592653589793	-0.7069472001745245
3.141592653589793	-0.706947200174523
3.141592653589793	-0.7039042989141512
3.141592653589793	-0.7039042989141485
3.141592653589793	-0.7020648078633467
3.141592653589793	-0.7020648078633455
3.141592653589793	-0.6967070082382345
3.141592653589793	-0.6967070082382304
3.141592653589793	-0.693753013735228
3.141592653589793	-0.6937530137352268
3.141592653589793	-0.692054885604825
3.141592653589793	-0.6920548856048201
3.141592653589793	-0.6813919052707926
3.141592653589793	-0.6813919052707911
3.141592653589793	-0.6766264686494596
3.141592653589793	-0.6740930333348463
3.141592653589793	-0.6740930333348445
3.141592653589793	-0.6513997387916144
3.141592653589793	-0.6513997387916134
3.141592653589793	-0.6427281617584477
3.141592653589793	-0.642728161758446
3.141592653589793	-0.6392178931043834
3.141592653589793	-0.6392178931043827
3.141592653589793	-0.6201870759533764
3.141592653589793	-0.6201870759533739
3.141592653589793	-0.5804234059727111
3.141592653589793	-0.5634824584618006
3.141592653589793	-0.5524167145960822
3.141592653589793	-0.5516765321886231
3.141592653589793	-0.5500879971684013
3.141592653589793	-0.5500879971683985
3.141592653589793	-0.5400446479913236
3.141592653589793	-0.5400446479913226
3.141592653589793	-0.5366289975833909
3.141592653589793	-0.5366289975833892
3.141592653589793	-0.5365141777641582
3.141592653589793	-0.52125029559282
3.141592653589793	-0.5212502955928182
3.141592653589793	-0.5154693913814743
3.141592653589793	-0.5154693913814731
3.141592653589793	-0.5110071546956313
3.141592653589793	-0.5110071546956287
3.141592653589793	-0.4986817882724162
3.141592653589793	-0.49868178827241444
3.141592653589793	-0.49533858953892107
3.141592653589793	-0.49533858953892057
3.141592653589793	-0.47494011944607867
3.141592653589793	-0.47494011944607684
3.141592653589793	-0.47420585361747475
3.141592653589793	-0.4742058536174726
3.141592653589793	-0.4676646561890567
3.141592653589793	-0.4640522506741988
3.141592653589793	-0.46405225067419686
3.141592653589793	-0.45772106817448915
3.141592653589793	-0.45772106817448716
3.141592653589793	-0.4563698346068613
3.141592653589793	-0.45636983460685443
3.141592653589793	-0.45583471783364976
3.141592653589793	-0.4558347178336479
3.141592653589793	-0.4432082328425461
3.141592653589793	-0.44320823284254485
3.141592653589793	-0.4325642837287858
3.141592653589793	-0.4325642837287836
3.141592653589793	-0.39594105424632303
3.141592653589793	-0.3959410542463225
3.141592653589793	-0.395382440740103
3.141592653589793	-0.39538244074010054
3.141592653589793	-0.36107786037088657
3.141592653589793	-0.3581032918016244
3.141592653589793	-0.3581032918016242
3.141592653589793	-0.35391818598751246
3.141592653589793	-0.35391818598751174
3.141592653589793	-0.3510463383491827
3.141592653589793	-0.3453852773842014
3.141592653589793	-0.3453852773842009
3.141592653589793	-0.3393226524492824
3.141592653589793	-0.33932265244928045
3.141592653589793	-0.32780330155779464
3.141592653589793	-0.323787695586134
3.141592653589793	-0.32378769558613346
3.141592653589793	-0.30356620639989434
3.141592653589793	-0.3035662063998924
3.141592653589793	-0.2881389194388687
3.141592653589793	-0.28813891943886677
3.141592653589793	-0.2859887565418009
3.141592653589793	-0.2859887565418001
3.141592653589793	-0.2522497656512374
3.141592653589793	-0.25224976565123675
3.141592653589793	-0.2518752722206157
3.141592653589793	-0.25187527222061473
3.141592653589793	-0.25143317003831545
3.141592653589793	-0.25143317003831184
3.141592653589793	-0.23526902522338922
3.141592653589793	-0.2352690252233883
3.141592653589793	-0.228205979173138
3.141592653589793	-0.2282059791731356
3.141592653589793	-0.21761583956620092
3.141592653589793	-0.21761583956619984
3.141592653589793	-0.18654441854369058
3.141592653589793	-0.18654441854368958
3.141592653589793	-0.18340326646032784
3.141592653589793	-0.18340326646032562
3.141592653589793	-0.1645525515046733
3.141592653589793	-0.16455255150467232
3.141592653589793	-0.1571268388855865
3.141592653589793	-0.15712683888558465
3.141592653589793	-0.15452863740912137
3.141592653589793	-0.15452863740911973
3.141592653589793	-0.15263441893784122
3.141592653589793	-0.13248485227507176
3.141592653589793	-0.12845133050701743
3.141592653589793	-0.1284513305070162
3.141592653589793	-0.12775051998355325
3.141592653589793	-0.1277505199835507
3.141592653589793	-0.12279674917277437
3.141592653589793	-0.12279674917277382
3.141592653589793	-0.12219741287728142
3.141592653589793	-0.12219741287728052
3.141592653589793	-0.11529978654973265
3.141592653589793	-0.11252126206860949
3.141592653589793	-0.11252126206860757
3.141592653589793	-0.08642687218496059
3.141592653589793	-0.08642687218495942
3.141592653589793	-0.08220234298748763
3.141592653589793	-0.08220234298748545
3.141592653589793	-0.08130703614630339
3.141592653589793	-0.08130703614630307
3.141592653589793	-0.07609845385425067
3.141592653589793	-0.07609845385425044
3.141592653589793	-0.07134039049978377
3.141592653589793	-0.07134039049978236
3.141592653589793	-0.062232619946792675
3.141592653589793	-0.06139136562538591
3.141592653589793	-0.058511310998539554
3.141592653589793	-0.05851131099853875
3.141592653589793	-0.038450988048945506
3.141592653589793	-0.034863925048073514
3.141592653589793	-0.03486392504807166
3.141592653589793	-0.02512490812740723
3.141592653589793	-0.025124908127405823
3.141592653589793	-0.024326954411577784
3.141592653589793	-0.02432695441157571
3.141592653589793	-0.010748407432507268
3.141592653589793	-0.010748407432506095
3.141592653589793	-0.006229773604979765
3.141592653589793	-0.0062297736049783045
3.141592653589793	0.0014469440859715744
3.141592653589793	0.0014469440859739492
3.141592653589793	0.006673265245106072
3.141592653589793	0.00667326524510697
3.141592653589793	0.02037853947124674
3.141592653589793	0.020378539471247226
3.141592653589793	0.029129231608420982
3.141592653589793	0.029129231608421947
3.141592653589793	0.04119168241595172
3.141592653589793	0.041191682415952315
3.141592653589793	0.04175285503156319
3.141592653589793	0.041752855031564076
3.141592653589793	0.05716491923229441
3.141592653589793	0.05716491923229535
3.141592653589793	0.09215565082170603
3.141592653589793	0.09215565082170615
3.141592653589793	0.09337029967556076
3.141592653589793	0.09337029967556451
3.141592653589793	0.0941735939046282
3.141592653589793	0.09417359390462923
3.141592653589793	0.09422126447852266
3.141592653589793	0.10529004370230689
3.141592653589793	0.10529004370230728
3.141592653589793	0.13976307399615714
3.141592653589793	0.13976307399615753
3.141592653589793	0.1426217432538719
3.141592653589793	0.14262174325387625
3.141592653589793	0.147835863962345
3.141592653589793	0.1478358639623455
3.141592653589793	0.1530117017333443
3.141592653589793	0.15301170173334577
3.141592653589793	0.17462636074528692
3.141592653589793	0.19953132787624248
3.141592653589793	0.20147969236353105
3.141592653589793	0.20609636061716086
3.141592653589793	0.20609636061716308
3.141592653589793	0.22804170035448768
3.141592653589793	0.22863228053055476
3.141592653589793	0.22863228053055507
3.141592653589793	0.22916882688488585
3.141592653589793	0.23386516285092326
3.141592653589793	0.23386516285092526
3.141592653589793	0.23409059500565502
3.141592653589793	0.2340905950056562
3.141592653589793	0.24424617171975355
3.141592653589793	0.2442461717197541
3.141592653589793	0.25080237466142463
3.141592653589793	0.25080237466142996
3.141592653589793	0.2524826232179863
3.141592653589793	0.2524826232179931
3.141592653589793	0.25322929805301053
3.141592653589793	0.2532292980530116
3.141592653589793	0.2542291793055762
3.141592653589793	0.25422917930557726
3.141592653589793	0.2549881666025564
3.141592653589793	0.2549881666025576
3.141592653589793	0.26798846343972205
3.141592653589793	0.26798846343972293
3.141592653589793	0.28335208617539087
3.141592653589793	0.28335208617539215
3.141592653589793	0.30065751699452975
3.141592653589793	0.300657516994531
3.141592653589793	0.30319471272685755
3.141592653589793	0.30319471272685894
3.141592653589793	0.3067505364062203
3.141592653589793	0.35153869916759684
3.141592653589793	0.35153869916759967
3.141592653589793	0.36262445344837824
3.141592653589793	0.36262445344837885
3.141592653589793	0.3797360903482675
3.141592653589793	0.37973609034826766
3.141592653589793	0.3879018466487143
3.141592653589793	0.38790184664871485
3.141592653589793	0.3940505574398579
3.141592653589793	0.39405055743985845
3.141592653589793	0.3968655708563914
3.141592653589793	0.4264433872456981
3.141592653589793	0.43359607399633787
3.141592653589793	0.433596073996339
3.141592653589793	0.4440651714403673
3.141592653589793	0.4440651714403683
3.141592653589793	0.44578212124824096
3.141592653589793	0.4457821212482417
3.141592653589793	0.4552800215463718
3.141592653589793	0.4552800215463742
3.141592653589793	0.4610607953517373
3.141592653589793	0.4610607953517385
3.141592653589793	0.46130985497450405
3.141592653589793	0.4613098549745045
3.141592653589793	0.4676314947657371
3.141592653589793	0.46763149476573845
3.141592653589793	0.4775085867582691
3.141592653589793	0.47750858675827
3.141592653589793	0.4837831763024993
3.141592653589793	0.4837831763025001
3.141592653589793	0.49161104238250175
3.141592653589793	0.49575089941074424
3.141592653589793	0.49575089941074485
3.141592653589793	0.5086130552150567
3.141592653589793	0.5086130552150573
3.141592653589793	0.5116798885318764
3.141592653589793	0.5211220829790665
3.141592653589793	0.5211220829790685
3.141592653589793	0.5512983708464274
3.141592653589793	0.5512983708464286
3.141592653589793	0.562688781908036
3.141592653589793	0.5626887819080367
3.141592653589793	0.5646988312256194
3.141592653589793	0.5646988312256196
3.141592653589793	0.5742317605198689
3.141592653589793	0.5742317605198698
3.141592653589793	0.5784375520770796
3.141592653589793	0.5784375520770803
3.141592653589793	0.5937346238515379
3.141592653589793	0.5937346238515392
3.141592653589793	0.5996925896394402
3.141592653589793	0.6011558266968903
3.141592653589793	0.6015467037104132
3.141592653589793	0.6015467037104146
3.141592653589793	0.6116994915500436
3.141592653589793	0.6119644123419874
3.141592653589793	0.6119644123419886
3.141592653589793	0.6139038034315178
3.141592653589793	0.6139038034315183
3.141592653589793	0.6255322932445602
3.141592653589793	0.625532293244562
3.141592653589793	0.6258322912406107
3.141592653589793	0.625832291240612
3.141592653589793	0.6290056756947687
3.141592653589793	0.629005675694771
3.141592653589793	0.6366123396096581
3.141592653589793	0.6568622537976279
3.141592653589793	0.6568622537976282
3.141592653589793	0.6570965602693147
3.141592653589793	0.6570965602693154
3.141592653589793	0.6632015895457607
3.141592653589793	0.663201589545761
3.141592653589793	0.6691624645897054
3.141592653589793	0.6691624645897071
3.141592653589793	0.6759431975040243
3.141592653589793	0.6759431975040271
3.141592653589793	0.7195433115164118
3.141592653589793	0.7195433115164132
3.141592653589793	0.7258471363608223
3.141592653589793	0.7258471363608227
3.141592653589793	0.7413732390897888
3.141592653589793	0.7413732390897902
3.141592653589793	0.7619508738853638
3.141592653589793	0.77338597859975
3.141592653589793	0.773385978599751
3.141592653589793	0.7776295179660191
3.141592653589793	0.7776295179660192
3.141592653589793	0.7933395638549153
3.141592653589793	0.793339563854916
3.141592653589793	0.7948153078298636
3.141592653589793	0.7948153078298643
3.141592653589793	0.8180966176087643
3.141592653589793	0.8238549305125712
3.141592653589793	0.8253579914839996
3.141592653589793	0.8376067521422025
3.141592653589793	0.837606752142203
3.141592653589793	0.8444075126707424
3.141592653589793	0.8444075126707435
3.141592653589793	0.862416016788722
3.141592653589793	0.8624160167887229
3.141592653589793	0.8673407001853858
3.141592653589793	0.867419656000459
3.141592653589793	0.8857995766857971
3.141592653589793	0.8857995766857986
3.141592653589793	0.8960722984311396
3.141592653589793	0.8960722984311406
3.141592653589793	0.905262331541979
3.141592653589793	0.9052623315419815
3.141592653589793	0.9055794351028944
3.141592653589793	0.9055794351028974
3.141592653589793	0.9122745541131427
3.141592653589793	0.9122745541131437
3.141592653589793	0.9135089698779385
3.141592653589793	0.9135089698779396
3.141592653589793	0.9185794460546761
3.141592653589793	0.9185794460546766
3.141592653589793	0.9248314137546738
3.141592653589793	0.9248314137546755
3.141592653589793	0.9493196370569575
3.141592653589793	0.9493196370569584
3.141592653589793	0.9686961046260248
3.141592653589793	0.968696104626026
3.141592653589793	0.9866938060188899
3.141592653589793	0.9866938060188917
3.141592653589793	0.9869022251121196
3.141592653589793	0.9869022251121199
3.141592653589793	1.0018423797834453
3.141592653589793	1.0018423797834461
3.141592653589793	1.007720971249147
3.141592653589793	1.0077209712491477
3.141592653589793	1.0099368730088103
3.141592653589793	1.022749995006925
3.141592653589793	1.0227499950069276
3.141592653589793	1.0234874890835879
3.141592653589793	1.0234874890835894
3.141592653589793	1.0242136217399846
3.141592653589793	1.0242136217399853
3.141592653589793	1.0247421194907909
3.141592653589793	1.0247421194907915
3.141592653589793	1.0389701902247483
3.141592653589793	1.0408038897101974
3.141592653589793	1.0411328390198689
3.141592653589793	1.0411328390198693
3.141592653589793	1.0425619674217221
3.141592653589793	1.042561967421723
3.141592653589793	1.042768404896182
3.141592653589793	1.0427684048961832
3.141592653589793	1.0636675356189282
3.141592653589793	1.0636675356189291
3.141592653589793	1.0844841784091823
3.141592653589793	1.084484178409183
3.141592653589793	1.1326620397114973
3.141592653589793	1.1326620397114975
3.141592653589793	1.142679829730708
3.141592653589793	1.1426798297307086
3.141592653589793	1.1427276445410381
3.141592653589793	1.1427276445410388
3.141592653589793	1.1571391733743543
3.141592653589793	1.1571391733743563
3.141592653589793	1.1637327233663122
3.141592653589793	1.1637327233663135
3.141592653589793	1.1862139401576837
3.141592653589793	1.186213940157684
3.141592653589793	1.2054679117280294
3.141592653589793	1.2054679117280303
3.141592653589793	1.2089316451346457
3.141592653589793	1.208931645134646
3.141592653589793	1.2197099993001768
3.141592653589793	1.227073217403828
3.141592653589793	1.2270732174038288
3.141592653589793	1.2295172426275145
3.141592653589793	1.2296372403440365
3.141592653589793	1.2296372403440377
3.141592653589793	1.229753139065365
3.141592653589793	1.229753139065367
3.141592653589793	1.2310393988858386
3.141592653589793	1.2339829423721047
3.141592653589793	1.233982942372107
3.141592653589793	1.2468569171225035
3.141592653589793	1.2626730733273797
3.141592653589793	1.2626967297632692
3.141592653589793	1.2941579175711166
3.141592653589793	1.3095704590483468
3.141592653589793	1.3095704590483477
3.141592653589793	1.318783460846417
3.141592653589793	1.3187834608464175
3.141592653589793	1.3235514767911327
3.141592653589793	1.3235514767911338
3.141592653589793	1.3317819903083934
3.141592653589793	1.3317819903083945
3.141592653589793	1.3439384746505305
3.141592653589793	1.3462490898358084
3.141592653589793	1.346249089835811
3.141592653589793	1.3935408675617573
3.141592653589793	1.393540867561758
3.141592653589793	1.3936167124649368
3.141592653589793	1.3936167124649388
3.141592653589793	1.40296786449729
3.141592653589793	1.4029678644972916
3.141592653589793	1.403311467109014
3.141592653589793	1.403311467109015
3.141592653589793	1.4517819402478618
3.141592653589793	1.4517819402478624
3.141592653589793	1.4566654992043562
3.141592653589793	1.4566654992043573
3.141592653589793	1.4696008569627983
3.141592653589793	1.4696008569627992
3.141592653589793	1.4771841715838392
3.141592653589793	1.4771841715838405
3.141592653589793	1.4820671403913055
3.141592653589793	1.4820671403913073
3.141592653589793	1.4912220547950805
3.141592653589793	1.4912220547950819
3.141592653589793	1.495821297029603
3.141592653589793	1.4958212970296045
3.141592653589793	1.4969898600218865
3.141592653589793	1.5179647056285492
3.141592653589793	1.5179647056285503
3.141592653589793	1.5200430731070138
3.141592653589793	1.5200430731070147
3.141592653589793	1.5393389154518018
3.141592653589793	1.546176107252474
3.141592653589793	1.5461979782089297
3.141592653589793	1.5619225772345908
3.141592653589793	1.561922577234594
3.141592653589793	1.6207182279485304
3.141592653589793	1.6207329555600172
3.141592653589793	1.6524586179957934
3.141592653589793	1.652458617995795
3.141592653589793	1.6530678946357535
3.141592653589793	1.653067894635754
3.141592653589793	1.6820434791869538
3.141592653589793	1.6820434791869545
3.141592653589793	1.682699827115195
3.141592653589793	1.682699827115196
3.141592653589793	1.6922757440575664
3.141592653589793	1.6922757440575689
3.141592653589793	1.740232562282158
3.141592653589793	1.7618573056977203
3.141592653589793	1.7635070684323007
3.141592653589793	1.7733730122051452
3.141592653589793	1.7733730122051468
3.141592653589793	1.807420821639246
3.141592653589793	1.8127811942360184
3.141592653589793	1.8127811942360188
3.141592653589793	1.8299074063594043
3.141592653589793	1.829907406359405
3.141592653589793	1.8427640628948652
3.141592653589793	1.8427640628948694
3.141592653589793	1.8440504803809987
3.141592653589793	1.8440504803810007
3.141592653589793	1.851193571461818
3.141592653589793	1.8511935714618186
3.141592653589793	1.8735024283956705
3.141592653589793	1.873502428395672
3.141592653589793	1.8811136516429756
3.141592653589793	1.8811136516429776
3.141592653589793	1.8834086721533525
3.141592653589793	1.883408672153354
3.141592653589793	1.9024300818351585
3.141592653589793	1.9024300818351596
3.141592653589793	1.9157990623716206
3.141592653589793	1.945213240238495
3.141592653589793	1.9452132402384967
3.141592653589793	1.9533256770218768
3.141592653589793	1.9746558970909307
3.141592653589793	1.9900551137650044
3.141592653589793	1.9900551137650055
3.141592653589793	2.0281665528472224
3.141592653589793	2.0637015179977225
3.141592653589793	2.0637015179977247
3.141592653589793	2.0768827353075885
3.141592653589793	2.0768827353075907
3.141592653589793	2.140758685778741
3.141592653589793	2.1407586857787413
3.141592653589793	2.1659197700204493
3.141592653589793	2.1711703662753283
3.141592653589793	2.1711703662753292
3.141592653589793	2.1863423350245808
3.141592653589793	2.1863423350245816
3.141592653589793	2.2273548156607226
3.141592653589793	2.227354815660723
3.141592653589793	2.2506034383096307
3.141592653589793	2.2506034383096316
3.141592653589793	2.3622703031136267
3.141592653589793	2.3622703031136267
3.141592653589793	2.369490129995259
3.141592653589793	2.3716191623024665
3.141592653589793	2.384470427157626
3.141592653589793	2.384470427157628
3.141592653589793	2.4161358294961874
3.141592653589793	2.4174989919695107
3.141592653589793	2.4174989919695116
3.141592653589793	2.435721318418049
3.141592653589793	2.435721318418051
3.141592653589793	2.4828228984907885
3.141592653589793	2.48282289849079
3.141592653589793	2.4923625775933513
3.141592653589793	2.492362577593353
3.141592653589793	2.547040226844291
3.141592653589793	2.5470402268442918
3.141592653589793	2.5517150163080338
3.141592653589793	2.551715016308035
3.141592653589793	2.5878112018170087
3.141592653589793	2.59342873841244
3.141592653589793	2.593428738412441
3.141592653589793	2.62635625624654
3.141592653589793	2.7108810503463387
3.141592653589793	2.710881050346339
3.141592653589793	2.7249667933867308
3.141592653589793	2.7249667933867325
3.141592653589793	2.8192095635822803
3.141592653589793	2.8192095635822816
3.141592653589793	2.841561753551761
3.141592653589793	2.8648371945297932
3.141592653589793	2.864837194529796
3.141592653589793	3.0399138505518017
3.141592653589793	3.048323891433913
3.141592653589793	3.0997399905885508
3.141592653589793	3.1540888413365513
3.141592653589793	3.154088841336553
3.141592653589793	3.173265298620959
3.141592653589793	3.173265298620959
3.141592653589793	3.2643370600066155
3.141592653589793	3.305367134476862
3.141592653589793	3.7063276724381287
3.141592653589793	3.7191126325327213
3.141592653589793	4.283999236516176
3.141592653589793	4.2848676908538
3.5342917352885173	-4.850918052070567
3.5342917352885173	-4.815817701771859
3.5342917352885173	-4.124435073949668
3.5342917352885173	-4.032226453759868
3.5342917352885173	-4.008854447196292
3.5342917352885173	-3.92540749816232
3.5342917352885173	-3.6124701872127964
3.5342917352885173	-3.5110283814132397
3.5342917352885173	-3.5093424308607593
3.5342917352885173	-3.4036630825419953
3.5342917352885173	-3.37921012790032
3.5342917352885173	-3.357933577136107
3.5342917352885173	-3.2716360868513776
3.5342917352885173	-3.2594062554972165
3.5342917352885173	-3.250779884993105
3.5342917352885173	-3.2353501548262784
3.5342917352885173	-3.1553658173275605
3.5342917352885173	-3.1530956152471514
3.5342917352885173	-3.150961692109549
3.5342917352885173	-3.1295609449813284
3.5342917352885173	-3.070810062635271
3.5342917352885173	-3.0417465554107226
3.5342917352885173	-3.0310496617142366
3.5342917352885173	-2.989943432333824
3.5342917352885173	-2.899134602891082
3.5342917352885173	-2.8762613805442285
3.5342917352885173	-2.8577657953922024
3.5342917352885173	-2.8002503637551204
3.5342917352885173	-2.784824723191949
3.5342917352885173	-2.7847748389971145
3.5342917352885173	-2.777721067840596
3.5342917352885173	-2.7695712568812683
3.5342917352885173	-2.6673325354397255
3.5342917352885173	-2.65099105092338
3.5342917352885173	-2.6497394104194223
3.5342917352885173	-2.6305838708975444
3.5342917352885173	-2.628712470908241
3.5342917352885173	-2.5815454986974435
3.5342917352885173	-2.561939334892891
3.5342917352885173	-2.5582535335301224
3.5342917352885173	-2.548883898359411
3.5342917352885173	-2.5401775033044114
3.5342917352885173	-2.5299424527463406
3.5342917352885173	-2.525302383180612
3.5342917352885173	-2.5103914753224648
3.5342917352885173	-2.5051336531671717
3.5342917352885173	-2.4411554796843946
3.5342917352885173	-2.426712895805925
3.5342917352885173	-2.421777565302964
3.5342917352885173	-2.412973817334202
3.5342917352885173	-2.4053892293063246
3.5342917352885173	-2.394747317037101
3.5342917352885173	-2.394137677247176
3.5342917352885173	-2.3853232240621383
3.5342917352885173	-2.364404294828316
3.5342917352885173	-2.3560504247275826
3.5342917352885173	-2.349460117149886
3.5342917352885173	-2.336021539220478
3.5342917352885173	-2.334306878861842
3.5342917352885173	-2.2737437288240026
3.5342917352885173	-2.273743288491162
3.5342917352885173	-2.2567400759747596
3.5342917352885173	-2.2437895194734785
3.5342917352885173	-2.2436205758329666
3.5342917352885173	-2.223603373226214
3.5342917352885173	-2.205046577929129
3.5342917352885173	-2.199013882934348
3.5342917352885173	-2.1783105485627345
3.5342917352885173	-2.1168621372779435
3.5342917352885173	-2.111741579323386
3.5342917352885173	-2.077639193312184
3.5342917352885173	-2.0720360300965575
3.5342917352885173	-2.056912415152512
3.5342917352885173	-2.039385906688241
3.5342917352885173	-2.0348364267368257
3.5342917352885173	-2.0299043013246547
3.5342917352885173	-2.022018394840325
3.5342917352885173	-2.014939352414057
3.5342917352885173	-2.0121590071232527
3.5342917352885173	-2.0121247088352074
3.5342917352885173	-2.005107278173382
3.5342917352885173	-2.0046983223900257
3.5342917352885173	-2.0004016537953393
3.5342917352885173	-1.9922694633570226
3.5342917352885173	-1.9863395739938428
3.5342917352885173	-1.9713352919342326
3.5342917352885173	-1.9704495349825097
3.5342917352885173	-1.962508801951293
3.5342917352885173	-1.9617290245134336
3.5342917352885173	-1.958448811493443
3.5342917352885173	-1.93589786103258
3.5342917352885173	-1.911706309091516
3.5342917352885173	-1.9087978483283408
3.5342917352885173	-1.8535696301185518
3.5342917352885173	-1.8523975388326277
3.5342917352885173	-1.8435644599382721
3.5342917352885173	-1.8323859227193298
3.5342917352885173	-1.821977620950408
3.5342917352885173	-1.8117298559833432
3.5342917352885173	-1.8081055639355677
3.5342917352885173	-1.807106061189928
3.5342917352885173	-1.8058464648624277
3.5342917352885173	-1.801593714002642
3.5342917352885173	-1.798576925824976
3.5342917352885173	-1.7963921359010762
3.5342917352885173	-1.7914010263701963
3.5342917352885173	-1.7816798406443282
3.5342917352885173	-1.7788636873657577
3.5342917352885173	-1.7713798591908771
3.5342917352885173	-1.7632766464238605
3.5342917352885173	-1.7629011359940523
3.5342917352885173	-1.7586796711930863
3.5342917352885173	-1.7537898510955847
3.5342917352885173	-1.7504328734441779
3.5342917352885173	-1.7230135434617884
3.5342917352885173	-1.6937392223256755
3.5342917352885173	-1.6930310938866553
3.5342917352885173	-1.685890725377603
3.5342917352885173	-1.665762681013029
3.5342917352885173	-1.651479564697058
3.5342917352885173	-1.6483742518842526
3.5342917352885173	-1.6343509294249499
3.5342917352885173	-1.623566869311028
3.5342917352885173	-1.6087402849722654
3.5342917352885173	-1.6025884632749057
3.5342917352885173	-1.6018770383260068
3.5342917352885173	-1.593154426715169
3.5342917352885173	-1.5884517912653682
3.5342917352885173	-1.578219973516395
3.5342917352885173	-1.5746028508654895
3.5342917352885173	-1.569179363309272
3.5342917352885173	-1.5622353827494466
3.5342917352885173	-1.5553704910991542
3.5342917352885173	-1.5345036914295502
3.5342917352885173	-1.5340958575168462
3.5342917352885173	-1.5271810833780375
3.5342917352885173	-1.511531976220132
3.5342917352885173	-1.5107017681539372
3.5342917352885173	-1.5050412714930772
3.5342917352885173	-1.495050840885248
3.5342917352885173	-1.4915409749820934
3.5342917352885173	-1.483891889715263
3.5342917352885173	-1.477160740997335
3.5342917352885173	-1.4715242846215904
3.5342917352885173	-1.4686856021701298
3.5342917352885173	-1.460245564405953
3.5342917352885173	-1.4580872996577023
3.5342917352885173	-1.4571584761608767
3.5342917352885173	-1.455769239309096
3.5342917352885173	-1.4487311191353518
3.5342917352885173	-1.4399301209354993
3.5342917352885173	-1.4251823477873637
3.5342917352885173	-1.4113815481695555
3.5342917352885173	-1.3922960291708373
3.5342917352885173	-1.3817386210316043
3.5342917352885173	-1.3740877575815027
3.5342917352885173	-1.3552738325425806
3.5342917352885173	-1.351456116614412
3.5342917352885173	-1.3301298059041
3.5342917352885173	-1.3261935116829684
3.5342917352885173	-1.3212700739632663
3.5342917352885173	-1.3162216438761727
3.5342917352885173	-1.3106242249779652
3.5342917352885173	-1.3104867376159808
3.5342917352885173	-1.305612632545803
3.5342917352885173	-1.3029005519052441
3.5342917352885173	-1.2969103363486782
3.5342917352885173	-1.2837085286897785
3.5342917352885173	-1.2805937043038609
3.5342917352885173	-1.274195842281833
3.5342917352885173	-1.2728694955559419
3.5342917352885173	-1.272501625885198
3.5342917352885173	-1.2621353213949627
3.5342917352885173	-1.2590611067886035
3.5342917352885173	-1.2561983986447935
3.5342917352885173	-1.254384249576545
3.5342917352885173	-1.2527973161780392
3.5342917352885173	-1.2497153172261977
3.5342917352885173	-1.242533056243479
3.5342917352885173	-1.230838485820674
3.5342917352885173	-1.2286014239996714
3.5342917352885173	-1.2264305563194517
3.5342917352885173	-1.2226283233255355
3.5342917352885173	-1.208180249321748
3.5342917352885173	-1.2081350843451686
3.5342917352885173	-1.1994278272085754
3.5342917352885173	-1.189840219929334
3.5342917352885173	-1.1872551286902318
3.5342917352885173	-1.187247909068516
3.5342917352885173	-1.1604089198101573
3.5342917352885173	-1.1517663029048029
3.5342917352885173	-1.1457590134039117
3.5342917352885173	-1.1178561359710786
3.5342917352885173	-1.111834386438998
3.5342917352885173	-1.1070008186029403
3.5342917352885173	-1.1050288106895292
3.5342917352885173	-1.100007621899525
3.5342917352885173	-1.0983810279659736
3.5342917352885173	-1.097917614612725
3.5342917352885173	-1.0954439886603025
3.5342917352885173	-1.0882225658974294
3.5342917352885173	-1.0866799514949883
3.5342917352885173	-1.0845947815962258
3.5342917352885173	-1.0744159560147741
3.5342917352885173	-1.0681713356706957
3.5342917352885173	-1.0660192390030576
3.5342917352885173	-1.0603934324001818
3.5342917352885173	-1.0518339166805808
3.5342917352885173	-1.0497475178922961
3.5342917352885173	-1.0356892962904982
3.5342917352885173	-1.0333406033661188
3.5342917352885173	-1.031249268142311
3.5342917352885173	-1.0250084934556165
3.5342917352885173	-1.0139640713610645
3.5342917352885173	-1.0105025795171279
3.5342917352885173	-1.005244571125011
3.5342917352885173	-1.0020787708180656
3.5342917352885173	-0.9996661800193735
3.5342917352885173	-0.9981988134647217
3.5342917352885173	-0.9837834693648899
3.5342917352885173	-0.9784035581275186
3.5342917352885173	-0.9715729337471819
3.5342917352885173	-0.9510071373751965
3.5342917352885173	-0.9488385520843599
3.5342917352885173	-0.9486831716015742
3.5342917352885173	-0.9475832374317514
3.5342917352885173	-0.9466618519666168
3.5342917352885173	-0.9432188788427623
3.5342917352885173	-0.9346097682518737
3.5342917352885173	-0.9242683375396668
3.5342917352885173	-0.9242144353148855
3.5342917352885173	-0.9228611343037149
3.5342917352885173	-0.9103696978354812
3.5342917352885173	-0.902776723534684
3.5342917352885173	-0.8900891395882075
3.5342917352885173	-0.8884290680518583
3.5342917352885173	-0.881519441462296
3.5342917352885173	-0.8658750222085582
3.5342917352885173	-0.8632268618701502
3.5342917352885173	-0.8596459564051948
3.5342917352885173	-0.8539046105598761
3.5342917352885173	-0.8516331822513413
3.5342917352885173	-0.850185756300513
3.5342917352885173	-0.8485021816860926
3.5342917352885173	-0.8457759742337502
3.5342917352885173	-0.8410704564026519
3.5342917352885173	-0.8372010889969507
3.5342917352885173	-0.8357153362374045
3.5342917352885173	-0.8348579210281829
3.5342917352885173	-0.8074917640206115
3.5342917352885173	-0.8056193125683111
3.5342917352885173	-0.8055971383753779
3.5342917352885173	-0.8009996778249656
3.5342917352885173	-0.7995393309626263
3.5342917352885173	-0.7988207699928489
3.5342917352885173	-0.778417740555963
3.5342917352885173	-0.7751957339851537
3.5342917352885173	-0.7655447305068279
3.5342917352885173	-0.7620039484628405
3.5342917352885173	-0.7600010319525554
3.5342917352885173	-0.7591557899664354
3.5342917352885173	-0.7582674001782026
3.5342917352885173	-0.7560768398143537
3.5342917352885173	-0.7425431202400843
3.5342917352885173	-0.7404866705365105
3.5342917352885173	-0.7376752455169201
3.5342917352885173	-0.7339223935685965
3.5342917352885173	-0.7283374757017897
3.5342917352885173	-0.7151500041695087
3.5342917352885173	-0.7040632834782565
3.5342917352885173	-0.7008524334540808
3.5342917352885173	-0.6979845884423856
3.5342917352885173	-0.6957646096516479
3.5342917352885173	-0.6935761063272251
3.5342917352885173	-0.6881747674444836
3.5342917352885173	-0.6877682474437166
3.5342917352885173	-0.6865157095148139
3.5342917352885173	-0.6700813206309135
3.5342917352885173	-0.6597687331883648
3.5342917352885173	-0.647741546935662
3.5342917352885173	-0.6467256872597507
3.5342917352885173	-0.6392132252080751
3.5342917352885173	-0.6344228127076974
3.5342917352885173	-0.6125465837546485
3.5342917352885173	-0.610873315597611
3.5342917352885173	-0.6093942566110028
3.5342917352885173	-0.6022419534837988
3.5342917352885173	-0.5815714041799351
3.5342917352885173	-0.5769329606276864
3.5342917352885173	-0.575263464915544
3.5342917352885173	-0.570033084979516
3.5342917352885173	-0.5673315437409415
3.5342917352885173	-0.559018979103322
3.5342917352885173	-0.5388793073598862
3.5342917352885173	-0.5383179722281023
3.5342917352885173	-0.5325575246660675
3.5342917352885173	-0.5314680766008619
3.5342917352885173	-0.5286441852966978
3.5342917352885173	-0.5244597513215904
3.5342917352885173	-0.521603653732708
3.5342917352885173	-0.5141020464018224
3.5342917352885173	-0.5124276851927385
3.5342917352885173	-0.5069229275080913
3.5342917352885173	-0.5053307760585988
3.5342917352885173	-0.504797674731218
3.5342917352885173	-0.502856171330215
3.5342917352885173	-0.5018018691845658
3.5342917352885173	-0.5002576286919102
3.5342917352885173	-0.49453340282277747
3.5342917352885173	-0.4908700475312448
3.5342917352885173	-0.4878289881723895
3.5342917352885173	-0.4852700279727362
3.5342917352885173	-0.479228245970425
3.5342917352885173	-0.4753168096184006
3.5342917352885173	-0.473969251813681
3.5342917352885173	-0.4732275566876698
3.5342917352885173	-0.47003468830430684
3.5342917352885173	-0.46931436263805637
3.5342917352885173	-0.4686424851386592
3.5342917352885173	-0.46261089152572044
3.5342917352885173	-0.46048701388243374
3.5342917352885173	-0.45842508529575815
3.5342917352885173	-0.4433422003193117
3.5342917352885173	-0.43161887091840523
3.5342917352885173	-0.42432310142885754
3.5342917352885173	-0.4196571676581673
3.5342917352885173	-0.409011679036488
3.5342917352885173	-0.4080938691114169
3.5342917352885173	-0.4031751569277082
3.5342917352885173	-0.39350291806385496
3.5342917352885173	-0.3842488007485727
3.5342917352885173	-0.3780854229924247
3.5342917352885173	-0.37433446783848484
3.5342917352885173	-0.3658916019887579
3.5342917352885173	-0.35507430999726264
3.5342917352885173	-0.3538798079861633
3.5342917352885173	-0.35248030842576833
3.5342917352885173	-0.3503216811229924
3.5342917352885173	-0.3485157506810602
3.5342917352885173	-0.3422927612025388
3.5342917352885173	-0.34064762415913885
3.5342917352885173	-0.3377773839722793
3.5342917352885173	-0.3268903491477033
3.5342917352885173	-0.32226475754511397
3.5342917352885173	-0.31831038796401007
3.5342917352885173	-0.3085467384368504
3.5342917352885173	-0.30662792430358893
3.5342917352885173	-0.30147344741962756
3.5342917352885173	-0.2989206274112625
3.5342917352885173	-0.29815017909698055
3.5342917352885173	-0.29623407309665245
3.5342917352885173	-0.293161922136963
3.5342917352885173	-0.28852370110760717
3.5342917352885173	-0.2792326024074554
3.5342917352885173	-0.2777909795440915
3.5342917352885173	-0.27435175871718376
3.5342917352885173	-0.27034682228254164
3.5342917352885173	-0.26590145841935
3.5342917352885173	-0.25840572771940007
3.5342917352885173	-0.2465790996804138
3.5342917352885173	-0.2381542984968723
3.5342917352885173	-0.23119551477820455
3.5342917352885173	-0.2131618639085291
3.5342917352885173	-0.20284565131714594
3.5342917352885173	-0.19403641483859563
3.5342917352885173	-0.19260789686116525
3.5342917352885173	-0.1831564805442243
3.5342917352885173	-0.1769773232514753
3.5342917352885173	-0.16904052909453288
3.5342917352885173	-0.1678217603341948
3.5342917352885173	-0.16350626049615488
3.5342917352885173	-0.1631183883977822
3.5342917352885173	-0.15779329855696345
3.5342917352885173	-0.1569010789293109
3.5342917352885173	-0.1518108262095108
3.5342917352885173	-0.13891753814254637
3.5342917352885173	-0.1356407198913358
3.5342917352885173	-0.13390329580970672
3.5342917352885173	-0.13101755850570276
3.5342917352885173	-0.12940868176827935
3.5342917352885173	-0.12821725928991323
3.5342917352885173	-0.12535023975460338
3.5342917352885173	-0.12288119514006006
3.5342917352885173	-0.12093174984035379
3.5342917352885173	-0.11653438749558097
3.5342917352885173	-0.11640492178755335
3.5342917352885173	-0.11218253442538956
3.5342917352885173	-0.10980904625519519
3.5342917352885173	-0.10875155669904615
3.5342917352885173	-0.10726722272137668
3.5342917352885173	-0.1022925417987488
3.5342917352885173	-0.09906263417062015
3.5342917352885173	-0.09531669516133057
3.5342917352885173	-0.08621324712797307
3.5342917352885173	-0.08084575962001583
3.5342917352885173	-0.07600551611571298
3.5342917352885173	-0.07483147609501753
3.5342917352885173	-0.07021896799901661
3.5342917352885173	-0.0637059722836191
3.5342917352885173	-0.06206162623971112
3.5342917352885173	-0.06077410775123174
3.5342917352885173	-0.050334639644349366
3.5342917352885173	-0.04425272793413981
3.5342917352885173	-0.019044649313536333
3.5342917352885173	-0.013357435261564864
3.5342917352885173	-0.011996475548834167
3.5342917352885173	-0.004124159408811501
3.5342917352885173	0.00859751502894257
3.5342917352885173	0.019654262867975447
3.5342917352885173	0.026821818015589166
3.5342917352885173	0.03032846860306182
3.5342917352885173	0.03357804333272246
3.5342917352885173	0.03931341211299061
3.5342917352885173	0.039921078754514006
3.5342917352885173	0.04138453088312632
3.5342917352885173	0.047337572887361526
3.5342917352885173	0.04842560012360804
3.5342917352885173	0.06062788226357085
3.5342917352885173	0.061124486454936934
3.5342917352885173	0.07478731408619632
3.5342917352885173	0.08054682967912932
3.5342917352885173	0.08114379718834248
3.5342917352885173	0.08435462418289091
3.5342917352885173	0.09316068383891445
3.5342917352885173	0.09357832793817003
3.5342917352885173	0.11128331363536148
3.5342917352885173	0.11878227542184083
3.5342917352885173	0.12443178464542233
3.5342917352885173	0.12493313567949332
3.5342917352885173	0.13167334034120828
3.5342917352885173	0.13422956046189888
3.5342917352885173	0.13670749746651245
3.5342917352885173	0.1386903520410111
3.5342917352885173	0.1392065572803191
3.5342917352885173	0.14365978067089594
3.5342917352885173	0.14663461797030314
3.5342917352885173	0.14943290094614786
3.5342917352885173	0.15170928456815766
3.5342917352885173	0.16420190422171047
3.5342917352885173	0.16423817326596132
3.5342917352885173	0.18497713820206643
3.5342917352885173	0.18692050953817105
3.5342917352885173	0.18854150753125748
3.5342917352885173	0.19484276586293392
3.5342917352885173	0.2000824415079675
3.5342917352885173	0.20201285824435175
3.5342917352885173	0.2033516406478944
3.5342917352885173	0.2064810947544678
3.5342917352885173	0.20878202992771305
3.5342917352885173	0.2120188582747514
3.5342917352885173	0.2166896765615287
3.5342917352885173	0.22337693154549892
3.5342917352885173	0.22468357287660515
3.5342917352885173	0.23594766082121854
3.5342917352885173	0.24327284330846233
3.5342917352885173	0.24886788682573655
3.5342917352885173	0.24891474967065233
3.5342917352885173	0.25256272616932607
3.5342917352885173	0.2611847780748757
3.5342917352885173	0.26790517971685407
3.5342917352885173	0.2686142460364564
3.5342917352885173	0.2770353759312752
3.5342917352885173	0.28034977472633155
3.5342917352885173	0.28592553953465716
3.5342917352885173	0.29095436495266647
3.5342917352885173	0.2959839051932398
3.5342917352885173	0.2967178600091813
3.5342917352885173	0.29857920596221693
3.5342917352885173	0.3022017930056615
3.5342917352885173	0.30497574946762707
3.5342917352885173	0.3065413314441644
3.5342917352885173	0.3067436189804634
3.5342917352885173	0.31137564367066206
3.5342917352885173	0.3195605950607649
3.5342917352885173	0.3205746696015473
3.5342917352885173	0.33122051853144285
3.5342917352885173	0.331259649488964
3.5342917352885173	0.3528971826922217
3.5342917352885173	0.3534035366776582
3.5342917352885173	0.3569782632285604
3.5342917352885173	0.3577362624013784
3.5342917352885173	0.36315908782488365
3.5342917352885173	0.36358586808100096
3.5342917352885173	0.37492256266529034
3.5342917352885173	0.37685285935042145
3.5342917352885173	0.3788741458692561
3.5342917352885173	0.39545585857430504
3.5342917352885173	0.3987592492094466
3.5342917352885173	0.4035112798479412
3.5342917352885173	0.41093580546575126
3.5342917352885173	0.41622773880434083
3.5342917352885173	0.41883354406502893
3.5342917352885173	0.42155227494798636
3.5342917352885173	0.4244059892231238
3.5342917352885173	0.42936643784612577
3.5342917352885173	0.43267851150128134
3.5342917352885173	0.43425326600140596
3.5342917352885173	0.448352181981861
3.5342917352885173	0.45743245600413435
3.5342917352885173	0.4574410151728855
3.5342917352885173	0.46447932104647843
3.5342917352885173	0.4657885759744543
3.5342917352885173	0.46623558995650416
3.5342917352885173	0.4754453424322384
3.5342917352885173	0.4785024013436449
3.5342917352885173	0.48789396068875046
3.5342917352885173	0.5104218415777418
3.5342917352885173	0.5115139658472615
3.5342917352885173	0.5177013285808855
3.5342917352885173	0.518050093369748
3.5342917352885173	0.5197537184586728
3.5342917352885173	0.5232941800789668
3.5342917352885173	0.5332006108786463
3.5342917352885173	0.5346803871302699
3.5342917352885173	0.5434026742348483
3.5342917352885173	0.5476155511287798
3.5342917352885173	0.5499425026356582
3.5342917352885173	0.551832533212472
3.5342917352885173	0.553552689893818
3.5342917352885173	0.5555109982281693
3.5342917352885173	0.5567564737380483
3.5342917352885173	0.561341081242158
3.5342917352885173	0.5718230115231399
3.5342917352885173	0.5750263390791504
3.5342917352885173	0.5779183761545869
3.5342917352885173	0.5961300613675765
3.5342917352885173	0.5982585747062967
3.5342917352885173	0.6013437416754359
3.5342917352885173	0.6028855785411682
3.5342917352885173	0.6069673483343035
3.5342917352885173	0.6085361311657874
3.5342917352885173	0.608634508176496
3.5342917352885173	0.6118211260890387
3.5342917352885173	0.6182071378596325
3.5342917352885173	0.6230005953013654
3.5342917352885173	0.626084713461801
3.5342917352885173	0.6452984056711064
3.5342917352885173	0.6583137727911565
3.5342917352885173	0.6591978597228086
3.5342917352885173	0.6670357191425209
3.5342917352885173	0.6742315726921384
3.5342917352885173	0.6754751563361583
3.5342917352885173	0.6777331464918459
3.5342917352885173	0.6791770665340702
3.5342917352885173	0.6933700778117053
3.5342917352885173	0.7164221904172987
3.5342917352885173	0.7184562534499499
3.5342917352885173	0.718587809150108
3.5342917352885173	0.7218079696154948
3.5342917352885173	0.7226835647922504
3.5342917352885173	0.7231893641422945
3.5342917352885173	0.7245170002733826
3.5342917352885173	0.7342192434223141
3.5342917352885173	0.7359164774606342
3.5342917352885173	0.7383016663608652
3.5342917352885173	0.7392387242314054
3.5342917352885173	0.7468526767671833
3.5342917352885173	0.7513558393260689
3.5342917352885173	0.7630319422614287
3.5342917352885173	0.780161272833834
3.5342917352885173	0.7815701555292053
3.5342917352885173	0.7833233586501753
3.5342917352885173	0.797189973812301
3.5342917352885173	0.8018170874987707
3.5342917352885173	0.8089489634758141
3.5342917352885173	0.8103516410338041
3.5342917352885173	0.8230821179992714
3.5342917352885173	0.8241967421787327
3.5342917352885173	0.8358783552588551
3.5342917352885173	0.8373344471979531
3.5342917352885173	0.8374893558434804
3.5342917352885173	0.8377916443815564
3.5342917352885173	0.8386908289077905
3.5342917352885173	0.8437646479445609
3.5342917352885173	0.858436346945764
3.5342917352885173	0.8595236836948557
3.5342917352885173	0.8630427979442223
3.5342917352885173	0.8664213229200266
3.5342917352885173	0.8692887508934093
3.5342917352885173	0.8698883098198474
3.5342917352885173	0.8718925495496259
3.5342917352885173	0.8762710688378168
3.5342917352885173	0.8809288758394076
3.5342917352885173	0.8854744824245007
3.5342917352885173	0.8881364283552186
3.5342917352885173	0.8919511665121549
3.5342917352885173	0.9014509738019578
3.5342917352885173	0.9047469893039981
3.5342917352885173	0.9168416545850409
3.5342917352885173	0.9197570629509261
3.5342917352885173	0.9205855903947894
3.5342917352885173	0.9254994730912909
3.5342917352885173	0.9301518579220582
3.5342917352885173	0.9352839883669984
3.5342917352885173	0.9379211660802997
3.5342917352885173	0.9390814945812027
3.5342917352885173	0.9395926735804886
3.5342917352885173	0.9411027299760601
3.5342917352885173	0.9478086078748187
3.5342917352885173	0.9584283531726658
3.5342917352885173	0.9616908439508136
3.5342917352885173	0.9691827553335206
3.5342917352885173	0.9711373118534633
3.5342917352885173	0.9785463719121963
3.5342917352885173	0.9828624829236565
3.5342917352885173	1.0256640785449644
3.5342917352885173	1.0276629476174548
3.5342917352885173	1.0300089094432434
3.5342917352885173	1.0304673601457686
3.5342917352885173	1.0355001734744764
3.5342917352885173	1.0357887448111156
3.5342917352885173	1.0427831925752657
3.5342917352885173	1.0431784956486148
3.5342917352885173	1.052919844302708
3.5342917352885173	1.0573371528240831
3.5342917352885173	1.065432204761396
3.5342917352885173	1.067853295805743
3.5342917352885173	1.0689623786321363
3.5342917352885173	1.0777130718188976
3.5342917352885173	1.078689777367606
3.5342917352885173	1.0942526621313564
3.5342917352885173	1.0972035409559182
3.5342917352885173	1.101240806082502
3.5342917352885173	1.1018956386468632
3.5342917352885173	1.1049926097132272
3.5342917352885173	1.111999261536134
3.5342917352885173	1.120914663352706
3.5342917352885173	1.1259087439091755
3.5342917352885173	1.133281239018661
3.5342917352885173	1.1455644383271237
3.5342917352885173	1.1498238344322567
3.5342917352885173	1.1579988992704364
3.5342917352885173	1.1654973305750929
3.5342917352885173	1.1720389497690222
3.5342917352885173	1.1842151251546098
3.5342917352885173	1.1887914644778317
3.5342917352885173	1.1888271827406751
3.5342917352885173	1.1926288252780992
3.5342917352885173	1.2084595768305846
3.5342917352885173	1.2160404831442149
3.5342917352885173	1.2197743424287975
3.5342917352885173	1.2202385177891772
3.5342917352885173	1.22682806344117
3.5342917352885173	1.2302368798391696
3.5342917352885173	1.2348538947230763
3.5342917352885173	1.2380257151025362
3.5342917352885173	1.251964772042272
3.5342917352885173	1.2552972978840187
3.5342917352885173	1.2575000865387462
3.5342917352885173	1.2589604008901472
3.5342917352885173	1.270462367978073
3.5342917352885173	1.274695889137111
3.5342917352885173	1.2802351516350965
3.5342917352885173	1.2808836104374108
3.5342917352885173	1.2822198732415024
3.5342917352885173	1.2917417363320154
3.5342917352885173	1.2959487724563967
3.5342917352885173	1.3077273146327408
3.5342917352885173	1.309833222142926
3.5342917352885173	1.3163933130750256
3.5342917352885173	1.3166072524794015
3.5342917352885173	1.3390399224968939
3.5342917352885173	1.3394488734420495
3.5342917352885173	1.3532426533538653
3.5342917352885173	1.3548669316585467
3.5342917352885173	1.3552912476640062
3.5342917352885173	1.3612153415491002
3.5342917352885173	1.3720587717275246
3.5342917352885173	1.394242191524751
3.5342917352885173	1.414305240509918
3.5342917352885173	1.4193737889255849
3.5342917352885173	1.4200393269894822
3.5342917352885173	1.4285074509609617
3.5342917352885173	1.441843759490737
3.5342917352885173	1.4423406392847498
3.5342917352885173	1.4754877499107417
3.5342917352885173	1.483864516514692
3.5342917352885173	1.4914424631754528
3.5342917352885173	1.4972261171568002
3.5342917352885173	1.500334630220994
3.5342917352885173	1.5020724914121906
3.5342917352885173	1.503477420220615
3.5342917352885173	1.504673765924169
3.5342917352885173	1.5085736355226453
3.5342917352885173	1.5144317667172693
3.5342917352885173	1.518695234444031
3.5342917352885173	1.5288289526603203
3.5342917352885173	1.5390462182760896
3.5342917352885173	1.5530205439808307
3.5342917352885173	1.553812808339353
3.5342917352885173	1.5553990020556943
3.5342917352885173	1.556741014288647
3.5342917352885173	1.5646941225947393
3.5342917352885173	1.565333275227917
3.5342917352885173	1.5716715604115532
3.5342917352885173	1.5718877329548366
3.5342917352885173	1.5734687733705746
3.5342917352885173	1.577661490683151
3.5342917352885173	1.5804775830517084
3.5342917352885173	1.5876816630783166
3.5342917352885173	1.5926480846943676
3.5342917352885173	1.6038989856276469
3.5342917352885173	1.6050441020269137
3.5342917352885173	1.6129595589628183
3.5342917352885173	1.6195694892992187
3.5342917352885173	1.6394317282819646
3.5342917352885173	1.65485692038635
3.5342917352885173	1.6629734323053789
3.5342917352885173	1.6630686087024769
3.5342917352885173	1.6728296267633307
3.5342917352885173	1.7264196125435567
3.5342917352885173	1.7394291602557463
3.5342917352885173	1.7532262929461169
3.5342917352885173	1.7576447049436579
3.5342917352885173	1.7587944614854312
3.5342917352885173	1.7665131181755553
3.5342917352885173	1.7930412645173623
3.5342917352885173	1.7937971368030703
3.5342917352885173	1.7980862148589858
3.5342917352885173	1.8014287508171385
3.5342917352885173	1.8025913218103626
3.5342917352885173	1.817236863031269
3.5342917352885173	1.8280486107974485
3.5342917352885173	1.833209149294563
3.5342917352885173	1.8376789814078327
3.5342917352885173	1.8398221199953464
3.5342917352885173	1.850761644493657
3.5342917352885173	1.8591569862354684
3.5342917352885173	1.8612880027644527
3.5342917352885173	1.879122014112785
3.5342917352885173	1.893746804275187
3.5342917352885173	1.905342749110194
3.5342917352885173	1.921311103566044
3.5342917352885173	1.9221804065027261
3.5342917352885173	1.9968727465989125
3.5342917352885173	1.997665062682254
3.5342917352885173	2.0184907753442047
3.5342917352885173	2.043817479551306
3.5342917352885173	2.050671679446758
3.5342917352885173	2.0706276933903682
3.5342917352885173	2.072646683882955
3.5342917352885173	2.073260321305436
3.5342917352885173	2.0812370184836624
3.5342917352885173	2.0933877880654395
3.5342917352885173	2.114755905523867
3.5342917352885173	2.1501762060366763
3.5342917352885173	2.1598199424252273
3.5342917352885173	2.166527911462512
3.5342917352885173	2.1807475570832127
3.5342917352885173	2.1827967879041354
3.5342917352885173	2.1837643784821186
3.5342917352885173	2.191013182959881
3.5342917352885173	2.191725082067582
3.5342917352885173	2.196893783871837
3.5342917352885173	2.2031748870828785
3.5342917352885173	2.2174460968668983
3.5342917352885173	2.2380917133884948
3.5342917352885173	2.2489324555277688
3.5342917352885173	2.250450377784762
3.5342917352885173	2.257097933711636
3.5342917352885173	2.2856758814375304
3.5342917352885173	2.2941645418588306
3.5342917352885173	2.331596277562235
3.5342917352885173	2.3688664145228295
3.5342917352885173	2.384342972636995
3.5342917352885173	2.412797808158854
3.5342917352885173	2.4264559111897
3.5342917352885173	2.478374044707043
3.5342917352885173	2.4886781797590487
3.5342917352885173	2.510671570037295
3.5342917352885173	2.51918606355473
3.5342917352885173	2.5247379052887804
3.5342917352885173	2.535890489217474
3.5342917352885173	2.574091702391783
3.5342917352885173	2.577506364524764
3.5342917352885173	2.5936038715408207
3.5342917352885173	2.685112488346
3.5342917352885173	2.7104309343249327
3.5342917352885173	2.7152646211273157
3.5342917352885173	2.7230796238657904
3.5342917352885173	2.738929994557443
3.5342917352885173	2.7615245879510537
3.5342917352885173	2.8179982331634883
3.5342917352885173	2.8272243700940862
3.5342917352885173	2.8372801231837315
3.5342917352885173	2.837491262516421
3.5342917352885173	2.8807878522588126
3.5342917352885173	2.892538844117357
3.5342917352885173	2.9314148639425968
3.5342917352885173	2.970981114403587
3.5342917352885173	3.0433640929578187
3.5342917352885173	3.070002476042598
3.5342917352885173	3.157986601903395
3.5342917352885173	3.2062967312224613
3.5342917352885173	3.377900074542584
3.5342917352885173	3.388463218736083
3.5342917352885173	3.4893348438562835
3.5342917352885173	3.5135680557317386
3.5342917352885173	4.000242992758241
3.5342917352885173	4.003773367666518
3.9269908169872414	-4.522421712921656
3.9269908169872414	-4.479057764226828
3.9269908169872414	-4.406198551958309
3.9269908169872414	-4.367563023156678
3.9269908169872414	-3.940178882070745
3.9269908169872414	-3.848269184165944
3.9269908169872414	-3.6986049157115195
3.9269908169872414	-3.5972023704520417
3.9269908169872414	-3.581292634058355
3.9269908169872414	-3.576217911798001
3.9269908169872414	-3.565255446729611
3.9269908169872414	-3.5080128249595264
3.9269908169872414	-3.4893517355662587
3.9269908169872414	-3.39764744968683
3.9269908169872414	-3.279803126584521
3.9269908169872414	-3.1961424590652343
3.9269908169872414	-3.1922168656813272
3.9269908169872414	-3.1846477117696406
3.9269908169872414	-3.0945390595407822
3.9269908169872414	-3.0821302632683087
3.9269908169872414	-2.992033345937492
3.9269908169872414	-2.9779880957368956
3.9269908169872414	-2.9778315970767864
3.9269908169872414	-2.9759826482734186
3.9269908169872414	-2.963552441090319
3.9269908169872414	-2.9430694712089247
3.9269908169872414	-2.8911045783367486
3.9269908169872414	-2.879850924773473
3.9269908169872414	-2.872158279101698
3.9269908169872414	-2.863726424177089
3.9269908169872414	-2.8530888290052685
3.9269908169872414	-2.816673506644787
3.9269908169872414	-2.7538225888964867
3.9269908169872414	-2.745309721495553
3.9269908169872414	-2.718684527026454
3.9269908169872414	-2.6564247766777487
3.9269908169872414	-2.6504677063928965
3.9269908169872414	-2.640135014040524
3.9269908169872414	-2.6321025099770177
3.9269908169872414	-2.618877999781933
3.9269908169872414	-2.60912778906121
3.9269908169872414	-2.586147041187739
3.9269908169872414	-2.497493038463582
3.9269908169872414	-2.473097881874417
3.9269908169872414	-2.454930499294368
3.9269908169872414	-2.452050304014409
3.9269908169872414	-2.438787591576598
3.9269908169872414	-2.4346135436709755
3.9269908169872414	-2.4238127661307933
3.9269908169872414	-2.4176698124875595
3.9269908169872414	-2.409134869420955
3.9269908169872414	-2.403217530830922
3.9269908169872414	-2.389666553311633
3.9269908169872414	-2.3876852411234
3.9269908169872414	-2.3801657956273
3.9269908169872414	-2.267158487013478
3.9269908169872414	-2.2666188509242127
3.9269908169872414	-2.256384294246798
3.9269908169872414	-2.2475294047028087
3.9269908169872414	-2.2436875714158044
3.9269908169872414	-2.2359781789298916
3.9269908169872414	-2.218927948759419
3.9269908169872414	-2.215630674532649
3.9269908169872414	-2.2135266120118717
3.9269908169872414	-2.206183280082887
3.9269908169872414	-2.203119969670529
3.9269908169872414	-2.202674398742519
3.9269908169872414	-2.2005119825480866
3.9269908169872414	-2.1948319679609876
3.9269908169872414	-2.1780233438498082
3.9269908169872414	-2.176410065586537
3.9269908169872414	-2.1607218155987127
3.9269908169872414	-2.1548122621290062
3.9269908169872414	-2.1451974684922153
3.9269908169872414	-2.143316553099091
3.9269908169872414	-2.130603630743865
3.9269908169872414	-2.079078750129006
3.9269908169872414	-2.0592474093447324
3.9269908169872414	-2.051659046937347
3.9269908169872414	-2.0507368545526212
3.9269908169872414	-2.032415832169862
3.9269908169872414	-2.0305917842689705
3.9269908169872414	-2.028478699128114
3.9269908169872414	-2.0023021566972083
3.9269908169872414	-1.986903247336862
3.9269908169872414	-1.9843355447043791
3.9269908169872414	-1.971116506541823
3.9269908169872414	-1.966906280090286
3.9269908169872414	-1.9640621203364694
3.9269908169872414	-1.955846197166989
3.9269908169872414	-1.955704053655845
3.9269908169872414	-1.9395847480727113
3.9269908169872414	-1.9387292421754387
3.9269908169872414	-1.9319748094650724
3.9269908169872414	-1.9318445989019428
3.9269908169872414	-1.9196716994757796
3.9269908169872414	-1.9118419819951167
3.9269908169872414	-1.9069664399765502
3.9269908169872414	-1.8950165492780595
3.9269908169872414	-1.870442027062297
3.9269908169872414	-1.8532177631542819
3.9269908169872414	-1.8445928971789067
3.9269908169872414	-1.8227058063070896
3.9269908169872414	-1.8115735273692817
3.9269908169872414	-1.8050417732468107
3.9269908169872414	-1.7977548083356245
3.9269908169872414	-1.7948628541143539
3.9269908169872414	-1.7718524436634882
3.9269908169872414	-1.759766291399953
3.9269908169872414	-1.7341637585086271
3.9269908169872414	-1.717035008607406
3.9269908169872414	-1.7132950138576857
3.9269908169872414	-1.7129787563652474
3.9269908169872414	-1.7112266658730126
3.9269908169872414	-1.697350805512234
3.9269908169872414	-1.695540710483312
3.9269908169872414	-1.693242819221118
3.9269908169872414	-1.6915041294688486
3.9269908169872414	-1.6869304717552258
3.9269908169872414	-1.6868008004964008
3.9269908169872414	-1.673547455774278
3.9269908169872414	-1.672764542764847
3.9269908169872414	-1.6633528436060612
3.9269908169872414	-1.6471463036722345
3.9269908169872414	-1.6466573731126641
3.9269908169872414	-1.6384313194362736
3.9269908169872414	-1.6255236498381016
3.9269908169872414	-1.6232111303012622
3.9269908169872414	-1.622792669184273
3.9269908169872414	-1.6225687441110632
3.9269908169872414	-1.6104910285779344
3.9269908169872414	-1.6102886783293011
3.9269908169872414	-1.6098735216653108
3.9269908169872414	-1.5918110684836737
3.9269908169872414	-1.5482907235856356
3.9269908169872414	-1.5259899308098674
3.9269908169872414	-1.5191567273368864
3.9269908169872414	-1.502541438946083
3.9269908169872414	-1.4929499083183986
3.9269908169872414	-1.4876108759531717
3.9269908169872414	-1.4864343333768222
3.9269908169872414	-1.4846492878753785
3.9269908169872414	-1.4761461485861012
3.9269908169872414	-1.4711446998756
3.9269908169872414	-1.4668174074495652
3.9269908169872414	-1.4514045611659665
3.9269908169872414	-1.4494380129807112
3.9269908169872414	-1.4474892024392005
3.9269908169872414	-1.435559770166737
3.9269908169872414	-1.4282088898179135
3.9269908169872414	-1.427542362541204
3.9269908169872414	-1.425179486481344
3.9269908169872414	-1.4241483665260728
3.9269908169872414	-1.4231314600960407
3.9269908169872414	-1.416275239825329
3.9269908169872414	-1.409266452842223
3.9269908169872414	-1.4086264606897676
3.9269908169872414	-1.4060598468587675
3.9269908169872414	-1.3988106382553545
3.9269908169872414	-1.3840587942884424
3.9269908169872414	-1.3811129648817608
3.9269908169872414	-1.3750120786823607
3.9269908169872414	-1.3710937586369634
3.9269908169872414	-1.369318047093774
3.9269908169872414	-1.3639745153521163
3.9269908169872414	-1.3492203699929863
3.9269908169872414	-1.3321100055430044
3.9269908169872414	-1.322393808029081
3.9269908169872414	-1.3151355444166626
3.9269908169872414	-1.3019289486523116
3.9269908169872414	-1.292220917086152
3.9269908169872414	-1.2918835055337516
3.9269908169872414	-1.283663276038765
3.9269908169872414	-1.2822163258744446
3.9269908169872414	-1.2802878026423612
3.9269908169872414	-1.2702801178329182
3.9269908169872414	-1.26644473734178
3.9269908169872414	-1.2632419379331372
3.9269908169872414	-1.2603896214119208
3.9269908169872414	-1.251062839676397
3.9269908169872414	-1.2453977584650342
3.9269908169872414	-1.2446207367660889
3.9269908169872414	-1.2413329647467135
3.9269908169872414	-1.2356089981007992
3.9269908169872414	-1.2345270279695526
3.9269908169872414	-1.2311045367973945
3.9269908169872414	-1.2020720793754407
3.9269908169872414	-1.1919219330453479
3.9269908169872414	-1.1906333320856495
3.9269908169872414	-1.176680206188907
3.9269908169872414	-1.175733929511733
3.9269908169872414	-1.170315126324744
3.9269908169872414	-1.1614853331545776
3.9269908169872414	-1.1506115207819707
3.9269908169872414	-1.1496131840029808
3.9269908169872414	-1.1157198748790875
3.9269908169872414	-1.112857225407872
3.9269908169872414	-1.1108271508237775
3.9269908169872414	-1.097801136885227
3.9269908169872414	-1.0959775540026717
3.9269908169872414	-1.0955558256462867
3.9269908169872414	-1.0897967871324685
3.9269908169872414	-1.0866320307619073
3.9269908169872414	-1.0853046784852556
3.9269908169872414	-1.0845265068752052
3.9269908169872414	-1.0770793376333698
3.9269908169872414	-1.0733409388472588
3.9269908169872414	-1.068819193727278
3.9269908169872414	-1.0673924866892965
3.9269908169872414	-1.0655470915032974
3.9269908169872414	-1.0642284489824931
3.9269908169872414	-1.0529993304504548
3.9269908169872414	-1.0525956484213457
3.9269908169872414	-1.0421211319665904
3.9269908169872414	-1.037192509535748
3.9269908169872414	-1.0243762551727027
3.9269908169872414	-1.010947382666597
3.9269908169872414	-0.9992772358291742
3.9269908169872414	-0.9970504367259925
3.9269908169872414	-0.9961820489967004
3.9269908169872414	-0.9920474476131333
3.9269908169872414	-0.9904799092965342
3.9269908169872414	-0.9852056183123308
3.9269908169872414	-0.9717643334480337
3.9269908169872414	-0.971392186972823
3.9269908169872414	-0.9603862028952576
3.9269908169872414	-0.9576815267441552
3.9269908169872414	-0.9532241049352398
3.9269908169872414	-0.9477071208907457
3.9269908169872414	-0.9283209041778999
3.9269908169872414	-0.9226287982980077
3.9269908169872414	-0.9176890483308258
3.9269908169872414	-0.9046800605337469
3.9269908169872414	-0.9009713822842329
3.9269908169872414	-0.8938963655972221
3.9269908169872414	-0.8929141306576972
3.9269908169872414	-0.886220871850596
3.9269908169872414	-0.8855755969032036
3.9269908169872414	-0.8846866983841178
3.9269908169872414	-0.8834523014971818
3.9269908169872414	-0.8750892143059591
3.9269908169872414	-0.8750845797751752
3.9269908169872414	-0.8694318659263635
3.9269908169872414	-0.866885461749198
3.9269908169872414	-0.8656223153031696
3.9269908169872414	-0.8561038656658875
3.9269908169872414	-0.8397793799498756
3.9269908169872414	-0.8360270776387385
3.9269908169872414	-0.8290866440876252
3.9269908169872414	-0.8229184658879447
3.9269908169872414	-0.8069298345231392
3.9269908169872414	-0.8060853883662025
3.9269908169872414	-0.8054256489671144
3.9269908169872414	-0.802305979120579
3.9269908169872414	-0.8006565570184095
3.9269908169872414	-0.8001412159174887
3.9269908169872414	-0.7886775877872374
3.9269908169872414	-0.7873501948545054
3.9269908169872414	-0.7779079009242551
3.9269908169872414	-0.7715049696162701
3.9269908169872414	-0.7665805552177823
3.9269908169872414	-0.7657456915900328
3.9269908169872414	-0.7603572291313005
3.9269908169872414	-0.7516750489425723
3.9269908169872414	-0.7513368680329728
3.9269908169872414	-0.7443717475473024
3.9269908169872414	-0.7299161067607773
3.9269908169872414	-0.72982812485957
3.9269908169872414	-0.7287185403216878
3.9269908169872414	-0.7284435053539414
3.9269908169872414	-0.7216464733325996
3.9269908169872414	-0.7201002721908392
3.9269908169872414	-0.7151027109848271
3.9269908169872414	-0.7136773925836163
3.9269908169872414	-0.706179327897899
3.9269908169872414	-0.705312249557936
3.9269908169872414	-0.6969425928939019
3.9269908169872414	-0.690069438356109
3.9269908169872414	-0.6819652060560621
3.9269908169872414	-0.6816932865638382
3.9269908169872414	-0.6794279908830435
3.9269908169872414	-0.6740509724831334
3.9269908169872414	-0.6589677631918605
3.9269908169872414	-0.6567182526914217
3.9269908169872414	-0.6543586637385069
3.9269908169872414	-0.6341705234954758
3.9269908169872414	-0.631668767618658
3.9269908169872414	-0.6222580200904728
3.9269908169872414	-0.6102376326418781
3.9269908169872414	-0.6029889454633747
3.9269908169872414	-0.5991631998192058
3.9269908169872414	-0.5917153327911028
3.9269908169872414	-0.5874781639419974
3.9269908169872414	-0.5828826542531882
3.9269908169872414	-0.5728690678899273
3.9269908169872414	-0.5662813748032421
3.9269908169872414	-0.5655820413032787
3.9269908169872414	-0.5646975153888961
3.9269908169872414	-0.563598897927593
3.9269908169872414	-0.5544470760717842
3.9269908169872414	-0.5527136051116429
3.9269908169872414	-0.5510203924900632
3.9269908169872414	-0.5508172353569383
3.9269908169872414	-0.5385501678133426
3.9269908169872414	-0.5315855315067601
3.9269908169872414	-0.52611360335643
3.9269908169872414	-0.5252597013824606
3.9269908169872414	-0.5192684967509053
3.9269908169872414	-0.5168229512999862
3.9269908169872414	-0.5079445461083845
3.9269908169872414	-0.5007709005882601
3.9269908169872414	-0.49199257572294725
3.9269908169872414	-0.4905301987110542
3.9269908169872414	-0.48581526900186883
3.9269908169872414	-0.48445744128946955
3.9269908169872414	-0.48430398710041855
3.9269908169872414	-0.47975017556076516
3.9269908169872414	-0.47545233457929215
3.9269908169872414	-0.4714129513209206
3.9269908169872414	-0.4710951069397223
3.9269908169872414	-0.4655110652556935
3.9269908169872414	-0.4647635958057866
3.9269908169872414	-0.4644839023571164
3.9269908169872414	-0.4576451325084774
3.9269908169872414	-0.44416980356117264
3.9269908169872414	-0.44369988142547856
3.9269908169872414	-0.4344149956117422
3.9269908169872414	-0.43258669743804645
3.9269908169872414	-0.4241432442518853
3.9269908169872414	-0.4173931814047313
3.9269908169872414	-0.41644688934670065
3.9269908169872414	-0.41466242783937923
3.9269908169872414	-0.41426332535266697
3.9269908169872414	-0.40737533366235645
3.9269908169872414	-0.3934983154422538
3.9269908169872414	-0.37242341884372987
3.9269908169872414	-0.3623954065209624
3.9269908169872414	-0.3616731378522883
3.9269908169872414	-0.36032315143983085
3.9269908169872414	-0.3524183028133842
3.9269908169872414	-0.3496965028596318
3.9269908169872414	-0.34491214969270795
3.9269908169872414	-0.34230291292395215
3.9269908169872414	-0.33560419232913274
3.9269908169872414	-0.3327143411539535
3.9269908169872414	-0.3283226977924727
3.9269908169872414	-0.32669248447030363
3.9269908169872414	-0.32399326465110206
3.9269908169872414	-0.3138127489922393
3.9269908169872414	-0.3098478573377525
3.9269908169872414	-0.30678315271765
3.9269908169872414	-0.30644063443350567
3.9269908169872414	-0.3054087749474197
3.9269908169872414	-0.302072337133783
3.9269908169872414	-0.29009083619010934
3.9269908169872414	-0.2759388832215226
3.9269908169872414	-0.2585684364210886
3.9269908169872414	-0.257966344493095
3.9269908169872414	-0.2574000022215891
3.9269908169872414	-0.25724695008477133
3.9269908169872414	-0.25482126246924497
3.9269908169872414	-0.24810225756561177
3.9269908169872414	-0.24201980629158282
3.9269908169872414	-0.2369385648011406
3.9269908169872414	-0.23449069381821183
3.9269908169872414	-0.22379269384248968
3.9269908169872414	-0.21437278398999055
3.9269908169872414	-0.21204054928635774
3.9269908169872414	-0.20271972110665004
3.9269908169872414	-0.1908569538056244
3.9269908169872414	-0.18412357783450073
3.9269908169872414	-0.1748742196135588
3.9269908169872414	-0.17442969010921872
3.9269908169872414	-0.17394014405797853
3.9269908169872414	-0.1596072943497172
3.9269908169872414	-0.15816400389809165
3.9269908169872414	-0.15252907043527175
3.9269908169872414	-0.14817615273999474
3.9269908169872414	-0.141869438442744
3.9269908169872414	-0.1413417326112181
3.9269908169872414	-0.1406971004024745
3.9269908169872414	-0.13637982703452733
3.9269908169872414	-0.1362650909985189
3.9269908169872414	-0.13073124644999723
3.9269908169872414	-0.12218822373454603
3.9269908169872414	-0.11981384976623416
3.9269908169872414	-0.11890842189745068
3.9269908169872414	-0.11835871702863696
3.9269908169872414	-0.11539666690210212
3.9269908169872414	-0.11273798745316935
3.9269908169872414	-0.10890897155373332
3.9269908169872414	-0.09849871702517449
3.9269908169872414	-0.09469786458027663
3.9269908169872414	-0.09352119309966621
3.9269908169872414	-0.09315252652696085
3.9269908169872414	-0.08820184235339425
3.9269908169872414	-0.0873343097386998
3.9269908169872414	-0.08541124496263192
3.9269908169872414	-0.08453294349650398
3.9269908169872414	-0.07991303554707872
3.9269908169872414	-0.0793160872988977
3.9269908169872414	-0.0628978829488025
3.9269908169872414	-0.054723810083954716
3.9269908169872414	-0.05208908174877909
3.9269908169872414	-0.045031133688661296
3.9269908169872414	-0.03643380474158087
3.9269908169872414	-0.03618249806781709
3.9269908169872414	-0.03606769995359045
3.9269908169872414	-0.025116804886176024
3.9269908169872414	-0.02349329084062316
3.9269908169872414	-0.020349586271777038
3.9269908169872414	-0.01990787921475106
3.9269908169872414	-0.00811900843385277
3.9269908169872414	-0.006505503317087017
3.9269908169872414	-0.004452172327304221
3.9269908169872414	0.009486984063372894
3.9269908169872414	0.020010877068159405
3.9269908169872414	0.023583432139438577
3.9269908169872414	0.030610207567831615
3.9269908169872414	0.03820180013538475
3.9269908169872414	0.04052353718988611
3.9269908169872414	0.05057045568838269
3.9269908169872414	0.052108559628203
3.9269908169872414	0.05230332392229182
3.9269908169872414	0.05418318063141993
3.9269908169872414	0.06586234119341859
3.9269908169872414	0.06679519963965688
3.9269908169872414	0.0828841616204107
3.9269908169872414	0.08325327005323657
3.9269908169872414	0.08659400122681966
3.9269908169872414	0.08688783797880556
3.9269908169872414	0.09109687141410783
3.9269908169872414	0.10752710029919395
3.9269908169872414	0.11002164399513069
3.9269908169872414	0.12367735112129985
3.9269908169872414	0.13041748268732123
3.9269908169872414	0.13632435457422254
3.9269908169872414	0.14067026836817506
3.9269908169872414	0.14314190556286013
3.9269908169872414	0.14325699808452627
3.9269908169872414	0.15079355132742472
3.9269908169872414	0.1509702393247735
3.9269908169872414	0.15735595482757914
3.9269908169872414	0.16281656278555
3.9269908169872414	0.16932107467533503
3.9269908169872414	0.1696499668725269
3.9269908169872414	0.17081109224937502
3.9269908169872414	0.1751794588031923
3.9269908169872414	0.18801090567715928
3.9269908169872414	0.19488151540306892
3.9269908169872414	0.19515316203580743
3.9269908169872414	0.19727809830376822
3.9269908169872414	0.20139949139016902
3.9269908169872414	0.20262687282437616
3.9269908169872414	0.20280014687542808
3.9269908169872414	0.2118386846948524
3.9269908169872414	0.21344914345592708
3.9269908169872414	0.21900264733398034
3.9269908169872414	0.2285831708530569
3.9269908169872414	0.23214675885903957
3.9269908169872414	0.24161826166095748
3.9269908169872414	0.2425766012554355
3.9269908169872414	0.24403711554658927
3.9269908169872414	0.2465587568203324
3.9269908169872414	0.24981712259372413
3.9269908169872414	0.25830962022158843
3.9269908169872414	0.26298239816686353
3.9269908169872414	0.2684805492069988
3.9269908169872414	0.28105144368654233
3.9269908169872414	0.28564249602801844
3.9269908169872414	0.28593331023380686
3.9269908169872414	0.2881643740426892
3.9269908169872414	0.2971170186826566
3.9269908169872414	0.299170056971947
3.9269908169872414	0.29964475561897275
3.9269908169872414	0.3045613520508912
3.9269908169872414	0.3215014774667793
3.9269908169872414	0.3234557255051995
3.9269908169872414	0.33019681705552983
3.9269908169872414	0.33481138802550975
3.9269908169872414	0.33567493249597885
3.9269908169872414	0.33743593639404174
3.9269908169872414	0.34285234962752353
3.9269908169872414	0.34708707650211396
3.9269908169872414	0.3501422033840696
3.9269908169872414	0.3506810448199637
3.9269908169872414	0.3521958588932362
3.9269908169872414	0.3524332060199385
3.9269908169872414	0.35343764373314746
3.9269908169872414	0.35595467123464064
3.9269908169872414	0.37100386862529167
3.9269908169872414	0.3820441876030265
3.9269908169872414	0.3881540108606325
3.9269908169872414	0.39569211678133964
3.9269908169872414	0.4033146268353871
3.9269908169872414	0.41621555510264935
3.9269908169872414	0.4166335228908625
3.9269908169872414	0.43941407966532386
3.9269908169872414	0.44557780047585444
3.9269908169872414	0.4480824393574219
3.9269908169872414	0.4573922667872007
3.9269908169872414	0.4575122951003152
3.9269908169872414	0.4586178502027363
3.9269908169872414	0.4605623873824863
3.9269908169872414	0.4610930212570157
3.9269908169872414	0.46373812376233314
3.9269908169872414	0.47070332063447395
3.9269908169872414	0.47580544186675233
3.9269908169872414	0.4908081379650971
3.9269908169872414	0.4934527745572519
3.9269908169872414	0.4977079532408463
3.9269908169872414	0.5006385474917247
3.9269908169872414	0.5009517658050671
3.9269908169872414	0.5034029964165903
3.9269908169872414	0.5049704468582147
3.9269908169872414	0.5081124471906302
3.9269908169872414	0.5142506564843108
3.9269908169872414	0.5155020532991512
3.9269908169872414	0.5408834704022274
3.9269908169872414	0.5519495471340341
3.9269908169872414	0.5559308531499567
3.9269908169872414	0.5590478164840216
3.9269908169872414	0.5602559393893248
3.9269908169872414	0.5620505390406865
3.9269908169872414	0.5657301962607579
3.9269908169872414	0.5667541449551384
3.9269908169872414	0.5688505868011832
3.9269908169872414	0.573802958556292
3.9269908169872414	0.5751086353154286
3.9269908169872414	0.576297178319764
3.9269908169872414	0.5815478726735366
3.9269908169872414	0.5870987915566813
3.9269908169872414	0.5873716434862932
3.9269908169872414	0.5904190895054267
3.9269908169872414	0.5982742126245362
3.9269908169872414	0.6064471910308833
3.9269908169872414	0.6124577400062172
3.9269908169872414	0.6181693817503037
3.9269908169872414	0.6182594369405335
3.9269908169872414	0.6203108911011617
3.9269908169872414	0.6263944402171364
3.9269908169872414	0.6318313409373792
3.9269908169872414	0.649411615009652
3.9269908169872414	0.650238520709495
3.9269908169872414	0.6518945820711157
3.9269908169872414	0.6561053708739656
3.9269908169872414	0.656772024639864
3.9269908169872414	0.6597430349398428
3.9269908169872414	0.6606553930864257
3.9269908169872414	0.6658027881573284
3.9269908169872414	0.668788323869409
3.9269908169872414	0.6733214868914676
3.9269908169872414	0.6815563179419866
3.9269908169872414	0.688735712818568
3.9269908169872414	0.6899770945431107
3.9269908169872414	0.6963628498165981
3.9269908169872414	0.7087825123824034
3.9269908169872414	0.7149494628677204
3.9269908169872414	0.7235350946182901
3.9269908169872414	0.7322479840401241
3.9269908169872414	0.7324859989283181
3.9269908169872414	0.7418490584779356
3.9269908169872414	0.7437897077407172
3.9269908169872414	0.7503571160541548
3.9269908169872414	0.7514146050941555
3.9269908169872414	0.751596603140117
3.9269908169872414	0.7572778992181437
3.9269908169872414	0.7639649136038842
3.9269908169872414	0.7670909322967274
3.9269908169872414	0.7820834903062727
3.9269908169872414	0.7838655275749254
3.9269908169872414	0.7843409519233027
3.9269908169872414	0.7886273550486336
3.9269908169872414	0.7976717470193897
3.9269908169872414	0.8089461827974082
3.9269908169872414	0.8093383108067554
3.9269908169872414	0.8098885170135885
3.9269908169872414	0.8103272050778234
3.9269908169872414	0.8172022992632546
3.9269908169872414	0.8202183611014238
3.9269908169872414	0.8210670431741374
3.9269908169872414	0.8258745039802986
3.9269908169872414	0.8278720539175374
3.9269908169872414	0.8327341134371036
3.9269908169872414	0.8480297364882521
3.9269908169872414	0.8585301705760213
3.9269908169872414	0.8681735872714516
3.9269908169872414	0.8781807875535966
3.9269908169872414	0.8783241980948275
3.9269908169872414	0.8792713248449542
3.9269908169872414	0.894191730429879
3.9269908169872414	0.9012061530609856
3.9269908169872414	0.903040159935826
3.9269908169872414	0.9049018761974148
3.9269908169872414	0.9202539472949669
3.9269908169872414	0.9204608041920006
3.9269908169872414	0.9246809579222762
3.9269908169872414	0.9274127443535292
3.9269908169872414	0.9338857154779245
3.9269908169872414	0.9392384281439212
3.9269908169872414	0.9446247809218832
3.9269908169872414	0.9457920720911216
3.9269908169872414	0.9459992328731326
3.9269908169872414	0.9496716835938122
3.9269908169872414	0.9535436994195101
3.9269908169872414	0.9601309344329859
3.9269908169872414	0.9622310450845917
3.9269908169872414	0.9728102457959426
3.9269908169872414	0.9734700951198123
3.9269908169872414	0.9763478124323495
3.9269908169872414	0.985789647169843
3.9269908169872414	0.987710996334724
3.9269908169872414	0.9883643754114616
3.9269908169872414	1.0005502563616013
3.9269908169872414	1.005955749156163
3.9269908169872414	1.0339065696695457
3.9269908169872414	1.06415070474572
3.9269908169872414	1.064373428721482
3.9269908169872414	1.066823150148769
3.9269908169872414	1.0684217702181207
3.9269908169872414	1.0751857490012977
3.9269908169872414	1.0966750544527883
3.9269908169872414	1.1045695864231486
3.9269908169872414	1.1046860693365794
3.9269908169872414	1.1074927553819707
3.9269908169872414	1.1089666192353078
3.9269908169872414	1.127540310670883
3.9269908169872414	1.1306885350928015
3.9269908169872414	1.1308717030493822
3.9269908169872414	1.1380603736164878
3.9269908169872414	1.1416895848530961
3.9269908169872414	1.1447882257711128
3.9269908169872414	1.1449352411471558
3.9269908169872414	1.1451831582281378
3.9269908169872414	1.1459693289669455
3.9269908169872414	1.148455401177548
3.9269908169872414	1.1488591840972124
3.9269908169872414	1.1546356240527784
3.9269908169872414	1.1563030426216654
3.9269908169872414	1.1674660923412632
3.9269908169872414	1.1806674189371398
3.9269908169872414	1.1837331466925467
3.9269908169872414	1.1970715553105338
3.9269908169872414	1.2030234566996834
3.9269908169872414	1.204072861547273
3.9269908169872414	1.2073833632715871
3.9269908169872414	1.2147517658881593
3.9269908169872414	1.2228687411792536
3.9269908169872414	1.2252245627494078
3.9269908169872414	1.2371405007169778
3.9269908169872414	1.2416703782795937
3.9269908169872414	1.2417962844439088
3.9269908169872414	1.2445558291114067
3.9269908169872414	1.2481775816937941
3.9269908169872414	1.2569396273466407
3.9269908169872414	1.2592402140760568
3.9269908169872414	1.2607309767676558
3.9269908169872414	1.2701511074801473
3.9269908169872414	1.2756508294059354
3.9269908169872414	1.2776305933423648
3.9269908169872414	1.2859802816834431
3.9269908169872414	1.2921832234454484
3.9269908169872414	1.2936060722132294
3.9269908169872414	1.2954179015470098
3.9269908169872414	1.2998046771650855
3.9269908169872414	1.3010780568542553
3.9269908169872414	1.3078891681872986
3.9269908169872414	1.3184290182679432
3.9269908169872414	1.3311551324695166
3.9269908169872414	1.3363739021343717
3.9269908169872414	1.3710551035031537
3.9269908169872414	1.3725157358584237
3.9269908169872414	1.3799009269318112
3.9269908169872414	1.3812150192396213
3.9269908169872414	1.3844600184757536
3.9269908169872414	1.3845272223288905
3.9269908169872414	1.3941911784658831
3.9269908169872414	1.401778379763805
3.9269908169872414	1.411293003780281
3.9269908169872414	1.4436101266818029
3.9269908169872414	1.4519185701502206
3.9269908169872414	1.452337965558401
3.9269908169872414	1.4585476421348478
3.9269908169872414	1.4755258934860627
3.9269908169872414	1.4839549008576336
3.9269908169872414	1.4892507822589178
3.9269908169872414	1.493197861753929
3.9269908169872414	1.4997470669788446
3.9269908169872414	1.5012626836798555
3.9269908169872414	1.5022639778129108
3.9269908169872414	1.5037502942027894
3.9269908169872414	1.5178170206396042
3.9269908169872414	1.5365474178691203
3.9269908169872414	1.5446702528426446
3.9269908169872414	1.5599601547952169
3.9269908169872414	1.5609223414045066
3.9269908169872414	1.5782626587785744
3.9269908169872414	1.5809689769521151
3.9269908169872414	1.5911345757402726
3.9269908169872414	1.595689795499298
3.9269908169872414	1.596561276616439
3.9269908169872414	1.6061927874146311
3.9269908169872414	1.6062584270857885
3.9269908169872414	1.609221495676217
3.9269908169872414	1.6098148786928523
3.9269908169872414	1.6103041696526808
3.9269908169872414	1.6183968963683317
3.9269908169872414	1.638800807551132
3.9269908169872414	1.662733363805442
3.9269908169872414	1.6792164712351356
3.9269908169872414	1.684243882739914
3.9269908169872414	1.6982925653733383
3.9269908169872414	1.7003641369041
3.9269908169872414	1.707769456322636
3.9269908169872414	1.709871727208967
3.9269908169872414	1.709995737079345
3.9269908169872414	1.7219523750101113
3.9269908169872414	1.7316955347410667
3.9269908169872414	1.7379572946161668
3.9269908169872414	1.748681000647482
3.9269908169872414	1.7489760169249013
3.9269908169872414	1.7501574558235562
3.9269908169872414	1.7540357320656854
3.9269908169872414	1.7667581289168353
3.9269908169872414	1.7731088507190411
3.9269908169872414	1.8040919947911853
3.9269908169872414	1.8046497351308626
3.9269908169872414	1.805618933010617
3.9269908169872414	1.8128847611059382
3.9269908169872414	1.837281027611116
3.9269908169872414	1.8602563554159854
3.9269908169872414	1.8632189699641981
3.9269908169872414	1.8765159482449907
3.9269908169872414	1.8829293100461477
3.9269908169872414	1.888812786198308
3.9269908169872414	1.897219927503232
3.9269908169872414	1.9049745119203823
3.9269908169872414	1.9063904958579039
3.9269908169872414	1.910155683533731
3.9269908169872414	1.9132053493678016
3.9269908169872414	1.9191864827514353
3.9269908169872414	1.9275489157300785
3.9269908169872414	1.9367467028282541
3.9269908169872414	1.945510221409209
3.9269908169872414	1.9710359242596274
3.9269908169872414	1.9710821979155553
3.9269908169872414	2.0036253873435754
3.9269908169872414	2.017075016555232
3.9269908169872414	2.0318883726760726
3.9269908169872414	2.0465488326221815
3.9269908169872414	2.057365974321475
3.9269908169872414	2.0724001785447603
3.9269908169872414	2.098393306523829
3.9269908169872414	2.0988391098084143
3.9269908169872414	2.1425303690774937
3.9269908169872414	2.1478153884432256
3.9269908169872414	2.150091354784788
3.9269908169872414	2.163091626847793
3.9269908169872414	2.1678658892163565
3.9269908169872414	2.1824508093119874
3.9269908169872414	2.186884882064439
3.9269908169872414	2.188850323944342
3.9269908169872414	2.2002002135025216
3.9269908169872414	2.2182962549736662
3.9269908169872414	2.2220479471890986
3.9269908169872414	2.2478956197762257
3.9269908169872414	2.34132623492459
3.9269908169872414	2.3447948672198926
3.9269908169872414	2.3454654314657137
3.9269908169872414	2.3787680773600517
3.9269908169872414	2.395862369572055
3.9269908169872414	2.409530892680155
3.9269908169872414	2.4138782351229153
3.9269908169872414	2.4299409705511046
3.9269908169872414	2.46277848341727
3.9269908169872414	2.4864531199228628
3.9269908169872414	2.5049566680217294
3.9269908169872414	2.516489396872805
3.9269908169872414	2.5287859829965855
3.9269908169872414	2.537360911087803
3.9269908169872414	2.5380028551093967
3.9269908169872414	2.538013166452365
3.9269908169872414	2.5480092383924777
3.9269908169872414	2.6002337165173213
3.9269908169872414	2.628706846807745
3.9269908169872414	2.639352515700672
3.9269908169872414	2.6756168155591533
3.9269908169872414	2.7028712433235205
3.9269908169872414	2.7288678944134803
3.9269908169872414	2.820114851654761
3.9269908169872414	2.832213739798523
3.9269908169872414	2.866942093632649
3.9269908169872414	2.868947121428022
3.9269908169872414	2.8809462962953365
3.9269908169872414	3.0122415444800685
3.9269908169872414	3.0488435663753712
3.9269908169872414	3.0539387660198773
3.9269908169872414	3.0563058477165597
3.9269908169872414	3.083365259012869
3.9269908169872414	3.1547322859987545
3.9269908169872414	3.1775764879856103
3.9269908169872414	3.21906504099298
3.9269908169872414	3.376135927604259
3.9269908169872414	3.4086082819988555
3.9269908169872414	3.6719226917334487
3.9269908169872414	3.6743179309659166
3.9269908169872414	3.785947026767101
3.9269908169872414	3.7925027679529477
4.319689898685965	-4.327419491539736
4.319689898685965	-4.28534570851318
4.319689898685965	-4.076369169943047
4.319689898685965	-4.032176520524468
4.319689898685965	-3.981237844216065
4.319689898685965	-3.978336252833644
4.319689898685965	-3.9112756233802486
4.319689898685965	-3.836212917850162
4.319689898685965	-3.705159590200152
4.319689898685965	-3.622431056004282
4.319689898685965	-3.5661825503779383
4.319689898685965	-3.5086388342952466
4.319689898685965	-3.412106368245855
4.319689898685965	-3.2992092250817096
4.319689898685965	-3.2936491876087466
4.319689898685965	-3.284005176167836
4.319689898685965	-3.281866325194632
4.319689898685965	-3.182883048543278
4.319689898685965	-3.1559432348007666
4.319689898685965	-3.1506403598612147
4.319689898685965	-3.0758762327908293
4.319689898685965	-3.0627849039560973
4.319689898685965	-2.9690147939481912
4.319689898685965	-2.8640460132147645
4.319689898685965	-2.8445052867311045
4.319689898685965	-2.8302417424865327
4.319689898685965	-2.8021572500947176
4.319689898685965	-2.784730475996822
4.319689898685965	-2.7751848560006325
4.319689898685965	-2.76303712483133
4.319689898685965	-2.7508948440312837
4.319689898685965	-2.7328085079325843
4.319689898685965	-2.7027286123315735
4.319689898685965	-2.6860163868293068
4.319689898685965	-2.6747423142283013
4.319689898685965	-2.6347931414873402
4.319689898685965	-2.624725701679254
4.319689898685965	-2.611201450552813
4.319689898685965	-2.591158688213773
4.319689898685965	-2.576498804694987
4.319689898685965	-2.557563856397298
4.319689898685965	-2.537897017124807
4.319689898685965	-2.5335736134702205
4.319689898685965	-2.5310830686715913
4.319689898685965	-2.514950800568262
4.319689898685965	-2.492496611464433
4.319689898685965	-2.468210558714392
4.319689898685965	-2.4511378698519906
4.319689898685965	-2.4468620947640853
4.319689898685965	-2.4190518989176
4.319689898685965	-2.4155231865860562
4.319689898685965	-2.3619262955609894
4.319689898685965	-2.3491876236134246
4.319689898685965	-2.341856169264192
4.319689898685965	-2.313588889373275
4.319689898685965	-2.30247312561789
4.319689898685965	-2.29710738953025
4.319689898685965	-2.296375788419529
4.319689898685965	-2.2956788463203766
4.319689898685965	-2.2666708982728387
4.319689898685965	-2.253710208551304
4.319689898685965	-2.243936888510267
4.319689898685965	-2.2309166288696822
4.319689898685965	-2.2155721222515754
4.319689898685965	-2.2135261586630013
4.319689898685965	-2.2081581590546975
4.319689898685965	-2.1968471189897603
4.319689898685965	-2.1855636884672283
4.319689898685965	-2.1275213330061256
4.319689898685965	-2.1041958229284625
4.319689898685965	-2.101114260957938
4.319689898685965	-2.0971858856166463
4.319689898685965	-2.09108135135782
4.319689898685965	-2.080854655141286
4.319689898685965	-2.078217413152837
4.319689898685965	-2.072781590302774
4.319689898685965	-2.065718100532108
4.319689898685965	-2.0605574540905907
4.319689898685965	-2.0571883199057677
4.319689898685965	-2.049647284042382
4.319689898685965	-2.0351402712178244
4.319689898685965	-2.0158638099831574
4.319689898685965	-2.0088393105810374
4.319689898685965	-1.9936163766271076
4.319689898685965	-1.9637058653252115
4.319689898685965	-1.9452926456257416
4.319689898685965	-1.9433415783030161
4.319689898685965	-1.9214443059577473
4.319689898685965	-1.8955701677173717
4.319689898685965	-1.8879647580733527
4.319689898685965	-1.8769963502385218
4.319689898685965	-1.8657275190652107
4.319689898685965	-1.8632107722007936
4.319689898685965	-1.858888335654701
4.319689898685965	-1.8584706223195178
4.319689898685965	-1.8582940905612462
4.319689898685965	-1.8547221138007195
4.319689898685965	-1.851181398931308
4.319689898685965	-1.8237523445474964
4.319689898685965	-1.8221463620162177
4.319689898685965	-1.8215671075121154
4.319689898685965	-1.8203077171104893
4.319689898685965	-1.7884282192403083
4.319689898685965	-1.7884002267888124
4.319689898685965	-1.7843191472190827
4.319689898685965	-1.783179636402224
4.319689898685965	-1.7707449601139387
4.319689898685965	-1.7696998420695709
4.319689898685965	-1.7541005500993467
4.319689898685965	-1.7486892728137657
4.319689898685965	-1.734202357896823
4.319689898685965	-1.7262392058080804
4.319689898685965	-1.7021607165933466
4.319689898685965	-1.6929180816526577
4.319689898685965	-1.6805327657067564
4.319689898685965	-1.6792662044428712
4.319689898685965	-1.669957042101716
4.319689898685965	-1.6635005477927174
4.319689898685965	-1.6589720383105846
4.319689898685965	-1.6545719607950775
4.319689898685965	-1.6430610387672626
4.319689898685965	-1.630964955602302
4.319689898685965	-1.6265125608182622
4.319689898685965	-1.6235103904615011
4.319689898685965	-1.6217492486390233
4.319689898685965	-1.6087176906679828
4.319689898685965	-1.6017312040035883
4.319689898685965	-1.590219163980443
4.319689898685965	-1.590044882832162
4.319689898685965	-1.5846991466668827
4.319689898685965	-1.5732686540181338
4.319689898685965	-1.5691007934917962
4.319689898685965	-1.568845379312539
4.319689898685965	-1.5651122679574085
4.319689898685965	-1.5480892335539131
4.319689898685965	-1.5348705937002647
4.319689898685965	-1.5236814637916525
4.319689898685965	-1.5230146544332757
4.319689898685965	-1.5193000688367941
4.319689898685965	-1.5026689254704504
4.319689898685965	-1.489441538366797
4.319689898685965	-1.4890467634569602
4.319689898685965	-1.480645493380897
4.319689898685965	-1.470069722408487
4.319689898685965	-1.468072468142951
4.319689898685965	-1.460659265096856
4.319689898685965	-1.4563030519649376
4.319689898685965	-1.4362582693290533
4.319689898685965	-1.433016312228512
4.319689898685965	-1.4308797232168669
4.319689898685965	-1.4280519684226478
4.319689898685965	-1.4196152010619327
4.319689898685965	-1.408573144470373
4.319689898685965	-1.4008319184460547
4.319689898685965	-1.4000519635757773
4.319689898685965	-1.3989011882002407
4.319689898685965	-1.3969708405207875
4.319689898685965	-1.3879684513812087
4.319689898685965	-1.3648144393444905
4.319689898685965	-1.3453609419302408
4.319689898685965	-1.3355390549251345
4.319689898685965	-1.332463623312551
4.319689898685965	-1.325516267550312
4.319689898685965	-1.31315508367509
4.319689898685965	-1.3055530520324066
4.319689898685965	-1.3002432533717498
4.319689898685965	-1.2964640119763982
4.319689898685965	-1.2932037345480156
4.319689898685965	-1.290161065689972
4.319689898685965	-1.2881388798270073
4.319689898685965	-1.2796782293252533
4.319689898685965	-1.2749463142264432
4.319689898685965	-1.274627952055647
4.319689898685965	-1.2704328116136026
4.319689898685965	-1.265960132683126
4.319689898685965	-1.256830746359471
4.319689898685965	-1.2456428420089494
4.319689898685965	-1.2414499592734993
4.319689898685965	-1.2348060768520466
4.319689898685965	-1.2321937620327417
4.319689898685965	-1.2286083348756052
4.319689898685965	-1.2179870519935188
4.319689898685965	-1.217461551052145
4.319689898685965	-1.211774019030508
4.319689898685965	-1.203832986139841
4.319689898685965	-1.1989901777344865
4.319689898685965	-1.187743236776754
4.319689898685965	-1.1800049232591308
4.319689898685965	-1.1647360740063917
4.319689898685965	-1.1597694114741417
4.319689898685965	-1.1557995144770763
4.319689898685965	-1.1489989074093483
4.319689898685965	-1.1380501504419345
4.319689898685965	-1.1367033687399979
4.319689898685965	-1.1337371563235656
4.319689898685965	-1.1280404879513066
4.319689898685965	-1.1249452666135955
4.319689898685965	-1.1183219441901535
4.319689898685965	-1.1082936876048508
4.319689898685965	-1.1067007448122645
4.319689898685965	-1.1037451167295484
4.319689898685965	-1.100426692027868
4.319689898685965	-1.0967532788787395
4.319689898685965	-1.0818500064114305
4.319689898685965	-1.0817236614357297
4.319689898685965	-1.0705420373521495
4.319689898685965	-1.0530610427306488
4.319689898685965	-1.0475979976212833
4.319689898685965	-1.0464669280093288
4.319689898685965	-1.0433755276757926
4.319689898685965	-1.0336034513468517
4.319689898685965	-1.0271496392917578
4.319689898685965	-1.0203876427555842
4.319689898685965	-1.0141493288719075
4.319689898685965	-1.0101521207794344
4.319689898685965	-1.0046785340942748
4.319689898685965	-0.9984093697548113
4.319689898685965	-0.9982114195096616
4.319689898685965	-0.9974589572910617
4.319689898685965	-0.9910999180086415
4.319689898685965	-0.9869874578414513
4.319689898685965	-0.9700049702230737
4.319689898685965	-0.9639510790671197
4.319689898685965	-0.958763434613753
4.319689898685965	-0.9553482793508614
4.319689898685965	-0.952747034796606
4.319689898685965	-0.9215667596947135
4.319689898685965	-0.9195574775189467
4.319689898685965	-0.8872675324154988
4.319689898685965	-0.8861269641551112
4.319689898685965	-0.8858642635780077
4.319689898685965	-0.8841957095493019
4.319689898685965	-0.8814249569888586
4.319689898685965	-0.8782415525000508
4.319689898685965	-0.8720801765006536
4.319689898685965	-0.8666402156710834
4.319689898685965	-0.8657218579408568
4.319689898685965	-0.8645322423778975
4.319689898685965	-0.8605501546260018
4.319689898685965	-0.8587306305150164
4.319689898685965	-0.8556605007435806
4.319689898685965	-0.846709032423038
4.319689898685965	-0.8464900638698726
4.319689898685965	-0.8461040731887566
4.319689898685965	-0.8444078625194714
4.319689898685965	-0.8422106172144647
4.319689898685965	-0.8368259728017241
4.319689898685965	-0.8340039489735401
4.319689898685965	-0.8302762776734774
4.319689898685965	-0.8270726137404409
4.319689898685965	-0.8230342652426573
4.319689898685965	-0.813320108263091
4.319689898685965	-0.8053455342282
4.319689898685965	-0.8027633759569917
4.319689898685965	-0.7979654030247207
4.319689898685965	-0.7811381394201597
4.319689898685965	-0.7785497724780507
4.319689898685965	-0.7654796036317641
4.319689898685965	-0.7510945652931662
4.319689898685965	-0.7359997113862793
4.319689898685965	-0.7234613234170748
4.319689898685965	-0.7111195710395961
4.319689898685965	-0.6983343640706203
4.319689898685965	-0.6966000099275682
4.319689898685965	-0.6929338000109879
4.319689898685965	-0.6916286595023302
4.319689898685965	-0.6892715127672832
4.319689898685965	-0.6849227150951889
4.319689898685965	-0.6835848750446182
4.319689898685965	-0.6805752143689832
4.319689898685965	-0.678915016776905
4.319689898685965	-0.6767237567698295
4.319689898685965	-0.6746435382009635
4.319689898685965	-0.6700395945178739
4.319689898685965	-0.669808429217464
4.319689898685965	-0.6667080504846833
4.319689898685965	-0.6620333206318871
4.319689898685965	-0.6614981382759089
4.319689898685965	-0.6557496920643147
4.319689898685965	-0.6536092617460609
4.319689898685965	-0.6526863850128775
4.319689898685965	-0.6462920856923724
4.319689898685965	-0.6428675750943963
4.319689898685965	-0.6402301809040619
4.319689898685965	-0.6377500757023165
4.319689898685965	-0.6226080113962171
4.319689898685965	-0.621429366855866
4.319689898685965	-0.6152305551649144
4.319689898685965	-0.605852732538671
4.319689898685965	-0.6055530402918553
4.319689898685965	-0.6028290489117153
4.319689898685965	-0.5849781316716882
4.319689898685965	-0.5701266578506115
4.319689898685965	-0.5695039626104637
4.319689898685965	-0.5640295838098397
4.319689898685965	-0.5625318780555788
4.319689898685965	-0.5238602071195634
4.319689898685965	-0.5219191356102068
4.319689898685965	-0.5212866240101302
4.319689898685965	-0.5165007915310321
4.319689898685965	-0.5123320848022332
4.319689898685965	-0.5075047686234236
4.319689898685965	-0.5043139798239317
4.319689898685965	-0.49661802085389706
4.319689898685965	-0.48893632653420394
4.319689898685965	-0.4842021901295583
4.319689898685965	-0.4820504818130046
4.319689898685965	-0.47695004438726474
4.319689898685965	-0.4756591989437149
4.319689898685965	-0.47322380757496635
4.319689898685965	-0.47051836012681636
4.319689898685965	-0.4652265200405876
4.319689898685965	-0.4642379044586648
4.319689898685965	-0.4631159319787694
4.319689898685965	-0.46155800680882036
4.319689898685965	-0.46094512710076935
4.319689898685965	-0.45794456477894085
4.319689898685965	-0.4557603083385137
4.319689898685965	-0.45313712108615734
4.319689898685965	-0.45136206388136946
4.319689898685965	-0.43758040734094283
4.319689898685965	-0.43008157283932924
4.319689898685965	-0.4209799003586294
4.319689898685965	-0.41663307684006323
4.319689898685965	-0.4093070454376039
4.319689898685965	-0.4057608568397433
4.319689898685965	-0.40146463661359566
4.319689898685965	-0.39998862734764856
4.319689898685965	-0.3997363478800673
4.319689898685965	-0.39790377512718944
4.319689898685965	-0.3879260151673458
4.319689898685965	-0.3752172927456954
4.319689898685965	-0.3544795687097011
4.319689898685965	-0.3486049217708004
4.319689898685965	-0.3475414723773289
4.319689898685965	-0.3390542865450197
4.319689898685965	-0.3314581695958974
4.319689898685965	-0.32743896140978596
4.319689898685965	-0.320353983100231
4.319689898685965	-0.3184232705001344
4.319689898685965	-0.3114689637364799
4.319689898685965	-0.31009583691101755
4.319689898685965	-0.3038495422437842
4.319689898685965	-0.3018323668934623
4.319689898685965	-0.2978184722728056
4.319689898685965	-0.29693347290285677
4.319689898685965	-0.2859220298289853
4.319689898685965	-0.27998259662077984
4.319689898685965	-0.27166536863036717
4.319689898685965	-0.2656620822961837
4.319689898685965	-0.2651290230302036
4.319689898685965	-0.2641573733244306
4.319689898685965	-0.26174537994653885
4.319689898685965	-0.26134957860772773
4.319689898685965	-0.26037406116938966
4.319689898685965	-0.24701677641184272
4.319689898685965	-0.23921579256837935
4.319689898685965	-0.2355020110449778
4.319689898685965	-0.23179824215147876
4.319689898685965	-0.23026392670224263
4.319689898685965	-0.22113032862511872
4.319689898685965	-0.2167317674442567
4.319689898685965	-0.2157554294690309
4.319689898685965	-0.21438126445770872
4.319689898685965	-0.21204489092970885
4.319689898685965	-0.20479132822021306
4.319689898685965	-0.20196797904365119
4.319689898685965	-0.19733378767865561
4.319689898685965	-0.1917521074729268
4.319689898685965	-0.18901336158418672
4.319689898685965	-0.1817126763153764
4.319689898685965	-0.18125321752394294
4.319689898685965	-0.1775810608653413
4.319689898685965	-0.17714972076094831
4.319689898685965	-0.1668319354810821
4.319689898685965	-0.15820433301739864
4.319689898685965	-0.15478341749425703
4.319689898685965	-0.14810959475282193
4.319689898685965	-0.137382440102352
4.319689898685965	-0.13578869140402294
4.319689898685965	-0.12950253027562253
4.319689898685965	-0.1164925707157492
4.319689898685965	-0.11409999793257307
4.319689898685965	-0.10793888339683662
4.319689898685965	-0.10650304384480241
4.319689898685965	-0.09941948545488932
4.319689898685965	-0.09831778566780203
4.319689898685965	-0.09409390913444668
4.319689898685965	-0.09158160462936965
4.319689898685965	-0.08781936560500678
4.319689898685965	-0.08258498688301226
4.319689898685965	-0.08026451942311877
4.319689898685965	-0.06366748673317346
4.319689898685965	-0.0579813511799431
4.319689898685965	-0.05424413932929591
4.319689898685965	-0.049791624999063935
4.319689898685965	-0.04716150872574789
4.319689898685965	-0.04399029144554162
4.319689898685965	-0.04257124054058643
4.319689898685965	-0.03934105797364122
4.319689898685965	-0.03890077147684534
4.319689898685965	-0.03561627103408771
4.319689898685965	-0.035361218595707976
4.319689898685965	-0.0317473842865748
4.319689898685965	-0.028529946312569013
4.319689898685965	-0.028229451232912258
4.319689898685965	-0.023258247827150136
4.319689898685965	-0.019466695758955765
4.319689898685965	-0.006436481377521539
4.319689898685965	-0.005414736844700181
4.319689898685965	0.0033609480829563942
4.319689898685965	0.009538813143245112
4.319689898685965	0.011928508383064957
4.319689898685965	0.027892958238328925
4.319689898685965	0.02952757645463758
4.319689898685965	0.0389382538863039
4.319689898685965	0.052189952285918384
4.319689898685965	0.06525108344768871
4.319689898685965	0.06970186851082605
4.319689898685965	0.07153100183060834
4.319689898685965	0.07197008090168083
4.319689898685965	0.07351855860579819
4.319689898685965	0.07404989764201103
4.319689898685965	0.07716774643129165
4.319689898685965	0.08398635237022489
4.319689898685965	0.08840539088041863
4.319689898685965	0.09120916551108924
4.319689898685965	0.09953992998245553
4.319689898685965	0.11703410018094251
4.319689898685965	0.12364301651344656
4.319689898685965	0.1291546153145025
4.319689898685965	0.13118265874472537
4.319689898685965	0.13159036481127456
4.319689898685965	0.13301569233508628
4.319689898685965	0.13816255804185795
4.319689898685965	0.15549532455566428
4.319689898685965	0.1604574621828553
4.319689898685965	0.1621717119322091
4.319689898685965	0.1622516319174027
4.319689898685965	0.17119918177345506
4.319689898685965	0.17648154739640498
4.319689898685965	0.1801778735846873
4.319689898685965	0.1861679950905033
4.319689898685965	0.18800230565537815
4.319689898685965	0.1900220976295865
4.319689898685965	0.19400304648100547
4.319689898685965	0.19521092185369845
4.319689898685965	0.19860390739971542
4.319689898685965	0.1996049884324256
4.319689898685965	0.20559833312147605
4.319689898685965	0.20603383770934758
4.319689898685965	0.20669318786573931
4.319689898685965	0.21047591928446155
4.319689898685965	0.21169239144369942
4.319689898685965	0.2150810234713923
4.319689898685965	0.22826488304179593
4.319689898685965	0.23302764635498568
4.319689898685965	0.23364031306955504
4.319689898685965	0.23671752616448025
4.319689898685965	0.23884097402697138
4.319689898685965	0.23959498368322132
4.319689898685965	0.2481108636525735
4.319689898685965	0.25131271920467985
4.319689898685965	0.2543287804311249
4.319689898685965	0.2591668125052471
4.319689898685965	0.2685126712371231
4.319689898685965	0.2735767994405139
4.319689898685965	0.27635229833299757
4.319689898685965	0.2810334866120286
4.319689898685965	0.2836650675621951
4.319689898685965	0.2877162606899672
4.319689898685965	0.28832018053055175
4.319689898685965	0.29647718129072254
4.319689898685965	0.2988473730805401
4.319689898685965	0.3081465784725969
4.319689898685965	0.31133775597296137
4.319689898685965	0.3131316273523001
4.319689898685965	0.32786614456894847
4.319689898685965	0.33104569408164697
4.319689898685965	0.3446984484386065
4.319689898685965	0.34749659228645824
4.319689898685965	0.35270642920443196
4.319689898685965	0.3581230709735239
4.319689898685965	0.36204218241103625
4.319689898685965	0.36745493552437514
4.319689898685965	0.36759201591064783
4.319689898685965	0.36857550142274803
4.319689898685965	0.37703027820922985
4.319689898685965	0.38093913802944607
4.319689898685965	0.3841835768838927
4.319689898685965	0.38768747322324826
4.319689898685965	0.40011052395381397
4.319689898685965	0.40157755197214606
4.319689898685965	0.40605481432595836
4.319689898685965	0.40905776918994846
4.319689898685965	0.4267051491767786
4.319689898685965	0.4283120564703675
4.319689898685965	0.4320417762310256
4.319689898685965	0.43775083826110706
4.319689898685965	0.4498215374168244
4.319689898685965	0.45078920823901525
4.319689898685965	0.4518192245565165
4.319689898685965	0.4563117080972212
4.319689898685965	0.4684807877346673
4.319689898685965	0.4746940284234409
4.319689898685965	0.47625810703224764
4.319689898685965	0.47852922529475445
4.319689898685965	0.5089340996986981
4.319689898685965	0.509297226048921
4.319689898685965	0.5112931187309296
4.319689898685965	0.5114144764242161
4.319689898685965	0.5151836960674446
4.319689898685965	0.5153316213741465
4.319689898685965	0.5262514259684901
4.319689898685965	0.5296577633287538
4.319689898685965	0.5309487048897509
4.319689898685965	0.5335132136892652
4.319689898685965	0.5420311466257794
4.319689898685965	0.5437378053601523
4.319689898685965	0.5549590892698917
4.319689898685965	0.558506772317737
4.319689898685965	0.5601093344200937
4.319689898685965	0.5659246475625623
4.319689898685965	0.5662783884866902
4.319689898685965	0.5805720478819593
4.319689898685965	0.5811941436699896
4.319689898685965	0.5821535631274378
4.319689898685965	0.5855850058934935
4.319689898685965	0.5867261581058326
4.319689898685965	0.587357722201496
4.319689898685965	0.5874527157789946
4.319689898685965	0.5911759787831738
4.319689898685965	0.5976182508164607
4.319689898685965	0.6009794236301672
4.319689898685965	0.6017912442470402
4.319689898685965	0.61235019635128
4.319689898685965	0.6135351829482993
4.319689898685965	0.6214574948782388
4.319689898685965	0.6298627187482606
4.319689898685965	0.6300378659623486
4.319689898685965	0.630334446308472
4.319689898685965	0.6322085703631232
4.319689898685965	0.6485763389157997
4.319689898685965	0.6530940885301066
4.319689898685965	0.6535938238948567
4.319689898685965	0.6556970053986522
4.319689898685965	0.6597806822059136
4.319689898685965	0.703197104574671
4.319689898685965	0.7148462766496755
4.319689898685965	0.7167633242571051
4.319689898685965	0.7184801385909412
4.319689898685965	0.7473879140156047
4.319689898685965	0.749942221842535
4.319689898685965	0.7500095011327362
4.319689898685965	0.7527712588231262
4.319689898685965	0.7548147040051171
4.319689898685965	0.7559966491185419
4.319689898685965	0.7722810241702409
4.319689898685965	0.7901462250927084
4.319689898685965	0.7913169387279319
4.319689898685965	0.7925783504446783
4.319689898685965	0.7982120035114433
4.319689898685965	0.7990120893482688
4.319689898685965	0.8040941517399062
4.319689898685965	0.8058736854866333
4.319689898685965	0.80901657984057
4.319689898685965	0.8126265575987931
4.319689898685965	0.8144604552655619
4.319689898685965	0.8158008844867173
4.319689898685965	0.8175638150358476
4.319689898685965	0.8243273397008446
4.319689898685965	0.8329382872195945
4.319689898685965	0.8335711345993728
4.319689898685965	0.8352105601565005
4.319689898685965	0.8370333312071989
4.319689898685965	0.8375522622739644
4.319689898685965	0.8388484943605553
4.319689898685965	0.8431373763288996
4.319689898685965	0.8470347604637913
4.319689898685965	0.8533472755013816
4.319689898685965	0.8582835787134142
4.319689898685965	0.8629090654823544
4.319689898685965	0.8690114203803372
4.319689898685965	0.8720617725993469
4.319689898685965	0.8721864645515532
4.319689898685965	0.8828555855820743
4.319689898685965	0.8839070647754718
4.319689898685965	0.8839498938465996
4.319689898685965	0.8930108375203316
4.319689898685965	0.9104124263925524
4.319689898685965	0.9143798710262669
4.319689898685965	0.9210475371758119
4.319689898685965	0.9218040182602634
4.319689898685965	0.9328344277609313
4.319689898685965	0.940348068559024
4.319689898685965	0.9462883823037727
4.319689898685965	0.9490771645514142
4.319689898685965	0.9511222558777396
4.319689898685965	0.9583303504361678
4.319689898685965	0.9740766237299207
4.319689898685965	0.9741156605337352
4.319689898685965	0.9818170287182735
4.319689898685965	0.9913052560423914
4.319689898685965	1.0036931604292958
4.319689898685965	1.007479929605168
4.319689898685965	1.0163329503478153
4.319689898685965	1.0256847963114006
4.319689898685965	1.0268240287500752
4.319689898685965	1.0402653040964176
4.319689898685965	1.0491219404972227
4.319689898685965	1.0491701712123749
4.319689898685965	1.0536193508352216
4.319689898685965	1.0715468571683786
4.319689898685965	1.076224716078591
4.319689898685965	1.0766703925369756
4.319689898685965	1.0798405252000025
4.319689898685965	1.081725609816101
4.319689898685965	1.0831751758754207
4.319689898685965	1.0884711773705438
4.319689898685965	1.091509940827526
4.319689898685965	1.1011824547734266
4.319689898685965	1.1045827088890512
4.319689898685965	1.1167502852797244
4.319689898685965	1.122005214784985
4.319689898685965	1.1266741891765908
4.319689898685965	1.1344957639674909
4.319689898685965	1.1383243519961492
4.319689898685965	1.1393982572747927
4.319689898685965	1.1465923301436285
4.319689898685965	1.1503975489901643
4.319689898685965	1.159090901590581
4.319689898685965	1.1592278360774209
4.319689898685965	1.1672056097861128
4.319689898685965	1.172747360806085
4.319689898685965	1.1734170358524092
4.319689898685965	1.1756976475477972
4.319689898685965	1.178788456240503
4.319689898685965	1.183607891520301
4.319689898685965	1.1904621796220236
4.319689898685965	1.1927401781493416
4.319689898685965	1.1950317141273041
4.319689898685965	1.2038448767127967
4.319689898685965	1.2083430066634837
4.319689898685965	1.2200053871233951
4.319689898685965	1.2225378049929478
4.319689898685965	1.2355447994857585
4.319689898685965	1.243432776082526
4.319689898685965	1.2437988287106077
4.319689898685965	1.2496830633942095
4.319689898685965	1.2581150858993873
4.319689898685965	1.2769245053054847
4.319689898685965	1.2797353004334613
4.319689898685965	1.2824553296076298
4.319689898685965	1.286989928668536
4.319689898685965	1.3092394479477425
4.319689898685965	1.311298297818128
4.319689898685965	1.3134073583152033
4.319689898685965	1.3233131095277448
4.319689898685965	1.3282555497678081
4.319689898685965	1.3442684421220283
4.319689898685965	1.347387027880032
4.319689898685965	1.3632518540944605
4.319689898685965	1.3856305793004222
4.319689898685965	1.3934571428622509
4.319689898685965	1.3955988260336594
4.319689898685965	1.405096368215376
4.319689898685965	1.405612780604487
4.319689898685965	1.4125429572382515
4.319689898685965	1.427702280195284
4.319689898685965	1.4311473743935
4.319689898685965	1.435288983188919
4.319689898685965	1.4444701595549585
4.319689898685965	1.4540161829408795
4.319689898685965	1.4581778726112722
4.319689898685965	1.461320057876566
4.319689898685965	1.4746839329705073
4.319689898685965	1.4875483292772103
4.319689898685965	1.490394984611858
4.319689898685965	1.5018827765566278
4.319689898685965	1.5039739109087027
4.319689898685965	1.506932865699857
4.319689898685965	1.510402280574807
4.319689898685965	1.5129403106618748
4.319689898685965	1.5130171447012468
4.319689898685965	1.518961237974314
4.319689898685965	1.5251517141867128
4.319689898685965	1.5257364609839004
4.319689898685965	1.5441147166561167
4.319689898685965	1.5464769924601955
4.319689898685965	1.5553923568813488
4.319689898685965	1.5557231200554116
4.319689898685965	1.566259257594099
4.319689898685965	1.569772907427728
4.319689898685965	1.5743015718582987
4.319689898685965	1.5929898522616153
4.319689898685965	1.6007479173718107
4.319689898685965	1.6037929342729629
4.319689898685965	1.605900297347421
4.319689898685965	1.6202095443833304
4.319689898685965	1.6267561282484722
4.319689898685965	1.6298722152441636
4.319689898685965	1.6347310106817625
4.319689898685965	1.647966952814448
4.319689898685965	1.650983344488829
4.319689898685965	1.6542817776168648
4.319689898685965	1.677861260334486
4.319689898685965	1.6860811691972486
4.319689898685965	1.6860903453773548
4.319689898685965	1.6958716217769367
4.319689898685965	1.6978607555627974
4.319689898685965	1.7108306823633297
4.319689898685965	1.7166587949958323
4.319689898685965	1.7252774826384494
4.319689898685965	1.7315111854225476
4.319689898685965	1.7970361604355967
4.319689898685965	1.8014803031176014
4.319689898685965	1.806331015244807
4.319689898685965	1.8129615717214709
4.319689898685965	1.8158695947040737
4.319689898685965	1.8331291125012708
4.319689898685965	1.8381262217542544
4.319689898685965	1.8503005309009577
4.319689898685965	1.851605111512381
4.319689898685965	1.8608347050602112
4.319689898685965	1.894033122420837
4.319689898685965	1.896335781156097
4.319689898685965	1.9059218502021524
4.319689898685965	1.9068557887237447
4.319689898685965	1.914058618862875
4.319689898685965	1.9198903153141917
4.319689898685965	1.9200523484916387
4.319689898685965	1.9245059107784368
4.319689898685965	1.9367086378718656
4.319689898685965	1.9475973186965727
4.319689898685965	1.9524070296169203
4.319689898685965	1.9612456416950323
4.319689898685965	1.9657991430475426
4.319689898685965	1.9674812266609663
4.319689898685965	1.985891443932965
4.319689898685965	2.012375571067484
4.319689898685965	2.0318774386785856
4.319689898685965	2.0452893258308054
4.319689898685965	2.0550833091504854
4.319689898685965	2.0553864367959562
4.319689898685965	2.0612587946241008
4.319689898685965	2.0705642531327246
4.319689898685965	2.0867534774003724
4.319689898685965	2.093138064122366
4.319689898685965	2.1504866823700084
4.319689898685965	2.153395126223745
4.319689898685965	2.1572530902972202
4.319689898685965	2.168821568395596
4.319689898685965	2.2070990737362886
4.319689898685965	2.2151303299502105
4.319689898685965	2.2297432018806447
4.319689898685965	2.2311590312519134
4.319689898685965	2.2372922810420253
4.319689898685965	2.2407830324639217
4.319689898685965	2.2663935647797553
4.319689898685965	2.2724452014468297
4.319689898685965	2.2803495535535907
4.319689898685965	2.298685603356583
4.319689898685965	2.3195526397106137
4.319689898685965	2.319790240294761
4.319689898685965	2.374132506772855
4.319689898685965	2.3985133101163507
4.319689898685965	2.401417201262507
4.319689898685965	2.4261596549195215
4.319689898685965	2.449331674201305
4.319689898685965	2.4501479954815517
4.319689898685965	2.4915882825851376
4.319689898685965	2.492273346190658
4.319689898685965	2.517202576427424
4.319689898685965	2.5326531386874316
4.319689898685965	2.540770461965777
4.319689898685965	2.5465220549012297
4.319689898685965	2.5694787400877543
4.319689898685965	2.6779544837992777
4.319689898685965	2.7189325589719466
4.319689898685965	2.747646312284924
4.319689898685965	2.7567254787822923
4.319689898685965	2.7614567593131865
4.319689898685965	2.8320605879293925
4.319689898685965	2.855072353518657
4.319689898685965	2.8602164059321185
4.319689898685965	2.884942585879714
4.319689898685965	2.8871677789882075
4.319689898685965	3.043755029537833
4.319689898685965	3.0757720556077457
4.319689898685965	3.14011031469487
4.319689898685965	3.2127685295772643
4.319689898685965	3.216617945050821
4.319689898685965	3.3499216439340462
4.319689898685965	3.3513646576714153
4.319689898685965	3.3929542347227093
4.319689898685965	3.427933219140911
4.319689898685965	3.458827037084648
4.319689898685965	3.464719243813035
4.319689898685965	3.6797068696945274
4.319689898685965	3.6894158091354052
4.71238898038469	-4.314348969430066
4.71238898038469	-4.277590430196209
4.71238898038469	-4.059372953717903
4.71238898038469	-4.011935300817706
4.71238898038469	-3.90938979978671
4.71238898038469	-3.894981264941959
4.71238898038469	-3.8500155661550326
4.71238898038469	-3.705944182543432
4.71238898038469	-3.702533646792792
4.71238898038469	-3.6770537003248225
4.71238898038469	-3.656782047198448
4.71238898038469	-3.6241594657944805
4.71238898038469	-3.597173550135761
4.71238898038469	-3.4901543868677742
4.71238898038469	-3.407738516140548
4.71238898038469	-3.2859588087773237
4.71238898038469	-3.2049576925334544
4.71238898038469	-3.1730817525942947
4.71238898038469	-3.1619307696063896
4.71238898038469	-3.1403521593886254
4.71238898038469	-3.121077391457582
4.71238898038469	-3.0988182574292664
4.71238898038469	-3.0096685519226107
4.71238898038469	-2.9730017448745394
4.71238898038469	-2.9512039363527482
4.71238898038469	-2.93779324366433
4.71238898038469	-2.896286771430004
4.71238898038469	-2.8880902241341686
4.71238898038469	-2.8730134331909594
4.71238898038469	-2.7928723047827355
4.71238898038469	-2.7795736668101667
4.71238898038469	-2.777890161248347
4.71238898038469	-2.7768003697319172
4.71238898038469	-2.753479072581413
4.71238898038469	-2.6880877775836223
4.71238898038469	-2.6786492619316458
4.71238898038469	-2.666038662534231
4.71238898038469	-2.6372316726580363
4.71238898038469	-2.6116209588017774
4.71238898038469	-2.6108896290925467
4.71238898038469	-2.5757480658368332
4.71238898038469	-2.5360703773272895
4.71238898038469	-2.5112907388337296
4.71238898038469	-2.508929130075675
4.71238898038469	-2.495420907437872
4.71238898038469	-2.488416553292995
4.71238898038469	-2.4729856599571547
4.71238898038469	-2.4655381329016284
4.71238898038469	-2.4207343147667415
4.71238898038469	-2.416721111482444
4.71238898038469	-2.4154460719508632
4.71238898038469	-2.404639277880038
4.71238898038469	-2.394926621558524
4.71238898038469	-2.3841405424393893
4.71238898038469	-2.3808994185638017
4.71238898038469	-2.368207094334547
4.71238898038469	-2.365374741176759
4.71238898038469	-2.35164585296323
4.71238898038469	-2.321327488494864
4.71238898038469	-2.3123718778416165
4.71238898038469	-2.281626998934802
4.71238898038469	-2.2714988111131666
4.71238898038469	-2.264074044618806
4.71238898038469	-2.2280374868879185
4.71238898038469	-2.2240800869464383
4.71238898038469	-2.2171714267049114
4.71238898038469	-2.199441599480482
4.71238898038469	-2.185347954415424
4.71238898038469	-2.1847445337081144
4.71238898038469	-2.1721186121719165
4.71238898038469	-2.145462777733058
4.71238898038469	-2.1387317867515008
4.71238898038469	-2.1273321409835213
4.71238898038469	-2.1080078812236946
4.71238898038469	-2.1045702274377036
4.71238898038469	-2.1029443452352785
4.71238898038469	-2.085435536181198
4.71238898038469	-2.0833647135695474
4.71238898038469	-2.0777183100598173
4.71238898038469	-2.0704008439689763
4.71238898038469	-2.0396165675011226
4.71238898038469	-2.0338899897413247
4.71238898038469	-1.9851580525782784
4.71238898038469	-1.9590408123724963
4.71238898038469	-1.9587541904434251
4.71238898038469	-1.9547572041047214
4.71238898038469	-1.9513361914784393
4.71238898038469	-1.9400985241875242
4.71238898038469	-1.9380369004733788
4.71238898038469	-1.9303763242784302
4.71238898038469	-1.9224959351934152
4.71238898038469	-1.9073824498446634
4.71238898038469	-1.8942017854299606
4.71238898038469	-1.8905993448844574
4.71238898038469	-1.887647251382733
4.71238898038469	-1.8776413415320126
4.71238898038469	-1.8682559854456307
4.71238898038469	-1.8641518002054713
4.71238898038469	-1.8606148191872143
4.71238898038469	-1.8557500859750335
4.71238898038469	-1.8490782756607749
4.71238898038469	-1.8480849023955865
4.71238898038469	-1.84461259279593
4.71238898038469	-1.817514393319854
4.71238898038469	-1.8156281878726028
4.71238898038469	-1.8084789980202385
4.71238898038469	-1.7960464108243595
4.71238898038469	-1.7783736315776815
4.71238898038469	-1.7535610802979948
4.71238898038469	-1.736912133783624
4.71238898038469	-1.7233990447157885
4.71238898038469	-1.715440715474815
4.71238898038469	-1.7021174061873734
4.71238898038469	-1.6962665005415074
4.71238898038469	-1.69452465972238
4.71238898038469	-1.6938764711733403
4.71238898038469	-1.6810426555861517
4.71238898038469	-1.6765773641403876
4.71238898038469	-1.6703380767744105
4.71238898038469	-1.6636776388119654
4.71238898038469	-1.645047962865292
4.71238898038469	-1.6440576415012917
4.71238898038469	-1.6439081379506957
4.71238898038469	-1.6286350293731897
4.71238898038469	-1.617137858667142
4.71238898038469	-1.615804239043733
4.71238898038469	-1.614706326932737
4.71238898038469	-1.5978516923807589
4.71238898038469	-1.597299886717188
4.71238898038469	-1.5779457306413445
4.71238898038469	-1.5769857827715679
4.71238898038469	-1.5447263134039133
4.71238898038469	-1.5417918076537982
4.71238898038469	-1.527213617625667
4.71238898038469	-1.5243323085210452
4.71238898038469	-1.518556754811065
4.71238898038469	-1.5149063783730736
4.71238898038469	-1.5134277320624345
4.71238898038469	-1.5072163939278105
4.71238898038469	-1.4995643267999088
4.71238898038469	-1.495678129288101
4.71238898038469	-1.4912939612539065
4.71238898038469	-1.49004572353147
4.71238898038469	-1.4817312840692558
4.71238898038469	-1.4805934240066134
4.71238898038469	-1.4693676740932453
4.71238898038469	-1.4644305755373048
4.71238898038469	-1.463605427332813
4.71238898038469	-1.4621429084514266
4.71238898038469	-1.4597614408242048
4.71238898038469	-1.4586741984315583
4.71238898038469	-1.4585710844234836
4.71238898038469	-1.452334803073875
4.71238898038469	-1.444475451106476
4.71238898038469	-1.437147618350553
4.71238898038469	-1.4314242816685465
4.71238898038469	-1.4221424799334819
4.71238898038469	-1.4167508994695583
4.71238898038469	-1.387674717807759
4.71238898038469	-1.3840903210688251
4.71238898038469	-1.3838758311164565
4.71238898038469	-1.3811531539087905
4.71238898038469	-1.3800825403864947
4.71238898038469	-1.3762007236095017
4.71238898038469	-1.3721321224174097
4.71238898038469	-1.3517337083214653
4.71238898038469	-1.3420683743839674
4.71238898038469	-1.34123217540157
4.71238898038469	-1.3382855142709806
4.71238898038469	-1.3190762607839495
4.71238898038469	-1.3133668421109728
4.71238898038469	-1.311154815231723
4.71238898038469	-1.303566243458404
4.71238898038469	-1.2964598163159355
4.71238898038469	-1.2961542188234043
4.71238898038469	-1.2795399819210052
4.71238898038469	-1.2680661764432473
4.71238898038469	-1.2609662584118666
4.71238898038469	-1.259214818909748
4.71238898038469	-1.2318367240243582
4.71238898038469	-1.227135163117377
4.71238898038469	-1.2258546687599607
4.71238898038469	-1.2210732703010507
4.71238898038469	-1.2187010412276376
4.71238898038469	-1.2114847981852754
4.71238898038469	-1.210372553522845
4.71238898038469	-1.2045118901968772
4.71238898038469	-1.2003256283715864
4.71238898038469	-1.199910310868831
4.71238898038469	-1.198606449458971
4.71238898038469	-1.1943193638787775
4.71238898038469	-1.188298596948919
4.71238898038469	-1.187652178540102
4.71238898038469	-1.1871213689515736
4.71238898038469	-1.1819677201984837
4.71238898038469	-1.148317309932975
4.71238898038469	-1.1441992769434002
4.71238898038469	-1.1272687155235972
4.71238898038469	-1.1211943643796634
4.71238898038469	-1.121051804444645
4.71238898038469	-1.113725949805803
4.71238898038469	-1.0896906822928845
4.71238898038469	-1.0857688925215894
4.71238898038469	-1.0831152621222435
4.71238898038469	-1.0771155110301167
4.71238898038469	-1.0763946055425453
4.71238898038469	-1.0756540382429585
4.71238898038469	-1.066304633104874
4.71238898038469	-1.0627435729277714
4.71238898038469	-1.0541264306431846
4.71238898038469	-1.0536420943744662
4.71238898038469	-1.045638520380844
4.71238898038469	-1.0396466787157137
4.71238898038469	-1.0347636800690432
4.71238898038469	-1.0238034302090298
4.71238898038469	-1.018378697308822
4.71238898038469	-1.009840111301417
4.71238898038469	-1.008610285675226
4.71238898038469	-1.003077425723143
4.71238898038469	-1.0028532083975963
4.71238898038469	-0.9998859436345509
4.71238898038469	-0.9963857845153514
4.71238898038469	-0.9957701196567423
4.71238898038469	-0.985217770726003
4.71238898038469	-0.9787861955226352
4.71238898038469	-0.976198893052544
4.71238898038469	-0.9637349380162274
4.71238898038469	-0.9561785985763285
4.71238898038469	-0.9528920001614898
4.71238898038469	-0.9429333701207232
4.71238898038469	-0.9387021213004435
4.71238898038469	-0.9191970681489248
4.71238898038469	-0.9141248116018112
4.71238898038469	-0.9036145805609173
4.71238898038469	-0.8963914839710696
4.71238898038469	-0.8949971111408016
4.71238898038469	-0.8897932285937027
4.71238898038469	-0.8774088531229403
4.71238898038469	-0.8752947199671273
4.71238898038469	-0.8660341572220093
4.71238898038469	-0.8656906768277127
4.71238898038469	-0.8623230019147046
4.71238898038469	-0.8619204305708937
4.71238898038469	-0.8596872870286688
4.71238898038469	-0.8487389420977229
4.71238898038469	-0.8344280832357289
4.71238898038469	-0.8215459299785909
4.71238898038469	-0.8201694970822011
4.71238898038469	-0.819893965449333
4.71238898038469	-0.8198622192508885
4.71238898038469	-0.819518182822729
4.71238898038469	-0.8172463301381806
4.71238898038469	-0.8160475159627513
4.71238898038469	-0.8054866258378236
4.71238898038469	-0.8016806199408321
4.71238898038469	-0.7944976051720365
4.71238898038469	-0.7928171629682355
4.71238898038469	-0.7903245887190404
4.71238898038469	-0.7891359353791488
4.71238898038469	-0.7780349959606063
4.71238898038469	-0.7755079425424534
4.71238898038469	-0.7557162090307278
4.71238898038469	-0.7536362390443795
4.71238898038469	-0.7492305832773213
4.71238898038469	-0.7484503893960666
4.71238898038469	-0.728379047786948
4.71238898038469	-0.7264798432487896
4.71238898038469	-0.7236438852048466
4.71238898038469	-0.7173365208665142
4.71238898038469	-0.7133700695522375
4.71238898038469	-0.7098024234430212
4.71238898038469	-0.6889270992824649
4.71238898038469	-0.6870858677020573
4.71238898038469	-0.677278176334791
4.71238898038469	-0.6643199184793738
4.71238898038469	-0.6623482883027093
4.71238898038469	-0.6582861290416784
4.71238898038469	-0.6576640564758541
4.71238898038469	-0.6562193340616188
4.71238898038469	-0.6541941941485461
4.71238898038469	-0.6524466401203814
4.71238898038469	-0.6502474028487758
4.71238898038469	-0.6472000282982611
4.71238898038469	-0.6469382259933377
4.71238898038469	-0.6446673555568293
4.71238898038469	-0.6380150531278752
4.71238898038469	-0.6356757218868961
4.71238898038469	-0.6158661959183902
4.71238898038469	-0.6151703584904387
4.71238898038469	-0.5977483236574347
4.71238898038469	-0.5941386218297174
4.71238898038469	-0.5915647794471814
4.71238898038469	-0.5804898826674156
4.71238898038469	-0.5774030170175193
4.71238898038469	-0.5667628881618849
4.71238898038469	-0.5647972321824019
4.71238898038469	-0.5620084594371879
4.71238898038469	-0.5524219532688148
4.71238898038469	-0.5498930906538702
4.71238898038469	-0.5492335453308241
4.71238898038469	-0.5490281007936422
4.71238898038469	-0.5429272852728224
4.71238898038469	-0.5353787182660285
4.71238898038469	-0.5342264301531242
4.71238898038469	-0.5334236430975169
4.71238898038469	-0.5240052662346
4.71238898038469	-0.4998428695083068
4.71238898038469	-0.4946565308518348
4.71238898038469	-0.49371366372863285
4.71238898038469	-0.48857981153652164
4.71238898038469	-0.48270586572280255
4.71238898038469	-0.4824391520247574
4.71238898038469	-0.4764551548846714
4.71238898038469	-0.4722669873727463
4.71238898038469	-0.47179783946432907
4.71238898038469	-0.46152844265817317
4.71238898038469	-0.45481010876748956
4.71238898038469	-0.4524525686365307
4.71238898038469	-0.44994324003074104
4.71238898038469	-0.4465332973728937
4.71238898038469	-0.4370079575885423
4.71238898038469	-0.4368274059818132
4.71238898038469	-0.43316561915962315
4.71238898038469	-0.4263196726767844
4.71238898038469	-0.4204614947983276
4.71238898038469	-0.40617596201337447
4.71238898038469	-0.3945110467930655
4.71238898038469	-0.3833239699069295
4.71238898038469	-0.3824107665357107
4.71238898038469	-0.3801792488232077
4.71238898038469	-0.3766787907938979
4.71238898038469	-0.3740741743394211
4.71238898038469	-0.3709309459806169
4.71238898038469	-0.36441339323671995
4.71238898038469	-0.3579212918673143
4.71238898038469	-0.35735651976598765
4.71238898038469	-0.3570457955123792
4.71238898038469	-0.3561317432676851
4.71238898038469	-0.3554735757687779
4.71238898038469	-0.34847236828560496
4.71238898038469	-0.34844460997658294
4.71238898038469	-0.3411534356228665
4.71238898038469	-0.3347565784999186
4.71238898038469	-0.33126491068117114
4.71238898038469	-0.3282049387223761
4.71238898038469	-0.3276959998753252
4.71238898038469	-0.32728038284721206
4.71238898038469	-0.3158206592091151
4.71238898038469	-0.31233888787024694
4.71238898038469	-0.3119650757304991
4.71238898038469	-0.31053941840869304
4.71238898038469	-0.3038555114849344
4.71238898038469	-0.291720860733054
4.71238898038469	-0.2896368869910149
4.71238898038469	-0.2846921232305575
4.71238898038469	-0.27317930911573196
4.71238898038469	-0.2653669160318598
4.71238898038469	-0.2649249517232296
4.71238898038469	-0.26466472093315074
4.71238898038469	-0.25850973503338937
4.71238898038469	-0.25171086129451714
4.71238898038469	-0.24400627876555214
4.71238898038469	-0.23948660935523605
4.71238898038469	-0.23850675650632425
4.71238898038469	-0.2384634517559462
4.71238898038469	-0.22135984619034757
4.71238898038469	-0.21833845131793878
4.71238898038469	-0.21557048495471856
4.71238898038469	-0.2096022809709574
4.71238898038469	-0.20934151425083034
4.71238898038469	-0.20398890038850404
4.71238898038469	-0.19973029899770525
4.71238898038469	-0.19772027281577167
4.71238898038469	-0.18833807754622223
4.71238898038469	-0.1810761839689392
4.71238898038469	-0.17111731383344184
4.71238898038469	-0.17059804585349717
4.71238898038469	-0.1643375818597712
4.71238898038469	-0.15680015517022783
4.71238898038469	-0.15102920342365084
4.71238898038469	-0.15089732345582438
4.71238898038469	-0.15068839572022533
4.71238898038469	-0.14997645885507865
4.71238898038469	-0.14827249839937548
4.71238898038469	-0.14233166861427152
4.71238898038469	-0.13887660286742293
4.71238898038469	-0.13617073592015783
4.71238898038469	-0.12770035783798184
4.71238898038469	-0.12360508019751437
4.71238898038469	-0.113283351276281
4.71238898038469	-0.11222657060369519
4.71238898038469	-0.1096097272234427
4.71238898038469	-0.10668761458412032
4.71238898038469	-0.09404774712149506
4.71238898038469	-0.09401242409535411
4.71238898038469	-0.09053021987077237
4.71238898038469	-0.08237189050341165
4.71238898038469	-0.07240330055484677
4.71238898038469	-0.07070358988505919
4.71238898038469	-0.050954371721718995
4.71238898038469	-0.048642556099056634
4.71238898038469	-0.0446223168163434
4.71238898038469	-0.04375282175751898
4.71238898038469	-0.034557974908938915
4.71238898038469	-0.03122054513997119
4.71238898038469	-0.0266243547118461
4.71238898038469	-0.022344257785924304
4.71238898038469	-0.02010262300675891
4.71238898038469	-0.020072241372689203
4.71238898038469	-0.019981244925107916
4.71238898038469	-0.01815556102499751
4.71238898038469	-0.016475416073617688
4.71238898038469	-0.016468385460360793
4.71238898038469	-0.011865788979702252
4.71238898038469	-0.006313060491018146
4.71238898038469	-0.004081435212853942
4.71238898038469	-0.0032458105679972742
4.71238898038469	0.005764930167657478
4.71238898038469	0.009037993092683104
4.71238898038469	0.015422674948350507
4.71238898038469	0.018308416195885135
4.71238898038469	0.021782694466605256
4.71238898038469	0.026923569940528136
4.71238898038469	0.03186737841310583
4.71238898038469	0.03700820774021141
4.71238898038469	0.048443830045545866
4.71238898038469	0.05539142329767488
4.71238898038469	0.06223896160493325
4.71238898038469	0.0812441586671051
4.71238898038469	0.09262995623895165
4.71238898038469	0.0927355621637478
4.71238898038469	0.09438883917011898
4.71238898038469	0.09627008587554009
4.71238898038469	0.10010813122773854
4.71238898038469	0.10486732320904713
4.71238898038469	0.11205700151362219
4.71238898038469	0.11876250497807295
4.71238898038469	0.12475637718412054
4.71238898038469	0.12524152710935277
4.71238898038469	0.13104151169332878
4.71238898038469	0.13495168873868213
4.71238898038469	0.14222065357729258
4.71238898038469	0.1423156563600558
4.71238898038469	0.1427249893966367
4.71238898038469	0.14424988823582705
4.71238898038469	0.15691704700636475
4.71238898038469	0.15853885501868037
4.71238898038469	0.1673414778305687
4.71238898038469	0.16982548878776013
4.71238898038469	0.1768905443719495
4.71238898038469	0.18107391738250644
4.71238898038469	0.187646803588687
4.71238898038469	0.1881247451108157
4.71238898038469	0.19128429237751224
4.71238898038469	0.19192132975679663
4.71238898038469	0.20280579773342317
4.71238898038469	0.20430964689732456
4.71238898038469	0.20571297842713268
4.71238898038469	0.20601088400000925
4.71238898038469	0.20753525933599837
4.71238898038469	0.21225812743387526
4.71238898038469	0.21378261173278912
4.71238898038469	0.22116996661408064
4.71238898038469	0.22434711985921182
4.71238898038469	0.22487473086015683
4.71238898038469	0.22807999294374487
4.71238898038469	0.22938324493424853
4.71238898038469	0.2345642822107785
4.71238898038469	0.2375478380717202
4.71238898038469	0.24298048286801688
4.71238898038469	0.25141820971392326
4.71238898038469	0.2574754206702847
4.71238898038469	0.2586351091727386
4.71238898038469	0.2634613338422822
4.71238898038469	0.2693037223490915
4.71238898038469	0.27541327793878523
4.71238898038469	0.27591849491803916
4.71238898038469	0.28416570955125825
4.71238898038469	0.28473693826312707
4.71238898038469	0.3007048560707517
4.71238898038469	0.3044670777968399
4.71238898038469	0.3289313272500128
4.71238898038469	0.33205768351998405
4.71238898038469	0.33243082124953643
4.71238898038469	0.34294686059373397
4.71238898038469	0.3434738404480704
4.71238898038469	0.34407082478850853
4.71238898038469	0.34475371367902796
4.71238898038469	0.3517269312706741
4.71238898038469	0.36387868682925495
4.71238898038469	0.37340593698034064
4.71238898038469	0.3746885620905555
4.71238898038469	0.37484246700637136
4.71238898038469	0.3773522836631777
4.71238898038469	0.40326629843581535
4.71238898038469	0.40597520134081566
4.71238898038469	0.41106675460783987
4.71238898038469	0.4111867230503481
4.71238898038469	0.4131082436092899
4.71238898038469	0.4174024830320415
4.71238898038469	0.4221018796909828
4.71238898038469	0.4267335836239874
4.71238898038469	0.43347745146537475
4.71238898038469	0.43370377086111195
4.71238898038469	0.43377838616647507
4.71238898038469	0.4380642278565547
4.71238898038469	0.43998254919473795
4.71238898038469	0.4411072186818674
4.71238898038469	0.4489998751626234
4.71238898038469	0.44993402477628086
4.71238898038469	0.4555126503858329
4.71238898038469	0.46373749969805306
4.71238898038469	0.46507100157289244
4.71238898038469	0.46511162712850157
4.71238898038469	0.47281377631657084
4.71238898038469	0.47577025483947993
4.71238898038469	0.47631890463677934
4.71238898038469	0.47898554512289226
4.71238898038469	0.4804283802761533
4.71238898038469	0.48069072754039127
4.71238898038469	0.4972439384024461
4.71238898038469	0.5038456470231609
4.71238898038469	0.5291031421518948
4.71238898038469	0.535795772000763
4.71238898038469	0.5363528283696175
4.71238898038469	0.5406149023700997
4.71238898038469	0.5437580002407345
4.71238898038469	0.544779602775033
4.71238898038469	0.5456910995777216
4.71238898038469	0.551173079811718
4.71238898038469	0.5546901836203215
4.71238898038469	0.5583002031369
4.71238898038469	0.5608232901987293
4.71238898038469	0.5624061465482937
4.71238898038469	0.5649553522780416
4.71238898038469	0.5667080997473651
4.71238898038469	0.571412885039043
4.71238898038469	0.5831359518001493
4.71238898038469	0.5873754750463323
4.71238898038469	0.5893415468996901
4.71238898038469	0.6047804708080474
4.71238898038469	0.6065400094052494
4.71238898038469	0.613806446514479
4.71238898038469	0.6189520296564106
4.71238898038469	0.621957198078263
4.71238898038469	0.6295915733403692
4.71238898038469	0.6315678694937459
4.71238898038469	0.6398054778568913
4.71238898038469	0.6432681951087779
4.71238898038469	0.6462779951866571
4.71238898038469	0.6529916741746002
4.71238898038469	0.6588964183523496
4.71238898038469	0.6744441521552909
4.71238898038469	0.689000945423082
4.71238898038469	0.6916984472692735
4.71238898038469	0.6917672075742471
4.71238898038469	0.7109416620283673
4.71238898038469	0.7147895492407863
4.71238898038469	0.7190262485772103
4.71238898038469	0.7231228836208876
4.71238898038469	0.7264796580516462
4.71238898038469	0.7267053182449256
4.71238898038469	0.7377381153952736
4.71238898038469	0.749378511456221
4.71238898038469	0.7600972381195747
4.71238898038469	0.76607803662354
4.71238898038469	0.7720036484069164
4.71238898038469	0.7811945639997897
4.71238898038469	0.7830978041565951
4.71238898038469	0.7860168093686063
4.71238898038469	0.7883799660763426
4.71238898038469	0.7986110703191573
4.71238898038469	0.8056546990606672
4.71238898038469	0.8061232020718317
4.71238898038469	0.8105677189041631
4.71238898038469	0.8160756884808871
4.71238898038469	0.8192632986516977
4.71238898038469	0.8210156389295848
4.71238898038469	0.8313922839964021
4.71238898038469	0.8327461778464545
4.71238898038469	0.8349912192276644
4.71238898038469	0.844203228198895
4.71238898038469	0.8462834555852219
4.71238898038469	0.8503030134259149
4.71238898038469	0.8561379291877556
4.71238898038469	0.8578549290915376
4.71238898038469	0.861026428798136
4.71238898038469	0.8720385254262466
4.71238898038469	0.8735685800915667
4.71238898038469	0.8859646934449077
4.71238898038469	0.8946062640152839
4.71238898038469	0.9038160015281358
4.71238898038469	0.907729615177784
4.71238898038469	0.9150915631843249
4.71238898038469	0.91768161317289
4.71238898038469	0.9177179334157531
4.71238898038469	0.9255206689796318
4.71238898038469	0.9256239751076853
4.71238898038469	0.9269946144659739
4.71238898038469	0.9355596047822238
4.71238898038469	0.9364016460457996
4.71238898038469	0.9400853357252379
4.71238898038469	0.9415403291445472
4.71238898038469	0.9425318392237227
4.71238898038469	0.9468001029371826
4.71238898038469	0.948020913243907
4.71238898038469	0.9485037995328622
4.71238898038469	0.954470729660962
4.71238898038469	0.9564641482129972
4.71238898038469	0.9574703459359541
4.71238898038469	0.9834108537768191
4.71238898038469	0.9845706236929916
4.71238898038469	1.0026339628270318
4.71238898038469	1.0072958817037385
4.71238898038469	1.0107549726714038
4.71238898038469	1.0308952480531208
4.71238898038469	1.035462741613836
4.71238898038469	1.0534618288815336
4.71238898038469	1.0539837312526885
4.71238898038469	1.0687054736034818
4.71238898038469	1.080578724518622
4.71238898038469	1.0898610577703196
4.71238898038469	1.0901591720446757
4.71238898038469	1.0989526490209505
4.71238898038469	1.118531974100275
4.71238898038469	1.129353073903892
4.71238898038469	1.1319345083180146
4.71238898038469	1.1343324256430865
4.71238898038469	1.1512854000156052
4.71238898038469	1.1550413027823063
4.71238898038469	1.1555053089857705
4.71238898038469	1.1572551756565455
4.71238898038469	1.157281633396726
4.71238898038469	1.1573304442649117
4.71238898038469	1.1579155436696322
4.71238898038469	1.159991055589557
4.71238898038469	1.166424045088719
4.71238898038469	1.1672963654583084
4.71238898038469	1.1711492612618715
4.71238898038469	1.1935878537619407
4.71238898038469	1.196001989244008
4.71238898038469	1.2003288579724813
4.71238898038469	1.201637930437489
4.71238898038469	1.2016944295635101
4.71238898038469	1.2077167812396477
4.71238898038469	1.2112501160019273
4.71238898038469	1.2112620851759541
4.71238898038469	1.2145933962666504
4.71238898038469	1.2181633001057826
4.71238898038469	1.2194767738145444
4.71238898038469	1.2404755787799895
4.71238898038469	1.242113510812214
4.71238898038469	1.2423747103549287
4.71238898038469	1.2440015569263914
4.71238898038469	1.251824409617686
4.71238898038469	1.2582025886011068
4.71238898038469	1.2634876639539638
4.71238898038469	1.2753174371554952
4.71238898038469	1.2800791246553032
4.71238898038469	1.289253924784854
4.71238898038469	1.2901658532185571
4.71238898038469	1.2910264746310056
4.71238898038469	1.2973073723952417
4.71238898038469	1.3069361006107036
4.71238898038469	1.3186911229691591
4.71238898038469	1.3411134604040003
4.71238898038469	1.3411518777717057
4.71238898038469	1.342840020375863
4.71238898038469	1.346818444950249
4.71238898038469	1.3545769166652049
4.71238898038469	1.3550573944412414
4.71238898038469	1.3642703784412817
4.71238898038469	1.3647888024459975
4.71238898038469	1.3710851465683973
4.71238898038469	1.37943651384932
4.71238898038469	1.383298359828836
4.71238898038469	1.3965303167978895
4.71238898038469	1.399203865666804
4.71238898038469	1.400098839123686
4.71238898038469	1.4312221040940285
4.71238898038469	1.454211289335447
4.71238898038469	1.4709421151006215
4.71238898038469	1.4721492920290187
4.71238898038469	1.4748727309172245
4.71238898038469	1.4750068154495906
4.71238898038469	1.4952661831853098
4.71238898038469	1.4955574628434238
4.71238898038469	1.4960897452562485
4.71238898038469	1.4982828850963081
4.71238898038469	1.4985315103277679
4.71238898038469	1.5063883380141676
4.71238898038469	1.5104231654418778
4.71238898038469	1.5135399717734912
4.71238898038469	1.516387225127442
4.71238898038469	1.5340231767620023
4.71238898038469	1.5354054842589384
4.71238898038469	1.5392394283107222
4.71238898038469	1.5481581634622863
4.71238898038469	1.5510203715439608
4.71238898038469	1.561998806873131
4.71238898038469	1.5696465752724809
4.71238898038469	1.5739745990082339
4.71238898038469	1.5884373611850382
4.71238898038469	1.5966492763938356
4.71238898038469	1.6292869034808266
4.71238898038469	1.6318270766963927
4.71238898038469	1.6387148325638434
4.71238898038469	1.6510047509206456
4.71238898038469	1.662445740108549
4.71238898038469	1.6660807863885068
4.71238898038469	1.6729499019052363
4.71238898038469	1.679011651835659
4.71238898038469	1.6792906301090995
4.71238898038469	1.6953379559300785
4.71238898038469	1.7068222774191333
4.71238898038469	1.7186720270610696
4.71238898038469	1.718732028409576
4.71238898038469	1.7239532695595687
4.71238898038469	1.7439543158991582
4.71238898038469	1.76292444840136
4.71238898038469	1.7750508605318973
4.71238898038469	1.782431028557193
4.71238898038469	1.8011722079357888
4.71238898038469	1.8023785141066737
4.71238898038469	1.8141431314654237
4.71238898038469	1.8169478744736687
4.71238898038469	1.8215597749935855
4.71238898038469	1.8368060064823206
4.71238898038469	1.838731693417964
4.71238898038469	1.8512729162392054
4.71238898038469	1.8553326116117346
4.71238898038469	1.8591622857212393
4.71238898038469	1.8595495829862958
4.71238898038469	1.8685468336835898
4.71238898038469	1.8696622960542346
4.71238898038469	1.8911200174388316
4.71238898038469	1.9188104093543839
4.71238898038469	1.9456301394783155
4.71238898038469	1.9473326323209408
4.71238898038469	1.9491255019128144
4.71238898038469	1.954688690126546
4.71238898038469	1.9713751690989283
4.71238898038469	1.9732445534750063
4.71238898038469	1.9806729947882944
4.71238898038469	1.990604178414633
4.71238898038469	1.9927367499494324
4.71238898038469	1.994325266457429
4.71238898038469	1.9947157967456368
4.71238898038469	2.0034624011734703
4.71238898038469	2.0374622271034113
4.71238898038469	2.0629172459512626
4.71238898038469	2.066406092285431
4.71238898038469	2.0749707885772546
4.71238898038469	2.1378987561905136
4.71238898038469	2.1552974967288865
4.71238898038469	2.1572660061751043
4.71238898038469	2.157959776967149
4.71238898038469	2.1696783313916392
4.71238898038469	2.1782161365283073
4.71238898038469	2.1883104695945597
4.71238898038469	2.195662219011658
4.71238898038469	2.2034327345620417
4.71238898038469	2.2096631376106535
4.71238898038469	2.2170417314609416
4.71238898038469	2.2299200124593543
4.71238898038469	2.2566771799258465
4.71238898038469	2.268599318266688
4.71238898038469	2.268672659841534
4.71238898038469	2.274938847358393
4.71238898038469	2.316900057639935
4.71238898038469	2.337333492007528
4.71238898038469	2.3462457163786663
4.71238898038469	2.36628692996188
4.71238898038469	2.3877567006227656
4.71238898038469	2.4041177945385166
4.71238898038469	2.4044357990035765
4.71238898038469	2.410183666876673
4.71238898038469	2.4155233534108413
4.71238898038469	2.4391702854424135
4.71238898038469	2.496685592489068
4.71238898038469	2.497430769311962
4.71238898038469	2.5016075755424616
4.71238898038469	2.5152513610041645
4.71238898038469	2.554712800025965
4.71238898038469	2.580246084985614
4.71238898038469	2.6666952938613746
4.71238898038469	2.666905077960742
4.71238898038469	2.716477299052538
4.71238898038469	2.741120585498722
4.71238898038469	2.748725051932993
4.71238898038469	2.775828148461506
4.71238898038469	2.8006122031515197
4.71238898038469	2.8716576763749293
4.71238898038469	2.880168533394909
4.71238898038469	3.057197222728892
4.71238898038469	3.05723259166655
4.71238898038469	3.0586777204869624
4.71238898038469	3.0927165657001243
4.71238898038469	3.1360102344806045
4.71238898038469	3.1419842101263997
4.71238898038469	3.1659982413898504
4.71238898038469	3.1730640595269355
4.71238898038469	3.348732710478178
4.71238898038469	3.357771481784268
4.71238898038469	3.42010073491508
4.71238898038469	3.458480203026013
4.71238898038469	3.558888976657486
4.71238898038469	3.6919222789178345
4.71238898038469	3.7029941377083033
5.105088062083414	-4.464596198564601
5.105088062083414	-4.441473745605286
5.105088062083414	-4.349109348075071
5.105088062083414	-3.8745712878193395
5.105088062083414	-3.8345732043776
5.105088062083414	-3.6254715164536018
5.105088062083414	-3.576913542955906
5.105088062083414	-3.573414464705268
5.105088062083414	-3.5712039038795216
5.105088062083414	-3.489016033527231
5.105088062083414	-3.4794481534875974
5.105088062083414	-3.4714070932654373
5.105088062083414	-3.439844414810584
5.105088062083414	-3.41087075647924
5.105088062083414	-3.348755572969617
5.105088062083414	-3.344263171019475
5.105088062083414	-3.2608366015897037
5.105088062083414	-3.2118425745797556
5.105088062083414	-3.2073785065193996
5.105088062083414	-3.1996891957705254
5.105088062083414	-3.094437533001493
5.105088062083414	-3.0742251449350553
5.105088062083414	-3.002960918628757
5.105088062083414	-2.9902974960646533
5.105088062083414	-2.977483182985683
5.105088062083414	-2.9639927660652097
5.105088062083414	-2.897141998515381
5.105088062083414	-2.87491905880466
5.105088062083414	-2.831745847055406
5.105088062083414	-2.816917782563837
5.105088062083414	-2.8158841357927114
5.105088062083414	-2.8154964708843484
5.105088062083414	-2.798674358115881
5.105088062083414	-2.77965587191882
5.105088062083414	-2.7443691945522524
5.105088062083414	-2.716835105324834
5.105088062083414	-2.7053080457559444
5.105088062083414	-2.6960143884846772
5.105088062083414	-2.6457073516092633
5.105088062083414	-2.6051804920041715
5.105088062083414	-2.5523360745607633
5.105088062083414	-2.5433231392733218
5.105088062083414	-2.536166407178789
5.105088062083414	-2.517536936541319
5.105088062083414	-2.4781565740563978
5.105088062083414	-2.477598518038525
5.105088062083414	-2.465123338080029
5.105088062083414	-2.447095941645027
5.105088062083414	-2.4384589888142196
5.105088062083414	-2.393588929491452
5.105088062083414	-2.379709841530925
5.105088062083414	-2.369865829007484
5.105088062083414	-2.354646130070693
5.105088062083414	-2.3502521286542413
5.105088062083414	-2.3104004195011427
5.105088062083414	-2.2975371147428856
5.105088062083414	-2.2870279527089514
5.105088062083414	-2.2840386022233417
5.105088062083414	-2.2807548869120984
5.105088062083414	-2.279667279701804
5.105088062083414	-2.2690564182405732
5.105088062083414	-2.2654613423807097
5.105088062083414	-2.2117189252797633
5.105088062083414	-2.1957394260506553
5.105088062083414	-2.1918586210035826
5.105088062083414	-2.1793953127292567
5.105088062083414	-2.17647691291085
5.105088062083414	-2.1610600234081945
5.105088062083414	-2.12742826480999
5.105088062083414	-2.113096539291898
5.105088062083414	-2.1027329323119734
5.105088062083414	-2.100583830003007
5.105088062083414	-2.091929460733977
5.105088062083414	-2.086004578906769
5.105088062083414	-2.0819486010581705
5.105088062083414	-2.057144293642802
5.105088062083414	-2.0549490567623754
5.105088062083414	-2.04112849646905
5.105088062083414	-2.036512920827891
5.105088062083414	-2.0333120404038083
5.105088062083414	-2.023176009617213
5.105088062083414	-2.0054388933318714
5.105088062083414	-2.0018467140836878
5.105088062083414	-1.99692919910025
5.105088062083414	-1.994990934282171
5.105088062083414	-1.985957733592203
5.105088062083414	-1.9669662070800964
5.105088062083414	-1.9291160787121138
5.105088062083414	-1.9132779051038324
5.105088062083414	-1.9096838308120379
5.105088062083414	-1.9061544621397462
5.105088062083414	-1.8935736924424655
5.105088062083414	-1.8923178487273207
5.105088062083414	-1.888832690897291
5.105088062083414	-1.8876011761232931
5.105088062083414	-1.8748948742302902
5.105088062083414	-1.8676707644458619
5.105088062083414	-1.8634006517831652
5.105088062083414	-1.8178410150834203
5.105088062083414	-1.8079240512920833
5.105088062083414	-1.790127335837146
5.105088062083414	-1.787714366364232
5.105088062083414	-1.7828898681381262
5.105088062083414	-1.7794466151600052
5.105088062083414	-1.77593108459547
5.105088062083414	-1.7716130203593417
5.105088062083414	-1.7663688937260331
5.105088062083414	-1.75662428754171
5.105088062083414	-1.742204256320492
5.105088062083414	-1.7414206610575076
5.105088062083414	-1.7332273031765328
5.105088062083414	-1.7277374876307534
5.105088062083414	-1.7200460751110094
5.105088062083414	-1.7154037211333826
5.105088062083414	-1.7141717389511189
5.105088062083414	-1.71052422141199
5.105088062083414	-1.7046762417042503
5.105088062083414	-1.7043220928117975
5.105088062083414	-1.6914639801901419
5.105088062083414	-1.6886078889292755
5.105088062083414	-1.6615821790095797
5.105088062083414	-1.6547498842843567
5.105088062083414	-1.6403871355029986
5.105088062083414	-1.6284672709693346
5.105088062083414	-1.6081140497619977
5.105088062083414	-1.5934263586607784
5.105088062083414	-1.58539509560687
5.105088062083414	-1.5816955575209342
5.105088062083414	-1.5801006626202825
5.105088062083414	-1.5770044179407916
5.105088062083414	-1.5673372638338066
5.105088062083414	-1.5551634838747515
5.105088062083414	-1.5538274867090531
5.105088062083414	-1.5420797162120259
5.105088062083414	-1.5398138189367203
5.105088062083414	-1.5282618604813898
5.105088062083414	-1.5150670643556232
5.105088062083414	-1.4909234364354937
5.105088062083414	-1.487816423554877
5.105088062083414	-1.4793043648115782
5.105088062083414	-1.4702143855509242
5.105088062083414	-1.4671836986217581
5.105088062083414	-1.465764571216046
5.105088062083414	-1.4640572052146534
5.105088062083414	-1.4636906363171114
5.105088062083414	-1.458907122727555
5.105088062083414	-1.4572896830136726
5.105088062083414	-1.457259781239451
5.105088062083414	-1.451813194667823
5.105088062083414	-1.4491267283840712
5.105088062083414	-1.4484201194992152
5.105088062083414	-1.445821012027036
5.105088062083414	-1.4383578852659595
5.105088062083414	-1.4372545053301886
5.105088062083414	-1.4325384382744422
5.105088062083414	-1.416382624330307
5.105088062083414	-1.4071575735116326
5.105088062083414	-1.400878085784595
5.105088062083414	-1.3737073237520807
5.105088062083414	-1.3463499937154795
5.105088062083414	-1.342184933730799
5.105088062083414	-1.3396327574370146
5.105088062083414	-1.326386154522723
5.105088062083414	-1.3112403877459087
5.105088062083414	-1.3095846222588532
5.105088062083414	-1.2764706789834372
5.105088062083414	-1.271282229299266
5.105088062083414	-1.2699905032264165
5.105088062083414	-1.2663577626205993
5.105088062083414	-1.2646742802081254
5.105088062083414	-1.2619016823525397
5.105088062083414	-1.2548599504847768
5.105088062083414	-1.2508624984324201
5.105088062083414	-1.2453759725959517
5.105088062083414	-1.243372466414516
5.105088062083414	-1.241612324833923
5.105088062083414	-1.2390984717419642
5.105088062083414	-1.2363850356011614
5.105088062083414	-1.2306894705944966
5.105088062083414	-1.2295472712336257
5.105088062083414	-1.2229211853301676
5.105088062083414	-1.207646535330724
5.105088062083414	-1.2028296924721542
5.105088062083414	-1.187660643422312
5.105088062083414	-1.1803877319335054
5.105088062083414	-1.1790260942718476
5.105088062083414	-1.171890161885597
5.105088062083414	-1.1673273823624575
5.105088062083414	-1.1638539596245714
5.105088062083414	-1.1580969171291926
5.105088062083414	-1.1417251577937622
5.105088062083414	-1.1360237520096916
5.105088062083414	-1.1268189986300203
5.105088062083414	-1.1249329569116637
5.105088062083414	-1.1041154950267726
5.105088062083414	-1.0925125290158877
5.105088062083414	-1.088646969489027
5.105088062083414	-1.079958325135114
5.105088062083414	-1.0649919511787962
5.105088062083414	-1.0529127634428577
5.105088062083414	-1.0524796978012547
5.105088062083414	-1.0518439831107256
5.105088062083414	-1.049177585984482
5.105088062083414	-1.048150358577632
5.105088062083414	-1.0434698007232885
5.105088062083414	-1.039811593507838
5.105088062083414	-1.037804005775385
5.105088062083414	-1.0376815250690137
5.105088062083414	-1.0346980103839876
5.105088062083414	-1.031362116557179
5.105088062083414	-1.0259802507461888
5.105088062083414	-1.02460371423132
5.105088062083414	-1.023378506218673
5.105088062083414	-1.0178400616340104
5.105088062083414	-1.0075456604914352
5.105088062083414	-1.0040294777227823
5.105088062083414	-0.9970880474686243
5.105088062083414	-0.9921452193992417
5.105088062083414	-0.9865237734982086
5.105088062083414	-0.9863789875649271
5.105088062083414	-0.9674357190929599
5.105088062083414	-0.9670844604123677
5.105088062083414	-0.959648516836781
5.105088062083414	-0.9471149085413169
5.105088062083414	-0.9375073929170413
5.105088062083414	-0.9373149280040828
5.105088062083414	-0.9331266522617623
5.105088062083414	-0.9301928317134707
5.105088062083414	-0.9197405572667012
5.105088062083414	-0.9039128098613711
5.105088062083414	-0.9015816770974455
5.105088062083414	-0.8996197738949386
5.105088062083414	-0.8742452164418782
5.105088062083414	-0.8727871957585124
5.105088062083414	-0.8652404133077551
5.105088062083414	-0.8637531228944936
5.105088062083414	-0.858159944771658
5.105088062083414	-0.8538287435425379
5.105088062083414	-0.827446305366257
5.105088062083414	-0.8251108246381691
5.105088062083414	-0.8212562193263818
5.105088062083414	-0.819661922349801
5.105088062083414	-0.8165929161284373
5.105088062083414	-0.8140461340727881
5.105088062083414	-0.8118746096618827
5.105088062083414	-0.8024880584897952
5.105088062083414	-0.7999059561835843
5.105088062083414	-0.7987383270403051
5.105088062083414	-0.7909694529227823
5.105088062083414	-0.7871596696345606
5.105088062083414	-0.7768999349381697
5.105088062083414	-0.7754737470198865
5.105088062083414	-0.7737527932690791
5.105088062083414	-0.7656690312220231
5.105088062083414	-0.7605297255741525
5.105088062083414	-0.7586462338649622
5.105088062083414	-0.7544670622672732
5.105088062083414	-0.7541344028613448
5.105088062083414	-0.7480629640052188
5.105088062083414	-0.7267107199392209
5.105088062083414	-0.7221273286106555
5.105088062083414	-0.7162846023361373
5.105088062083414	-0.7132309848636298
5.105088062083414	-0.7128493786105715
5.105088062083414	-0.6977341398463093
5.105088062083414	-0.6918705883198122
5.105088062083414	-0.6778315855849636
5.105088062083414	-0.6760399025411774
5.105088062083414	-0.6727112827482459
5.105088062083414	-0.6713084835349042
5.105088062083414	-0.6703271296318544
5.105088062083414	-0.6691147856264309
5.105088062083414	-0.6630998536956636
5.105088062083414	-0.6593640472834918
5.105088062083414	-0.6579001860856151
5.105088062083414	-0.6455495986418658
5.105088062083414	-0.6405583177431893
5.105088062083414	-0.6390875304888933
5.105088062083414	-0.6333622044015526
5.105088062083414	-0.6079268211410702
5.105088062083414	-0.6055400206395025
5.105088062083414	-0.6022972216025623
5.105088062083414	-0.5970080089814316
5.105088062083414	-0.5961210985399983
5.105088062083414	-0.5888158258029896
5.105088062083414	-0.5877354654669832
5.105088062083414	-0.5793021802505682
5.105088062083414	-0.5785686844913283
5.105088062083414	-0.5780708843551574
5.105088062083414	-0.5735361050396968
5.105088062083414	-0.5693647950484427
5.105088062083414	-0.567286371294756
5.105088062083414	-0.5541968736308761
5.105088062083414	-0.5531476561050811
5.105088062083414	-0.5512332828964497
5.105088062083414	-0.5491591758807718
5.105088062083414	-0.5433226518645855
5.105088062083414	-0.5420555565591599
5.105088062083414	-0.538472696734192
5.105088062083414	-0.5361280916912506
5.105088062083414	-0.5282859412337251
5.105088062083414	-0.5157446873929122
5.105088062083414	-0.5150305956691629
5.105088062083414	-0.5131006145131857
5.105088062083414	-0.511211668064605
5.105088062083414	-0.505505974337646
5.105088062083414	-0.5034740032567929
5.105088062083414	-0.49641846065288764
5.105088062083414	-0.48955415148670234
5.105088062083414	-0.48511229325956606
5.105088062083414	-0.48249961975434796
5.105088062083414	-0.4820723669266653
5.105088062083414	-0.47462688588371105
5.105088062083414	-0.4622246540936994
5.105088062083414	-0.46174226086778525
5.105088062083414	-0.461657918941411
5.105088062083414	-0.44529895239715606
5.105088062083414	-0.4434296678471239
5.105088062083414	-0.4350153716769716
5.105088062083414	-0.43236063856164925
5.105088062083414	-0.4306078519928227
5.105088062083414	-0.4290007160720054
5.105088062083414	-0.41399463579010304
5.105088062083414	-0.4117932245462305
5.105088062083414	-0.4115350762712373
5.105088062083414	-0.4053688674813607
5.105088062083414	-0.39462817845930953
5.105088062083414	-0.3839010331858417
5.105088062083414	-0.38261323381697
5.105088062083414	-0.3799398571890361
5.105088062083414	-0.3627369747699978
5.105088062083414	-0.3626426581081266
5.105088062083414	-0.35652714041726075
5.105088062083414	-0.3472746708744081
5.105088062083414	-0.3407934891577673
5.105088062083414	-0.33814302987015976
5.105088062083414	-0.337718083473667
5.105088062083414	-0.3331291503354068
5.105088062083414	-0.3284546505635285
5.105088062083414	-0.3269177949776884
5.105088062083414	-0.3250395482908268
5.105088062083414	-0.3240372285393702
5.105088062083414	-0.3184543852762875
5.105088062083414	-0.3178681834915497
5.105088062083414	-0.3150791912882516
5.105088062083414	-0.3108645921552462
5.105088062083414	-0.3058779137150287
5.105088062083414	-0.2894072445943741
5.105088062083414	-0.2852933843497276
5.105088062083414	-0.2815175675251369
5.105088062083414	-0.2803808593579736
5.105088062083414	-0.2792652677522686
5.105088062083414	-0.27199758540546437
5.105088062083414	-0.26298288473234316
5.105088062083414	-0.26232872758099374
5.105088062083414	-0.25749479078834764
5.105088062083414	-0.2559959148602089
5.105088062083414	-0.2500534648356192
5.105088062083414	-0.24435325127100693
5.105088062083414	-0.21314333888968928
5.105088062083414	-0.19355413659404697
5.105088062083414	-0.18272927770838648
5.105088062083414	-0.18062144680388936
5.105088062083414	-0.1779531917049574
5.105088062083414	-0.17742378145670407
5.105088062083414	-0.16988838957703534
5.105088062083414	-0.16834299034360833
5.105088062083414	-0.1677884443320462
5.105088062083414	-0.16716151856939293
5.105088062083414	-0.1661988155783102
5.105088062083414	-0.16220507388432212
5.105088062083414	-0.16114850312170473
5.105088062083414	-0.15999515671972558
5.105088062083414	-0.15759733549540458
5.105088062083414	-0.15668418426143477
5.105088062083414	-0.15156577685888648
5.105088062083414	-0.1504262105090521
5.105088062083414	-0.14742755639697322
5.105088062083414	-0.14385802489255992
5.105088062083414	-0.14271154766691863
5.105088062083414	-0.14010067299848317
5.105088062083414	-0.12884420475650268
5.105088062083414	-0.1267025770450666
5.105088062083414	-0.12334708875224534
5.105088062083414	-0.11755451024916008
5.105088062083414	-0.11484109408181482
5.105088062083414	-0.10846762661210274
5.105088062083414	-0.10447982925875188
5.105088062083414	-0.0900611324242258
5.105088062083414	-0.0895645184396041
5.105088062083414	-0.08852286588898091
5.105088062083414	-0.08430877799074062
5.105088062083414	-0.083714528910587
5.105088062083414	-0.08303750085096295
5.105088062083414	-0.07947932512880099
5.105088062083414	-0.0673494504162857
5.105088062083414	-0.05986933855992799
5.105088062083414	-0.05615633751023527
5.105088062083414	-0.05218983727685966
5.105088062083414	-0.041436668954856426
5.105088062083414	-0.03668449449111977
5.105088062083414	-0.020385436917762956
5.105088062083414	-0.017909510971259254
5.105088062083414	-0.010375053398196613
5.105088062083414	-0.009633689001027675
5.105088062083414	-0.007139645673010595
5.105088062083414	-0.005607632574347476
5.105088062083414	-0.004770866787396994
5.105088062083414	0.0038351438768350907
5.105088062083414	0.005002177895723212
5.105088062083414	0.0060916864921207875
5.105088062083414	0.018550723465780017
5.105088062083414	0.02406602462033325
5.105088062083414	0.03128745524225303
5.105088062083414	0.03185058631553816
5.105088062083414	0.03258604695067652
5.105088062083414	0.0351709405000945
5.105088062083414	0.037344854662754653
5.105088062083414	0.046583335386708814
5.105088062083414	0.047502049959028875
5.105088062083414	0.04954211626053026
5.105088062083414	0.049602004304580324
5.105088062083414	0.055023028184270066
5.105088062083414	0.05767071897595446
5.105088062083414	0.05952882714493366
5.105088062083414	0.06207022658968626
5.105088062083414	0.07398538524077877
5.105088062083414	0.07519834779579951
5.105088062083414	0.0771249722678421
5.105088062083414	0.07973594815790921
5.105088062083414	0.08468385807309173
5.105088062083414	0.08841276010674921
5.105088062083414	0.09422376664461751
5.105088062083414	0.10225411580533204
5.105088062083414	0.10384424320971886
5.105088062083414	0.10485570171048797
5.105088062083414	0.11100053144587657
5.105088062083414	0.11407338010691842
5.105088062083414	0.11648566410391731
5.105088062083414	0.1282428725971112
5.105088062083414	0.1336529859861937
5.105088062083414	0.1338899339479803
5.105088062083414	0.1418327318456294
5.105088062083414	0.15699752323615224
5.105088062083414	0.1622726868860795
5.105088062083414	0.16318066581212856
5.105088062083414	0.16386237966958786
5.105088062083414	0.16481005936165175
5.105088062083414	0.17420121866126603
5.105088062083414	0.1785469882559718
5.105088062083414	0.1814003489132432
5.105088062083414	0.18260824853860097
5.105088062083414	0.18881011832554825
5.105088062083414	0.18928868920895647
5.105088062083414	0.1998312051485303
5.105088062083414	0.20209354262736837
5.105088062083414	0.211458250389156
5.105088062083414	0.22600005486593933
5.105088062083414	0.23103163845302316
5.105088062083414	0.2325567702695401
5.105088062083414	0.24957081407859416
5.105088062083414	0.25907239727593634
5.105088062083414	0.2629588335899244
5.105088062083414	0.2647609495411319
5.105088062083414	0.2664580580107306
5.105088062083414	0.26961411670053137
5.105088062083414	0.2717792161819049
5.105088062083414	0.27343844968442865
5.105088062083414	0.28070880586485103
5.105088062083414	0.2923165006220073
5.105088062083414	0.2948229261153205
5.105088062083414	0.29483786318832617
5.105088062083414	0.3021323292767528
5.105088062083414	0.30848489810206514
5.105088062083414	0.3176223379576646
5.105088062083414	0.3218585762495696
5.105088062083414	0.3280839495907859
5.105088062083414	0.34122703490512984
5.105088062083414	0.346177225811247
5.105088062083414	0.3492305920970807
5.105088062083414	0.3519232395443846
5.105088062083414	0.35268293557239694
5.105088062083414	0.35592079546901234
5.105088062083414	0.36362883223084375
5.105088062083414	0.36474497623582364
5.105088062083414	0.3680808792874732
5.105088062083414	0.3711681397259397
5.105088062083414	0.37378230502975324
5.105088062083414	0.38530812372257606
5.105088062083414	0.38535497764841914
5.105088062083414	0.38757655338596897
5.105088062083414	0.40201836350663944
5.105088062083414	0.40531788010501696
5.105088062083414	0.4077557049617531
5.105088062083414	0.4245087833021266
5.105088062083414	0.4259670061932309
5.105088062083414	0.43021066017643417
5.105088062083414	0.4377976939681788
5.105088062083414	0.4399825465907223
5.105088062083414	0.44908565748081164
5.105088062083414	0.4496402620901122
5.105088062083414	0.45159781638859703
5.105088062083414	0.4521827041231827
5.105088062083414	0.4532037866631681
5.105088062083414	0.45425896766619134
5.105088062083414	0.4622284874462128
5.105088062083414	0.47805105148058613
5.105088062083414	0.48113355389387
5.105088062083414	0.481632537698161
5.105088062083414	0.4866174059350272
5.105088062083414	0.49103738402242136
5.105088062083414	0.4975011583691306
5.105088062083414	0.49959782446061557
5.105088062083414	0.5015512939842453
5.105088062083414	0.5032489911342185
5.105088062083414	0.5105652639990469
5.105088062083414	0.5110875116509725
5.105088062083414	0.527122621618314
5.105088062083414	0.53147320875317
5.105088062083414	0.5369773137242642
5.105088062083414	0.5421939910546634
5.105088062083414	0.550668589728438
5.105088062083414	0.5512730713502598
5.105088062083414	0.5520309088037647
5.105088062083414	0.5543960301774213
5.105088062083414	0.5554100904188916
5.105088062083414	0.5578599372303465
5.105088062083414	0.558645846381731
5.105088062083414	0.5686426495181728
5.105088062083414	0.5688567368941678
5.105088062083414	0.5819399232193662
5.105088062083414	0.5825943763211737
5.105088062083414	0.5891009158330007
5.105088062083414	0.5929216915001265
5.105088062083414	0.5975216402665375
5.105088062083414	0.6007917040676704
5.105088062083414	0.6010312810718337
5.105088062083414	0.6018119799836648
5.105088062083414	0.6149980320074622
5.105088062083414	0.6155651014207405
5.105088062083414	0.6195181904796501
5.105088062083414	0.6215904241143443
5.105088062083414	0.62559668988531
5.105088062083414	0.6319858705981046
5.105088062083414	0.6327450752569859
5.105088062083414	0.6355680282536783
5.105088062083414	0.6397336773747102
5.105088062083414	0.6422529317195713
5.105088062083414	0.6663055827950721
5.105088062083414	0.682312571020729
5.105088062083414	0.6938235516149165
5.105088062083414	0.7032073013440634
5.105088062083414	0.7138045720885362
5.105088062083414	0.7141165698756246
5.105088062083414	0.7243854928132166
5.105088062083414	0.727376528782723
5.105088062083414	0.736216895872178
5.105088062083414	0.7474284435051699
5.105088062083414	0.7479001764472553
5.105088062083414	0.7576182668638336
5.105088062083414	0.7700919717400625
5.105088062083414	0.7735543306412609
5.105088062083414	0.7844072017151273
5.105088062083414	0.7870933640967573
5.105088062083414	0.7877250854017888
5.105088062083414	0.7936062203116276
5.105088062083414	0.797852899623154
5.105088062083414	0.801220676912968
5.105088062083414	0.8038602280741322
5.105088062083414	0.8039748768869702
5.105088062083414	0.8088843460672988
5.105088062083414	0.8132981567170645
5.105088062083414	0.8148246247570526
5.105088062083414	0.8163308548318525
5.105088062083414	0.8239860123830045
5.105088062083414	0.8241176097474147
5.105088062083414	0.8262021146990564
5.105088062083414	0.8315355049569043
5.105088062083414	0.834534058920115
5.105088062083414	0.8377054157234928
5.105088062083414	0.8391957655018643
5.105088062083414	0.840787280891683
5.105088062083414	0.8569557300865471
5.105088062083414	0.8587139826746153
5.105088062083414	0.8657852359280467
5.105088062083414	0.8679459233237656
5.105088062083414	0.8853825004430802
5.105088062083414	0.8970705473712881
5.105088062083414	0.9051724691933072
5.105088062083414	0.9118268941558811
5.105088062083414	0.9147360103559578
5.105088062083414	0.9183283416937948
5.105088062083414	0.9311635998200553
5.105088062083414	0.9337045631482807
5.105088062083414	0.9392709937576962
5.105088062083414	0.9426632337571155
5.105088062083414	0.9500406259197769
5.105088062083414	0.9517615369185434
5.105088062083414	0.9642778927144473
5.105088062083414	0.9646932400802714
5.105088062083414	0.9737357979932404
5.105088062083414	0.9773854735721756
5.105088062083414	0.9818275593613106
5.105088062083414	0.986723690369939
5.105088062083414	0.9913565747526598
5.105088062083414	0.9985196031938028
5.105088062083414	1.0038849249078998
5.105088062083414	1.0084892800212044
5.105088062083414	1.0169101202642408
5.105088062083414	1.017077699781725
5.105088062083414	1.0293073904611858
5.105088062083414	1.0312233878372485
5.105088062083414	1.0334491094750073
5.105088062083414	1.045930786144162
5.105088062083414	1.0464557999100745
5.105088062083414	1.054388392902243
5.105088062083414	1.071433284163282
5.105088062083414	1.0805628406168468
5.105088062083414	1.1196430139259084
5.105088062083414	1.1285837042854623
5.105088062083414	1.1309842800137109
5.105088062083414	1.1334905331365535
5.105088062083414	1.1368803267127978
5.105088062083414	1.1450160342420772
5.105088062083414	1.1535464157365194
5.105088062083414	1.1563112958204322
5.105088062083414	1.1588886181575786
5.105088062083414	1.163894832416227
5.105088062083414	1.1640243185977193
5.105088062083414	1.1644199370709611
5.105088062083414	1.166940790461944
5.105088062083414	1.1695424102835705
5.105088062083414	1.1744205985193208
5.105088062083414	1.1891222135500525
5.105088062083414	1.1954385867187203
5.105088062083414	1.1956175407806073
5.105088062083414	1.2067813115781585
5.105088062083414	1.20858739488868
5.105088062083414	1.217884567388066
5.105088062083414	1.220106327059376
5.105088062083414	1.2212944311344984
5.105088062083414	1.2252607660869863
5.105088062083414	1.2278860901292301
5.105088062083414	1.250207052386338
5.105088062083414	1.2510359529602948
5.105088062083414	1.2675497063360022
5.105088062083414	1.26980102716239
5.105088062083414	1.2741621942014474
5.105088062083414	1.2801060473719177
5.105088062083414	1.2818956674763826
5.105088062083414	1.2867994663033695
5.105088062083414	1.2946306529401639
5.105088062083414	1.2985808169661532
5.105088062083414	1.3001830959315583
5.105088062083414	1.3149461369421078
5.105088062083414	1.318058200024394
5.105088062083414	1.3196429281863638
5.105088062083414	1.3219519856120925
5.105088062083414	1.3267974704185628
5.105088062083414	1.3305855047951844
5.105088062083414	1.348372035756808
5.105088062083414	1.3582181955563564
5.105088062083414	1.3730768776948707
5.105088062083414	1.376449784804273
5.105088062083414	1.3769737197758383
5.105088062083414	1.3884498716962979
5.105088062083414	1.3887359638083585
5.105088062083414	1.401763351310982
5.105088062083414	1.4105934336335662
5.105088062083414	1.41140621509177
5.105088062083414	1.4171351013282147
5.105088062083414	1.43377151678208
5.105088062083414	1.4377156898903045
5.105088062083414	1.4393265993486901
5.105088062083414	1.4741149682221888
5.105088062083414	1.4910439522138792
5.105088062083414	1.502473050630103
5.105088062083414	1.5096010126774853
5.105088062083414	1.517465554036494
5.105088062083414	1.5181114051334765
5.105088062083414	1.518155291284816
5.105088062083414	1.519345861434134
5.105088062083414	1.52143879311487
5.105088062083414	1.5241008002646397
5.105088062083414	1.5348281776999069
5.105088062083414	1.5386459357569588
5.105088062083414	1.5522001664935563
5.105088062083414	1.5548120164492358
5.105088062083414	1.5573939547745888
5.105088062083414	1.558466367784173
5.105088062083414	1.5634573169809933
5.105088062083414	1.5639156917895622
5.105088062083414	1.564892297824023
5.105088062083414	1.5756318811249805
5.105088062083414	1.6042250519854977
5.105088062083414	1.6204940011084696
5.105088062083414	1.6263626023704534
5.105088062083414	1.6316898390512895
5.105088062083414	1.6449177346214845
5.105088062083414	1.6547681009324502
5.105088062083414	1.659469306893047
5.105088062083414	1.6651360841314764
5.105088062083414	1.6771441129493811
5.105088062083414	1.6866460085459263
5.105088062083414	1.694386098673201
5.105088062083414	1.6973890800402693
5.105088062083414	1.6990980193494203
5.105088062083414	1.7021540108929107
5.105088062083414	1.7182040860248544
5.105088062083414	1.7364046075286188
5.105088062083414	1.7586767853263772
5.105088062083414	1.7615680026611256
5.105088062083414	1.7918696679889685
5.105088062083414	1.7923739629045166
5.105088062083414	1.7935265498179214
5.105088062083414	1.8143287298849038
5.105088062083414	1.8213956762997041
5.105088062083414	1.8273749579150707
5.105088062083414	1.830232679703499
5.105088062083414	1.8457492024738487
5.105088062083414	1.848968423394594
5.105088062083414	1.8537670247584705
5.105088062083414	1.8601266253808513
5.105088062083414	1.8607021420993555
5.105088062083414	1.8644800645245543
5.105088062083414	1.8654282762716445
5.105088062083414	1.8665423884680616
5.105088062083414	1.8782306171685765
5.105088062083414	1.8992380372245738
5.105088062083414	1.902331484672758
5.105088062083414	1.9159296133409374
5.105088062083414	1.928286378104298
5.105088062083414	1.9441289184788106
5.105088062083414	1.9532022215076819
5.105088062083414	1.9561075963407017
5.105088062083414	1.96836963154445
5.105088062083414	1.9724443422354911
5.105088062083414	1.985207366997565
5.105088062083414	1.9873548417378712
5.105088062083414	2.0227101325498262
5.105088062083414	2.0552618344257536
5.105088062083414	2.056565996271727
5.105088062083414	2.0751499358930623
5.105088062083414	2.075494569777205
5.105088062083414	2.087848453223288
5.105088062083414	2.107680446174035
5.105088062083414	2.1230452747050563
5.105088062083414	2.150900964503802
5.105088062083414	2.1565103324526875
5.105088062083414	2.165294514103106
5.105088062083414	2.173640688318562
5.105088062083414	2.1839852454100646
5.105088062083414	2.200427367316248
5.105088062083414	2.2116293989939906
5.105088062083414	2.2147058163328217
5.105088062083414	2.2154499489357877
5.105088062083414	2.2238333482914054
5.105088062083414	2.229213767704009
5.105088062083414	2.2987939371998225
5.105088062083414	2.302826648086241
5.105088062083414	2.3290966056631643
5.105088062083414	2.3474758215344003
5.105088062083414	2.352971001103581
5.105088062083414	2.3530234605044082
5.105088062083414	2.388426226271214
5.105088062083414	2.420570513125459
5.105088062083414	2.476025324054154
5.105088062083414	2.4888271974054663
5.105088062083414	2.4945138899796335
5.105088062083414	2.5040592069184533
5.105088062083414	2.5263668726250414
5.105088062083414	2.5448923265087764
5.105088062083414	2.5523376147814187
5.105088062083414	2.5535882248765285
5.105088062083414	2.565989475468305
5.105088062083414	2.5767282511352203
5.105088062083414	2.6205092140132766
5.105088062083414	2.6206927749155717
5.105088062083414	2.7343309542056886
5.105088062083414	2.7562674067932784
5.105088062083414	2.7701916182569812
5.105088062083414	2.7949558855628043
5.105088062083414	2.8070227582772955
5.105088062083414	2.8083755197158355
5.105088062083414	2.8094461756556477
5.105088062083414	2.814100793364182
5.105088062083414	2.966543492059255
5.105088062083414	2.966699036752821
5.105088062083414	3.0284943277172616
5.105088062083414	3.03817176420071
5.105088062083414	3.053805585632328
5.105088062083414	3.0635765683800136
5.105088062083414	3.0905854951835954
5.105088062083414	3.129038475099618
5.105088062083414	3.2286929354479916
5.105088062083414	3.365624933790471
5.105088062083414	3.376452632849759
5.105088062083414	3.744522814884637
5.105088062083414	3.8262646420120334
5.105088062083414	3.838847613681326
5.497787143782138	-4.778136495346338
5.497787143782138	-4.766125823677054
5.497787143782138	-4.033762724488245
5.497787143782138	-4.00417918019572
5.497787143782138	-3.917290406600565
5.497787143782138	-3.623192407648127
5.497787143782138	-3.6197792051408753
5.497787143782138	-3.480533952142131
5.497787143782138	-3.458040462582219
5.497787143782138	-3.4370231376839984
5.497787143782138	-3.4207570859709486
5.497787143782138	-3.409168094584199
5.497787143782138	-3.406263312849821
5.497787143782138	-3.241431642806321
5.497787143782138	-3.2357264724654646
5.497787143782138	-3.2312451476343185
5.497787143782138	-3.2189880954192605
5.497787143782138	-3.1888410172646884
5.497787143782138	-3.1772912317927267
5.497787143782138	-3.152115790190992
5.497787143782138	-3.143291704362035
5.497787143782138	-3.132797510630736
5.497787143782138	-3.0964552693776586
5.497787143782138	-3.089183580351306
5.497787143782138	-3.088426724575342
5.497787143782138	-3.079434978931853
5.497787143782138	-3.036100651419056
5.497787143782138	-2.938863844081302
5.497787143782138	-2.9264472360957905
5.497787143782138	-2.8839870276590815
5.497787143782138	-2.8701051191264657
5.497787143782138	-2.8390609084379843
5.497787143782138	-2.803716633365868
5.497787143782138	-2.7823766426617462
5.497787143782138	-2.765599860263105
5.497787143782138	-2.700668416411466
5.497787143782138	-2.6999662568148426
5.497787143782138	-2.6671620604231423
5.497787143782138	-2.653627589366467
5.497787143782138	-2.6462448906150735
5.497787143782138	-2.609236102073206
5.497787143782138	-2.6087431155296925
5.497787143782138	-2.6069488175955438
5.497787143782138	-2.5951851468586833
5.497787143782138	-2.569593500142383
5.497787143782138	-2.534640981049251
5.497787143782138	-2.507958549415327
5.497787143782138	-2.497689111207012
5.497787143782138	-2.444022805606269
5.497787143782138	-2.4361140046593217
5.497787143782138	-2.4342453429894535
5.497787143782138	-2.4334933278332587
5.497787143782138	-2.409275194600129
5.497787143782138	-2.3883617216554933
5.497787143782138	-2.3662375666334734
5.497787143782138	-2.3523866623307317
5.497787143782138	-2.3407046216750507
5.497787143782138	-2.324073136638903
5.497787143782138	-2.318749862541485
5.497787143782138	-2.314549763564639
5.497787143782138	-2.310680592040156
5.497787143782138	-2.2687780622839826
5.497787143782138	-2.254941028162401
5.497787143782138	-2.239263331402109
5.497787143782138	-2.2372144364051603
5.497787143782138	-2.2122937787848698
5.497787143782138	-2.208804216960418
5.497787143782138	-2.19316829188082
5.497787143782138	-2.188970007017194
5.497787143782138	-2.164616669005862
5.497787143782138	-2.1390227806267106
5.497787143782138	-2.132537873489786
5.497787143782138	-2.130980315930589
5.497787143782138	-2.1107110786180048
5.497787143782138	-2.1070227014732406
5.497787143782138	-2.0997244788267357
5.497787143782138	-2.092581441566902
5.497787143782138	-2.089117807951122
5.497787143782138	-2.0793165573955354
5.497787143782138	-2.045575112776477
5.497787143782138	-2.0453764505083294
5.497787143782138	-2.0424100253302924
5.497787143782138	-2.0286594014181696
5.497787143782138	-2.0234392731115984
5.497787143782138	-1.9958241046183387
5.497787143782138	-1.99545189839885
5.497787143782138	-1.9812012310672333
5.497787143782138	-1.9482793147082003
5.497787143782138	-1.9458618155780034
5.497787143782138	-1.9335652186466836
5.497787143782138	-1.902850651084713
5.497787143782138	-1.8997050022648827
5.497787143782138	-1.8989721397180184
5.497787143782138	-1.8936302210278044
5.497787143782138	-1.8918563245341602
5.497787143782138	-1.8876125239912764
5.497787143782138	-1.877074491772516
5.497787143782138	-1.8760036220516039
5.497787143782138	-1.8709281066490593
5.497787143782138	-1.8629390071008416
5.497787143782138	-1.8615282951795304
5.497787143782138	-1.8452596410062716
5.497787143782138	-1.8334754817553274
5.497787143782138	-1.8324348815131293
5.497787143782138	-1.8301148141464678
5.497787143782138	-1.8086757556283963
5.497787143782138	-1.7954069930980392
5.497787143782138	-1.7833553653172651
5.497787143782138	-1.7782809338842085
5.497787143782138	-1.7774147010249302
5.497787143782138	-1.754922390176426
5.497787143782138	-1.7349326963335576
5.497787143782138	-1.7341126606871349
5.497787143782138	-1.7306293052227864
5.497787143782138	-1.723318164805426
5.497787143782138	-1.7111398945018135
5.497787143782138	-1.7070520587954328
5.497787143782138	-1.7041938153186384
5.497787143782138	-1.6875936369457052
5.497787143782138	-1.687561909257736
5.497787143782138	-1.673264899800193
5.497787143782138	-1.6594127190068475
5.497787143782138	-1.647004166641098
5.497787143782138	-1.6428524397999127
5.497787143782138	-1.6412685588110596
5.497787143782138	-1.6403971041593135
5.497787143782138	-1.637521621529835
5.497787143782138	-1.6248605366367894
5.497787143782138	-1.6244838051692474
5.497787143782138	-1.621718292277819
5.497787143782138	-1.6107682089700877
5.497787143782138	-1.5991367944122439
5.497787143782138	-1.5981519366459462
5.497787143782138	-1.5879884752411846
5.497787143782138	-1.587969164355496
5.497787143782138	-1.5749061356954455
5.497787143782138	-1.563171842113049
5.497787143782138	-1.5620148610788887
5.497787143782138	-1.5561908720711444
5.497787143782138	-1.554943906355317
5.497787143782138	-1.5500321588473809
5.497787143782138	-1.5152876387510834
5.497787143782138	-1.513739052593321
5.497787143782138	-1.5070950434288646
5.497787143782138	-1.497843167354659
5.497787143782138	-1.4957108114780415
5.497787143782138	-1.4544755394659725
5.497787143782138	-1.4494319804071416
5.497787143782138	-1.4459693397855904
5.497787143782138	-1.4395880396556564
5.497787143782138	-1.4370591980110088
5.497787143782138	-1.434865135103946
5.497787143782138	-1.423487899402697
5.497787143782138	-1.39554136289237
5.497787143782138	-1.3879344097315283
5.497787143782138	-1.3637330196946202
5.497787143782138	-1.3609685475575335
5.497787143782138	-1.3600233645114155
5.497787143782138	-1.3591704069965727
5.497787143782138	-1.35064675005119
5.497787143782138	-1.3464100949823778
5.497787143782138	-1.3462341365134678
5.497787143782138	-1.3371932900899024
5.497787143782138	-1.322955566204918
5.497787143782138	-1.3212424711109048
5.497787143782138	-1.320811629986444
5.497787143782138	-1.314800185891775
5.497787143782138	-1.3142253622687707
5.497787143782138	-1.313553545373784
5.497787143782138	-1.2932270055263575
5.497787143782138	-1.291651196104034
5.497787143782138	-1.2906806794109402
5.497787143782138	-1.2824914639439111
5.497787143782138	-1.2623435081574432
5.497787143782138	-1.2609785483548968
5.497787143782138	-1.2519127177688878
5.497787143782138	-1.2455227617635103
5.497787143782138	-1.2222298613536555
5.497787143782138	-1.2033041921695915
5.497787143782138	-1.203046921230167
5.497787143782138	-1.198709827480243
5.497787143782138	-1.1907936149148108
5.497787143782138	-1.1819958635300072
5.497787143782138	-1.1757714393543184
5.497787143782138	-1.1679064115712927
5.497787143782138	-1.165683940543947
5.497787143782138	-1.158134134118082
5.497787143782138	-1.1553362969250858
5.497787143782138	-1.1542744360280615
5.497787143782138	-1.153198341182277
5.497787143782138	-1.1447023227372648
5.497787143782138	-1.142650823270947
5.497787143782138	-1.1367942709326675
5.497787143782138	-1.134704058726215
5.497787143782138	-1.1339407684300014
5.497787143782138	-1.1181909727518402
5.497787143782138	-1.1081206604192753
5.497787143782138	-1.0973744121681495
5.497787143782138	-1.096972099262748
5.497787143782138	-1.0960874541524601
5.497787143782138	-1.0783446832524861
5.497787143782138	-1.0721268142626013
5.497787143782138	-1.0695491255712384
5.497787143782138	-1.0674338338399967
5.497787143782138	-1.0672083806478165
5.497787143782138	-1.0587192526858513
5.497787143782138	-1.0586643781605476
5.497787143782138	-1.0578895592945108
5.497787143782138	-1.0543275058580177
5.497787143782138	-1.0501885775612831
5.497787143782138	-1.0377872304088434
5.497787143782138	-1.034131888598839
5.497787143782138	-1.0237493924083427
5.497787143782138	-1.0182697705443484
5.497787143782138	-0.9707258946973525
5.497787143782138	-0.9609740106370515
5.497787143782138	-0.9558953087092604
5.497787143782138	-0.9547131085289123
5.497787143782138	-0.94557822043828
5.497787143782138	-0.9436395559565118
5.497787143782138	-0.9374883233419852
5.497787143782138	-0.9356938940560832
5.497787143782138	-0.9298728383624929
5.497787143782138	-0.9262879244674431
5.497787143782138	-0.9252923650848939
5.497787143782138	-0.9236489995766783
5.497787143782138	-0.9152681112331734
5.497787143782138	-0.9149918555803662
5.497787143782138	-0.9137973911797819
5.497787143782138	-0.9137562448498938
5.497787143782138	-0.9129790691245381
5.497787143782138	-0.8871472674885039
5.497787143782138	-0.8775316039208496
5.497787143782138	-0.8653577671831068
5.497787143782138	-0.8573408353624514
5.497787143782138	-0.8533184003702446
5.497787143782138	-0.8514124639511742
5.497787143782138	-0.8488738403872003
5.497787143782138	-0.8471991749876701
5.497787143782138	-0.8462978061186038
5.497787143782138	-0.8456889862917863
5.497787143782138	-0.83732166065319
5.497787143782138	-0.8353262612269239
5.497787143782138	-0.8273140034751458
5.497787143782138	-0.8224058619790515
5.497787143782138	-0.8142865008872576
5.497787143782138	-0.8097947893745399
5.497787143782138	-0.8067498987927257
5.497787143782138	-0.7923362274700864
5.497787143782138	-0.7910741515237757
5.497787143782138	-0.7819398050755761
5.497787143782138	-0.7805455048636103
5.497787143782138	-0.7768109128314236
5.497787143782138	-0.7729610108835624
5.497787143782138	-0.7670712440433183
5.497787143782138	-0.765442185313465
5.497787143782138	-0.7616299073717592
5.497787143782138	-0.7583756507728533
5.497787143782138	-0.7526733842678772
5.497787143782138	-0.7515890694123246
5.497787143782138	-0.7376955443662249
5.497787143782138	-0.7367769610229447
5.497787143782138	-0.7365430423254239
5.497787143782138	-0.7324769731312206
5.497787143782138	-0.7322907633964898
5.497787143782138	-0.7269608002709118
5.497787143782138	-0.7185304247727589
5.497787143782138	-0.7184870669588475
5.497787143782138	-0.7126839292080955
5.497787143782138	-0.7102004925852852
5.497787143782138	-0.7075049155706137
5.497787143782138	-0.7059000251833842
5.497787143782138	-0.6967736623067946
5.497787143782138	-0.6912947737430857
5.497787143782138	-0.684964769550571
5.497787143782138	-0.6813985541645318
5.497787143782138	-0.6801917803418791
5.497787143782138	-0.6784552588192078
5.497787143782138	-0.6595179456129685
5.497787143782138	-0.6513404045650857
5.497787143782138	-0.6424716134856211
5.497787143782138	-0.6406094007756452
5.497787143782138	-0.6334393219059073
5.497787143782138	-0.6248827786333433
5.497787143782138	-0.620619361661194
5.497787143782138	-0.6204601186483094
5.497787143782138	-0.6147864434432453
5.497787143782138	-0.6065420108024524
5.497787143782138	-0.6028939091420223
5.497787143782138	-0.5998494587712182
5.497787143782138	-0.5894102809067433
5.497787143782138	-0.5887943280722913
5.497787143782138	-0.5794826499913022
5.497787143782138	-0.5651418261385782
5.497787143782138	-0.5621583628852107
5.497787143782138	-0.5544428410387737
5.497787143782138	-0.5535754183741773
5.497787143782138	-0.5530693535119128
5.497787143782138	-0.549334679512774
5.497787143782138	-0.5472727896314643
5.497787143782138	-0.5422917388188155
5.497787143782138	-0.5287929642929026
5.497787143782138	-0.5220896066146095
5.497787143782138	-0.5170623184668761
5.497787143782138	-0.5145076082128259
5.497787143782138	-0.5119051183066231
5.497787143782138	-0.5030803977042559
5.497787143782138	-0.4975861045792538
5.497787143782138	-0.49047965504778474
5.497787143782138	-0.48931942960120284
5.497787143782138	-0.4808653064511138
5.497787143782138	-0.48044928491271377
5.497787143782138	-0.4769537018378782
5.497787143782138	-0.4760206745488129
5.497787143782138	-0.47435312242471656
5.497787143782138	-0.4727971451315656
5.497787143782138	-0.462708632120596
5.497787143782138	-0.457784706335456
5.497787143782138	-0.45604532237670203
5.497787143782138	-0.453656117356998
5.497787143782138	-0.44709941297515954
5.497787143782138	-0.43691551529989325
5.497787143782138	-0.43663288549028806
5.497787143782138	-0.4316422464994828
5.497787143782138	-0.4286623025358446
5.497787143782138	-0.42748215507234016
5.497787143782138	-0.4076494533274062
5.497787143782138	-0.40742901630339234
5.497787143782138	-0.4060230156698949
5.497787143782138	-0.3920792418602188
5.497787143782138	-0.3856547693392646
5.497787143782138	-0.385594970969415
5.497787143782138	-0.3848762263408162
5.497787143782138	-0.3765273436985619
5.497787143782138	-0.37281970333657644
5.497787143782138	-0.3690336874021069
5.497787143782138	-0.3627843248213871
5.497787143782138	-0.3529894119983786
5.497787143782138	-0.3493142392750041
5.497787143782138	-0.3396083423298859
5.497787143782138	-0.3374122104927913
5.497787143782138	-0.3264559036967345
5.497787143782138	-0.3244323722924122
5.497787143782138	-0.31821150563375367
5.497787143782138	-0.3180418194724332
5.497787143782138	-0.30550047814899894
5.497787143782138	-0.3009888373493321
5.497787143782138	-0.30074505408996843
5.497787143782138	-0.30063563118330633
5.497787143782138	-0.2985226640634993
5.497787143782138	-0.2973267904524145
5.497787143782138	-0.2961098477088974
5.497787143782138	-0.2933222494314812
5.497787143782138	-0.29258797719318563
5.497787143782138	-0.29122631507170715
5.497787143782138	-0.28913217876859654
5.497787143782138	-0.2890517515016773
5.497787143782138	-0.2829941168104716
5.497787143782138	-0.2827499455288426
5.497787143782138	-0.28017065407267766
5.497787143782138	-0.27941171210293264
5.497787143782138	-0.27640655591725616
5.497787143782138	-0.2760672197734404
5.497787143782138	-0.2748604429276754
5.497787143782138	-0.2734284712611707
5.497787143782138	-0.2712396030816112
5.497787143782138	-0.2653815442969716
5.497787143782138	-0.25649991116430115
5.497787143782138	-0.24566211583834896
5.497787143782138	-0.2245868993219744
5.497787143782138	-0.220811668919567
5.497787143782138	-0.21292336121826771
5.497787143782138	-0.20331176018246302
5.497787143782138	-0.2026201166742881
5.497787143782138	-0.20041574477485116
5.497787143782138	-0.1981962655892681
5.497787143782138	-0.19588177626416436
5.497787143782138	-0.19458494368422563
5.497787143782138	-0.1860248822775512
5.497787143782138	-0.17654864836026096
5.497787143782138	-0.16329677832700326
5.497787143782138	-0.16254612053324147
5.497787143782138	-0.15916342895356744
5.497787143782138	-0.15560589678994033
5.497787143782138	-0.15074548594423037
5.497787143782138	-0.1471671303380185
5.497787143782138	-0.14194052589282968
5.497787143782138	-0.12885723001557126
5.497787143782138	-0.12691806327780028
5.497787143782138	-0.12528271184630163
5.497787143782138	-0.12166332884516498
5.497787143782138	-0.10901166411945873
5.497787143782138	-0.10023305946363159
5.497787143782138	-0.09422406799129401
5.497787143782138	-0.0793018812396884
5.497787143782138	-0.07453457148629195
5.497787143782138	-0.06361582697823631
5.497787143782138	-0.06199952893755069
5.497787143782138	-0.05898756899107864
5.497787143782138	-0.05498545214648524
5.497787143782138	-0.054156992787725095
5.497787143782138	-0.05412801130536469
5.497787143782138	-0.053018208271324446
5.497787143782138	-0.05204903930145839
5.497787143782138	-0.04855129452149193
5.497787143782138	-0.04724486914274392
5.497787143782138	-0.04606424064465993
5.497787143782138	-0.031502400947928715
5.497787143782138	-0.027781266622301452
5.497787143782138	-0.027150723158008365
5.497787143782138	-0.023706812290019592
5.497787143782138	-0.02330171132694391
5.497787143782138	-0.01950148400292364
5.497787143782138	-0.013616271844342023
5.497787143782138	-0.010644678132193096
5.497787143782138	-0.0097307414764551
5.497787143782138	-0.008251458711895027
5.497787143782138	0.012604619559107863
5.497787143782138	0.013642540159458084
5.497787143782138	0.02302572336570652
5.497787143782138	0.028908865689163926
5.497787143782138	0.03135339983174923
5.497787143782138	0.03553089144345112
5.497787143782138	0.041474415572423595
5.497787143782138	0.048304251110153906
5.497787143782138	0.056163142118117106
5.497787143782138	0.05991515002607437
5.497787143782138	0.06600331320044184
5.497787143782138	0.07228505355854675
5.497787143782138	0.07413514372268519
5.497787143782138	0.08009930686052902
5.497787143782138	0.08378013648311908
5.497787143782138	0.09173201011136851
5.497787143782138	0.09405590083300028
5.497787143782138	0.10166924956396454
5.497787143782138	0.10544668699051225
5.497787143782138	0.10978229227810488
5.497787143782138	0.11466165135249633
5.497787143782138	0.11649222229468983
5.497787143782138	0.11815083211231765
5.497787143782138	0.1197632421433256
5.497787143782138	0.12060447018235945
5.497787143782138	0.1283680062919179
5.497787143782138	0.130605518106039
5.497787143782138	0.1560347759945575
5.497787143782138	0.16861690881283378
5.497787143782138	0.16862215567530647
5.497787143782138	0.17357444414731574
5.497787143782138	0.1756061228456371
5.497787143782138	0.18660265257706632
5.497787143782138	0.1916664254388966
5.497787143782138	0.19388097697229043
5.497787143782138	0.19864472925648372
5.497787143782138	0.20053965751876543
5.497787143782138	0.2055543469160706
5.497787143782138	0.2075037844736171
5.497787143782138	0.20759295491644414
5.497787143782138	0.22296077152466673
5.497787143782138	0.22466912091885857
5.497787143782138	0.22478106216515384
5.497787143782138	0.2307453234158667
5.497787143782138	0.2323068622113738
5.497787143782138	0.23752384336129273
5.497787143782138	0.23845661787559397
5.497787143782138	0.24001504913695068
5.497787143782138	0.24239126593582347
5.497787143782138	0.24399389840072552
5.497787143782138	0.24592682246554462
5.497787143782138	0.24606368627465092
5.497787143782138	0.24833053458198298
5.497787143782138	0.2504334080120386
5.497787143782138	0.25194751390692666
5.497787143782138	0.2525624392431831
5.497787143782138	0.25500678957431067
5.497787143782138	0.25528306843257953
5.497787143782138	0.2647783151361387
5.497787143782138	0.27005373375238007
5.497787143782138	0.2758621351687003
5.497787143782138	0.27691005686329895
5.497787143782138	0.2861421249405482
5.497787143782138	0.28673899334319863
5.497787143782138	0.32277430842795685
5.497787143782138	0.3278341932157788
5.497787143782138	0.32806561029869974
5.497787143782138	0.3358471692292169
5.497787143782138	0.33780413104788237
5.497787143782138	0.34579348977085544
5.497787143782138	0.3526390755231017
5.497787143782138	0.35292592553117985
5.497787143782138	0.3603906786959951
5.497787143782138	0.36320639361052787
5.497787143782138	0.37369413085361597
5.497787143782138	0.37566653038196773
5.497787143782138	0.3760289459281857
5.497787143782138	0.38541725743541155
5.497787143782138	0.39071715149667563
5.497787143782138	0.4003780498948653
5.497787143782138	0.40142103283638
5.497787143782138	0.40420438916172136
5.497787143782138	0.410891913065904
5.497787143782138	0.41361016293419045
5.497787143782138	0.42337830119716946
5.497787143782138	0.42842930832983833
5.497787143782138	0.43136942903481873
5.497787143782138	0.4349284607773396
5.497787143782138	0.43569411356045656
5.497787143782138	0.43625673122668945
5.497787143782138	0.43767977081511
5.497787143782138	0.4399548093978559
5.497787143782138	0.44069849138013545
5.497787143782138	0.4459878981948336
5.497787143782138	0.44776964393655655
5.497787143782138	0.44869567689931955
5.497787143782138	0.45848472910687704
5.497787143782138	0.4605437534795516
5.497787143782138	0.46102212411656845
5.497787143782138	0.46471890847130615
5.497787143782138	0.474982474633375
5.497787143782138	0.47686374235224954
5.497787143782138	0.47752644669335126
5.497787143782138	0.4930677769519516
5.497787143782138	0.5118063831267379
5.497787143782138	0.5186030790602949
5.497787143782138	0.5383414963903741
5.497787143782138	0.5432481489647283
5.497787143782138	0.5570718362686193
5.497787143782138	0.563350999861268
5.497787143782138	0.5646206681265934
5.497787143782138	0.5663741036265435
5.497787143782138	0.5690582589866103
5.497787143782138	0.5722040524649961
5.497787143782138	0.5760834061815029
5.497787143782138	0.5765981527410261
5.497787143782138	0.5778576707196176
5.497787143782138	0.5785249262533503
5.497787143782138	0.5800929171602075
5.497787143782138	0.5849661355901081
5.497787143782138	0.5961694413649741
5.497787143782138	0.6027052616321933
5.497787143782138	0.6031789067026231
5.497787143782138	0.604962444115993
5.497787143782138	0.6061111025416923
5.497787143782138	0.6068721443632792
5.497787143782138	0.6196388636431747
5.497787143782138	0.6204294874310935
5.497787143782138	0.6228091060184057
5.497787143782138	0.6235426723689963
5.497787143782138	0.6245228928975559
5.497787143782138	0.628153716374515
5.497787143782138	0.6348041528626113
5.497787143782138	0.6351083995703669
5.497787143782138	0.6352743670231854
5.497787143782138	0.6590444081687008
5.497787143782138	0.663364623695228
5.497787143782138	0.6713600689015391
5.497787143782138	0.690726432842644
5.497787143782138	0.6917270893674464
5.497787143782138	0.6944007709137737
5.497787143782138	0.6945995308705754
5.497787143782138	0.6964935916761944
5.497787143782138	0.7078639009116172
5.497787143782138	0.7081830319689342
5.497787143782138	0.7172854497216488
5.497787143782138	0.7303898612399391
5.497787143782138	0.7343063228654554
5.497787143782138	0.7450501069672093
5.497787143782138	0.7520468040466479
5.497787143782138	0.754514853754235
5.497787143782138	0.7610172708726561
5.497787143782138	0.7669082863747247
5.497787143782138	0.7801356251195655
5.497787143782138	0.7846851137905071
5.497787143782138	0.7863602465337509
5.497787143782138	0.7866042843953847
5.497787143782138	0.7875780649431305
5.497787143782138	0.7897059755891851
5.497787143782138	0.7905021474526233
5.497787143782138	0.7925889236688556
5.497787143782138	0.7981971177549543
5.497787143782138	0.8027562796368852
5.497787143782138	0.8094412236797575
5.497787143782138	0.813225626814833
5.497787143782138	0.8269234492036857
5.497787143782138	0.8327759514679279
5.497787143782138	0.8354019059704026
5.497787143782138	0.8454400824581292
5.497787143782138	0.8533876186211364
5.497787143782138	0.855309112943469
5.497787143782138	0.8596695408359241
5.497787143782138	0.862093074193446
5.497787143782138	0.8678311430189326
5.497787143782138	0.8680707796332919
5.497787143782138	0.8869249056673922
5.497787143782138	0.8911681919307446
5.497787143782138	0.8934084926203905
5.497787143782138	0.9064697549324969
5.497787143782138	0.9104507421008313
5.497787143782138	0.9134123108150473
5.497787143782138	0.913919364123691
5.497787143782138	0.9295334299290988
5.497787143782138	0.9320414988097574
5.497787143782138	0.9329017947434299
5.497787143782138	0.9370195213477999
5.497787143782138	0.9490423279215938
5.497787143782138	0.9504712502766905
5.497787143782138	0.9545231471608152
5.497787143782138	0.9573252336997832
5.497787143782138	0.9691699228177306
5.497787143782138	0.9714552656890754
5.497787143782138	0.9803338111058738
5.497787143782138	0.980582756828018
5.497787143782138	0.9814339516145433
5.497787143782138	0.9968718627786158
5.497787143782138	0.9979946379519383
5.497787143782138	1.0057175964885023
5.497787143782138	1.0161157511514989
5.497787143782138	1.019999688582558
5.497787143782138	1.0365441958024295
5.497787143782138	1.036643890562686
5.497787143782138	1.0451502370449044
5.497787143782138	1.046925791344563
5.497787143782138	1.0643227435146372
5.497787143782138	1.068996511751182
5.497787143782138	1.0692491479031945
5.497787143782138	1.069462993918087
5.497787143782138	1.0974826905246196
5.497787143782138	1.0999563816259845
5.497787143782138	1.1022872808831834
5.497787143782138	1.1040898338473524
5.497787143782138	1.1135150781964778
5.497787143782138	1.1189739639055447
5.497787143782138	1.1291001221118357
5.497787143782138	1.1301854799866218
5.497787143782138	1.1397105812176163
5.497787143782138	1.146120292717662
5.497787143782138	1.1584192872147292
5.497787143782138	1.1586258516198653
5.497787143782138	1.1588171723078695
5.497787143782138	1.1595176239645417
5.497787143782138	1.1601712213686461
5.497787143782138	1.1648701650081215
5.497787143782138	1.169551264316468
5.497787143782138	1.1802131930262907
5.497787143782138	1.1814564779297345
5.497787143782138	1.1894577281682
5.497787143782138	1.194489474638484
5.497787143782138	1.1946635970961257
5.497787143782138	1.211185034088048
5.497787143782138	1.226716635224711
5.497787143782138	1.2272498200159352
5.497787143782138	1.248240684018823
5.497787143782138	1.2587401357391244
5.497787143782138	1.2815331830514416
5.497787143782138	1.2873342047437886
5.497787143782138	1.2901060742351982
5.497787143782138	1.2916806418751454
5.497787143782138	1.2949748457172827
5.497787143782138	1.2981484150456621
5.497787143782138	1.3189963838999548
5.497787143782138	1.324071256123009
5.497787143782138	1.3282237109935027
5.497787143782138	1.3303677278681665
5.497787143782138	1.3363879183939673
5.497787143782138	1.3365026382719116
5.497787143782138	1.3379383593571412
5.497787143782138	1.3532828460930069
5.497787143782138	1.358586489228292
5.497787143782138	1.377156788358838
5.497787143782138	1.3840828077182072
5.497787143782138	1.4018772512407747
5.497787143782138	1.4051442420225162
5.497787143782138	1.4083306043869772
5.497787143782138	1.4327676237240805
5.497787143782138	1.4660725109589001
5.497787143782138	1.4663488238941496
5.497787143782138	1.4741987688199707
5.497787143782138	1.4753890174035318
5.497787143782138	1.4809737673404142
5.497787143782138	1.481257186965349
5.497787143782138	1.4848351155031712
5.497787143782138	1.4870435931132107
5.497787143782138	1.488624789105724
5.497787143782138	1.4901453717052577
5.497787143782138	1.5026253964181508
5.497787143782138	1.5045665746991528
5.497787143782138	1.5061519652986992
5.497787143782138	1.5121098465342862
5.497787143782138	1.5138032590541732
5.497787143782138	1.5163295132783792
5.497787143782138	1.5186262288601333
5.497787143782138	1.5194475901557627
5.497787143782138	1.5225763036334714
5.497787143782138	1.5233982908487793
5.497787143782138	1.5302793097157585
5.497787143782138	1.54999820305789
5.497787143782138	1.556801848000489
5.497787143782138	1.5604244086500163
5.497787143782138	1.572402683138353
5.497787143782138	1.574523864278265
5.497787143782138	1.5863359717081122
5.497787143782138	1.6118497393970328
5.497787143782138	1.6209783469982875
5.497787143782138	1.622690669707449
5.497787143782138	1.623952875576768
5.497787143782138	1.6292575789982457
5.497787143782138	1.6318218183930289
5.497787143782138	1.6554518701520475
5.497787143782138	1.6661966073364955
5.497787143782138	1.6738254243067197
5.497787143782138	1.6755548088522754
5.497787143782138	1.6772740840543443
5.497787143782138	1.7088767891996637
5.497787143782138	1.7089348397693347
5.497787143782138	1.7096683712351133
5.497787143782138	1.7199467183675368
5.497787143782138	1.7377683147141223
5.497787143782138	1.7521721528023813
5.497787143782138	1.7669497431445809
5.497787143782138	1.769545021508758
5.497787143782138	1.770214830344941
5.497787143782138	1.7782865706392117
5.497787143782138	1.778862715918385
5.497787143782138	1.7794132691083637
5.497787143782138	1.780217755366776
5.497787143782138	1.8105575331751433
5.497787143782138	1.81947725909162
5.497787143782138	1.8200200835557325
5.497787143782138	1.8229791687196246
5.497787143782138	1.8305111238790852
5.497787143782138	1.8622010200283587
5.497787143782138	1.8693068474058254
5.497787143782138	1.8768142236963343
5.497787143782138	1.879177015994387
5.497787143782138	1.9041882991819958
5.497787143782138	1.9046333573062404
5.497787143782138	1.912096863545462
5.497787143782138	1.9133133830302018
5.497787143782138	1.9140247285291312
5.497787143782138	1.9205407777933141
5.497787143782138	1.96289984270765
5.497787143782138	1.9736879910510234
5.497787143782138	1.9945438291231374
5.497787143782138	2.0112136279360104
5.497787143782138	2.0112982164015696
5.497787143782138	2.0262863904837864
5.497787143782138	2.0457173359718297
5.497787143782138	2.0492715957786993
5.497787143782138	2.057424852027146
5.497787143782138	2.065081756237375
5.497787143782138	2.07708364717972
5.497787143782138	2.085675988713958
5.497787143782138	2.116108240964482
5.497787143782138	2.141892705781069
5.497787143782138	2.1518944043948114
5.497787143782138	2.1520568088115635
5.497787143782138	2.1675714157927946
5.497787143782138	2.172090238923795
5.497787143782138	2.202516114309498
5.497787143782138	2.2161174987714176
5.497787143782138	2.2175710725978006
5.497787143782138	2.220312711597736
5.497787143782138	2.2228455917778156
5.497787143782138	2.2310931710900865
5.497787143782138	2.2435854295367013
5.497787143782138	2.2601896634328575
5.497787143782138	2.305718996048908
5.497787143782138	2.316237065567937
5.497787143782138	2.3178746726871955
5.497787143782138	2.3301648177163807
5.497787143782138	2.4056671486700014
5.497787143782138	2.4276960911440173
5.497787143782138	2.4279373790380583
5.497787143782138	2.4401947042011383
5.497787143782138	2.4679101645038095
5.497787143782138	2.472809777367509
5.497787143782138	2.4990787204308846
5.497787143782138	2.5138752169500345
5.497787143782138	2.5204396598566183
5.497787143782138	2.5248908752433747
5.497787143782138	2.538658865553999
5.497787143782138	2.5545497033768374
5.497787143782138	2.6030302627786304
5.497787143782138	2.603555248126607
5.497787143782138	2.701424562976617
5.497787143782138	2.701514157179629
5.497787143782138	2.7018049636883577
5.497787143782138	2.7103804404963343
5.497787143782138	2.7635891977374873
5.497787143782138	2.78294227103402
5.497787143782138	2.801516947552628
5.497787143782138	2.803116493907255
5.497787143782138	2.8125449001515737
5.497787143782138	2.8188213554838866
5.497787143782138	2.822315078141145
5.497787143782138	2.830194768241383
5.497787143782138	2.905452114113282
5.497787143782138	2.9169894038315745
5.497787143782138	2.917000988107028
5.497787143782138	2.926978871014451
5.497787143782138	3.0419575607303178
5.497787143782138	3.0532683730159382
5.497787143782138	3.0643722980433523
5.497787143782138	3.0759205698185017
5.497787143782138	3.412725268628556
5.497787143782138	3.4985348627822175
5.497787143782138	3.5107100100535615
5.497787143782138	4.049728984193916
5.497787143782138	4.068187628395696
5.890486225480862	-5.189725308807577
5.890486225480862	-4.333260681076104
5.890486225480862	-4.315458293321485
5.890486225480862	-3.8291668789428415
5.890486225480862	-3.8260034294721312
5.890486225480862	-3.628119910473111
5.890486225480862	-3.614303629075681
5.890486225480862	-3.5993967410404943
5.890486225480862	-3.5699378688148027
5.890486225480862	-3.522599117405794
5.890486225480862	-3.4972754466947222
5.890486225480862	-3.280519876711434
5.890486225480862	-3.2769400619128977
5.890486225480862	-3.17295147267283
5.890486225480862	-3.1362407454130237
5.890486225480862	-3.128058846214132
5.890486225480862	-3.0854047288948867
5.890486225480862	-3.0801577565666696
5.890486225480862	-3.0736751160964655
5.890486225480862	-3.069448769011699
5.890486225480862	-3.030665615414147
5.890486225480862	-3.0064963574964114
5.890486225480862	-3.001946460733385
5.890486225480862	-2.9443338495700537
5.890486225480862	-2.9041751919683616
5.890486225480862	-2.8707413825182133
5.890486225480862	-2.834996265819771
5.890486225480862	-2.825490999760638
5.890486225480862	-2.820708745797519
5.890486225480862	-2.8109049969886755
5.890486225480862	-2.804759496986013
5.890486225480862	-2.7946835714309923
5.890486225480862	-2.7718907134370023
5.890486225480862	-2.769840431726582
5.890486225480862	-2.737860291409075
5.890486225480862	-2.7238249797514893
5.890486225480862	-2.696898832261934
5.890486225480862	-2.6660289070079024
5.890486225480862	-2.665168203923785
5.890486225480862	-2.652634984430283
5.890486225480862	-2.6494898517224463
5.890486225480862	-2.6378000119637033
5.890486225480862	-2.6096436597017094
5.890486225480862	-2.5904342410305166
5.890486225480862	-2.533891964411273
5.890486225480862	-2.5152819161283695
5.890486225480862	-2.4991011158144154
5.890486225480862	-2.481894378513883
5.890486225480862	-2.4708112857713083
5.890486225480862	-2.4622225037670535
5.890486225480862	-2.453883708018673
5.890486225480862	-2.4485566217007904
5.890486225480862	-2.4429005607486642
5.890486225480862	-2.417684755214254
5.890486225480862	-2.399122477215177
5.890486225480862	-2.3733144022233583
5.890486225480862	-2.3451322182359657
5.890486225480862	-2.328720369807491
5.890486225480862	-2.315061390065777
5.890486225480862	-2.2887194592801854
5.890486225480862	-2.28409649402307
5.890486225480862	-2.273383412309949
5.890486225480862	-2.2684425109236495
5.890486225480862	-2.255646802589096
5.890486225480862	-2.244897414698947
5.890486225480862	-2.2285777118102432
5.890486225480862	-2.2161270292559054
5.890486225480862	-2.2105174582703966
5.890486225480862	-2.207476023056389
5.890486225480862	-2.1892955486119825
5.890486225480862	-2.18858992197566
5.890486225480862	-2.185062490770376
5.890486225480862	-2.1706951306893396
5.890486225480862	-2.1543772263015564
5.890486225480862	-2.1519549180906257
5.890486225480862	-2.0958102334509916
5.890486225480862	-2.0923423325448116
5.890486225480862	-2.0837802269337686
5.890486225480862	-2.0676050530001
5.890486225480862	-2.042317641555136
5.890486225480862	-2.032590892422911
5.890486225480862	-2.032259876152414
5.890486225480862	-2.0261637133045123
5.890486225480862	-2.020892647212869
5.890486225480862	-2.0190383366212123
5.890486225480862	-1.9903888123131663
5.890486225480862	-1.9820012869087158
5.890486225480862	-1.970180377795316
5.890486225480862	-1.9541713247961636
5.890486225480862	-1.953958577418542
5.890486225480862	-1.9487337196115262
5.890486225480862	-1.948297173413357
5.890486225480862	-1.9415531053893054
5.890486225480862	-1.940918889918007
5.890486225480862	-1.9353871536048515
5.890486225480862	-1.9151420300797524
5.890486225480862	-1.9068709784588505
5.890486225480862	-1.8823146891749554
5.890486225480862	-1.8716993945684581
5.890486225480862	-1.866437302334626
5.890486225480862	-1.8625156060643127
5.890486225480862	-1.8465112757294768
5.890486225480862	-1.8442822104158758
5.890486225480862	-1.8324928544019246
5.890486225480862	-1.7803344914321304
5.890486225480862	-1.7730122783884348
5.890486225480862	-1.7703962407245097
5.890486225480862	-1.758051674885965
5.890486225480862	-1.7520864356373256
5.890486225480862	-1.749445946498623
5.890486225480862	-1.7409977650000394
5.890486225480862	-1.7184221182794497
5.890486225480862	-1.7060569223149273
5.890486225480862	-1.7030017601461596
5.890486225480862	-1.6966958192938466
5.890486225480862	-1.692627403757893
5.890486225480862	-1.6901207218790435
5.890486225480862	-1.6870100297136548
5.890486225480862	-1.6697744117517601
5.890486225480862	-1.6590490406585703
5.890486225480862	-1.6345267712908411
5.890486225480862	-1.619721799228281
5.890486225480862	-1.6094946690934555
5.890486225480862	-1.6039042927054976
5.890486225480862	-1.5942410454580254
5.890486225480862	-1.5912011878334062
5.890486225480862	-1.580762956944863
5.890486225480862	-1.5759746431228019
5.890486225480862	-1.5643569016690682
5.890486225480862	-1.5595476607273535
5.890486225480862	-1.5323220672413267
5.890486225480862	-1.5293257106428584
5.890486225480862	-1.5078177670786512
5.890486225480862	-1.5056348933105421
5.890486225480862	-1.4984237092929957
5.890486225480862	-1.4878456237174984
5.890486225480862	-1.4858727992933571
5.890486225480862	-1.4819265666738075
5.890486225480862	-1.4779560158445946
5.890486225480862	-1.4636149402605785
5.890486225480862	-1.4502543643146473
5.890486225480862	-1.448560635501349
5.890486225480862	-1.4478746660954904
5.890486225480862	-1.4463747558731241
5.890486225480862	-1.4431595976767893
5.890486225480862	-1.441584640219757
5.890486225480862	-1.4386617561659292
5.890486225480862	-1.4343943926778433
5.890486225480862	-1.4152746474812687
5.890486225480862	-1.4098339684767693
5.890486225480862	-1.4050656714064738
5.890486225480862	-1.3970303086373208
5.890486225480862	-1.3954068725491957
5.890486225480862	-1.3678188327802197
5.890486225480862	-1.3581980796641426
5.890486225480862	-1.3450718250124387
5.890486225480862	-1.3432053419975907
5.890486225480862	-1.3410774535613559
5.890486225480862	-1.3375002049510332
5.890486225480862	-1.3312774556359208
5.890486225480862	-1.3268248723024878
5.890486225480862	-1.3107321187035013
5.890486225480862	-1.3102594276903223
5.890486225480862	-1.304584911783349
5.890486225480862	-1.2999497962018325
5.890486225480862	-1.2942067269317432
5.890486225480862	-1.291420658710404
5.890486225480862	-1.2891499523806764
5.890486225480862	-1.2884031739752406
5.890486225480862	-1.2584476865894958
5.890486225480862	-1.2484262157720345
5.890486225480862	-1.2470434526589635
5.890486225480862	-1.2432336868959735
5.890486225480862	-1.2273665963481355
5.890486225480862	-1.2230194688434983
5.890486225480862	-1.2194997650157284
5.890486225480862	-1.209525765368153
5.890486225480862	-1.2056813836320504
5.890486225480862	-1.2043401631076236
5.890486225480862	-1.1938289114384903
5.890486225480862	-1.191228774327336
5.890486225480862	-1.18684796857605
5.890486225480862	-1.1854531778172355
5.890486225480862	-1.175685784848671
5.890486225480862	-1.1709854353655837
5.890486225480862	-1.1582813641419405
5.890486225480862	-1.1565875268133816
5.890486225480862	-1.1531289274602101
5.890486225480862	-1.134159709321682
5.890486225480862	-1.1325366498447267
5.890486225480862	-1.1263243270804582
5.890486225480862	-1.1192752916237314
5.890486225480862	-1.1160021317413644
5.890486225480862	-1.11327702336767
5.890486225480862	-1.1090131622955592
5.890486225480862	-1.1073244935067097
5.890486225480862	-1.1009399491382847
5.890486225480862	-1.0687126832926692
5.890486225480862	-1.0560267055189203
5.890486225480862	-1.0514786655603825
5.890486225480862	-1.0475484545259115
5.890486225480862	-1.0461137825301756
5.890486225480862	-1.0442405141250275
5.890486225480862	-1.0359763342387591
5.890486225480862	-1.0277039472304708
5.890486225480862	-1.0177191014969493
5.890486225480862	-1.0166850094700337
5.890486225480862	-1.006408042794332
5.890486225480862	-1.0008264682823558
5.890486225480862	-0.9965117722945132
5.890486225480862	-0.9911556254801562
5.890486225480862	-0.9901631253658877
5.890486225480862	-0.9888247482626115
5.890486225480862	-0.97113730935504
5.890486225480862	-0.9651366849945979
5.890486225480862	-0.9616839281016627
5.890486225480862	-0.9603441918451554
5.890486225480862	-0.94839157029266
5.890486225480862	-0.9453187592110982
5.890486225480862	-0.9447255886545736
5.890486225480862	-0.9416209494788571
5.890486225480862	-0.9314198075377202
5.890486225480862	-0.9292107478045766
5.890486225480862	-0.9248006750584543
5.890486225480862	-0.913010706180609
5.890486225480862	-0.9001739061513363
5.890486225480862	-0.8993121911138414
5.890486225480862	-0.8867137952115539
5.890486225480862	-0.883293719074254
5.890486225480862	-0.878208744666582
5.890486225480862	-0.8737369413183911
5.890486225480862	-0.8612128057790008
5.890486225480862	-0.8610323816398284
5.890486225480862	-0.8572382519277206
5.890486225480862	-0.8560358152178631
5.890486225480862	-0.8508620495533334
5.890486225480862	-0.8404733598329894
5.890486225480862	-0.8253933091905106
5.890486225480862	-0.8162763965403702
5.890486225480862	-0.8132438531441458
5.890486225480862	-0.8072666901180509
5.890486225480862	-0.8070884675847856
5.890486225480862	-0.797316021477565
5.890486225480862	-0.782079943431642
5.890486225480862	-0.7770914057710866
5.890486225480862	-0.7746499501468104
5.890486225480862	-0.7702912829827969
5.890486225480862	-0.7696409127244181
5.890486225480862	-0.7693667582577511
5.890486225480862	-0.7649403617210868
5.890486225480862	-0.7643076563190816
5.890486225480862	-0.7563628108203214
5.890486225480862	-0.751439751385253
5.890486225480862	-0.7485253774533299
5.890486225480862	-0.7479462121075156
5.890486225480862	-0.7467901396072498
5.890486225480862	-0.7467690672835083
5.890486225480862	-0.7424517825027992
5.890486225480862	-0.741479640552164
5.890486225480862	-0.7410395251003894
5.890486225480862	-0.737545659951134
5.890486225480862	-0.7339083795677861
5.890486225480862	-0.7316390017032197
5.890486225480862	-0.7284408697839979
5.890486225480862	-0.7256318618014245
5.890486225480862	-0.72442712105612
5.890486225480862	-0.7169064095319433
5.890486225480862	-0.7094631863890064
5.890486225480862	-0.7046059450882782
5.890486225480862	-0.690709501004438
5.890486225480862	-0.6805029764061548
5.890486225480862	-0.6682027981338736
5.890486225480862	-0.662747559981817
5.890486225480862	-0.658477858159087
5.890486225480862	-0.6567507645107218
5.890486225480862	-0.6489064358389882
5.890486225480862	-0.6471124924386868
5.890486225480862	-0.6457946995313952
5.890486225480862	-0.6437079709715943
5.890486225480862	-0.6381372463724855
5.890486225480862	-0.6300529569981973
5.890486225480862	-0.6281181941187233
5.890486225480862	-0.6264950497235746
5.890486225480862	-0.6264623996919991
5.890486225480862	-0.6174888983366049
5.890486225480862	-0.6109226527418752
5.890486225480862	-0.5821190597706971
5.890486225480862	-0.5820195833827569
5.890486225480862	-0.5765107077512076
5.890486225480862	-0.5749830262849577
5.890486225480862	-0.5624082018349039
5.890486225480862	-0.5368345992903665
5.890486225480862	-0.5279780213556585
5.890486225480862	-0.5268593074362774
5.890486225480862	-0.5258533117206039
5.890486225480862	-0.5253442126958145
5.890486225480862	-0.5231551670657781
5.890486225480862	-0.5226773745069221
5.890486225480862	-0.519945496541534
5.890486225480862	-0.5192310218528727
5.890486225480862	-0.5136190205910129
5.890486225480862	-0.5123015078967725
5.890486225480862	-0.511896602531887
5.890486225480862	-0.5088268756330382
5.890486225480862	-0.5081326925306261
5.890486225480862	-0.500966850347119
5.890486225480862	-0.49077087504357103
5.890486225480862	-0.48884660710805483
5.890486225480862	-0.4858855598895752
5.890486225480862	-0.4826865786501821
5.890486225480862	-0.4809364737749603
5.890486225480862	-0.47245677713249884
5.890486225480862	-0.46907502888581354
5.890486225480862	-0.46542345875021873
5.890486225480862	-0.45869690739128915
5.890486225480862	-0.454346645452595
5.890486225480862	-0.45079323540437366
5.890486225480862	-0.44138461660449585
5.890486225480862	-0.43661019998997597
5.890486225480862	-0.4332908676897679
5.890486225480862	-0.42967387485272257
5.890486225480862	-0.4251142082899159
5.890486225480862	-0.41994260211188106
5.890486225480862	-0.41491945158656307
5.890486225480862	-0.4086366890445144
5.890486225480862	-0.40761726821911076
5.890486225480862	-0.40523531460499324
5.890486225480862	-0.3938385133635034
5.890486225480862	-0.382974880551346
5.890486225480862	-0.3807622646074912
5.890486225480862	-0.37996008856531316
5.890486225480862	-0.36913860089113226
5.890486225480862	-0.36751399469541923
5.890486225480862	-0.35676472812127624
5.890486225480862	-0.34923952032428923
5.890486225480862	-0.3482320067878683
5.890486225480862	-0.34577748306184364
5.890486225480862	-0.3410603720474532
5.890486225480862	-0.3401487862537712
5.890486225480862	-0.337124272906186
5.890486225480862	-0.32346186322281706
5.890486225480862	-0.3200748743611729
5.890486225480862	-0.3186177648943757
5.890486225480862	-0.3117044138151561
5.890486225480862	-0.30655529367360046
5.890486225480862	-0.30069505313057476
5.890486225480862	-0.2938050890496597
5.890486225480862	-0.291501318484333
5.890486225480862	-0.29132528164176413
5.890486225480862	-0.28224187392402555
5.890486225480862	-0.27606089896792785
5.890486225480862	-0.2692475235818334
5.890486225480862	-0.2680736331112594
5.890486225480862	-0.2644874491864557
5.890486225480862	-0.2613956380784895
5.890486225480862	-0.25848050563472563
5.890486225480862	-0.24719485562816873
5.890486225480862	-0.24563274978804062
5.890486225480862	-0.23441995697682386
5.890486225480862	-0.22989810178889483
5.890486225480862	-0.2201957253277764
5.890486225480862	-0.21678182148260153
5.890486225480862	-0.2081696812069505
5.890486225480862	-0.20726205612724036
5.890486225480862	-0.20640905266849408
5.890486225480862	-0.20353992133679297
5.890486225480862	-0.19732678904660583
5.890486225480862	-0.19551244268447915
5.890486225480862	-0.19065771758280803
5.890486225480862	-0.1878815299465822
5.890486225480862	-0.17353602992174744
5.890486225480862	-0.17345954145327216
5.890486225480862	-0.16824329026916163
5.890486225480862	-0.16620745736375572
5.890486225480862	-0.1584101472186813
5.890486225480862	-0.15767176635787022
5.890486225480862	-0.14498060404304647
5.890486225480862	-0.14328347477029144
5.890486225480862	-0.13906287920241417
5.890486225480862	-0.13397063555585947
5.890486225480862	-0.13007840360532702
5.890486225480862	-0.12663047030119
5.890486225480862	-0.12656267292137863
5.890486225480862	-0.12546742937179828
5.890486225480862	-0.12190755395889566
5.890486225480862	-0.12048150744624975
5.890486225480862	-0.11500172844303816
5.890486225480862	-0.11415042425790593
5.890486225480862	-0.10815952212921479
5.890486225480862	-0.1045714987269444
5.890486225480862	-0.09867682225245744
5.890486225480862	-0.09044209990973448
5.890486225480862	-0.08685039527223544
5.890486225480862	-0.08453799275865709
5.890486225480862	-0.08000881731547105
5.890486225480862	-0.07903085188223043
5.890486225480862	-0.07252314090354449
5.890486225480862	-0.07144067338600474
5.890486225480862	-0.07050609734400674
5.890486225480862	-0.06474184096010029
5.890486225480862	-0.06139509023011931
5.890486225480862	-0.05645815508397481
5.890486225480862	-0.05225047963631071
5.890486225480862	-0.03548518105923338
5.890486225480862	-0.03337236841100937
5.890486225480862	-0.03116808860373471
5.890486225480862	-0.02956626817886535
5.890486225480862	-0.011095108999775897
5.890486225480862	-0.007844139613069106
5.890486225480862	-0.006797569522940924
5.890486225480862	-0.006540945556166705
5.890486225480862	-0.00431393636640986
5.890486225480862	-0.003278065955132043
5.890486225480862	0.0005196552841151142
5.890486225480862	0.013403072908905335
5.890486225480862	0.016650646281123616
5.890486225480862	0.02717821597474135
5.890486225480862	0.053810911305796086
5.890486225480862	0.05616523909485596
5.890486225480862	0.059161708596011296
5.890486225480862	0.06515304597822534
5.890486225480862	0.0670490374555583
5.890486225480862	0.06786779187035155
5.890486225480862	0.06793972778175691
5.890486225480862	0.0736778651358079
5.890486225480862	0.07574238819916637
5.890486225480862	0.07675090763235112
5.890486225480862	0.07888690194351346
5.890486225480862	0.07961634306048569
5.890486225480862	0.08645593541264665
5.890486225480862	0.08739240006358878
5.890486225480862	0.08831088911877998
5.890486225480862	0.09422603676656062
5.890486225480862	0.09694680353610695
5.890486225480862	0.09746853786538945
5.890486225480862	0.10043469702487223
5.890486225480862	0.1013697456338205
5.890486225480862	0.10620448943908528
5.890486225480862	0.1072921746431014
5.890486225480862	0.11842874688487814
5.890486225480862	0.12353250572404006
5.890486225480862	0.1271596136084365
5.890486225480862	0.13846291312549655
5.890486225480862	0.1387946312675054
5.890486225480862	0.1475454243040215
5.890486225480862	0.14797544166094267
5.890486225480862	0.15247563654639684
5.890486225480862	0.17175517526503725
5.890486225480862	0.18539172211510646
5.890486225480862	0.19427385831124097
5.890486225480862	0.19778573420906478
5.890486225480862	0.19958604100544516
5.890486225480862	0.20946514140709027
5.890486225480862	0.21386541474262533
5.890486225480862	0.22708112069365016
5.890486225480862	0.22728006926173067
5.890486225480862	0.22775108362382682
5.890486225480862	0.2282670413846547
5.890486225480862	0.23209236923727047
5.890486225480862	0.23831711087251442
5.890486225480862	0.24054219885405578
5.890486225480862	0.24126868166396248
5.890486225480862	0.24418500777603142
5.890486225480862	0.2584833296484607
5.890486225480862	0.261904423943214
5.890486225480862	0.2632318788788265
5.890486225480862	0.26422028647196183
5.890486225480862	0.2648142576366203
5.890486225480862	0.2679035479262099
5.890486225480862	0.27385377013384893
5.890486225480862	0.2756413138044308
5.890486225480862	0.2773295217072817
5.890486225480862	0.2801331380569933
5.890486225480862	0.28035380679427985
5.890486225480862	0.28489096105732303
5.890486225480862	0.2888830624446379
5.890486225480862	0.2919811254327564
5.890486225480862	0.2956729493563359
5.890486225480862	0.3072453339436798
5.890486225480862	0.3132745729599942
5.890486225480862	0.3141630008810159
5.890486225480862	0.31818058784160064
5.890486225480862	0.32153727570677476
5.890486225480862	0.32172563324243575
5.890486225480862	0.35865935118713477
5.890486225480862	0.3632941497804616
5.890486225480862	0.37066062418487933
5.890486225480862	0.37878811014703206
5.890486225480862	0.39540721625521114
5.890486225480862	0.4060070145804775
5.890486225480862	0.40864346308084276
5.890486225480862	0.41060674838297206
5.890486225480862	0.4107257092183635
5.890486225480862	0.4114328130100536
5.890486225480862	0.4158058332261878
5.890486225480862	0.42002792142220136
5.890486225480862	0.42266125885523004
5.890486225480862	0.4266759470458772
5.890486225480862	0.43562251745475655
5.890486225480862	0.43903497395862956
5.890486225480862	0.4391748096758644
5.890486225480862	0.44323851758724153
5.890486225480862	0.4450562553414156
5.890486225480862	0.44628705217025816
5.890486225480862	0.44967461453292673
5.890486225480862	0.45126299300701633
5.890486225480862	0.457518864887745
5.890486225480862	0.45958153219021075
5.890486225480862	0.46333289372346836
5.890486225480862	0.47228944559066294
5.890486225480862	0.47613700278286997
5.890486225480862	0.4807337076056002
5.890486225480862	0.4936328986415833
5.890486225480862	0.494401522201576
5.890486225480862	0.503846537880118
5.890486225480862	0.5122503883812061
5.890486225480862	0.5137408497668042
5.890486225480862	0.5204756004279347
5.890486225480862	0.5408507208464743
5.890486225480862	0.5550018843886216
5.890486225480862	0.5569381770601648
5.890486225480862	0.5575666240490343
5.890486225480862	0.5646770838616806
5.890486225480862	0.5677318110620647
5.890486225480862	0.5743277276462182
5.890486225480862	0.5799036297853888
5.890486225480862	0.5809008218751436
5.890486225480862	0.5860670181131659
5.890486225480862	0.5888759341714893
5.890486225480862	0.5956874995393853
5.890486225480862	0.6103897628787837
5.890486225480862	0.6117179533338405
5.890486225480862	0.6131501446341349
5.890486225480862	0.6164844836209107
5.890486225480862	0.6165357089799988
5.890486225480862	0.6214256002777883
5.890486225480862	0.6261144712767164
5.890486225480862	0.6266625924922542
5.890486225480862	0.627742729493995
5.890486225480862	0.6297290096826509
5.890486225480862	0.6327721739841042
5.890486225480862	0.6368632774212193
5.890486225480862	0.643533387776252
5.890486225480862	0.6450245726934833
5.890486225480862	0.6514719479471119
5.890486225480862	0.6529804856591193
5.890486225480862	0.6573688801798508
5.890486225480862	0.6575339656065003
5.890486225480862	0.6752243091768682
5.890486225480862	0.6848440616683604
5.890486225480862	0.6869494577663984
5.890486225480862	0.6892270611716846
5.890486225480862	0.6953121188665966
5.890486225480862	0.6964430550593497
5.890486225480862	0.6978889921034876
5.890486225480862	0.7014731408824855
5.890486225480862	0.715230697281902
5.890486225480862	0.7308809048214041
5.890486225480862	0.7316551798771593
5.890486225480862	0.7334009538639529
5.890486225480862	0.7360604533324572
5.890486225480862	0.7501715745424709
5.890486225480862	0.7535031188442285
5.890486225480862	0.7567158914047825
5.890486225480862	0.7567521562972593
5.890486225480862	0.7613742312362697
5.890486225480862	0.7725808612410985
5.890486225480862	0.7774335939968652
5.890486225480862	0.7776058966241203
5.890486225480862	0.7803588603373931
5.890486225480862	0.7890090859368142
5.890486225480862	0.792000439855839
5.890486225480862	0.7969018975015234
5.890486225480862	0.798291472876879
5.890486225480862	0.8010950617868027
5.890486225480862	0.8012745180216382
5.890486225480862	0.8099795176259134
5.890486225480862	0.8129726911929189
5.890486225480862	0.8224013152210716
5.890486225480862	0.8273288737865929
5.890486225480862	0.8311832729449624
5.890486225480862	0.8411873967781326
5.890486225480862	0.8430974290640394
5.890486225480862	0.8553556360726069
5.890486225480862	0.8664759734288024
5.890486225480862	0.869268816137194
5.890486225480862	0.8797739580146711
5.890486225480862	0.8821492042360999
5.890486225480862	0.893462629525762
5.890486225480862	0.8952146338067611
5.890486225480862	0.9131482880672008
5.890486225480862	0.9265865870806295
5.890486225480862	0.9279638811301514
5.890486225480862	0.9301980103351629
5.890486225480862	0.932679715527455
5.890486225480862	0.9371930124854453
5.890486225480862	0.9432642358167201
5.890486225480862	0.9454827529893302
5.890486225480862	0.9527683584559035
5.890486225480862	0.9564474167610642
5.890486225480862	0.9645278746843522
5.890486225480862	0.964639321768155
5.890486225480862	0.9653596822878631
5.890486225480862	0.9862603494709593
5.890486225480862	0.987200856411988
5.890486225480862	0.9907377679980747
5.890486225480862	0.9994460475794699
5.890486225480862	1.0027848378082636
5.890486225480862	1.004212315668006
5.890486225480862	1.0142570254289947
5.890486225480862	1.020574868220987
5.890486225480862	1.0270925160128774
5.890486225480862	1.0451608208682015
5.890486225480862	1.0565645557871117
5.890486225480862	1.0673605242269826
5.890486225480862	1.0778495600709186
5.890486225480862	1.0825406336750443
5.890486225480862	1.0909264065092916
5.890486225480862	1.0997876425322892
5.890486225480862	1.1053849734855539
5.890486225480862	1.1128839970632713
5.890486225480862	1.1145345729867093
5.890486225480862	1.1156292149618559
5.890486225480862	1.1359067076984302
5.890486225480862	1.136986252620622
5.890486225480862	1.1404470483269726
5.890486225480862	1.149163082589454
5.890486225480862	1.1516748186458514
5.890486225480862	1.1596555777610218
5.890486225480862	1.161790901518308
5.890486225480862	1.162853978344087
5.890486225480862	1.1649278639176925
5.890486225480862	1.1675507701658356
5.890486225480862	1.16782341329747
5.890486225480862	1.1713088068127355
5.890486225480862	1.1757127836720507
5.890486225480862	1.1772288876972186
5.890486225480862	1.1781323164230746
5.890486225480862	1.1871559576087143
5.890486225480862	1.1965490402778483
5.890486225480862	1.2024753790857896
5.890486225480862	1.2075999978070886
5.890486225480862	1.2138126693649927
5.890486225480862	1.22507482720868
5.890486225480862	1.2279980702696154
5.890486225480862	1.2304002220809926
5.890486225480862	1.2352003734718382
5.890486225480862	1.2524860294022557
5.890486225480862	1.2530642873668107
5.890486225480862	1.2721039364128859
5.890486225480862	1.282853208915156
5.890486225480862	1.2861008734688708
5.890486225480862	1.2916430050193857
5.890486225480862	1.2942577333635066
5.890486225480862	1.2975473334474512
5.890486225480862	1.2978212479262112
5.890486225480862	1.3022881311691705
5.890486225480862	1.3096825717368157
5.890486225480862	1.314284862271943
5.890486225480862	1.322717160536628
5.890486225480862	1.3273267195272322
5.890486225480862	1.343190850814325
5.890486225480862	1.3676810944439497
5.890486225480862	1.3807017472939793
5.890486225480862	1.3959519429367309
5.890486225480862	1.39628731685342
5.890486225480862	1.402943786691466
5.890486225480862	1.403302064114605
5.890486225480862	1.4057604266399892
5.890486225480862	1.4084283008621723
5.890486225480862	1.4384389269520188
5.890486225480862	1.441721611556435
5.890486225480862	1.4551894147431796
5.890486225480862	1.4625704608130856
5.890486225480862	1.465420747696357
5.890486225480862	1.4660478752832669
5.890486225480862	1.4766136766656217
5.890486225480862	1.4810873350119804
5.890486225480862	1.4855332518837063
5.890486225480862	1.48568461914439
5.890486225480862	1.4957013769708558
5.890486225480862	1.4992847303617847
5.890486225480862	1.5187805681817066
5.890486225480862	1.5249511045887558
5.890486225480862	1.5256171859893237
5.890486225480862	1.529998900058961
5.890486225480862	1.5312430134762718
5.890486225480862	1.5331679189053016
5.890486225480862	1.5468796473098418
5.890486225480862	1.5499810761086432
5.890486225480862	1.577838043413645
5.890486225480862	1.5853169005304495
5.890486225480862	1.6204988449330782
5.890486225480862	1.6313359491457706
5.890486225480862	1.633508066956369
5.890486225480862	1.643283345319595
5.890486225480862	1.6496703031059736
5.890486225480862	1.6544696491484223
5.890486225480862	1.6650319568250413
5.890486225480862	1.6792478249279306
5.890486225480862	1.6857611749830907
5.890486225480862	1.6871413463748144
5.890486225480862	1.7246753992172152
5.890486225480862	1.7345522112074532
5.890486225480862	1.745465299912226
5.890486225480862	1.7471947702561943
5.890486225480862	1.7572989964513228
5.890486225480862	1.7752430044049663
5.890486225480862	1.7787272656135187
5.890486225480862	1.7978366023441166
5.890486225480862	1.8009733118351505
5.890486225480862	1.8028272016936109
5.890486225480862	1.807581854887705
5.890486225480862	1.811495502081585
5.890486225480862	1.8268510168495782
5.890486225480862	1.8318881057413257
5.890486225480862	1.8375917510154176
5.890486225480862	1.8466290486987837
5.890486225480862	1.8488800338298674
5.890486225480862	1.8502523479489006
5.890486225480862	1.8507129857147482
5.890486225480862	1.855137233178802
5.890486225480862	1.8650421147747709
5.890486225480862	1.8784889982633897
5.890486225480862	1.8794847698123254
5.890486225480862	1.8831685639649105
5.890486225480862	1.884406164195554
5.890486225480862	1.8904564713434144
5.890486225480862	1.9236087914524553
5.890486225480862	1.926135968601912
5.890486225480862	1.9372849780641985
5.890486225480862	1.9467540920128017
5.890486225480862	1.9736100761712643
5.890486225480862	1.9816420134544575
5.890486225480862	2.0237339372617558
5.890486225480862	2.037476288097962
5.890486225480862	2.0664232097943236
5.890486225480862	2.0754079147910613
5.890486225480862	2.075659282064693
5.890486225480862	2.088930034492159
5.890486225480862	2.1004049060029417
5.890486225480862	2.1030921734222368
5.890486225480862	2.108137824589976
5.890486225480862	2.128157050871482
5.890486225480862	2.129085701389272
5.890486225480862	2.130039569999619
5.890486225480862	2.1358781630224297
5.890486225480862	2.143176605997711
5.890486225480862	2.1646151713906
5.890486225480862	2.1750355041290876
5.890486225480862	2.180766324450162
5.890486225480862	2.1834010065018243
5.890486225480862	2.1877377154199174
5.890486225480862	2.193045089283757
5.890486225480862	2.2247596142149453
5.890486225480862	2.269578441863078
5.890486225480862	2.312200227641836
5.890486225480862	2.315778976024309
5.890486225480862	2.3634242397493983
5.890486225480862	2.3664489614339597
5.890486225480862	2.375347180546525
5.890486225480862	2.3794455066684455
5.890486225480862	2.4069217800852067
5.890486225480862	2.412565618316964
5.890486225480862	2.4165995247265277
5.890486225480862	2.4273182004527
5.890486225480862	2.4409309954387544
5.890486225480862	2.478372095958862
5.890486225480862	2.4812704501718055
5.890486225480862	2.483579326932698
5.890486225480862	2.5083460191515057
5.890486225480862	2.508650104003562
5.890486225480862	2.526243692379208
5.890486225480862	2.5371996717655043
5.890486225480862	2.5407164076275803
5.890486225480862	2.5503409398010053
5.890486225480862	2.5675353886243157
5.890486225480862	2.5809710818560103
5.890486225480862	2.5823619274728897
5.890486225480862	2.6767964989812847
5.890486225480862	2.688348272648715
5.890486225480862	2.7212278848904097
5.890486225480862	2.7284817217082518
5.890486225480862	2.728568231237881
5.890486225480862	2.731231677979289
5.890486225480862	2.8138954458494174
5.890486225480862	2.8253927632027747
5.890486225480862	2.829338219306132
5.890486225480862	2.8419231539781187
5.890486225480862	2.9970241231887145
5.890486225480862	2.9970623525574904
5.890486225480862	3.0971022325989055
5.890486225480862	3.113655412945066
5.890486225480862	3.1805404292459514
5.890486225480862	3.193530565762542
5.890486225480862	3.2026669430507257
5.890486225480862	3.2155691273082754
5.890486225480862	3.727487980119793
5.890486225480862	3.747989369512941
5.890486225480862	4.357985856016458
