0.0	-4.527104160964033
0.0	-4.5058471966074425
0.0	-3.6158259467561846
0.0	-3.518863462102538
0.0	-2.9593964381394207
0.0	-2.832364739521407
0.0	-2.807307193532617
0.0	-2.807307193532606
0.0	-2.6720337915704064
0.0	-2.672033791570406
0.0	-2.6506977324687924
0.0	-2.626834641767376
0.0	-2.5161136726780136
0.0	-2.330584864527185
0.0	-2.330584864527183
0.0	-2.2170647994168764
0.0	-2.217064799416872
0.0	-2.1721533105059176
0.0	-2.1721533105059123
0.0	-2.1556557508989886
0.0	-2.1556557508989886
0.0	-2.0192402765586843
0.0	-1.9400360430740409
0.0	-1.94003604307404
0.0	-1.9101626838234609
0.0	-1.9101626838234584
0.0	-1.861313787438041
0.0	-1.8439666638526893
0.0	-1.8439666638526855
0.0	-1.8231484437131964
0.0	-1.823148443713196
0.0	-1.766864027867888
0.0	-1.763039252760243
0.0	-1.6983435530681383
0.0	-1.4708667762452863
0.0	-1.4707167365676055
0.0	-1.450762351561983
0.0	-1.4507623515619827
0.0	-1.4472267781164148
0.0	-1.4472267781164132
0.0	-1.4279293441982173
0.0	-1.4279293441982168
0.0	-1.4204563371748897
0.0	-1.4204563371748864
0.0	-1.2993774734058257
0.0	-1.2993774734058168
0.0	-1.2676461341991525
0.0	-1.26347062887723
0.0	-1.2448953039349695
0.0	-1.2448953039349666
0.0	-1.192632926554201
0.0	-1.1625097881863993
0.0	-1.1625097881863966
0.0	-1.1621240639280122
0.0	-1.1621240639280106
0.0	-1.1379796237385564
0.0	-1.137979623738553
0.0	-1.1301488839148162
0.0	-1.1214836004426898
0.0	-1.1214836004426867
0.0	-1.093541767920936
0.0	-1.0935417679209347
0.0	-1.0650119503446884
0.0	-1.0648467608719998
0.0	-1.0553397063875114
0.0	-1.05533970638751
0.0	-0.9795598747942078
0.0	-0.9200386053915349
0.0	-0.9200386053915296
0.0	-0.8809090842325462
0.0	-0.8549835883675518
0.0	-0.8455600133579124
0.0	-0.8455600133579121
0.0	-0.8389686238339203
0.0	-0.8389686238339167
0.0	-0.8340918820767681
0.0	-0.8340918820767661
0.0	-0.8076708996602378
0.0	-0.6716096736838615
0.0	-0.6716096736838605
0.0	-0.6692863655278184
0.0	-0.6692863655278152
0.0	-0.6480637581240045
0.0	-0.6480637581240039
0.0	-0.6460677616777927
0.0	-0.6460677616777879
0.0	-0.6270789463646477
0.0	-0.6270789463646467
0.0	-0.6222780840110524
0.0	-0.6222780840110518
0.0	-0.5969319935909971
0.0	-0.5969319935909951
0.0	-0.5929677739018537
0.0	-0.5929677739018523
0.0	-0.5746117300570166
0.0	-0.5692935546481257
0.0	-0.4379753859627629
0.0	-0.43797538596275776
0.0	-0.38770381378287294
0.0	-0.3877038137828705
0.0	-0.3725801742762591
0.0	-0.37258017427625795
0.0	-0.3633434323208406
0.0	-0.363343432320839
0.0	-0.36257328808391165
0.0	-0.339977811939241
0.0	-0.33974552318344986
0.0	-0.2903649634443628
0.0	-0.2354943633278906
0.0	-0.23549436332789028
0.0	-0.22281595286803949
0.0	-0.22281595286803915
0.0	-0.1879520784111842
0.0	-0.18795207841118142
0.0	-0.17947733977250446
0.0	-0.1794773397725013
0.0	-0.1766880377638372
0.0	-0.13373883988903046
0.0	-0.1261716638049133
0.0	-0.12617166380491188
0.0	-0.08329659519186869
0.0	-0.08329659519186809
0.0	-0.0725788629774393
0.0	-0.07257886297743923
0.0	-0.06682408137783735
0.0	0.054184818495183355
0.0	0.05418481849518446
0.0	0.08619586098492178
0.0	0.08619586098492232
0.0	0.09023957358148724
0.0	0.09023957358148911
0.0	0.09861549889754699
0.0	0.09861549889754785
0.0	0.12079828649361614
0.0	0.12079828649361984
0.0	0.12506350754964302
0.0	0.12506350754964748
0.0	0.1388854460715905
0.0	0.13888544607159156
0.0	0.1627363370053186
0.0	0.16273633700531995
0.0	0.1648799296876732
0.0	0.1648799296876759
0.0	0.19788217303638145
0.0	0.19788217303638217
0.0	0.20221632407863563
0.0	0.2022163240786419
0.0	0.25866797417502907
0.0	0.27903096535993077
0.0	0.2997937657109022
0.0	0.29979376571090316
0.0	0.38592199098700863
0.0	0.38592199098700963
0.0	0.4060863986385673
0.0	0.4060863986385678
0.0	0.45518398011860906
0.0	0.45518398011861044
0.0	0.4773593360041077
0.0	0.48078009983839454
0.0	0.49902877211102364
0.0	0.4990287721110239
0.0	0.5407540507226888
0.0	0.540754050722689
0.0	0.5457336344649096
0.0	0.5466314500640569
0.0	0.5536410123911137
0.0	0.5536410123911153
0.0	0.5867567909754359
0.0	0.586756790975437
0.0	0.6201272068542509
0.0	0.620127206854251
0.0	0.7155120664653807
0.0	0.7254205975827529
0.0	0.7274284859180821
0.0	0.7274284859180824
0.0	0.7474638606011812
0.0	0.7474638606011815
0.0	0.7644877321399304
0.0	0.7728615952839253
0.0	0.7728615952839308
0.0	0.8622643058131015
0.0	0.8622643058131054
0.0	0.9053062022303043
0.0	0.9053062022303078
0.0	0.9979722598187004
0.0	0.9979722598187006
0.0	1.0031534256700423
0.0	1.0031534256700438
0.0	1.0471954384582542
0.0	1.0471954384582567
0.0	1.0602927017083184
0.0	1.0602927017083192
0.0	1.0952800046808036
0.0	1.1254628522839907
0.0	1.1352942240621666
0.0	1.2094522939005614
0.0	1.2094522939005632
0.0	1.2838147811284033
0.0	1.2981119130996006
0.0	1.298111913099601
0.0	1.3047868211771436
0.0	1.3047868211771454
0.0	1.3484030662996884
0.0	1.3484030662996889
0.0	1.405231030002704
0.0	1.4065945315711654
0.0	1.4211167705287995
0.0	1.4211167705288024
0.0	1.5152135913697176
0.0	1.515213591369718
0.0	1.5232272370501128
0.0	1.5232272370501154
0.0	1.553102778219185
0.0	1.5531027782191877
0.0	1.5671814564967925
0.0	1.5671814564967932
0.0	1.5878545120661398
0.0	1.6237498603344
0.0	1.623749860334402
0.0	1.637546145901311
0.0	1.6375461459013125
0.0	1.7900170471900616
0.0	1.7919985607866953
0.0	1.7958942648449687
0.0	1.7958942648449712
0.0	1.8163579377992531
0.0	1.8163579377992558
0.0	1.9242724493703682
0.0	2.0509831811806256
0.0	2.050983181180626
0.0	2.0678158628569987
0.0	2.067815862856999
0.0	2.0702864033502033
0.0	2.0703936375880194
0.0	2.1825757234748044
0.0	2.2017935790437906
0.0	2.201793579043791
0.0	2.221649307200295
0.0	2.4283279375474174
0.0	2.4283650230702984
0.0	2.651616885495751
0.0	2.680406068154005
0.0	2.680406068154005
0.0	2.7098217923010655
0.0	3.3675116445929016
0.0	4.094138759856807
0.4487989505128276	-4.060104007785285
0.4487989505128276	-4.014612667827119
0.4487989505128276	-3.288238753756022
0.4487989505128276	-3.1739906945357257
0.4487989505128276	-3.126441683125264
0.4487989505128276	-3.012319015106115
0.4487989505128276	-2.8052061221196403
0.4487989505128276	-2.707077215369969
0.4487989505128276	-2.6671440201775276
0.4487989505128276	-2.5437022607640887
0.4487989505128276	-2.483282186320322
0.4487989505128276	-2.3772116505855867
0.4487989505128276	-2.3417114685387705
0.4487989505128276	-2.3361610280298475
0.4487989505128276	-2.311124930883169
0.4487989505128276	-2.29230192901537
0.4487989505128276	-2.2511625463755065
0.4487989505128276	-2.2397099568426304
0.4487989505128276	-2.1872014652822873
0.4487989505128276	-2.1646565821331016
0.4487989505128276	-2.156821999675045
0.4487989505128276	-2.145187249844259
0.4487989505128276	-1.9056947994819655
0.4487989505128276	-1.901586167234968
0.4487989505128276	-1.8882010676247476
0.4487989505128276	-1.871494087182352
0.4487989505128276	-1.869941622445494
0.4487989505128276	-1.7670614369226172
0.4487989505128276	-1.7423597543709635
0.4487989505128276	-1.7148593777017478
0.4487989505128276	-1.7096434693156883
0.4487989505128276	-1.691451708728653
0.4487989505128276	-1.6020060599458898
0.4487989505128276	-1.5862772653755428
0.4487989505128276	-1.572858968708883
0.4487989505128276	-1.5652484463122773
0.4487989505128276	-1.5200711223339223
0.4487989505128276	-1.5160697735895825
0.4487989505128276	-1.495535890511651
0.4487989505128276	-1.4893244375903167
0.4487989505128276	-1.459271007329312
0.4487989505128276	-1.4190715089030226
0.4487989505128276	-1.4190323809560965
0.4487989505128276	-1.3952994330393982
0.4487989505128276	-1.3805430730965962
0.4487989505128276	-1.3644634306743173
0.4487989505128276	-1.3531214849726965
0.4487989505128276	-1.2859280114153488
0.4487989505128276	-1.270810588225139
0.4487989505128276	-1.270650792864439
0.4487989505128276	-1.2516056808047566
0.4487989505128276	-1.19448315078977
0.4487989505128276	-1.1901974383660172
0.4487989505128276	-1.0994629019229616
0.4487989505128276	-1.0832557101166738
0.4487989505128276	-1.0743044877151955
0.4487989505128276	-1.0651348787419885
0.4487989505128276	-1.0590681573340244
0.4487989505128276	-1.0466039127743634
0.4487989505128276	-1.0299709635286791
0.4487989505128276	-1.029333899549881
0.4487989505128276	-1.0224972440952205
0.4487989505128276	-1.0153512718457738
0.4487989505128276	-1.0122661188995137
0.4487989505128276	-1.007067565681179
0.4487989505128276	-0.9840408878052882
0.4487989505128276	-0.9786156567362441
0.4487989505128276	-0.957913618800573
0.4487989505128276	-0.9193138596970392
0.4487989505128276	-0.9145677653259816
0.4487989505128276	-0.8659160429231574
0.4487989505128276	-0.8642624308079455
0.4487989505128276	-0.8077383085221297
0.4487989505128276	-0.8067892499068522
0.4487989505128276	-0.801180043143777
0.4487989505128276	-0.7835239998123553
0.4487989505128276	-0.7728753072787957
0.4487989505128276	-0.7656580481788167
0.4487989505128276	-0.7430225926721077
0.4487989505128276	-0.7373846697333118
0.4487989505128276	-0.736355778469021
0.4487989505128276	-0.7360262486812379
0.4487989505128276	-0.7116032134277512
0.4487989505128276	-0.7025484782958789
0.4487989505128276	-0.7023484842483576
0.4487989505128276	-0.6624164865827198
0.4487989505128276	-0.6277047605926493
0.4487989505128276	-0.6070721893215842
0.4487989505128276	-0.5859894011539892
0.4487989505128276	-0.5522875312731624
0.4487989505128276	-0.5496507357986788
0.4487989505128276	-0.5319782598449785
0.4487989505128276	-0.5074240194564199
0.4487989505128276	-0.5019664628342078
0.4487989505128276	-0.49244506473641747
0.4487989505128276	-0.49228348540825484
0.4487989505128276	-0.4693788606518865
0.4487989505128276	-0.4344271878351176
0.4487989505128276	-0.4091074700108539
0.4487989505128276	-0.39934859702314096
0.4487989505128276	-0.3716279691794617
0.4487989505128276	-0.34937709520112614
0.4487989505128276	-0.343974972189963
0.4487989505128276	-0.33745726486443894
0.4487989505128276	-0.3115598341171486
0.4487989505128276	-0.3048761311404169
0.4487989505128276	-0.2910854752981944
0.4487989505128276	-0.27830810051361254
0.4487989505128276	-0.2574501813058987
0.4487989505128276	-0.2408057298286712
0.4487989505128276	-0.23617231648960058
0.4487989505128276	-0.2295944315903955
0.4487989505128276	-0.2236804434587505
0.4487989505128276	-0.20569055344264653
0.4487989505128276	-0.20341055203943725
0.4487989505128276	-0.19397083168943222
0.4487989505128276	-0.19186147044925475
0.4487989505128276	-0.15775224334758642
0.4487989505128276	-0.15289554585091056
0.4487989505128276	-0.15096172683157003
0.4487989505128276	-0.14241112583793694
0.4487989505128276	-0.13883019414201508
0.4487989505128276	-0.05319857687523122
0.4487989505128276	-0.027846243636389545
0.4487989505128276	0.004741575003395226
0.4487989505128276	0.029050017595462663
0.4487989505128276	0.04710875192418643
0.4487989505128276	0.0477429206382262
0.4487989505128276	0.06390647089307233
0.4487989505128276	0.07089682777181494
0.4487989505128276	0.07195786491176766
0.4487989505128276	0.0721052053673747
0.4487989505128276	0.09732415951707285
0.4487989505128276	0.10297926336750236
0.4487989505128276	0.1057471124301389
0.4487989505128276	0.10621093911128887
0.4487989505128276	0.1086420392182386
0.4487989505128276	0.11923121920374236
0.4487989505128276	0.15111753897525304
0.4487989505128276	0.1693773631068547
0.4487989505128276	0.20439678656607083
0.4487989505128276	0.2085746225558688
0.4487989505128276	0.24475590294472305
0.4487989505128276	0.27111972321342837
0.4487989505128276	0.28963637770931694
0.4487989505128276	0.29768391171030584
0.4487989505128276	0.30040879580502833
0.4487989505128276	0.31206128934228355
0.4487989505128276	0.3140322982539805
0.4487989505128276	0.32296213872417656
0.4487989505128276	0.3438558857054055
0.4487989505128276	0.35053508463742616
0.4487989505128276	0.3534602835143763
0.4487989505128276	0.3635541765431425
0.4487989505128276	0.43682818670303103
0.4487989505128276	0.4615723225436694
0.4487989505128276	0.47191420978460386
0.4487989505128276	0.48774500707268764
0.4487989505128276	0.4997670896673041
0.4487989505128276	0.531930303141654
0.4487989505128276	0.5478335180776215
0.4487989505128276	0.5539654973554331
0.4487989505128276	0.5677024469243062
0.4487989505128276	0.572714518953739
0.4487989505128276	0.5831576459710517
0.4487989505128276	0.5917484617036646
0.4487989505128276	0.6080692026811718
0.4487989505128276	0.614348377222826
0.4487989505128276	0.6191710778261064
0.4487989505128276	0.623313572331989
0.4487989505128276	0.6346789816138925
0.4487989505128276	0.6778969472939238
0.4487989505128276	0.6816433072089285
0.4487989505128276	0.7064208718044993
0.4487989505128276	0.8079911410245053
0.4487989505128276	0.8256276764857198
0.4487989505128276	0.8514863606572494
0.4487989505128276	0.8746392085774293
0.4487989505128276	0.8848573132629616
0.4487989505128276	0.9065595229489466
0.4487989505128276	0.909912546530994
0.4487989505128276	0.9180122057485338
0.4487989505128276	0.9276052157649763
0.4487989505128276	0.9355430748704245
0.4487989505128276	0.9454760946284564
0.4487989505128276	0.9605726093243891
0.4487989505128276	0.9797399294486188
0.4487989505128276	0.9808463822150127
0.4487989505128276	0.9936102796408504
0.4487989505128276	1.0228736453622738
0.4487989505128276	1.023049859015249
0.4487989505128276	1.1113085927048951
0.4487989505128276	1.1179088137607014
0.4487989505128276	1.1554873769180243
0.4487989505128276	1.1572584886195876
0.4487989505128276	1.158306530378037
0.4487989505128276	1.188031935183206
0.4487989505128276	1.1913673958955815
0.4487989505128276	1.2289482669723224
0.4487989505128276	1.2356051597059237
0.4487989505128276	1.2425793359272976
0.4487989505128276	1.264292456347457
0.4487989505128276	1.3078373398756877
0.4487989505128276	1.3664605770259812
0.4487989505128276	1.3666157017290437
0.4487989505128276	1.3799807754109308
0.4487989505128276	1.3858701069589703
0.4487989505128276	1.4343027307874232
0.4487989505128276	1.4498846583053906
0.4487989505128276	1.4576951735583625
0.4487989505128276	1.5004646239923138
0.4487989505128276	1.533766588974042
0.4487989505128276	1.6054758019843036
0.4487989505128276	1.6063064348955622
0.4487989505128276	1.6137116705850056
0.4487989505128276	1.6622596763092803
0.4487989505128276	1.6791864372347707
0.4487989505128276	1.698475555784122
0.4487989505128276	1.7065138463035403
0.4487989505128276	1.732940373795259
0.4487989505128276	1.7404575109030225
0.4487989505128276	1.7408459781286882
0.4487989505128276	1.7439430834754792
0.4487989505128276	1.7497805166892304
0.4487989505128276	1.8479995880783762
0.4487989505128276	1.8500024422001178
0.4487989505128276	1.884449971663332
0.4487989505128276	1.9059377702132547
0.4487989505128276	1.9448533846687885
0.4487989505128276	1.9591162022021873
0.4487989505128276	2.085583455906427
0.4487989505128276	2.1034826094718
0.4487989505128276	2.1087828259997394
0.4487989505128276	2.1274706995254498
0.4487989505128276	2.2471345340938007
0.4487989505128276	2.2472034508118823
0.4487989505128276	2.290943446810661
0.4487989505128276	2.319919018056784
0.4487989505128276	2.416725093168105
0.4487989505128276	2.4335844096469925
0.4487989505128276	2.447659168928614
0.4487989505128276	2.465216116911856
0.4487989505128276	3.0127214649547955
0.4487989505128276	3.0410334467016362
0.4487989505128276	3.7341244166392915
0.8975979010256552	-3.7233270016592566
0.8975979010256552	-3.6687694818791514
0.8975979010256552	-3.555443867166145
0.8975979010256552	-3.5020998345261796
0.8975979010256552	-3.1470815948567474
0.8975979010256552	-3.0440663068676863
0.8975979010256552	-2.856331629590484
0.8975979010256552	-2.8043461009681363
0.8975979010256552	-2.7360389894482755
0.8975979010256552	-2.6787778986524216
0.8975979010256552	-2.650929997834339
0.8975979010256552	-2.6396233148634765
0.8975979010256552	-2.623073454282476
0.8975979010256552	-2.332764769988675
0.8975979010256552	-2.2221850214382255
0.8975979010256552	-2.199212815126843
0.8975979010256552	-2.0647911404508164
0.8975979010256552	-2.0560426231702995
0.8975979010256552	-2.049511243890325
0.8975979010256552	-2.0305721607936476
0.8975979010256552	-2.0271051919386127
0.8975979010256552	-1.9165173845562307
0.8975979010256552	-1.9144344523890198
0.8975979010256552	-1.9090309743550464
0.8975979010256552	-1.892474452403224
0.8975979010256552	-1.889690581150681
0.8975979010256552	-1.886393571829748
0.8975979010256552	-1.840571047897528
0.8975979010256552	-1.7888272252209325
0.8975979010256552	-1.7757784609183864
0.8975979010256552	-1.743695864992946
0.8975979010256552	-1.73493856418161
0.8975979010256552	-1.7008883403100152
0.8975979010256552	-1.6930790882925382
0.8975979010256552	-1.5347042218107387
0.8975979010256552	-1.5264425798253884
0.8975979010256552	-1.5186146991465441
0.8975979010256552	-1.5046598258337887
0.8975979010256552	-1.4628735708978011
0.8975979010256552	-1.4608573955486888
0.8975979010256552	-1.4581421007830762
0.8975979010256552	-1.456711373363268
0.8975979010256552	-1.4248985480862193
0.8975979010256552	-1.322345910630442
0.8975979010256552	-1.306279053918058
0.8975979010256552	-1.2910493596745503
0.8975979010256552	-1.282341559086774
0.8975979010256552	-1.2821805938804531
0.8975979010256552	-1.2700412364532965
0.8975979010256552	-1.248083816887533
0.8975979010256552	-1.2468745647273958
0.8975979010256552	-1.2278887215837049
0.8975979010256552	-1.2233549830234443
0.8975979010256552	-1.2067796512567779
0.8975979010256552	-1.173195084856082
0.8975979010256552	-1.1719574323679618
0.8975979010256552	-1.1674216359704737
0.8975979010256552	-1.0877173744328874
0.8975979010256552	-1.0567719543920986
0.8975979010256552	-1.0529687361064113
0.8975979010256552	-1.036707322217484
0.8975979010256552	-1.0195975477631003
0.8975979010256552	-0.9896053191499217
0.8975979010256552	-0.9874007647766875
0.8975979010256552	-0.9842239159900372
0.8975979010256552	-0.9655693032891004
0.8975979010256552	-0.9344316490461639
0.8975979010256552	-0.9114139001514764
0.8975979010256552	-0.9112144742386994
0.8975979010256552	-0.8657748184962366
0.8975979010256552	-0.8595871710214369
0.8975979010256552	-0.8547013314829148
0.8975979010256552	-0.7596834529404325
0.8975979010256552	-0.7585937069831373
0.8975979010256552	-0.7340025653641246
0.8975979010256552	-0.732142683940652
0.8975979010256552	-0.7263931644878885
0.8975979010256552	-0.7182246466984474
0.8975979010256552	-0.7084532922598498
0.8975979010256552	-0.7052352030080902
0.8975979010256552	-0.6883283283976911
0.8975979010256552	-0.6699600801920299
0.8975979010256552	-0.6672314195371353
0.8975979010256552	-0.6471804445725486
0.8975979010256552	-0.6393856548980081
0.8975979010256552	-0.6339663235769168
0.8975979010256552	-0.6178789428626188
0.8975979010256552	-0.6113277467570533
0.8975979010256552	-0.6031297886727311
0.8975979010256552	-0.5889567534035964
0.8975979010256552	-0.5785623485990041
0.8975979010256552	-0.5631801930778129
0.8975979010256552	-0.5009025853705493
0.8975979010256552	-0.4915273790294923
0.8975979010256552	-0.48203537608638936
0.8975979010256552	-0.477971801383267
0.8975979010256552	-0.44721894573815435
0.8975979010256552	-0.4141932817660643
0.8975979010256552	-0.40939818144604256
0.8975979010256552	-0.3879845752987552
0.8975979010256552	-0.3869446001494472
0.8975979010256552	-0.38268900922018556
0.8975979010256552	-0.3409364971590477
0.8975979010256552	-0.339673585023967
0.8975979010256552	-0.3368769290330615
0.8975979010256552	-0.3316839120306634
0.8975979010256552	-0.3146957683309033
0.8975979010256552	-0.3092224398630934
0.8975979010256552	-0.30706523989456436
0.8975979010256552	-0.2948549605865529
0.8975979010256552	-0.290127107653392
0.8975979010256552	-0.26988757402854624
0.8975979010256552	-0.26080685704827333
0.8975979010256552	-0.2540332206679546
0.8975979010256552	-0.2536199811959673
0.8975979010256552	-0.19379435805699075
0.8975979010256552	-0.15817006372507825
0.8975979010256552	-0.14491667298944888
0.8975979010256552	-0.12101999094728555
0.8975979010256552	-0.10920251007962722
0.8975979010256552	-0.09110727727007895
0.8975979010256552	-0.08506768970983725
0.8975979010256552	-0.08029400173808865
0.8975979010256552	-0.048552821432717774
0.8975979010256552	-0.0422396708687572
0.8975979010256552	-0.03998407637533527
0.8975979010256552	-0.005163245572771036
0.8975979010256552	0.01877021144883617
0.8975979010256552	0.03095383112932648
0.8975979010256552	0.04012302032528412
0.8975979010256552	0.04049842639676511
0.8975979010256552	0.04280761696397924
0.8975979010256552	0.07219760358637162
0.8975979010256552	0.11939775141563613
0.8975979010256552	0.14615888449373537
0.8975979010256552	0.1537790453972283
0.8975979010256552	0.15719707142280903
0.8975979010256552	0.17167002520178087
0.8975979010256552	0.18411667142533172
0.8975979010256552	0.19340822498140842
0.8975979010256552	0.19690968026247288
0.8975979010256552	0.19790164442225638
0.8975979010256552	0.22636921415774935
0.8975979010256552	0.23976494869674525
0.8975979010256552	0.24355199586654042
0.8975979010256552	0.2475466130204449
0.8975979010256552	0.27956565407159095
0.8975979010256552	0.29230842206266416
0.8975979010256552	0.29611836866857244
0.8975979010256552	0.4007127149208216
0.8975979010256552	0.41951447185100954
0.8975979010256552	0.4196860732394469
0.8975979010256552	0.4336040021112013
0.8975979010256552	0.45761796430891977
0.8975979010256552	0.4873970722714054
0.8975979010256552	0.5095677656258872
0.8975979010256552	0.5124986753873776
0.8975979010256552	0.5129444309549166
0.8975979010256552	0.5318787019858406
0.8975979010256552	0.5330361401600034
0.8975979010256552	0.5360613008296382
0.8975979010256552	0.547363771788961
0.8975979010256552	0.5479372315927897
0.8975979010256552	0.5662390133820896
0.8975979010256552	0.5804415056817889
0.8975979010256552	0.6162130766708915
0.8975979010256552	0.6531402210468142
0.8975979010256552	0.6888739400125266
0.8975979010256552	0.7172114141553044
0.8975979010256552	0.7177223342624287
0.8975979010256552	0.721036742574547
0.8975979010256552	0.7326691914879717
0.8975979010256552	0.7420043141288346
0.8975979010256552	0.7518368182479005
0.8975979010256552	0.7672890177186549
0.8975979010256552	0.7716139046215464
0.8975979010256552	0.7833824034764905
0.8975979010256552	0.8075917775141304
0.8975979010256552	0.8475478705714972
0.8975979010256552	0.8616202566921713
0.8975979010256552	0.8654748291559615
0.8975979010256552	0.8755318152352691
0.8975979010256552	0.882999517618595
0.8975979010256552	0.914852887166151
0.8975979010256552	0.9289918656805978
0.8975979010256552	0.9456810171034293
0.8975979010256552	0.9624835111413934
0.8975979010256552	0.972504682366897
0.8975979010256552	0.9756667392755833
0.8975979010256552	0.9989201062939372
0.8975979010256552	1.013417857463618
0.8975979010256552	1.0176089125658305
0.8975979010256552	1.0422778098488146
0.8975979010256552	1.0486779076552621
0.8975979010256552	1.071206079423702
0.8975979010256552	1.086451053291149
0.8975979010256552	1.2122604989179542
0.8975979010256552	1.24116312845777
0.8975979010256552	1.2483233291346996
0.8975979010256552	1.2561041230951355
0.8975979010256552	1.274814726489995
0.8975979010256552	1.3008333393350893
0.8975979010256552	1.3218256114209064
0.8975979010256552	1.3226149347832998
0.8975979010256552	1.3229280749689234
0.8975979010256552	1.3416169961589075
0.8975979010256552	1.3416839601202104
0.8975979010256552	1.345275195929859
0.8975979010256552	1.3586019877365798
0.8975979010256552	1.371815221663197
0.8975979010256552	1.461728738393481
0.8975979010256552	1.473280324102048
0.8975979010256552	1.4824974774056312
0.8975979010256552	1.4900604535809927
0.8975979010256552	1.504619928123637
0.8975979010256552	1.5124674289874478
0.8975979010256552	1.5901023183128893
0.8975979010256552	1.6348761744602287
0.8975979010256552	1.7298867436039167
0.8975979010256552	1.753353667046752
0.8975979010256552	1.787714575955641
0.8975979010256552	1.8136145142150475
0.8975979010256552	1.9073843962193884
0.8975979010256552	1.918262811055602
0.8975979010256552	1.9185282530358625
0.8975979010256552	1.9367219280356676
0.8975979010256552	1.9767143196077344
0.8975979010256552	2.0014200806051576
0.8975979010256552	2.00589049801002
0.8975979010256552	2.0099429468952925
0.8975979010256552	2.0142486636605406
0.8975979010256552	2.016253078329603
0.8975979010256552	2.1160024695208595
0.8975979010256552	2.14956261258629
0.8975979010256552	2.228472295785009
0.8975979010256552	2.2285739859831915
0.8975979010256552	2.314639242248411
0.8975979010256552	2.32927972615726
0.8975979010256552	2.349515234148949
0.8975979010256552	2.3652651499698587
0.8975979010256552	2.658285087041021
0.8975979010256552	2.782131238840286
0.8975979010256552	2.7987081650330783
0.8975979010256552	3.385792463915488
0.8975979010256552	3.4137031219950598
1.3463968515384828	-3.586124573273143
1.3463968515384828	-3.534682219262957
1.3463968515384828	-3.2261024061369916
1.3463968515384828	-3.2221024751421914
1.3463968515384828	-3.1665172384894142
1.3463968515384828	-3.1533859968620894
1.3463968515384828	-3.0902363501361605
1.3463968515384828	-3.0822518176490665
1.3463968515384828	-3.002485718706945
1.3463968515384828	-2.666764233830968
1.3463968515384828	-2.5547787209606
1.3463968515384828	-2.3837928654305442
1.3463968515384828	-2.380091287539953
1.3463968515384828	-2.3719186207514436
1.3463968515384828	-2.363712106433685
1.3463968515384828	-2.3437742581102383
1.3463968515384828	-2.2674502674142203
1.3463968515384828	-2.22843593891495
1.3463968515384828	-2.181216505926542
1.3463968515384828	-2.1726267452599495
1.3463968515384828	-1.9903309525870907
1.3463968515384828	-1.9708059599579113
1.3463968515384828	-1.9113130048639237
1.3463968515384828	-1.8783815894816462
1.3463968515384828	-1.8534826393675652
1.3463968515384828	-1.8339861868018157
1.3463968515384828	-1.7825707386024978
1.3463968515384828	-1.7793960710447756
1.3463968515384828	-1.7505219100328397
1.3463968515384828	-1.7229338169022363
1.3463968515384828	-1.6841311580179599
1.3463968515384828	-1.6652650419074724
1.3463968515384828	-1.6282389042666092
1.3463968515384828	-1.6165557995445545
1.3463968515384828	-1.5996582353111894
1.3463968515384828	-1.5954737896895828
1.3463968515384828	-1.5731879218119444
1.3463968515384828	-1.5505659506048697
1.3463968515384828	-1.5301984228306371
1.3463968515384828	-1.5072160346377736
1.3463968515384828	-1.4793258303564092
1.3463968515384828	-1.4737858522890943
1.3463968515384828	-1.447860410368794
1.3463968515384828	-1.4307443830468398
1.3463968515384828	-1.377880383555849
1.3463968515384828	-1.373168569895769
1.3463968515384828	-1.3573663995006817
1.3463968515384828	-1.3303576816225111
1.3463968515384828	-1.31089180687905
1.3463968515384828	-1.304577433970937
1.3463968515384828	-1.303966090912242
1.3463968515384828	-1.182844158787026
1.3463968515384828	-1.1666065618906223
1.3463968515384828	-1.1604871118778974
1.3463968515384828	-1.1262742097386842
1.3463968515384828	-1.1215288773987013
1.3463968515384828	-1.1144575663262581
1.3463968515384828	-1.0885192345805508
1.3463968515384828	-1.0633213693588845
1.3463968515384828	-1.036531001416304
1.3463968515384828	-1.0084317537939458
1.3463968515384828	-1.0033132181571793
1.3463968515384828	-0.9965499147114865
1.3463968515384828	-0.9742666904094519
1.3463968515384828	-0.9337041378983773
1.3463968515384828	-0.9279164286115035
1.3463968515384828	-0.9277155793812021
1.3463968515384828	-0.9236831490593946
1.3463968515384828	-0.9073987945007755
1.3463968515384828	-0.8799000399757921
1.3463968515384828	-0.869548051402433
1.3463968515384828	-0.8625566924776957
1.3463968515384828	-0.8484431738306726
1.3463968515384828	-0.8074770452933224
1.3463968515384828	-0.7951773211094344
1.3463968515384828	-0.7758129344337319
1.3463968515384828	-0.7577246520409324
1.3463968515384828	-0.7519688747065207
1.3463968515384828	-0.7412131990088411
1.3463968515384828	-0.7321659875092257
1.3463968515384828	-0.7282023744861879
1.3463968515384828	-0.7171730836340693
1.3463968515384828	-0.6767488975554592
1.3463968515384828	-0.6692489175832383
1.3463968515384828	-0.6642852712666918
1.3463968515384828	-0.6463004925308549
1.3463968515384828	-0.5870755208926961
1.3463968515384828	-0.5662231361647021
1.3463968515384828	-0.5446474124188199
1.3463968515384828	-0.5424600609397281
1.3463968515384828	-0.5334823321308098
1.3463968515384828	-0.523758726315204
1.3463968515384828	-0.5201108361060234
1.3463968515384828	-0.4958420871081932
1.3463968515384828	-0.48123051937062256
1.3463968515384828	-0.46338876883871205
1.3463968515384828	-0.4629680278967988
1.3463968515384828	-0.43729203488107693
1.3463968515384828	-0.4277518490328916
1.3463968515384828	-0.42746315053219835
1.3463968515384828	-0.36589710710865386
1.3463968515384828	-0.34191026261745483
1.3463968515384828	-0.3358517572232997
1.3463968515384828	-0.33443054278310463
1.3463968515384828	-0.31265016170131776
1.3463968515384828	-0.3010806948592104
1.3463968515384828	-0.29484664378343917
1.3463968515384828	-0.27756541522616596
1.3463968515384828	-0.25940020106396444
1.3463968515384828	-0.245841132909292
1.3463968515384828	-0.2209349544606023
1.3463968515384828	-0.20824390517788763
1.3463968515384828	-0.20583524107251816
1.3463968515384828	-0.20303376176623572
1.3463968515384828	-0.201367522890411
1.3463968515384828	-0.17574749497176584
1.3463968515384828	-0.1741202405376538
1.3463968515384828	-0.17234905982392323
1.3463968515384828	-0.16877310904497406
1.3463968515384828	-0.1657241002783163
1.3463968515384828	-0.15293028696797206
1.3463968515384828	-0.10723006661548817
1.3463968515384828	-0.052464040510888044
1.3463968515384828	-0.040935438373711275
1.3463968515384828	-0.009841740590965653
1.3463968515384828	-0.006353383896700038
1.3463968515384828	0.0019502610549682053
1.3463968515384828	0.049791413382743954
1.3463968515384828	0.054718539769321506
1.3463968515384828	0.07697929778443413
1.3463968515384828	0.09621224283354607
1.3463968515384828	0.09884303295924364
1.3463968515384828	0.10552623015237429
1.3463968515384828	0.10658557225070608
1.3463968515384828	0.10966306247124535
1.3463968515384828	0.14403261230812792
1.3463968515384828	0.1576332380689925
1.3463968515384828	0.1597980478431944
1.3463968515384828	0.1798351271371863
1.3463968515384828	0.19268841197820114
1.3463968515384828	0.19320092741728465
1.3463968515384828	0.2267458640599247
1.3463968515384828	0.2621417819545982
1.3463968515384828	0.2625938373898359
1.3463968515384828	0.3055949240924507
1.3463968515384828	0.3373610687462838
1.3463968515384828	0.350435745538618
1.3463968515384828	0.35850399907552877
1.3463968515384828	0.36358706803812924
1.3463968515384828	0.3683093801658148
1.3463968515384828	0.380791469930037
1.3463968515384828	0.4035636967571663
1.3463968515384828	0.4065140047907839
1.3463968515384828	0.40787112703953904
1.3463968515384828	0.4378776218379916
1.3463968515384828	0.45311256597015825
1.3463968515384828	0.4597873642671191
1.3463968515384828	0.49630778980760226
1.3463968515384828	0.5150804881045712
1.3463968515384828	0.5528654427092432
1.3463968515384828	0.5752022880248089
1.3463968515384828	0.5863479694580699
1.3463968515384828	0.5883058621645133
1.3463968515384828	0.5885536702267978
1.3463968515384828	0.6065218942630763
1.3463968515384828	0.6235521152553125
1.3463968515384828	0.6385616094978596
1.3463968515384828	0.6392731592204793
1.3463968515384828	0.643907599931778
1.3463968515384828	0.6471317203985216
1.3463968515384828	0.661524150522542
1.3463968515384828	0.6648439853918098
1.3463968515384828	0.7337618956918357
1.3463968515384828	0.8219630831853904
1.3463968515384828	0.8305328773662656
1.3463968515384828	0.8318670442253853
1.3463968515384828	0.8457055732143592
1.3463968515384828	0.8464480237784464
1.3463968515384828	0.8521719827719019
1.3463968515384828	0.8773601136898663
1.3463968515384828	0.8983732964033811
1.3463968515384828	0.8985298118906405
1.3463968515384828	0.8990943681379787
1.3463968515384828	0.9276784294693314
1.3463968515384828	0.9444406615628762
1.3463968515384828	0.9523702967628189
1.3463968515384828	0.9623674600196295
1.3463968515384828	0.9774141894243642
1.3463968515384828	0.9948700758397004
1.3463968515384828	1.0099763278517102
1.3463968515384828	1.0355483267662748
1.3463968515384828	1.049434642455925
1.3463968515384828	1.05472957233192
1.3463968515384828	1.0741746488730217
1.3463968515384828	1.0910610594177377
1.3463968515384828	1.095374775383907
1.3463968515384828	1.0999125389454332
1.3463968515384828	1.1018038454056738
1.3463968515384828	1.152552141415105
1.3463968515384828	1.178747687953968
1.3463968515384828	1.1840855892336788
1.3463968515384828	1.2151151717446207
1.3463968515384828	1.276076879608934
1.3463968515384828	1.2916948565861266
1.3463968515384828	1.3137165255466163
1.3463968515384828	1.3205920573546202
1.3463968515384828	1.3304896619440516
1.3463968515384828	1.344001650617351
1.3463968515384828	1.3674232263780475
1.3463968515384828	1.3928006779742756
1.3463968515384828	1.4183590231462413
1.3463968515384828	1.5058955564697143
1.3463968515384828	1.506104981507478
1.3463968515384828	1.583061249805936
1.3463968515384828	1.5907026716731554
1.3463968515384828	1.6120688974424473
1.3463968515384828	1.6202937271261644
1.3463968515384828	1.649224236091448
1.3463968515384828	1.6712565013661846
1.3463968515384828	1.6790326439109915
1.3463968515384828	1.679933226120775
1.3463968515384828	1.7008440917384369
1.3463968515384828	1.7192308169661739
1.3463968515384828	1.7339511015272835
1.3463968515384828	1.7485055021041915
1.3463968515384828	1.894976091496248
1.3463968515384828	1.895365456239212
1.3463968515384828	1.9660429737996845
1.3463968515384828	2.000677863894854
1.3463968515384828	2.011864935758245
1.3463968515384828	2.0505199978817177
1.3463968515384828	2.268942521539108
1.3463968515384828	2.2710303409606682
1.3463968515384828	2.281815146728426
1.3463968515384828	2.348951398046645
1.3463968515384828	2.3775414278474107
1.3463968515384828	2.387556033423893
1.3463968515384828	2.419812580867365
1.3463968515384828	2.4317153716121744
1.3463968515384828	2.486865177355683
1.3463968515384828	2.682228280774698
1.3463968515384828	2.696713505558516
1.3463968515384828	3.0377109893754404
1.3463968515384828	3.159726341246691
1.3463968515384828	3.1761278218540046
1.7951958020513104	-3.6768693695006665
1.7951958020513104	-3.6380680114525026
1.7951958020513104	-3.499915117944024
1.7951958020513104	-3.0931842584015223
1.7951958020513104	-3.0379360791833276
1.7951958020513104	-2.829696134842025
1.7951958020513104	-2.821822510735961
1.7951958020513104	-2.781877810779556
1.7951958020513104	-2.751871902835359
1.7951958020513104	-2.741109242230255
1.7951958020513104	-2.7142308692621064
1.7951958020513104	-2.675351343479745
1.7951958020513104	-2.6645657939635985
1.7951958020513104	-2.5285836938667625
1.7951958020513104	-2.325180742597798
1.7951958020513104	-2.3087775363467165
1.7951958020513104	-2.239857456377452
1.7951958020513104	-2.2078572144286834
1.7951958020513104	-2.11161678625935
1.7951958020513104	-2.0602767295892717
1.7951958020513104	-2.014403853835002
1.7951958020513104	-2.0101419180479025
1.7951958020513104	-1.9971419579644625
1.7951958020513104	-1.9913407791179525
1.7951958020513104	-1.964921369576265
1.7951958020513104	-1.9320289470630865
1.7951958020513104	-1.9256365937774857
1.7951958020513104	-1.8527598114364983
1.7951958020513104	-1.8208883485412457
1.7951958020513104	-1.7785166263999592
1.7951958020513104	-1.7394867391126692
1.7951958020513104	-1.6854028113351012
1.7951958020513104	-1.6400662721010786
1.7951958020513104	-1.6201167028020986
1.7951958020513104	-1.6141871108845463
1.7951958020513104	-1.5622452628640744
1.7951958020513104	-1.5101428442424165
1.7951958020513104	-1.491755909041912
1.7951958020513104	-1.4890957917530743
1.7951958020513104	-1.4792407178921438
1.7951958020513104	-1.473059617223056
1.7951958020513104	-1.4410427818411904
1.7951958020513104	-1.3964484730580677
1.7951958020513104	-1.3543541436238389
1.7951958020513104	-1.3432281125763446
1.7951958020513104	-1.3257619266596317
1.7951958020513104	-1.2710811425001847
1.7951958020513104	-1.2661865403083485
1.7951958020513104	-1.250039576626258
1.7951958020513104	-1.2412114934243794
1.7951958020513104	-1.223319278728468
1.7951958020513104	-1.2081006246730572
1.7951958020513104	-1.197094196580661
1.7951958020513104	-1.1693005418367148
1.7951958020513104	-1.1608512867444576
1.7951958020513104	-1.1148981140394572
1.7951958020513104	-1.0870224868290517
1.7951958020513104	-1.0845870734059155
1.7951958020513104	-1.076837535034847
1.7951958020513104	-1.0671414387302836
1.7951958020513104	-1.0280360572612812
1.7951958020513104	-1.0208447681988497
1.7951958020513104	-1.0199355103227647
1.7951958020513104	-0.9984609381213234
1.7951958020513104	-0.9905864760532984
1.7951958020513104	-0.9872228263825223
1.7951958020513104	-0.9699225242059413
1.7951958020513104	-0.9530877176616261
1.7951958020513104	-0.9433773524750979
1.7951958020513104	-0.9385550817498244
1.7951958020513104	-0.9371825230644613
1.7951958020513104	-0.9157216973390683
1.7951958020513104	-0.8562408409531543
1.7951958020513104	-0.8479873105920537
1.7951958020513104	-0.7654139550424737
1.7951958020513104	-0.7573483520381261
1.7951958020513104	-0.7471086203635617
1.7951958020513104	-0.7468986704733204
1.7951958020513104	-0.7162762694108715
1.7951958020513104	-0.7010481464521112
1.7951958020513104	-0.698763543206213
1.7951958020513104	-0.6914823312725238
1.7951958020513104	-0.6672215104959811
1.7951958020513104	-0.6623273775214624
1.7951958020513104	-0.6324998713512822
1.7951958020513104	-0.6290688461392896
1.7951958020513104	-0.6019493948747563
1.7951958020513104	-0.6011181427249915
1.7951958020513104	-0.5971186688894836
1.7951958020513104	-0.5966550683830689
1.7951958020513104	-0.5940930628605335
1.7951958020513104	-0.5753342646814938
1.7951958020513104	-0.4830814695438078
1.7951958020513104	-0.4826589875839216
1.7951958020513104	-0.47194215400643236
1.7951958020513104	-0.4428399027940287
1.7951958020513104	-0.4419286632872566
1.7951958020513104	-0.43478567321284567
1.7951958020513104	-0.43005605316729945
1.7951958020513104	-0.41815376795651504
1.7951958020513104	-0.40853330597181436
1.7951958020513104	-0.38733495135176454
1.7951958020513104	-0.3494725798341407
1.7951958020513104	-0.30631200237370343
1.7951958020513104	-0.3044712100527551
1.7951958020513104	-0.2983283362555973
1.7951958020513104	-0.2873443487599676
1.7951958020513104	-0.2684036673553907
1.7951958020513104	-0.25000538451474874
1.7951958020513104	-0.24667967418307685
1.7951958020513104	-0.24389869520175836
1.7951958020513104	-0.24002767547310677
1.7951958020513104	-0.21645638537242817
1.7951958020513104	-0.1582300003904047
1.7951958020513104	-0.15085541269466196
1.7951958020513104	-0.10907351026027692
1.7951958020513104	-0.10786260417845259
1.7951958020513104	-0.05797955747611461
1.7951958020513104	-0.031453006602961686
1.7951958020513104	-0.025050918911774023
1.7951958020513104	-0.015082140945930049
1.7951958020513104	-0.014560496557764795
1.7951958020513104	-0.0021817185880493527
1.7951958020513104	0.0001413573571848682
1.7951958020513104	0.0062398207732345945
1.7951958020513104	0.009696895598714672
1.7951958020513104	0.030057109439970198
1.7951958020513104	0.05605743781287398
1.7951958020513104	0.08728366124233672
1.7951958020513104	0.0887858337079525
1.7951958020513104	0.08957062698683958
1.7951958020513104	0.09096019986406251
1.7951958020513104	0.11293952244783778
1.7951958020513104	0.1313702989233132
1.7951958020513104	0.14732890502036922
1.7951958020513104	0.17736642926395918
1.7951958020513104	0.1825262324475072
1.7951958020513104	0.18975320790904648
1.7951958020513104	0.19360898515604497
1.7951958020513104	0.1976896094556686
1.7951958020513104	0.22961644045770235
1.7951958020513104	0.2351856191708217
1.7951958020513104	0.2403097079834735
1.7951958020513104	0.2517941911919128
1.7951958020513104	0.257054285795117
1.7951958020513104	0.2852366600345655
1.7951958020513104	0.3141923502187276
1.7951958020513104	0.31779862179140284
1.7951958020513104	0.31857467479592066
1.7951958020513104	0.3206579753396758
1.7951958020513104	0.4052763621191606
1.7951958020513104	0.4213317040390656
1.7951958020513104	0.4331393808007431
1.7951958020513104	0.43687856827992366
1.7951958020513104	0.4513198527593949
1.7951958020513104	0.46768234879225146
1.7951958020513104	0.48008794774652497
1.7951958020513104	0.49707772883794243
1.7951958020513104	0.5232120096538799
1.7951958020513104	0.5361907371159429
1.7951958020513104	0.5449759811422102
1.7951958020513104	0.5454766350298238
1.7951958020513104	0.5501862066322333
1.7951958020513104	0.5503206104961447
1.7951958020513104	0.5608173114246449
1.7951958020513104	0.5887013112750039
1.7951958020513104	0.596472167079404
1.7951958020513104	0.627515225086051
1.7951958020513104	0.6824938971738632
1.7951958020513104	0.692468674712771
1.7951958020513104	0.6944548476732918
1.7951958020513104	0.6977040045990028
1.7951958020513104	0.7096799015450133
1.7951958020513104	0.7320102420317629
1.7951958020513104	0.7341053162633815
1.7951958020513104	0.750646943808992
1.7951958020513104	0.7737160977812216
1.7951958020513104	0.7777723862803403
1.7951958020513104	0.7962117302319842
1.7951958020513104	0.8119071386186869
1.7951958020513104	0.8652615149968694
1.7951958020513104	0.8804833251786235
1.7951958020513104	0.9088900142911349
1.7951958020513104	0.9119574186011965
1.7951958020513104	0.9173954466328214
1.7951958020513104	0.9257007287616239
1.7951958020513104	0.9404215167714614
1.7951958020513104	0.9454326309706684
1.7951958020513104	0.9696689112368451
1.7951958020513104	0.970619967088608
1.7951958020513104	1.0019527108864437
1.7951958020513104	1.089759117941928
1.7951958020513104	1.0898560673953555
1.7951958020513104	1.0904154776562192
1.7951958020513104	1.1330933173105424
1.7951958020513104	1.1674792255549389
1.7951958020513104	1.1963346028784576
1.7951958020513104	1.2310270493269564
1.7951958020513104	1.2400942234771433
1.7951958020513104	1.261287231851008
1.7951958020513104	1.262984409877186
1.7951958020513104	1.2651504908469318
1.7951958020513104	1.2693429311947126
1.7951958020513104	1.2696381975561328
1.7951958020513104	1.284458594599529
1.7951958020513104	1.2877663027810067
1.7951958020513104	1.3162633037143578
1.7951958020513104	1.3258924819716054
1.7951958020513104	1.3555552122184438
1.7951958020513104	1.415424965117069
1.7951958020513104	1.4400631016093364
1.7951958020513104	1.4551279323362665
1.7951958020513104	1.462518924084079
1.7951958020513104	1.4848850399256792
1.7951958020513104	1.4852018464264414
1.7951958020513104	1.5576348998965697
1.7951958020513104	1.5618081500879806
1.7951958020513104	1.5870387432103514
1.7951958020513104	1.5967917978401063
1.7951958020513104	1.5989684037081218
1.7951958020513104	1.6371695060793467
1.7951958020513104	1.6834725855283232
1.7951958020513104	1.6841845283348642
1.7951958020513104	1.8012088462017697
1.7951958020513104	1.844429801275243
1.7951958020513104	1.928918562493269
1.7951958020513104	1.9369988090280559
1.7951958020513104	1.9702625297930214
1.7951958020513104	2.03014505626212
1.7951958020513104	2.0661581356677488
1.7951958020513104	2.0711854972068853
1.7951958020513104	2.0792302269250995
1.7951958020513104	2.094688673920078
1.7951958020513104	2.11431961385876
1.7951958020513104	2.3401446945815993
1.7951958020513104	2.385194723801183
1.7951958020513104	2.5850849592376566
1.7951958020513104	2.5874238062952553
1.7951958020513104	2.668464203136879
1.7951958020513104	2.7334395655353525
1.7951958020513104	2.7454781935886134
1.7951958020513104	2.755636150261348
1.7951958020513104	2.870371193430033
1.7951958020513104	3.0621478983851143
1.7951958020513104	3.07663341387622
2.243994752564138	-3.978657562179284
2.243994752564138	-3.9578183538040768
2.243994752564138	-3.1833300950449126
2.243994752564138	-3.1414100743787112
2.243994752564138	-3.0132921141908997
2.243994752564138	-2.7770429274824653
2.243994752564138	-2.7692473686098107
2.243994752564138	-2.6551728330225974
2.243994752564138	-2.6215733149900715
2.243994752564138	-2.592867202249949
2.243994752564138	-2.5503544802345117
2.243994752564138	-2.486573231215958
2.243994752564138	-2.471030401893287
2.243994752564138	-2.4588166526147437
2.243994752564138	-2.450257401701775
2.243994752564138	-2.3245079077580297
2.243994752564138	-2.316300859894239
2.243994752564138	-2.28481529473811
2.243994752564138	-2.255403169246534
2.243994752564138	-2.2248936583709065
2.243994752564138	-2.174979629803745
2.243994752564138	-2.111650049684688
2.243994752564138	-2.082326135558167
2.243994752564138	-1.9748530924231162
2.243994752564138	-1.957077894203349
2.243994752564138	-1.9431452535284115
2.243994752564138	-1.8923980267755245
2.243994752564138	-1.8057203448070154
2.243994752564138	-1.800718438530502
2.243994752564138	-1.7338694319397878
2.243994752564138	-1.6755526907605016
2.243994752564138	-1.6737578814560283
2.243994752564138	-1.670264369170171
2.243994752564138	-1.6524990708598817
2.243994752564138	-1.6220064425577392
2.243994752564138	-1.568411362763385
2.243994752564138	-1.567931851892495
2.243994752564138	-1.5357144500631446
2.243994752564138	-1.5341481787871325
2.243994752564138	-1.5162698271374002
2.243994752564138	-1.4631773310825689
2.243994752564138	-1.4461358785265923
2.243994752564138	-1.441511469751949
2.243994752564138	-1.427876865525865
2.243994752564138	-1.4252221720490779
2.243994752564138	-1.364565348673327
2.243994752564138	-1.3235348935464386
2.243994752564138	-1.312315542296477
2.243994752564138	-1.3095126475846917
2.243994752564138	-1.3033704987167902
2.243994752564138	-1.2044312146105223
2.243994752564138	-1.2031657620495342
2.243994752564138	-1.1680342474246843
2.243994752564138	-1.1163320633612934
2.243994752564138	-1.102757196631313
2.243994752564138	-1.1011346296782119
2.243994752564138	-1.0977936376480923
2.243994752564138	-1.084394356655033
2.243994752564138	-1.0814077365541057
2.243994752564138	-1.0613036144428825
2.243994752564138	-1.0481464646791356
2.243994752564138	-1.0409880332688917
2.243994752564138	-1.0288207874202242
2.243994752564138	-0.985708383348324
2.243994752564138	-0.981542383028017
2.243994752564138	-0.964868671466673
2.243994752564138	-0.9191118715234716
2.243994752564138	-0.9100519645321813
2.243994752564138	-0.9078787369265924
2.243994752564138	-0.9026186138163426
2.243994752564138	-0.8882556054485202
2.243994752564138	-0.881968103754422
2.243994752564138	-0.8470283325687458
2.243994752564138	-0.8370234791726019
2.243994752564138	-0.8252110545875988
2.243994752564138	-0.785145176626584
2.243994752564138	-0.76876228639511
2.243994752564138	-0.7469019367226593
2.243994752564138	-0.7454874258306813
2.243994752564138	-0.7173820194047722
2.243994752564138	-0.6880698391826785
2.243994752564138	-0.6711345872604986
2.243994752564138	-0.6707101410025814
2.243994752564138	-0.6641678710883019
2.243994752564138	-0.6477734597899705
2.243994752564138	-0.618558604461374
2.243994752564138	-0.5820805151739243
2.243994752564138	-0.567769190625024
2.243994752564138	-0.5577930485845672
2.243994752564138	-0.5325067462060663
2.243994752564138	-0.530348115096764
2.243994752564138	-0.5212591970504272
2.243994752564138	-0.513975308491164
2.243994752564138	-0.511547424489037
2.243994752564138	-0.49761698492663076
2.243994752564138	-0.4498541930750348
2.243994752564138	-0.4254342790272059
2.243994752564138	-0.33484868393072764
2.243994752564138	-0.3240439219142419
2.243994752564138	-0.31611837825886857
2.243994752564138	-0.30733682138828217
2.243994752564138	-0.30690305670343526
2.243994752564138	-0.29351207133298374
2.243994752564138	-0.26706015534494165
2.243994752564138	-0.26190549670250896
2.243994752564138	-0.25577047227498806
2.243994752564138	-0.2519500381249041
2.243994752564138	-0.2503557885870099
2.243994752564138	-0.24140829396477104
2.243994752564138	-0.2334643307082834
2.243994752564138	-0.23164144045175047
2.243994752564138	-0.20549006855490992
2.243994752564138	-0.17723526703052972
2.243994752564138	-0.1678442021265723
2.243994752564138	-0.1674984801198663
2.243994752564138	-0.14591788233676617
2.243994752564138	-0.13905976603778214
2.243994752564138	-0.09140984929488427
2.243994752564138	-0.06060605073264602
2.243994752564138	-0.03688318700754493
2.243994752564138	-0.036361606068175616
2.243994752564138	-0.01191532567171949
2.243994752564138	0.0025628179846686194
2.243994752564138	0.019741428930605487
2.243994752564138	0.027837032165201503
2.243994752564138	0.03306650818343959
2.243994752564138	0.038819707864874875
2.243994752564138	0.05126115964154554
2.243994752564138	0.07463782099171168
2.243994752564138	0.0756576557860945
2.243994752564138	0.07837581031868074
2.243994752564138	0.0858322734131356
2.243994752564138	0.14209168790042837
2.243994752564138	0.1798235246482395
2.243994752564138	0.18083892227714324
2.243994752564138	0.18087461195503843
2.243994752564138	0.18130871736052312
2.243994752564138	0.19282101980999
2.243994752564138	0.21894874714135382
2.243994752564138	0.22253866445276582
2.243994752564138	0.2703498049252886
2.243994752564138	0.2776412390162313
2.243994752564138	0.31224669468060506
2.243994752564138	0.318911800364464
2.243994752564138	0.32905651226464117
2.243994752564138	0.32918021676525827
2.243994752564138	0.3445815262332468
2.243994752564138	0.34471441019636
2.243994752564138	0.3611373882609419
2.243994752564138	0.36402551702672703
2.243994752564138	0.38027236681517795
2.243994752564138	0.38663931379026906
2.243994752564138	0.39129324435552304
2.243994752564138	0.4180813122742002
2.243994752564138	0.42749417501241416
2.243994752564138	0.45151229892510436
2.243994752564138	0.46786291554365
2.243994752564138	0.48289865023815226
2.243994752564138	0.49469137805846053
2.243994752564138	0.5100018844505985
2.243994752564138	0.5193489715375565
2.243994752564138	0.5276322474224813
2.243994752564138	0.5363878788042555
2.243994752564138	0.5491941446431121
2.243994752564138	0.5545499046547708
2.243994752564138	0.5701849499064653
2.243994752564138	0.5729819165393524
2.243994752564138	0.5923544731370782
2.243994752564138	0.5990018043451585
2.243994752564138	0.5994432894994366
2.243994752564138	0.6229188567682153
2.243994752564138	0.6619613878596615
2.243994752564138	0.6729120780054565
2.243994752564138	0.722370837093854
2.243994752564138	0.748401419242171
2.243994752564138	0.7484776614607298
2.243994752564138	0.7653967242473221
2.243994752564138	0.794108698546145
2.243994752564138	0.836079798315017
2.243994752564138	0.8396303662149935
2.243994752564138	0.8531818714041419
2.243994752564138	0.8601794488313885
2.243994752564138	0.8622501049577987
2.243994752564138	0.8654773772389243
2.243994752564138	0.8670225518768796
2.243994752564138	0.87830221553383
2.243994752564138	0.9496436147539815
2.243994752564138	0.9798466155784458
2.243994752564138	0.9855041568519218
2.243994752564138	0.9924802892529914
2.243994752564138	1.0027151076877794
2.243994752564138	1.0169220193034594
2.243994752564138	1.0301360564890687
2.243994752564138	1.044796806659411
2.243994752564138	1.0489126353729898
2.243994752564138	1.077429324042681
2.243994752564138	1.0775888570465355
2.243994752564138	1.1589493660481387
2.243994752564138	1.163381021407992
2.243994752564138	1.186363951584719
2.243994752564138	1.1887084123977423
2.243994752564138	1.198635660536771
2.243994752564138	1.2070912001783738
2.243994752564138	1.2232974366121259
2.243994752564138	1.2727342294482624
2.243994752564138	1.2734252864156024
2.243994752564138	1.3722508511642417
2.243994752564138	1.3913890252552776
2.243994752564138	1.3918871634655567
2.243994752564138	1.3948847675666118
2.243994752564138	1.4350340353581128
2.243994752564138	1.503648490503887
2.243994752564138	1.5242655912823306
2.243994752564138	1.5308700123553893
2.243994752564138	1.5335718149529274
2.243994752564138	1.6174776195862515
2.243994752564138	1.6283698539513438
2.243994752564138	1.657705239301569
2.243994752564138	1.6701823820113604
2.243994752564138	1.6701928019030945
2.243994752564138	1.6996554305042675
2.243994752564138	1.705306341475309
2.243994752564138	1.7089805558103426
2.243994752564138	1.7151417907662345
2.243994752564138	1.802026951272593
2.243994752564138	1.84380027473938
2.243994752564138	1.8569576744907048
2.243994752564138	1.9113084159064109
2.243994752564138	1.9334627713549837
2.243994752564138	1.9432810155372586
2.243994752564138	1.9797810505618192
2.243994752564138	2.1785525970675326
2.243994752564138	2.2496725903168335
2.243994752564138	2.258597673346152
2.243994752564138	2.3622054688280265
2.243994752564138	2.404204111567265
2.243994752564138	2.440578810871417
2.243994752564138	2.470321703935374
2.243994752564138	2.482631026468208
2.243994752564138	2.7265242155848415
2.243994752564138	2.7714402120498707
2.243994752564138	2.9576215864494704
2.243994752564138	2.962215488469668
2.243994752564138	3.1251362628927484
2.243994752564138	3.1356004491518834
2.6927937030769655	-4.433386552533397
2.6927937030769655	-3.4792191648636828
2.6927937030769655	-3.4559263890581335
2.6927937030769655	-2.943163247714906
2.6927937030769655	-2.935880843177055
2.6927937030769655	-2.747758525225858
2.6927937030769655	-2.7153644555467378
2.6927937030769655	-2.699662838270171
2.6927937030769655	-2.6589066828309424
2.6927937030769655	-2.586155404971032
2.6927937030769655	-2.5576876697957815
2.6927937030769655	-2.4213077886457373
2.6927937030769655	-2.4125451832341205
2.6927937030769655	-2.3530351053588867
2.6927937030769655	-2.300604506012531
2.6927937030769655	-2.2864447480662515
2.6927937030769655	-2.224072808441497
2.6927937030769655	-2.20531374881775
2.6927937030769655	-2.1429753584021283
2.6927937030769655	-2.1423051543504843
2.6927937030769655	-2.1252373199506516
2.6927937030769655	-2.026116118428496
2.6927937030769655	-2.001155505205779
2.6927937030769655	-1.984716735607154
2.6927937030769655	-1.9743215262620661
2.6927937030769655	-1.9238383970003121
2.6927937030769655	-1.877712517558963
2.6927937030769655	-1.8512833423235313
2.6927937030769655	-1.8511118697369031
2.6927937030769655	-1.8296592363058024
2.6927937030769655	-1.7865447342561358
2.6927937030769655	-1.7844842891603407
2.6927937030769655	-1.7804182708271248
2.6927937030769655	-1.7801883166937558
2.6927937030769655	-1.7695288037340808
2.6927937030769655	-1.679142497214642
2.6927937030769655	-1.5683635181607376
2.6927937030769655	-1.5353044203550765
2.6927937030769655	-1.5255401181039727
2.6927937030769655	-1.5021817110328173
2.6927937030769655	-1.5011479176787978
2.6927937030769655	-1.5006124259013986
2.6927937030769655	-1.481509438324712
2.6927937030769655	-1.4681026492444746
2.6927937030769655	-1.4275106232885224
2.6927937030769655	-1.4018963029739804
2.6927937030769655	-1.3889776441374528
2.6927937030769655	-1.3432605213868642
2.6927937030769655	-1.3428451944942807
2.6927937030769655	-1.2674684100317166
2.6927937030769655	-1.2518743275278508
2.6927937030769655	-1.2474219050063524
2.6927937030769655	-1.2470314805905993
2.6927937030769655	-1.2098770593129955
2.6927937030769655	-1.2047529939045396
2.6927937030769655	-1.1633451133026917
2.6927937030769655	-1.161270953431696
2.6927937030769655	-1.124069380564333
2.6927937030769655	-1.119166501794457
2.6927937030769655	-1.106387551129322
2.6927937030769655	-1.0842435181187482
2.6927937030769655	-1.0678613347959582
2.6927937030769655	-1.0607619954144183
2.6927937030769655	-1.0375407332612556
2.6927937030769655	-1.0134389490784659
2.6927937030769655	-0.9807438410421948
2.6927937030769655	-0.978685390930587
2.6927937030769655	-0.8979133115071574
2.6927937030769655	-0.8827680652334728
2.6927937030769655	-0.859450156851318
2.6927937030769655	-0.859374534317242
2.6927937030769655	-0.8561216893977801
2.6927937030769655	-0.7624602239384646
2.6927937030769655	-0.7528834725565807
2.6927937030769655	-0.7417934657307899
2.6927937030769655	-0.7331011949955939
2.6927937030769655	-0.7095333818220078
2.6927937030769655	-0.7064445728401575
2.6927937030769655	-0.6813188761505189
2.6927937030769655	-0.6712147323306259
2.6927937030769655	-0.6475083373597057
2.6927937030769655	-0.6350041751401044
2.6927937030769655	-0.6344923092882012
2.6927937030769655	-0.6179932974513918
2.6927937030769655	-0.6006831469304816
2.6927937030769655	-0.590087983552997
2.6927937030769655	-0.5867249998080379
2.6927937030769655	-0.5847118491998496
2.6927937030769655	-0.569890927146278
2.6927937030769655	-0.5238452223045083
2.6927937030769655	-0.4928147420384814
2.6927937030769655	-0.4804141394488677
2.6927937030769655	-0.4350803422863416
2.6927937030769655	-0.43128195630953403
2.6927937030769655	-0.4108661518385684
2.6927937030769655	-0.407241559146927
2.6927937030769655	-0.39563915358941315
2.6927937030769655	-0.3951910286034404
2.6927937030769655	-0.38946037340756545
2.6927937030769655	-0.3784373300989241
2.6927937030769655	-0.35381511431874824
2.6927937030769655	-0.3363193852428643
2.6927937030769655	-0.29501674774790576
2.6927937030769655	-0.2691690940719327
2.6927937030769655	-0.2611903354504551
2.6927937030769655	-0.2593987523711333
2.6927937030769655	-0.25735104894559224
2.6927937030769655	-0.24227806772484461
2.6927937030769655	-0.23643228262830396
2.6927937030769655	-0.2343987960250819
2.6927937030769655	-0.2004124378520207
2.6927937030769655	-0.19748853583444134
2.6927937030769655	-0.18658860560894341
2.6927937030769655	-0.1309952123667646
2.6927937030769655	-0.10360466670463353
2.6927937030769655	-0.09798525888471321
2.6927937030769655	-0.0869253091599354
2.6927937030769655	-0.08630979547902368
2.6927937030769655	-0.08629030170699524
2.6927937030769655	-0.07469240057492366
2.6927937030769655	-0.0710081285891846
2.6927937030769655	-0.016001557536594824
2.6927937030769655	0.0008874384273211966
2.6927937030769655	0.014425484223386409
2.6927937030769655	0.02939189648701853
2.6927937030769655	0.029890171657157214
2.6927937030769655	0.06700841533581992
2.6927937030769655	0.07995202405104695
2.6927937030769655	0.09079419195647764
2.6927937030769655	0.10596692586172787
2.6927937030769655	0.10874919733919292
2.6927937030769655	0.12095107608009625
2.6927937030769655	0.1330471421697131
2.6927937030769655	0.13328910345949974
2.6927937030769655	0.13381737537486738
2.6927937030769655	0.14157602132843294
2.6927937030769655	0.14960691709177976
2.6927937030769655	0.16917694248687898
2.6927937030769655	0.17716991869899346
2.6927937030769655	0.18155409787870447
2.6927937030769655	0.1916589550070249
2.6927937030769655	0.26930831618343376
2.6927937030769655	0.3087184963510885
2.6927937030769655	0.31075616886471324
2.6927937030769655	0.31746700887509055
2.6927937030769655	0.31759846312740103
2.6927937030769655	0.3255121047508349
2.6927937030769655	0.3323111334513942
2.6927937030769655	0.33817156273305177
2.6927937030769655	0.3382912876566671
2.6927937030769655	0.3560972628630892
2.6927937030769655	0.3611426070044961
2.6927937030769655	0.3649053611247224
2.6927937030769655	0.46460679101450486
2.6927937030769655	0.4828981419697933
2.6927937030769655	0.49901081113032997
2.6927937030769655	0.49918601444299454
2.6927937030769655	0.5119437458840292
2.6927937030769655	0.5187103297709186
2.6927937030769655	0.526064963689473
2.6927937030769655	0.5289418519933982
2.6927937030769655	0.539226010684118
2.6927937030769655	0.5392965481872433
2.6927937030769655	0.5734539091778466
2.6927937030769655	0.5763785770178389
2.6927937030769655	0.6021473528964085
2.6927937030769655	0.6064990747007788
2.6927937030769655	0.6330510158048952
2.6927937030769655	0.6443785507812252
2.6927937030769655	0.6475213823643381
2.6927937030769655	0.6485403715841944
2.6927937030769655	0.6756598607745712
2.6927937030769655	0.6927102724094856
2.6927937030769655	0.7009374975078737
2.6927937030769655	0.7360714923401341
2.6927937030769655	0.7362121602677797
2.6927937030769655	0.7753574676263102
2.6927937030769655	0.7952129867507058
2.6927937030769655	0.8056039443995887
2.6927937030769655	0.8069824955931508
2.6927937030769655	0.8216111387012619
2.6927937030769655	0.8383576119475764
2.6927937030769655	0.8461549391435548
2.6927937030769655	0.8564079994793694
2.6927937030769655	0.8744886213944527
2.6927937030769655	0.8751738017768594
2.6927937030769655	0.8825214969224953
2.6927937030769655	0.9287204602544974
2.6927937030769655	0.9295475230802333
2.6927937030769655	0.962169825480534
2.6927937030769655	0.9784598802848348
2.6927937030769655	0.9848779872865245
2.6927937030769655	0.9957644603750895
2.6927937030769655	1.038887319144592
2.6927937030769655	1.0595802142689483
2.6927937030769655	1.100589272261292
2.6927937030769655	1.1053333941923769
2.6927937030769655	1.126647143912182
2.6927937030769655	1.13000014815704
2.6927937030769655	1.1308343861975934
2.6927937030769655	1.2351573633822523
2.6927937030769655	1.2509977274513973
2.6927937030769655	1.2780903459405528
2.6927937030769655	1.293257199056142
2.6927937030769655	1.2969036697433038
2.6927937030769655	1.3083331413802188
2.6927937030769655	1.34016970601613
2.6927937030769655	1.3756248909603044
2.6927937030769655	1.3845043681222398
2.6927937030769655	1.3964127838036358
2.6927937030769655	1.438577539285515
2.6927937030769655	1.450215847127428
2.6927937030769655	1.5045995859392496
2.6927937030769655	1.5425760806693838
2.6927937030769655	1.5518513291434273
2.6927937030769655	1.5710598112948546
2.6927937030769655	1.574522694843266
2.6927937030769655	1.6020266610067533
2.6927937030769655	1.6221207813644023
2.6927937030769655	1.6463426864576935
2.6927937030769655	1.7767676677941948
2.6927937030769655	1.7938576617537516
2.6927937030769655	1.8507015849766977
2.6927937030769655	1.856783189873998
2.6927937030769655	1.8579853315009414
2.6927937030769655	1.8772665675651554
2.6927937030769655	2.0098087495496344
2.6927937030769655	2.0164578034773015
2.6927937030769655	2.024486931010385
2.6927937030769655	2.0394135850418573
2.6927937030769655	2.040937878989163
2.6927937030769655	2.0686090223892157
2.6927937030769655	2.1046743898351994
2.6927937030769655	2.181164959448318
2.6927937030769655	2.2359393724403116
2.6927937030769655	2.322200274208453
2.6927937030769655	2.3372369784847224
2.6927937030769655	2.3735864902249353
2.6927937030769655	2.569364956295904
2.6927937030769655	2.62559307700254
2.6927937030769655	2.6428395995471368
2.6927937030769655	2.7899200392488224
2.6927937030769655	2.827301756794488
2.6927937030769655	3.3359893381686145
2.6927937030769655	3.341632385814238
3.141592653589793	-4.9573404063437945
3.141592653589793	-3.92338463695724
3.141592653589793	-3.295695738623243
3.141592653589793	-3.2899721436299747
3.141592653589793	-3.0415936786115876
3.141592653589793	-3.013462687012558
3.141592653589793	-3.0134626870125527
3.141592653589793	-2.9785582111015194
3.141592653589793	-2.59335864988468
3.141592653589793	-2.5846992016309147
3.141592653589793	-2.4517400848276876
3.141592653589793	-2.3989302387642337
3.141592653589793	-2.3989302387642337
3.141592653589793	-2.33639881105413
3.141592653589793	-2.298256143499632
3.141592653589793	-2.298256143499626
3.141592653589793	-2.2497458439772533
3.141592653589793	-2.2497458439772506
3.141592653589793	-2.233598089839958
3.141592653589793	-2.224943503155718
3.141592653589793	-2.1421858647239795
3.141592653589793	-1.9700940915060818
3.141592653589793	-1.9700940915060816
3.141592653589793	-1.9527900199389516
3.141592653589793	-1.9527900199389505
3.141592653589793	-1.925642147842778
3.141592653589793	-1.9256421478427745
3.141592653589793	-1.8598379045390134
3.141592653589793	-1.859837904539009
3.141592653589793	-1.825269883467012
3.141592653589793	-1.8252698834670114
3.141592653589793	-1.7387097429248237
3.141592653589793	-1.7387097429248222
3.141592653589793	-1.7371383534039155
3.141592653589793	-1.7371383534039126
3.141592653589793	-1.7050752507331919
3.141592653589793	-1.6730066284858198
3.141592653589793	-1.6730066284858185
3.141592653589793	-1.6696693687486845
3.141592653589793	-1.610617547741636
3.141592653589793	-1.529099650470269
3.141592653589793	-1.529099650470265
3.141592653589793	-1.5094835086917964
3.141592653589793	-1.5094835086917944
3.141592653589793	-1.5094349579589188
3.141592653589793	-1.5094349579589177
3.141592653589793	-1.4200652645315348
3.141592653589793	-1.4200652645315306
3.141592653589793	-1.3646285563806297
3.141592653589793	-1.3504798257480144
3.141592653589793	-1.3239978124667502
3.141592653589793	-1.3239978124667489
3.141592653589793	-1.318054988174898
3.141592653589793	-1.227586038108154
3.141592653589793	-1.175497516221316
3.141592653589793	-1.1754975162213144
3.141592653589793	-1.0781145409183435
3.141592653589793	-1.0781145409183392
3.141592653589793	-1.0781001565437707
3.141592653589793	-1.0781001565437687
3.141592653589793	-1.0373679788834587
3.141592653589793	-1.0373679788834582
3.141592653589793	-1.0338098521799128
3.141592653589793	-1.0338098521799117
3.141592653589793	-0.9553849820598096
3.141592653589793	-0.9553849820598069
3.141592653589793	-0.9402100165068913
3.141592653589793	-0.9402100165068895
3.141592653589793	-0.9280532655622573
3.141592653589793	-0.8276310493335688
3.141592653589793	-0.8276310493335647
3.141592653589793	-0.8000503215670398
3.141592653589793	-0.7655209164363279
3.141592653589793	-0.7655209164363234
3.141592653589793	-0.7495314023582815
3.141592653589793	-0.7267709359046948
3.141592653589793	-0.7042277567970606
3.141592653589793	-0.7042277567970588
3.141592653589793	-0.6952873617386045
3.141592653589793	-0.6952873617386018
3.141592653589793	-0.6942851262083208
3.141592653589793	-0.6942851262083196
3.141592653589793	-0.6744453297731838
3.141592653589793	-0.6456715681480669
3.141592653589793	-0.5990619244646914
3.141592653589793	-0.5990619244646881
3.141592653589793	-0.5665359892929018
3.141592653589793	-0.566535989292898
3.141592653589793	-0.52758125097782
3.141592653589793	-0.5275812509778164
3.141592653589793	-0.4559206918798373
3.141592653589793	-0.42005838266289025
3.141592653589793	-0.42005838266288925
3.141592653589793	-0.41019655504580194
3.141592653589793	-0.40903840936477426
3.141592653589793	-0.36241951540103656
3.141592653589793	-0.36241951540103373
3.141592653589793	-0.35096819104193205
3.141592653589793	-0.35096819104193144
3.141592653589793	-0.309507565164916
3.141592653589793	-0.30950756516491523
3.141592653589793	-0.2866814138891111
3.141592653589793	-0.28668141388910756
3.141592653589793	-0.2702918326871487
3.141592653589793	-0.2702918326871444
3.141592653589793	-0.26801502759472845
3.141592653589793	-0.2680150275947283
3.141592653589793	-0.2453078060070859
3.141592653589793	-0.24530780600708518
3.141592653589793	-0.23326104430146574
3.141592653589793	-0.23326104430146513
3.141592653589793	-0.17846158693826547
3.141592653589793	-0.17846158693826447
3.141592653589793	-0.16242448489385242
3.141592653589793	-0.16242448489385053
3.141592653589793	-0.135825393943883
3.141592653589793	-0.13582539394388057
3.141592653589793	-0.10907955608546346
3.141592653589793	-0.10907955608546283
3.141592653589793	-0.08352264324692815
3.141592653589793	-0.08352264324692751
3.141592653589793	-0.06743469535980351
3.141592653589793	-0.037639106365829664
3.141592653589793	-0.03481353477338122
3.141592653589793	0.022183916140012545
3.141592653589793	0.02218391614001309
3.141592653589793	0.047906672632557046
3.141592653589793	0.047906672632557545
3.141592653589793	0.07068937733181313
3.141592653589793	0.07068937733181403
3.141592653589793	0.08843029980577627
3.141592653589793	0.08843029980577786
3.141592653589793	0.1673375761540441
3.141592653589793	0.16733757615404585
3.141592653589793	0.19592151550764314
3.141592653589793	0.19770498219171093
3.141592653589793	0.19770498219171267
3.141592653589793	0.21800034279946123
3.141592653589793	0.23093371063277987
3.141592653589793	0.23093371063278037
3.141592653589793	0.23600879730869062
3.141592653589793	0.2408285815765014
3.141592653589793	0.2408285815765019
3.141592653589793	0.24333911894647242
3.141592653589793	0.24333911894647386
3.141592653589793	0.2633751998141733
3.141592653589793	0.2649907017459324
3.141592653589793	0.26614272309949905
3.141592653589793	0.39655097298058134
3.141592653589793	0.3965509729805839
3.141592653589793	0.4267230379622345
3.141592653589793	0.42672303796223693
3.141592653589793	0.4615569727013398
3.141592653589793	0.4615569727013402
3.141592653589793	0.46213328044061425
3.141592653589793	0.4621332804406149
3.141592653589793	0.46714966542761205
3.141592653589793	0.46714966542761543
3.141592653589793	0.467282231564682
3.141592653589793	0.46728223156468485
3.141592653589793	0.4744778038520549
3.141592653589793	0.4745468302434325
3.141592653589793	0.5653312954569285
3.141592653589793	0.5653312954569295
3.141592653589793	0.5792891064688188
3.141592653589793	0.5792891064688194
3.141592653589793	0.5882943610281055
3.141592653589793	0.5882943610281061
3.141592653589793	0.5995313166086331
3.141592653589793	0.599531316608634
3.141592653589793	0.6202694628094025
3.141592653589793	0.6202694628094038
3.141592653589793	0.6239680643369896
3.141592653589793	0.6239680643369905
3.141592653589793	0.7113299799673451
3.141592653589793	0.7420181622669078
3.141592653589793	0.7420181622669082
3.141592653589793	0.7718980961177948
3.141592653589793	0.7719372454488391
3.141592653589793	0.7738068731277293
3.141592653589793	0.7913324781994655
3.141592653589793	0.7943211473463818
3.141592653589793	0.8993294238156438
3.141592653589793	0.8993294238156442
3.141592653589793	0.9142204643950761
3.141592653589793	0.9142204643950772
3.141592653589793	0.9422763719862405
3.141592653589793	0.9422763719862416
3.141592653589793	0.9598504249334029
3.141592653589793	0.9598504249334041
3.141592653589793	0.9740395291345542
3.141592653589793	0.9740395291345553
3.141592653589793	1.0026034722217725
3.141592653589793	1.0450528016465712
3.141592653589793	1.0450528016465734
3.141592653589793	1.0565777355142805
3.141592653589793	1.0880842401094561
3.141592653589793	1.111128331510149
3.141592653589793	1.11112833151015
3.141592653589793	1.1666361149875148
3.141592653589793	1.1666361149875162
3.141592653589793	1.168796971384206
3.141592653589793	1.1978748180700753
3.141592653589793	1.1978748180700787
3.141592653589793	1.2153838886057216
3.141592653589793	1.215383888605723
3.141592653589793	1.2396696856143201
3.141592653589793	1.2396696856143221
3.141592653589793	1.3879338045064094
3.141592653589793	1.38793380450641
3.141592653589793	1.4511917795582476
3.141592653589793	1.451191779558248
3.141592653589793	1.458470324115289
3.141592653589793	1.4622031216929665
3.141592653589793	1.482086968225941
3.141592653589793	1.6237176296327456
3.141592653589793	1.6237176296327462
3.141592653589793	1.6397336138654102
3.141592653589793	1.639733613865412
3.141592653589793	1.743421584872035
3.141592653589793	1.7434215848720362
3.141592653589793	1.7785891007468242
3.141592653589793	1.7785891007468253
3.141592653589793	1.7829973137872956
3.141592653589793	1.83662443915009
3.141592653589793	1.9392320223031057
3.141592653589793	1.9392320223031063
3.141592653589793	1.9530707275352892
3.141592653589793	1.9530707275352899
3.141592653589793	1.9756683120687528
3.141592653589793	1.9756683120687535
3.141592653589793	2.1752509693634465
3.141592653589793	2.1752509693634483
3.141592653589793	2.234531229009574
3.141592653589793	2.248581987533323
3.141592653589793	2.264443247765013
3.141592653589793	2.403141535344901
3.141592653589793	2.4031415353449015
3.141592653589793	2.4335406419418253
3.141592653589793	2.433540641941826
3.141592653589793	2.571664881652681
3.141592653589793	2.627647972508952
3.141592653589793	3.0089004647086615
3.141592653589793	3.03008600275757
3.141592653589793	3.6526398643985494
3.141592653589793	3.654116441008536
3.5903916041026207	-4.4333865525333955
3.5903916041026207	-3.479219164863682
3.5903916041026207	-3.4559263890581327
3.5903916041026207	-2.943163247714906
3.5903916041026207	-2.9358808431770567
3.5903916041026207	-2.74775852522586
3.5903916041026207	-2.715364455546736
3.5903916041026207	-2.699662838270173
3.5903916041026207	-2.6589066828309442
3.5903916041026207	-2.5861554049710347
3.5903916041026207	-2.5576876697957798
3.5903916041026207	-2.4213077886457373
3.5903916041026207	-2.4125451832341196
3.5903916041026207	-2.3530351053588867
3.5903916041026207	-2.30060450601253
3.5903916041026207	-2.2864447480662515
3.5903916041026207	-2.224072808441497
3.5903916041026207	-2.20531374881775
3.5903916041026207	-2.1429753584021287
3.5903916041026207	-2.1423051543504843
3.5903916041026207	-2.1252373199506516
3.5903916041026207	-2.0261161184284977
3.5903916041026207	-2.001155505205778
3.5903916041026207	-1.984716735607154
3.5903916041026207	-1.9743215262620661
3.5903916041026207	-1.9238383970003112
3.5903916041026207	-1.8777125175589648
3.5903916041026207	-1.8512833423235318
3.5903916041026207	-1.8511118697369031
3.5903916041026207	-1.8296592363058024
3.5903916041026207	-1.7865447342561358
3.5903916041026207	-1.7844842891603403
3.5903916041026207	-1.780418270827125
3.5903916041026207	-1.7801883166937553
3.5903916041026207	-1.7695288037340808
3.5903916041026207	-1.679142497214642
3.5903916041026207	-1.5683635181607358
3.5903916041026207	-1.5353044203550765
3.5903916041026207	-1.5255401181039718
3.5903916041026207	-1.5021817110328168
3.5903916041026207	-1.501147917678798
3.5903916041026207	-1.5006124259013986
3.5903916041026207	-1.481509438324712
3.5903916041026207	-1.4681026492444746
3.5903916041026207	-1.4275106232885224
3.5903916041026207	-1.4018963029739822
3.5903916041026207	-1.3889776441374537
3.5903916041026207	-1.343260521386864
3.5903916041026207	-1.3428451944942805
3.5903916041026207	-1.2674684100317175
3.5903916041026207	-1.2518743275278514
3.5903916041026207	-1.2474219050063524
3.5903916041026207	-1.2470314805905993
3.5903916041026207	-1.2098770593129946
3.5903916041026207	-1.2047529939045378
3.5903916041026207	-1.1633451133026917
3.5903916041026207	-1.1612709534316958
3.5903916041026207	-1.1240693805643311
3.5903916041026207	-1.1191665017944552
3.5903916041026207	-1.106387551129322
3.5903916041026207	-1.084243518118749
3.5903916041026207	-1.0678613347959582
3.5903916041026207	-1.0607619954144183
3.5903916041026207	-1.0375407332612556
3.5903916041026207	-1.0134389490784659
3.5903916041026207	-0.9807438410421945
3.5903916041026207	-0.9786853909305868
3.5903916041026207	-0.8979133115071574
3.5903916041026207	-0.8827680652334728
3.5903916041026207	-0.8594501568513181
3.5903916041026207	-0.8593745343172422
3.5903916041026207	-0.8561216893977802
3.5903916041026207	-0.7624602239384646
3.5903916041026207	-0.7528834725565825
3.5903916041026207	-0.7417934657307916
3.5903916041026207	-0.7331011949955939
3.5903916041026207	-0.7095333818220079
3.5903916041026207	-0.7064445728401575
3.5903916041026207	-0.6813188761505171
3.5903916041026207	-0.6712147323306268
3.5903916041026207	-0.6475083373597053
3.5903916041026207	-0.6350041751401043
3.5903916041026207	-0.6344923092882011
3.5903916041026207	-0.6179932974513922
3.5903916041026207	-0.6006831469304834
3.5903916041026207	-0.590087983552997
3.5903916041026207	-0.586724999808038
3.5903916041026207	-0.5847118491998496
3.5903916041026207	-0.5698909271462802
3.5903916041026207	-0.5238452223045078
3.5903916041026207	-0.49281474203848097
3.5903916041026207	-0.4804141394488659
3.5903916041026207	-0.4350803422863434
3.5903916041026207	-0.4312819563095345
3.5903916041026207	-0.4108661518385687
3.5903916041026207	-0.40724155914692706
3.5903916041026207	-0.39563915358941354
3.5903916041026207	-0.3951910286034404
3.5903916041026207	-0.3894603734075659
3.5903916041026207	-0.3784373300989241
3.5903916041026207	-0.3538151143187491
3.5903916041026207	-0.33631938524286564
3.5903916041026207	-0.2950167477479062
3.5903916041026207	-0.26916909407193357
3.5903916041026207	-0.26119033545045484
3.5903916041026207	-0.2593987523711333
3.5903916041026207	-0.257351048945592
3.5903916041026207	-0.24227806772484595
3.5903916041026207	-0.23643228262830415
3.5903916041026207	-0.23439879602508207
3.5903916041026207	-0.20041243785202092
3.5903916041026207	-0.19748853583444143
3.5903916041026207	-0.1865886056089443
3.5903916041026207	-0.13099521236676415
3.5903916041026207	-0.10360466670463397
3.5903916041026207	-0.09798525888471232
3.5903916041026207	-0.08692530915993482
3.5903916041026207	-0.08630979547902394
3.5903916041026207	-0.08629030170699549
3.5903916041026207	-0.0746924005749241
3.5903916041026207	-0.07100812858918415
3.5903916041026207	-0.016001557536594824
3.5903916041026207	0.0008874384273220848
3.5903916041026207	0.014425484223387297
3.5903916041026207	0.02939189648701816
3.5903916041026207	0.029890171657157023
3.5903916041026207	0.06700841533581992
3.5903916041026207	0.07995202405104695
3.5903916041026207	0.09079419195647676
3.5903916041026207	0.10596692586172783
3.5903916041026207	0.10874919733919274
3.5903916041026207	0.12095107608009625
3.5903916041026207	0.13304714216971344
3.5903916041026207	0.13328910345949954
3.5903916041026207	0.13381737537486726
3.5903916041026207	0.1415760213284334
3.5903916041026207	0.14960691709177842
3.5903916041026207	0.16917694248687987
3.5903916041026207	0.17716991869899346
3.5903916041026207	0.1815540978787027
3.5903916041026207	0.1916589550070249
3.5903916041026207	0.2693083161834342
3.5903916041026207	0.3087184963510884
3.5903916041026207	0.31075616886471324
3.5903916041026207	0.3174670088750908
3.5903916041026207	0.31759846312740114
3.5903916041026207	0.32551210475083536
3.5903916041026207	0.3323111334513942
3.5903916041026207	0.33817156273305304
3.5903916041026207	0.3382912876566672
3.5903916041026207	0.3560972628630892
3.5903916041026207	0.36114260700449563
3.5903916041026207	0.3649053611247224
3.5903916041026207	0.464606791014504
3.5903916041026207	0.4828981419697933
3.5903916041026207	0.49901081113032975
3.5903916041026207	0.499186014442995
3.5903916041026207	0.5119437458840284
3.5903916041026207	0.5187103297709168
3.5903916041026207	0.5260649636894725
3.5903916041026207	0.528941851993399
3.5903916041026207	0.5392260106841179
3.5903916041026207	0.5392965481872427
3.5903916041026207	0.5734539091778457
3.5903916041026207	0.5763785770178376
3.5903916041026207	0.602147352896409
3.5903916041026207	0.6064990747007784
3.5903916041026207	0.6330510158048956
3.5903916041026207	0.6443785507812252
3.5903916041026207	0.6475213823643382
3.5903916041026207	0.6485403715841948
3.5903916041026207	0.6756598607745703
3.5903916041026207	0.6927102724094865
3.5903916041026207	0.7009374975078728
3.5903916041026207	0.7360714923401341
3.5903916041026207	0.7362121602677794
3.5903916041026207	0.7753574676263089
3.5903916041026207	0.7952129867507058
3.5903916041026207	0.8056039443995889
3.5903916041026207	0.8069824955931506
3.5903916041026207	0.8216111387012615
3.5903916041026207	0.8383576119475764
3.5903916041026207	0.8461549391435543
3.5903916041026207	0.8564079994793694
3.5903916041026207	0.8744886213944527
3.5903916041026207	0.8751738017768596
3.5903916041026207	0.8825214969224953
3.5903916041026207	0.9287204602544976
3.5903916041026207	0.9295475230802331
3.5903916041026207	0.962169825480534
3.5903916041026207	0.9784598802848357
3.5903916041026207	0.9848779872865236
3.5903916041026207	0.9957644603750881
3.5903916041026207	1.0388873191445915
3.5903916041026207	1.0595802142689474
3.5903916041026207	1.1005892722612902
3.5903916041026207	1.1053333941923773
3.5903916041026207	1.126647143912182
3.5903916041026207	1.1300001481570396
3.5903916041026207	1.1308343861975934
3.5903916041026207	1.235157363382252
3.5903916041026207	1.2509977274513964
3.5903916041026207	1.278090345940552
3.5903916041026207	1.2932571990561414
3.5903916041026207	1.2969036697433038
3.5903916041026207	1.308333141380217
3.5903916041026207	1.340169706016129
3.5903916041026207	1.3756248909603044
3.5903916041026207	1.3845043681222402
3.5903916041026207	1.3964127838036342
3.5903916041026207	1.4385775392855147
3.5903916041026207	1.4502158471274271
3.5903916041026207	1.5045995859392491
3.5903916041026207	1.5425760806693847
3.5903916041026207	1.5518513291434273
3.5903916041026207	1.5710598112948537
3.5903916041026207	1.5745226948432656
3.5903916041026207	1.6020266610067533
3.5903916041026207	1.6221207813644016
3.5903916041026207	1.6463426864576933
3.5903916041026207	1.7767676677941946
3.5903916041026207	1.793857661753752
3.5903916041026207	1.8507015849766972
3.5903916041026207	1.8567831898739984
3.5903916041026207	1.8579853315009411
3.5903916041026207	1.8772665675651556
3.5903916041026207	2.0098087495496344
3.5903916041026207	2.0164578034773015
3.5903916041026207	2.024486931010384
3.5903916041026207	2.0394135850418578
3.5903916041026207	2.040937878989162
3.5903916041026207	2.068609022389216
3.5903916041026207	2.104674389835199
3.5903916041026207	2.181164959448318
3.5903916041026207	2.2359393724403116
3.5903916041026207	2.3222002742084524
3.5903916041026207	2.3372369784847224
3.5903916041026207	2.3735864902249353
3.5903916041026207	2.569364956295904
3.5903916041026207	2.62559307700254
3.5903916041026207	2.6428395995471368
3.5903916041026207	2.7899200392488224
3.5903916041026207	2.827301756794488
3.5903916041026207	3.3359893381686145
3.5903916041026207	3.3416323858142385
4.039190554615448	-3.978657562179287
4.039190554615448	-3.9578183538040776
4.039190554615448	-3.183330095044909
4.039190554615448	-3.1414100743787112
4.039190554615448	-3.013292114190899
4.039190554615448	-2.777042927482467
4.039190554615448	-2.76924736860981
4.039190554615448	-2.655172833022601
4.039190554615448	-2.621573314990074
4.039190554615448	-2.5928672022499497
4.039190554615448	-2.55035448023451
4.039190554615448	-2.4865732312159596
4.039190554615448	-2.471030401893288
4.039190554615448	-2.4588166526147464
4.039190554615448	-2.450257401701776
4.039190554615448	-2.324507907758029
4.039190554615448	-2.31630085989424
4.039190554615448	-2.284815294738111
4.039190554615448	-2.2554031692465313
4.039190554615448	-2.224893658370909
4.039190554615448	-2.174979629803746
4.039190554615448	-2.111650049684688
4.039190554615448	-2.0823261355581653
4.039190554615448	-1.9748530924231154
4.039190554615448	-1.9570778942033482
4.039190554615448	-1.9431452535284142
4.039190554615448	-1.8923980267755227
4.039190554615448	-1.805720344807018
4.039190554615448	-1.8007184385305002
4.039190554615448	-1.733869431939787
4.039190554615448	-1.6755526907605027
4.039190554615448	-1.6737578814560283
4.039190554615448	-1.6702643691701708
4.039190554615448	-1.6524990708598826
4.039190554615448	-1.62200644255774
4.039190554615448	-1.5684113627633853
4.039190554615448	-1.5679318518924947
4.039190554615448	-1.5357144500631443
4.039190554615448	-1.534148178787132
4.039190554615448	-1.5162698271373993
4.039190554615448	-1.463177331082568
4.039190554615448	-1.4461358785265932
4.039190554615448	-1.4415114697519509
4.039190554615448	-1.4278768655258651
4.039190554615448	-1.4252221720490776
4.039190554615448	-1.364565348673326
4.039190554615448	-1.3235348935464413
4.039190554615448	-1.3123155422964767
4.039190554615448	-1.3095126475846917
4.039190554615448	-1.303370498716792
4.039190554615448	-1.2044312146105218
4.039190554615448	-1.2031657620495337
4.039190554615448	-1.168034247424687
4.039190554615448	-1.1163320633612943
4.039190554615448	-1.102757196631313
4.039190554615448	-1.1011346296782116
4.039190554615448	-1.0977936376480923
4.039190554615448	-1.0843943566550331
4.039190554615448	-1.0814077365541057
4.039190554615448	-1.0613036144428851
4.039190554615448	-1.0481464646791356
4.039190554615448	-1.0409880332688917
4.039190554615448	-1.0288207874202233
4.039190554615448	-0.9857083833483213
4.039190554615448	-0.9815423830280179
4.039190554615448	-0.964868671466673
4.039190554615448	-0.9191118715234707
4.039190554615448	-0.910051964532181
4.039190554615448	-0.9078787369265927
4.039190554615448	-0.9026186138163435
4.039190554615448	-0.8882556054485184
4.039190554615448	-0.8819681037544247
4.039190554615448	-0.8470283325687467
4.039190554615448	-0.8370234791726014
4.039190554615448	-0.8252110545876015
4.039190554615448	-0.7851451766265831
4.039190554615448	-0.7687622863951091
4.039190554615448	-0.7469019367226594
4.039190554615448	-0.745487425830681
4.039190554615448	-0.7173820194047709
4.039190554615448	-0.6880698391826789
4.039190554615448	-0.6711345872604985
4.039190554615448	-0.6707101410025812
4.039190554615448	-0.6641678710883014
4.039190554615448	-0.64777345978997
4.039190554615448	-0.6185586044613753
4.039190554615448	-0.5820805151739257
4.039190554615448	-0.5677691906250248
4.039190554615448	-0.5577930485845672
4.039190554615448	-0.5325067462060659
4.039190554615448	-0.5303481150967647
4.039190554615448	-0.5212591970504268
4.039190554615448	-0.5139753084911642
4.039190554615448	-0.5115474244890372
4.039190554615448	-0.49761698492662987
4.039190554615448	-0.44985419307503216
4.039190554615448	-0.42543427902720854
4.039190554615448	-0.3348486839307272
4.039190554615448	-0.3240439219142419
4.039190554615448	-0.3161183782588681
4.039190554615448	-0.30733682138828206
4.039190554615448	-0.3069030567034352
4.039190554615448	-0.29351207133298507
4.039190554615448	-0.2670601553449412
4.039190554615448	-0.26190549670250807
4.039190554615448	-0.2557704722749894
4.039190554615448	-0.2519500381249043
4.039190554615448	-0.25035578858701
4.039190554615448	-0.24140829396477237
4.039190554615448	-0.23346433070828335
4.039190554615448	-0.23164144045175
4.039190554615448	-0.20549006855490815
4.039190554615448	-0.17723526703052928
4.039190554615448	-0.1678442021265723
4.039190554615448	-0.16749848011986632
4.039190554615448	-0.14591788233676573
4.039190554615448	-0.13905976603778303
4.039190554615448	-0.09140984929488294
4.039190554615448	-0.06060605073264691
4.039190554615448	-0.03688318700754492
4.039190554615448	-0.036361606068175796
4.039190554615448	-0.011915325671719934
4.039190554615448	0.0025628179846690635
4.039190554615448	0.019741428930605043
4.039190554615448	0.027837032165200615
4.039190554615448	0.033066508183440035
4.039190554615448	0.03881970786487532
4.039190554615448	0.051261159641545984
4.039190554615448	0.07463782099171187
4.039190554615448	0.07565765578609375
4.039190554615448	0.07837581031867985
4.039190554615448	0.0858322734131356
4.039190554615448	0.1420916879004297
4.039190554615448	0.17982352464823936
4.039190554615448	0.18083892227714296
4.039190554615448	0.18087461195503904
4.039190554615448	0.18130871736052284
4.039190554615448	0.19282101980999133
4.039190554615448	0.21894874714135293
4.039190554615448	0.2225386644527645
4.039190554615448	0.27034980492528815
4.039190554615448	0.2776412390162326
4.039190554615448	0.31224669468060506
4.039190554615448	0.31891180036446487
4.039190554615448	0.32905651226464105
4.039190554615448	0.32918021676525877
4.039190554615448	0.34458152623324695
4.039190554615448	0.34471441019636007
4.039190554615448	0.3611373882609423
4.039190554615448	0.3640255170267279
4.039190554615448	0.3802723668151784
4.039190554615448	0.38663931379027083
4.039190554615448	0.3912932443555235
4.039190554615448	0.41808131227420064
4.039190554615448	0.42749417501241505
4.039190554615448	0.4515122989251066
4.039190554615448	0.46786291554365134
4.039190554615448	0.48289865023815315
4.039190554615448	0.494691378058461
4.039190554615448	0.5100018844505994
4.039190554615448	0.5193489715375574
4.039190554615448	0.5276322474224813
4.039190554615448	0.5363878788042569
4.039190554615448	0.5491941446431099
4.039190554615448	0.5545499046547708
4.039190554615448	0.5701849499064662
4.039190554615448	0.5729819165393524
4.039190554615448	0.5923544731370796
4.039190554615448	0.5990018043451579
4.039190554615448	0.5994432894994374
4.039190554615448	0.6229188567682158
4.039190554615448	0.6619613878596615
4.039190554615448	0.6729120780054569
4.039190554615448	0.7223708370938535
4.039190554615448	0.748401419242171
4.039190554615448	0.7484776614607298
4.039190554615448	0.7653967242473239
4.039190554615448	0.7941086985461463
4.039190554615448	0.8360797983150188
4.039190554615448	0.8396303662149949
4.039190554615448	0.8531818714041428
4.039190554615448	0.8601794488313882
4.039190554615448	0.8622501049577992
4.039190554615448	0.8654773772389246
4.039190554615448	0.8670225518768792
4.039190554615448	0.87830221553383
4.039190554615448	0.9496436147539815
4.039190554615448	0.9798466155784471
4.039190554615448	0.9855041568519218
4.039190554615448	0.9924802892529914
4.039190554615448	1.0027151076877794
4.039190554615448	1.0169220193034598
4.039190554615448	1.0301360564890696
4.039190554615448	1.0447968066594107
4.039190554615448	1.0489126353729894
4.039190554615448	1.0774293240426813
4.039190554615448	1.0775888570465355
4.039190554615448	1.158949366048139
4.039190554615448	1.1633810214079923
4.039190554615448	1.18636395158472
4.039190554615448	1.188708412397743
4.039190554615448	1.198635660536772
4.039190554615448	1.2070912001783745
4.039190554615448	1.2232974366121274
4.039190554615448	1.2727342294482626
4.039190554615448	1.2734252864156022
4.039190554615448	1.3722508511642426
4.039190554615448	1.3913890252552779
4.039190554615448	1.391887163465556
4.039190554615448	1.3948847675666123
4.039190554615448	1.435034035358113
4.039190554615448	1.5036484905038874
4.039190554615448	1.5242655912823306
4.039190554615448	1.530870012355389
4.039190554615448	1.533571814952928
4.039190554615448	1.6174776195862535
4.039190554615448	1.6283698539513438
4.039190554615448	1.657705239301569
4.039190554615448	1.6701823820113606
4.039190554615448	1.6701928019030945
4.039190554615448	1.6996554305042684
4.039190554615448	1.7053063414753098
4.039190554615448	1.7089805558103428
4.039190554615448	1.7151417907662347
4.039190554615448	1.8020269512725926
4.039190554615448	1.8438002747393807
4.039190554615448	1.8569576744907044
4.039190554615448	1.9113084159064113
4.039190554615448	1.9334627713549837
4.039190554615448	1.9432810155372588
4.039190554615448	1.9797810505618199
4.039190554615448	2.178552597067533
4.039190554615448	2.249672590316833
4.039190554615448	2.2585976733461517
4.039190554615448	2.362205468828026
4.039190554615448	2.4042041115672657
4.039190554615448	2.440578810871417
4.039190554615448	2.4703217039353738
4.039190554615448	2.482631026468207
4.039190554615448	2.7265242155848406
4.039190554615448	2.7714402120498707
4.039190554615448	2.957621586449471
4.039190554615448	2.962215488469668
4.039190554615448	3.1251362628927484
4.039190554615448	3.135600449151884
4.487989505128276	-3.676869369500663
4.487989505128276	-3.6380680114525
4.487989505128276	-3.4999151179440258
4.487989505128276	-3.0931842584015206
4.487989505128276	-3.037936079183326
4.487989505128276	-2.8296961348420258
4.487989505128276	-2.821822510735961
4.487989505128276	-2.781877810779556
4.487989505128276	-2.7518719028353607
4.487989505128276	-2.7411092422302517
4.487989505128276	-2.7142308692621064
4.487989505128276	-2.6753513434797425
4.487989505128276	-2.664565793963594
4.487989505128276	-2.5285836938667625
4.487989505128276	-2.3251807425977953
4.487989505128276	-2.3087775363467165
4.487989505128276	-2.239857456377451
4.487989505128276	-2.2078572144286825
4.487989505128276	-2.111616786259347
4.487989505128276	-2.060276729589268
4.487989505128276	-2.0144038538350024
4.487989505128276	-2.0101419180479017
4.487989505128276	-1.9971419579644634
4.487989505128276	-1.9913407791179498
4.487989505128276	-1.9649213695762624
4.487989505128276	-1.9320289470630856
4.487989505128276	-1.925636593777483
4.487989505128276	-1.8527598114364965
4.487989505128276	-1.8208883485412457
4.487989505128276	-1.7785166263999583
4.487989505128276	-1.7394867391126692
4.487989505128276	-1.6854028113351012
4.487989505128276	-1.6400662721010795
4.487989505128276	-1.6201167028020977
4.487989505128276	-1.6141871108845463
4.487989505128276	-1.5622452628640744
4.487989505128276	-1.5101428442424165
4.487989505128276	-1.491755909041912
4.487989505128276	-1.489095791753074
4.487989505128276	-1.479240717892143
4.487989505128276	-1.473059617223056
4.487989505128276	-1.4410427818411895
4.487989505128276	-1.3964484730580677
4.487989505128276	-1.3543541436238398
4.487989505128276	-1.3432281125763437
4.487989505128276	-1.3257619266596317
4.487989505128276	-1.2710811425001838
4.487989505128276	-1.2661865403083459
4.487989505128276	-1.250039576626258
4.487989505128276	-1.2412114934243803
4.487989505128276	-1.223319278728468
4.487989505128276	-1.2081006246730572
4.487989505128276	-1.19709419658066
4.487989505128276	-1.169300541836713
4.487989505128276	-1.1608512867444576
4.487989505128276	-1.114898114039458
4.487989505128276	-1.0870224868290514
4.487989505128276	-1.084587073405916
4.487989505128276	-1.076837535034846
4.487989505128276	-1.0671414387302836
4.487989505128276	-1.0280360572612803
4.487989505128276	-1.0208447681988497
4.487989505128276	-1.0199355103227647
4.487989505128276	-0.9984609381213234
4.487989505128276	-0.9905864760532986
4.487989505128276	-0.9872228263825225
4.487989505128276	-0.9699225242059404
4.487989505128276	-0.9530877176616253
4.487989505128276	-0.9433773524750979
4.487989505128276	-0.9385550817498243
4.487989505128276	-0.9371825230644606
4.487989505128276	-0.9157216973390678
4.487989505128276	-0.8562408409531552
4.487989505128276	-0.8479873105920546
4.487989505128276	-0.7654139550424741
4.487989505128276	-0.7573483520381261
4.487989505128276	-0.747108620363562
4.487989505128276	-0.7468986704733205
4.487989505128276	-0.7162762694108715
4.487989505128276	-0.7010481464521117
4.487989505128276	-0.6987635432062129
4.487989505128276	-0.6914823312725247
4.487989505128276	-0.667221510495982
4.487989505128276	-0.662327377521462
4.487989505128276	-0.6324998713512815
4.487989505128276	-0.6290688461392897
4.487989505128276	-0.6019493948747561
4.487989505128276	-0.6011181427249912
4.487989505128276	-0.5971186688894831
4.487989505128276	-0.5966550683830688
4.487989505128276	-0.5940930628605335
4.487989505128276	-0.5753342646814952
4.487989505128276	-0.4830814695438077
4.487989505128276	-0.48265898758392156
4.487989505128276	-0.4719421540064319
4.487989505128276	-0.4428399027940286
4.487989505128276	-0.44192866328725644
4.487989505128276	-0.43478567321284567
4.487989505128276	-0.43005605316729945
4.487989505128276	-0.4181537679565146
4.487989505128276	-0.40853330597181436
4.487989505128276	-0.387334951351765
4.487989505128276	-0.3494725798341407
4.487989505128276	-0.30631200237370304
4.487989505128276	-0.3044712100527549
4.487989505128276	-0.2983283362555973
4.487989505128276	-0.2873443487599663
4.487989505128276	-0.2684036673553907
4.487989505128276	-0.25000538451474885
4.487989505128276	-0.24667967418307654
4.487989505128276	-0.243898695201759
4.487989505128276	-0.24002767547310677
4.487989505128276	-0.21645638537242817
4.487989505128276	-0.15823000039040513
4.487989505128276	-0.15085541269466196
4.487989505128276	-0.10907351026027692
4.487989505128276	-0.10786260417845277
4.487989505128276	-0.05797955747611461
4.487989505128276	-0.031453006602961686
4.487989505128276	-0.02505091891177269
4.487989505128276	-0.01508214094593002
4.487989505128276	-0.014560496557764892
4.487989505128276	-0.0021817185880492855
4.487989505128276	0.00014135735718464552
4.487989505128276	0.006239820773235039
4.487989505128276	0.009696895598713784
4.487989505128276	0.030057109439971086
4.487989505128276	0.056057437812873534
4.487989505128276	0.08728366124233677
4.487989505128276	0.08878583370795247
4.487989505128276	0.0895706269868396
4.487989505128276	0.0909601998640628
4.487989505128276	0.11293952244783823
4.487989505128276	0.13137029892331364
4.487989505128276	0.14732890502036922
4.487989505128276	0.17736642926395874
4.487989505128276	0.1825262324475072
4.487989505128276	0.18975320790904693
4.487989505128276	0.19360898515604497
4.487989505128276	0.19768960945566771
4.487989505128276	0.22961644045770147
4.487989505128276	0.23518561917082126
4.487989505128276	0.24030970798347218
4.487989505128276	0.25179419119191193
4.487989505128276	0.25705428579511747
4.487989505128276	0.2852366600345655
4.487989505128276	0.3141923502187276
4.487989505128276	0.31779862179140284
4.487989505128276	0.31857467479592055
4.487989505128276	0.3206579753396755
4.487989505128276	0.4052763621191602
4.487989505128276	0.42133170403906606
4.487989505128276	0.43313938080074266
4.487989505128276	0.4368785682799228
4.487989505128276	0.45131985275939446
4.487989505128276	0.4676823487922519
4.487989505128276	0.48008794774652497
4.487989505128276	0.49707772883794243
4.487989505128276	0.5232120096538799
4.487989505128276	0.5361907371159433
4.487989505128276	0.5449759811422106
4.487989505128276	0.5454766350298239
4.487989505128276	0.5501862066322337
4.487989505128276	0.5503206104961448
4.487989505128276	0.5608173114246449
4.487989505128276	0.5887013112750048
4.487989505128276	0.5964721670794031
4.487989505128276	0.6275152250860501
4.487989505128276	0.6824938971738637
4.487989505128276	0.6924686747127707
4.487989505128276	0.6944548476732918
4.487989505128276	0.6977040045990028
4.487989505128276	0.7096799015450137
4.487989505128276	0.732010242031763
4.487989505128276	0.7341053162633814
4.487989505128276	0.750646943808992
4.487989505128276	0.7737160977812221
4.487989505128276	0.7777723862803403
4.487989505128276	0.7962117302319847
4.487989505128276	0.811907138618686
4.487989505128276	0.8652615149968694
4.487989505128276	0.8804833251786239
4.487989505128276	0.9088900142911349
4.487989505128276	0.9119574186011974
4.487989505128276	0.9173954466328222
4.487989505128276	0.9257007287616239
4.487989505128276	0.9404215167714614
4.487989505128276	0.9454326309706684
4.487989505128276	0.9696689112368453
4.487989505128276	0.9706199670886081
4.487989505128276	1.001952710886444
4.487989505128276	1.0897591179419281
4.487989505128276	1.0898560673953552
4.487989505128276	1.0904154776562187
4.487989505128276	1.133093317310543
4.487989505128276	1.167479225554939
4.487989505128276	1.1963346028784574
4.487989505128276	1.2310270493269566
4.487989505128276	1.2400942234771433
4.487989505128276	1.2612872318510084
4.487989505128276	1.262984409877186
4.487989505128276	1.265150490846932
4.487989505128276	1.269342931194713
4.487989505128276	1.2696381975561333
4.487989505128276	1.2844585945995284
4.487989505128276	1.287766302781006
4.487989505128276	1.3162633037143583
4.487989505128276	1.3258924819716045
4.487989505128276	1.355555212218444
4.487989505128276	1.4154249651170692
4.487989505128276	1.4400631016093364
4.487989505128276	1.4551279323362662
4.487989505128276	1.462518924084079
4.487989505128276	1.4848850399256792
4.487989505128276	1.4852018464264414
4.487989505128276	1.55763489989657
4.487989505128276	1.5618081500879804
4.487989505128276	1.587038743210352
4.487989505128276	1.5967917978401065
4.487989505128276	1.5989684037081215
4.487989505128276	1.6371695060793467
4.487989505128276	1.6834725855283232
4.487989505128276	1.6841845283348642
4.487989505128276	1.8012088462017692
4.487989505128276	1.8444298012752427
4.487989505128276	1.9289185624932692
4.487989505128276	1.9369988090280563
4.487989505128276	1.970262529793022
4.487989505128276	2.0301450562621195
4.487989505128276	2.0661581356677488
4.487989505128276	2.071185497206886
4.487989505128276	2.0792302269251
4.487989505128276	2.094688673920078
4.487989505128276	2.11431961385876
4.487989505128276	2.3401446945815993
4.487989505128276	2.385194723801183
4.487989505128276	2.5850849592376566
4.487989505128276	2.5874238062952553
4.487989505128276	2.6684642031368795
4.487989505128276	2.7334395655353525
4.487989505128276	2.745478193588614
4.487989505128276	2.755636150261348
4.487989505128276	2.8703711934300324
4.487989505128276	3.0621478983851143
4.487989505128276	3.07663341387622
4.936788455641103	-3.5861245732731457
4.936788455641103	-3.534682219262954
4.936788455641103	-3.226102406136992
4.936788455641103	-3.222102475142192
4.936788455641103	-3.1665172384894116
4.936788455641103	-3.1533859968620885
4.936788455641103	-3.0902363501361605
4.936788455641103	-3.0822518176490648
4.936788455641103	-3.002485718706946
4.936788455641103	-2.6667642338309654
4.936788455641103	-2.5547787209606
4.936788455641103	-2.3837928654305434
4.936788455641103	-2.380091287539953
4.936788455641103	-2.3719186207514453
4.936788455641103	-2.363712106433684
4.936788455641103	-2.3437742581102383
4.936788455641103	-2.267450267414221
4.936788455641103	-2.228435938914951
4.936788455641103	-2.181216505926544
4.936788455641103	-2.172626745259952
4.936788455641103	-1.9903309525870898
4.936788455641103	-1.9708059599579122
4.936788455641103	-1.9113130048639237
4.936788455641103	-1.878381589481648
4.936788455641103	-1.8534826393675652
4.936788455641103	-1.833986186801814
4.936788455641103	-1.7825707386024983
4.936788455641103	-1.779396071044776
4.936788455641103	-1.7505219100328406
4.936788455641103	-1.7229338169022346
4.936788455641103	-1.6841311580179599
4.936788455641103	-1.6652650419074706
4.936788455641103	-1.6282389042666092
4.936788455641103	-1.6165557995445536
4.936788455641103	-1.5996582353111874
4.936788455641103	-1.5954737896895805
4.936788455641103	-1.5731879218119462
4.936788455641103	-1.5505659506048697
4.936788455641103	-1.530198422830639
4.936788455641103	-1.5072160346377745
4.936788455641103	-1.4793258303564092
4.936788455641103	-1.4737858522890925
4.936788455641103	-1.4478604103687949
4.936788455641103	-1.430744383046838
4.936788455641103	-1.3778803835558482
4.936788455641103	-1.3731685698957699
4.936788455641103	-1.3573663995006817
4.936788455641103	-1.3303576816225102
4.936788455641103	-1.31089180687905
4.936788455641103	-1.3045774339709366
4.936788455641103	-1.3039660909122417
4.936788455641103	-1.1828441587870269
4.936788455641103	-1.1666065618906232
4.936788455641103	-1.1604871118778992
4.936788455641103	-1.126274209738686
4.936788455641103	-1.121528877398704
4.936788455641103	-1.1144575663262581
4.936788455641103	-1.0885192345805508
4.936788455641103	-1.0633213693588845
4.936788455641103	-1.036531001416305
4.936788455641103	-1.0084317537939467
4.936788455641103	-1.0033132181571784
4.936788455641103	-0.9965499147114856
4.936788455641103	-0.9742666904094519
4.936788455641103	-0.9337041378983781
4.936788455641103	-0.9279164286115031
4.936788455641103	-0.9277155793812012
4.936788455641103	-0.9236831490593951
4.936788455641103	-0.9073987945007755
4.936788455641103	-0.8799000399757921
4.936788455641103	-0.869548051402433
4.936788455641103	-0.8625566924776931
4.936788455641103	-0.8484431738306717
4.936788455641103	-0.8074770452933224
4.936788455641103	-0.7951773211094344
4.936788455641103	-0.7758129344337319
4.936788455641103	-0.7577246520409338
4.936788455641103	-0.7519688747065221
4.936788455641103	-0.7412131990088433
4.936788455641103	-0.7321659875092275
4.936788455641103	-0.7282023744861892
4.936788455641103	-0.7171730836340724
4.936788455641103	-0.6767488975554592
4.936788455641103	-0.6692489175832406
4.936788455641103	-0.6642852712666936
4.936788455641103	-0.6463004925308535
4.936788455641103	-0.5870755208926979
4.936788455641103	-0.5662231361647021
4.936788455641103	-0.5446474124188202
4.936788455641103	-0.5424600609397281
4.936788455641103	-0.5334823321308098
4.936788455641103	-0.5237587263152054
4.936788455641103	-0.5201108361060238
4.936788455641103	-0.49584208710819455
4.936788455641103	-0.4812305193706239
4.936788455641103	-0.46338876883871244
4.936788455641103	-0.4629680278967995
4.936788455641103	-0.4372920348810787
4.936788455641103	-0.4277518490328927
4.936788455641103	-0.42746315053219897
4.936788455641103	-0.3658971071086543
4.936788455641103	-0.3419102626174535
4.936788455641103	-0.3358517572232993
4.936788455641103	-0.3344305427831043
4.936788455641103	-0.3126501617013169
4.936788455641103	-0.3010806948592113
4.936788455641103	-0.2948466437834387
4.936788455641103	-0.27756541522616596
4.936788455641103	-0.2594002010639631
4.936788455641103	-0.245841132909292
4.936788455641103	-0.22093495446060363
4.936788455641103	-0.20824390517788854
4.936788455641103	-0.20583524107251838
4.936788455641103	-0.20303376176623508
4.936788455641103	-0.20136752289041016
4.936788455641103	-0.1757474949717664
4.936788455641103	-0.17412024053765335
4.936788455641103	-0.1723490598239237
4.936788455641103	-0.16877310904497378
4.936788455641103	-0.16572410027831688
4.936788455641103	-0.1529302869679734
4.936788455641103	-0.1072300666154895
4.936788455641103	-0.05246404051088982
4.936788455641103	-0.04093543837371083
4.936788455641103	-0.009841740590965653
4.936788455641103	-0.006353383896700482
4.936788455641103	0.0019502610549690935
4.936788455641103	0.04979141338274218
4.936788455641103	0.05471853976932195
4.936788455641103	0.07697929778443324
4.936788455641103	0.09621224283354558
4.936788455641103	0.09884303295924424
4.936788455641103	0.10552623015237386
4.936788455641103	0.10658557225070664
4.936788455641103	0.1096630624712458
4.936788455641103	0.14403261230812792
4.936788455641103	0.1576332380689919
4.936788455641103	0.15979804784319568
4.936788455641103	0.1798351271371854
4.936788455641103	0.19268841197820105
4.936788455641103	0.19320092741728492
4.936788455641103	0.22674586405992514
4.936788455641103	0.2621417819545988
4.936788455641103	0.2625938373898355
4.936788455641103	0.30559492409244937
4.936788455641103	0.3373610687462838
4.936788455641103	0.35043574553861845
4.936788455641103	0.3585039990755283
4.936788455641103	0.363587068038131
4.936788455641103	0.3683093801658135
4.936788455641103	0.38079146993003654
4.936788455641103	0.4035636967571663
4.936788455641103	0.40651400479078303
4.936788455641103	0.40787112703953954
4.936788455641103	0.4378776218379916
4.936788455641103	0.4531125659701587
4.936788455641103	0.4597873642671195
4.936788455641103	0.4963077898076018
4.936788455641103	0.5150804881045712
4.936788455641103	0.5528654427092414
4.936788455641103	0.5752022880248093
4.936788455641103	0.5863479694580694
4.936788455641103	0.5883058621645127
4.936788455641103	0.5885536702267963
4.936788455641103	0.6065218942630768
4.936788455641103	0.6235521152553116
4.936788455641103	0.6385616094978606
4.936788455641103	0.6392731592204796
4.936788455641103	0.6439075999317776
4.936788455641103	0.6471317203985212
4.936788455641103	0.661524150522542
4.936788455641103	0.6648439853918089
4.936788455641103	0.7337618956918348
4.936788455641103	0.8219630831853935
4.936788455641103	0.8305328773662654
4.936788455641103	0.8318670442253839
4.936788455641103	0.8457055732143594
4.936788455641103	0.8464480237784454
4.936788455641103	0.8521719827719005
4.936788455641103	0.877360113689865
4.936788455641103	0.8983732964033813
4.936788455641103	0.8985298118906405
4.936788455641103	0.8990943681379783
4.936788455641103	0.9276784294693314
4.936788455641103	0.9444406615628753
4.936788455641103	0.9523702967628198
4.936788455641103	0.9623674600196304
4.936788455641103	0.9774141894243651
4.936788455641103	0.9948700758397013
4.936788455641103	1.0099763278517102
4.936788455641103	1.0355483267662757
4.936788455641103	1.0494346424559242
4.936788455641103	1.0547295723319197
4.936788455641103	1.0741746488730217
4.936788455641103	1.0910610594177368
4.936788455641103	1.0953747753839074
4.936788455641103	1.0999125389454332
4.936788455641103	1.1018038454056747
4.936788455641103	1.152552141415105
4.936788455641103	1.1787476879539662
4.936788455641103	1.184085589233679
4.936788455641103	1.2151151717446198
4.936788455641103	1.2760768796089341
4.936788455641103	1.2916948565861266
4.936788455641103	1.313716525546616
4.936788455641103	1.3205920573546202
4.936788455641103	1.330489661944051
4.936788455641103	1.3440016506173498
4.936788455641103	1.3674232263780475
4.936788455641103	1.392800677974275
4.936788455641103	1.4183590231462408
4.936788455641103	1.5058955564697145
4.936788455641103	1.5061049815074783
4.936788455641103	1.5830612498059369
4.936788455641103	1.5907026716731538
4.936788455641103	1.612068897442447
4.936788455641103	1.6202937271261642
4.936788455641103	1.649224236091448
4.936788455641103	1.671256501366185
4.936788455641103	1.6790326439109915
4.936788455641103	1.6799332261207756
4.936788455641103	1.7008440917384358
4.936788455641103	1.7192308169661727
4.936788455641103	1.7339511015272837
4.936788455641103	1.7485055021041924
4.936788455641103	1.894976091496248
4.936788455641103	1.895365456239212
4.936788455641103	1.9660429737996834
4.936788455641103	2.000677863894854
4.936788455641103	2.0118649357582443
4.936788455641103	2.050519997881719
4.936788455641103	2.268942521539108
4.936788455641103	2.2710303409606682
4.936788455641103	2.2818151467284267
4.936788455641103	2.348951398046644
4.936788455641103	2.37754142784741
4.936788455641103	2.387556033423893
4.936788455641103	2.419812580867366
4.936788455641103	2.431715371612174
4.936788455641103	2.486865177355683
4.936788455641103	2.6822282807746984
4.936788455641103	2.6967135055585167
4.936788455641103	3.037710989375441
4.936788455641103	3.159726341246691
4.936788455641103	3.176127821854005
5.385587406153931	-3.723327001659255
5.385587406153931	-3.6687694818791523
5.385587406153931	-3.5554438671661486
5.385587406153931	-3.5020998345261796
5.385587406153931	-3.1470815948567474
5.385587406153931	-3.044066306867689
5.385587406153931	-2.856331629590484
5.385587406153931	-2.8043461009681345
5.385587406153931	-2.736038989448271
5.385587406153931	-2.678777898652418
5.385587406153931	-2.6509299978343424
5.385587406153931	-2.6396233148634773
5.385587406153931	-2.623073454282474
5.385587406153931	-2.332764769988675
5.385587406153931	-2.2221850214382264
5.385587406153931	-2.199212815126845
5.385587406153931	-2.064791140450818
5.385587406153931	-2.0560426231702986
5.385587406153931	-2.049511243890326
5.385587406153931	-2.0305721607936476
5.385587406153931	-2.027105191938613
5.385587406153931	-1.9165173845562307
5.385587406153931	-1.9144344523890202
5.385587406153931	-1.9090309743550455
5.385587406153931	-1.8924744524032235
5.385587406153931	-1.8896905811506812
5.385587406153931	-1.8863935718297482
5.385587406153931	-1.8405710478975288
5.385587406153931	-1.7888272252209325
5.385587406153931	-1.7757784609183855
5.385587406153931	-1.743695864992945
5.385587406153931	-1.73493856418161
5.385587406153931	-1.7008883403100161
5.385587406153931	-1.693079088292539
5.385587406153931	-1.534704221810736
5.385587406153931	-1.5264425798253876
5.385587406153931	-1.518614699146546
5.385587406153931	-1.5046598258337887
5.385587406153931	-1.4628735708978013
5.385587406153931	-1.4608573955486888
5.385587406153931	-1.4581421007830762
5.385587406153931	-1.456711373363268
5.385587406153931	-1.4248985480862193
5.385587406153931	-1.3223459106304403
5.385587406153931	-1.306279053918057
5.385587406153931	-1.2910493596745494
5.385587406153931	-1.2823415590867737
5.385587406153931	-1.2821805938804531
5.385587406153931	-1.2700412364532965
5.385587406153931	-1.248083816887533
5.385587406153931	-1.2468745647273956
5.385587406153931	-1.2278887215837047
5.385587406153931	-1.223354983023444
5.385587406153931	-1.206779651256776
5.385587406153931	-1.173195084856082
5.385587406153931	-1.171957432367962
5.385587406153931	-1.1674216359704739
5.385587406153931	-1.08771737443289
5.385587406153931	-1.0567719543920993
5.385587406153931	-1.0529687361064108
5.385587406153931	-1.036707322217484
5.385587406153931	-1.0195975477630994
5.385587406153931	-0.9896053191499213
5.385587406153931	-0.9874007647766879
5.385587406153931	-0.9842239159900368
5.385587406153931	-0.9655693032890995
5.385587406153931	-0.9344316490461648
5.385587406153931	-0.9114139001514766
5.385587406153931	-0.9112144742386995
5.385587406153931	-0.8657748184962357
5.385587406153931	-0.8595871710214369
5.385587406153931	-0.8547013314829139
5.385587406153931	-0.759683452940432
5.385587406153931	-0.7585937069831373
5.385587406153931	-0.7340025653641243
5.385587406153931	-0.7321426839406517
5.385587406153931	-0.7263931644878894
5.385587406153931	-0.7182246466984492
5.385587406153931	-0.7084532922598497
5.385587406153931	-0.7052352030080902
5.385587406153931	-0.6883283283976902
5.385587406153931	-0.6699600801920302
5.385587406153931	-0.6672314195371354
5.385587406153931	-0.6471804445725486
5.385587406153931	-0.6393856548980081
5.385587406153931	-0.6339663235769168
5.385587406153931	-0.6178789428626197
5.385587406153931	-0.611327746757055
5.385587406153931	-0.6031297886727311
5.385587406153931	-0.5889567534035947
5.385587406153931	-0.5785623485990041
5.385587406153931	-0.5631801930778138
5.385587406153931	-0.5009025853705498
5.385587406153931	-0.4915273790294923
5.385587406153931	-0.48203537608638936
5.385587406153931	-0.47797180138326745
5.385587406153931	-0.44721894573815346
5.385587406153931	-0.4141932817660643
5.385587406153931	-0.40939818144604256
5.385587406153931	-0.38798457529875474
5.385587406153931	-0.3869446001494476
5.385587406153931	-0.38268900922018556
5.385587406153931	-0.34093649715904784
5.385587406153931	-0.33967358502396666
5.385587406153931	-0.3368769290330617
5.385587406153931	-0.3316839120306616
5.385587406153931	-0.31469576833090285
5.385587406153931	-0.3092224398630931
5.385587406153931	-0.3070652398945645
5.385587406153931	-0.2948549605865516
5.385587406153931	-0.29012710765339156
5.385587406153931	-0.2698875740285467
5.385587406153931	-0.260806857048272
5.385587406153931	-0.2540332206679545
5.385587406153931	-0.2536199811959674
5.385587406153931	-0.19379435805699075
5.385587406153931	-0.15817006372507691
5.385587406153931	-0.14491667298944932
5.385587406153931	-0.12101999094728466
5.385587406153931	-0.10920251007962767
5.385587406153931	-0.09110727727007806
5.385587406153931	-0.0850676897098368
5.385587406153931	-0.08029400173808732
5.385587406153931	-0.04855282143271911
5.385587406153931	-0.04223967086875701
5.385587406153931	-0.03998407637533529
5.385587406153931	-0.005163245572770592
5.385587406153931	0.018770211448837504
5.385587406153931	0.030953831129327813
5.385587406153931	0.04012302032528394
5.385587406153931	0.04049842639676524
5.385587406153931	0.04280761696397929
5.385587406153931	0.07219760358637162
5.385587406153931	0.11939775141563524
5.385587406153931	0.14615888449373537
5.385587406153931	0.1537790453972283
5.385587406153931	0.15719707142280814
5.385587406153931	0.1716700252017822
5.385587406153931	0.1841166714253335
5.385587406153931	0.1934082249814093
5.385587406153931	0.1969096802624732
5.385587406153931	0.19790164442225622
5.385587406153931	0.2263692141577498
5.385587406153931	0.23976494869674614
5.385587406153931	0.2435519958665413
5.385587406153931	0.2475466130204449
5.385587406153931	0.27956565407159184
5.385587406153931	0.29230842206266505
5.385587406153931	0.29611836866857333
5.385587406153931	0.40071271492082294
5.385587406153931	0.4195144718510096
5.385587406153931	0.41968607323944657
5.385587406153931	0.4336040021112022
5.385587406153931	0.4576179643089202
5.385587406153931	0.4873970722714054
5.385587406153931	0.5095677656258877
5.385587406153931	0.5124986753873773
5.385587406153931	0.5129444309549167
5.385587406153931	0.5318787019858412
5.385587406153931	0.5330361401600034
5.385587406153931	0.5360613008296382
5.385587406153931	0.5473637717889609
5.385587406153931	0.5479372315927897
5.385587406153931	0.5662390133820896
5.385587406153931	0.5804415056817898
5.385587406153931	0.6162130766708924
5.385587406153931	0.6531402210468151
5.385587406153931	0.688873940012527
5.385587406153931	0.7172114141553045
5.385587406153931	0.7177223342624286
5.385587406153931	0.7210367425745479
5.385587406153931	0.7326691914879713
5.385587406153931	0.742004314128835
5.385587406153931	0.7518368182479014
5.385587406153931	0.7672890177186553
5.385587406153931	0.7716139046215456
5.385587406153931	0.7833824034764905
5.385587406153931	0.807591777514129
5.385587406153931	0.8475478705714967
5.385587406153931	0.8616202566921713
5.385587406153931	0.8654748291559615
5.385587406153931	0.8755318152352696
5.385587406153931	0.8829995176185954
5.385587406153931	0.914852887166151
5.385587406153931	0.9289918656805969
5.385587406153931	0.9456810171034298
5.385587406153931	0.9624835111413934
5.385587406153931	0.972504682366897
5.385587406153931	0.975666739275582
5.385587406153931	0.9989201062939372
5.385587406153931	1.013417857463618
5.385587406153931	1.01760891256583
5.385587406153931	1.0422778098488141
5.385587406153931	1.0486779076552617
5.385587406153931	1.0712060794237024
5.385587406153931	1.0864510532911482
5.385587406153931	1.2122604989179546
5.385587406153931	1.2411631284577695
5.385587406153931	1.2483233291347
5.385587406153931	1.2561041230951355
5.385587406153931	1.274814726489994
5.385587406153931	1.3008333393350893
5.385587406153931	1.3218256114209064
5.385587406153931	1.3226149347832998
5.385587406153931	1.3229280749689232
5.385587406153931	1.3416169961589073
5.385587406153931	1.3416839601202104
5.385587406153931	1.3452751959298594
5.385587406153931	1.3586019877365798
5.385587406153931	1.371815221663197
5.385587406153931	1.4617287383934805
5.385587406153931	1.4732803241020476
5.385587406153931	1.4824974774056312
5.385587406153931	1.4900604535809927
5.385587406153931	1.5046199281236372
5.385587406153931	1.5124674289874476
5.385587406153931	1.5901023183128893
5.385587406153931	1.634876174460229
5.385587406153931	1.7298867436039167
5.385587406153931	1.7533536670467513
5.385587406153931	1.787714575955641
5.385587406153931	1.813614514215048
5.385587406153931	1.9073843962193884
5.385587406153931	1.9182628110556021
5.385587406153931	1.9185282530358625
5.385587406153931	1.9367219280356682
5.385587406153931	1.9767143196077335
5.385587406153931	2.0014200806051585
5.385587406153931	2.00589049801002
5.385587406153931	2.0099429468952925
5.385587406153931	2.01424866366054
5.385587406153931	2.016253078329603
5.385587406153931	2.116002469520859
5.385587406153931	2.14956261258629
5.385587406153931	2.228472295785009
5.385587406153931	2.2285739859831915
5.385587406153931	2.314639242248411
5.385587406153931	2.3292797261572606
5.385587406153931	2.3495152341489494
5.385587406153931	2.365265149969859
5.385587406153931	2.658285087041021
5.385587406153931	2.782131238840286
5.385587406153931	2.7987081650330783
5.385587406153931	3.3857924639154877
5.385587406153931	3.4137031219950593
5.8343863566667595	-4.0601040077852835
5.8343863566667595	-4.014612667827119
5.8343863566667595	-3.2882387537560205
5.8343863566667595	-3.1739906945357257
5.8343863566667595	-3.1264416831252633
5.8343863566667595	-3.0123190151061143
5.8343863566667595	-2.80520612211964
5.8343863566667595	-2.7070772153699694
5.8343863566667595	-2.6671440201775267
5.8343863566667595	-2.543702260764089
5.8343863566667595	-2.483282186320322
5.8343863566667595	-2.377211650585587
5.8343863566667595	-2.3417114685387705
5.8343863566667595	-2.3361610280298475
5.8343863566667595	-2.3111249308831705
5.8343863566667595	-2.2923019290153697
5.8343863566667595	-2.251162546375506
5.8343863566667595	-2.239709956842631
5.8343863566667595	-2.1872014652822873
5.8343863566667595	-2.1646565821331016
5.8343863566667595	-2.1568219996750457
5.8343863566667595	-2.145187249844258
5.8343863566667595	-1.905694799481966
5.8343863566667595	-1.901586167234968
5.8343863566667595	-1.8882010676247476
5.8343863566667595	-1.8714940871823527
5.8343863566667595	-1.8699416224454937
5.8343863566667595	-1.767061436922618
5.8343863566667595	-1.7423597543709635
5.8343863566667595	-1.7148593777017487
5.8343863566667595	-1.7096434693156883
5.8343863566667595	-1.6914517087286534
5.8343863566667595	-1.6020060599458894
5.8343863566667595	-1.5862772653755424
5.8343863566667595	-1.5728589687088834
5.8343863566667595	-1.5652484463122773
5.8343863566667595	-1.5200711223339218
5.8343863566667595	-1.5160697735895816
5.8343863566667595	-1.4955358905116514
5.8343863566667595	-1.4893244375903176
5.8343863566667595	-1.4592710073293116
5.8343863566667595	-1.4190715089030217
5.8343863566667595	-1.4190323809560963
5.8343863566667595	-1.3952994330393977
5.8343863566667595	-1.3805430730965966
5.8343863566667595	-1.3644634306743173
5.8343863566667595	-1.353121484972697
5.8343863566667595	-1.2859280114153475
5.8343863566667595	-1.2708105882251384
5.8343863566667595	-1.2706507928644393
5.8343863566667595	-1.251605680804757
5.8343863566667595	-1.19448315078977
5.8343863566667595	-1.190197438366018
5.8343863566667595	-1.0994629019229625
5.8343863566667595	-1.0832557101166729
5.8343863566667595	-1.074304487715195
5.8343863566667595	-1.0651348787419872
5.8343863566667595	-1.059068157334024
5.8343863566667595	-1.0466039127743625
5.8343863566667595	-1.0299709635286793
5.8343863566667595	-1.029333899549881
5.8343863566667595	-1.0224972440952187
5.8343863566667595	-1.0153512718457707
5.8343863566667595	-1.0122661188995132
5.8343863566667595	-1.007067565681178
5.8343863566667595	-0.9840408878052878
5.8343863566667595	-0.9786156567362432
5.8343863566667595	-0.9579136188005726
5.8343863566667595	-0.9193138596970387
5.8343863566667595	-0.9145677653259812
5.8343863566667595	-0.8659160429231573
5.8343863566667595	-0.8642624308079462
5.8343863566667595	-0.8077383085221301
5.8343863566667595	-0.8067892499068514
5.8343863566667595	-0.801180043143777
5.8343863566667595	-0.7835239998123549
5.8343863566667595	-0.7728753072787953
5.8343863566667595	-0.7656580481788153
5.8343863566667595	-0.7430225926721077
5.8343863566667595	-0.7373846697333112
5.8343863566667595	-0.736355778469021
5.8343863566667595	-0.7360262486812382
5.8343863566667595	-0.7116032134277517
5.8343863566667595	-0.7025484782958785
5.8343863566667595	-0.7023484842483574
5.8343863566667595	-0.662416486582718
5.8343863566667595	-0.6277047605926493
5.8343863566667595	-0.6070721893215829
5.8343863566667595	-0.5859894011539892
5.8343863566667595	-0.5522875312731633
5.8343863566667595	-0.5496507357986777
5.8343863566667595	-0.5319782598449785
5.8343863566667595	-0.5074240194564199
5.8343863566667595	-0.5019664628342064
5.8343863566667595	-0.4924450647364168
5.8343863566667595	-0.4922834854082551
5.8343863566667595	-0.4693788606518874
5.8343863566667595	-0.43442718783511713
5.8343863566667595	-0.4091074700108539
5.8343863566667595	-0.39934859702313963
5.8343863566667595	-0.3716279691794604
5.8343863566667595	-0.34937709520112614
5.8343863566667595	-0.34397497218996165
5.8343863566667595	-0.33745726486443806
5.8343863566667595	-0.3115598341171486
5.8343863566667595	-0.30487613114041556
5.8343863566667595	-0.2910854752981926
5.8343863566667595	-0.27830810051361254
5.8343863566667595	-0.25745018130589825
5.8343863566667595	-0.2408057298286712
5.8343863566667595	-0.23617231648960013
5.8343863566667595	-0.2295944315903946
5.8343863566667595	-0.22368044345875093
5.8343863566667595	-0.20569055344264717
5.8343863566667595	-0.20341055203943756
5.8343863566667595	-0.19397083168943252
5.8343863566667595	-0.19186147044925447
5.8343863566667595	-0.15775224334758464
5.8343863566667595	-0.15289554585091092
5.8343863566667595	-0.15096172683157058
5.8343863566667595	-0.14241112583793772
5.8343863566667595	-0.13883019414201406
5.8343863566667595	-0.05319857687522944
5.8343863566667595	-0.027846243636390433
5.8343863566667595	0.00474157500339345
5.8343863566667595	0.029050017595462663
5.8343863566667595	0.04710875192418651
5.8343863566667595	0.04774292063822634
5.8343863566667595	0.06390647089307322
5.8343863566667595	0.07089682777181464
5.8343863566667595	0.07195786491176795
5.8343863566667595	0.07210520536737507
5.8343863566667595	0.09732415951707285
5.8343863566667595	0.1029792633675014
5.8343863566667595	0.10574711243013912
5.8343863566667595	0.10621093911128855
5.8343863566667595	0.10864203921823919
5.8343863566667595	0.11923121920374413
5.8343863566667595	0.15111753897525304
5.8343863566667595	0.1693773631068547
5.8343863566667595	0.20439678656607105
5.8343863566667595	0.20857462255586767
5.8343863566667595	0.24475590294472394
5.8343863566667595	0.2711197232134275
5.8343863566667595	0.28963637770931694
5.8343863566667595	0.2976839117103055
5.8343863566667595	0.30040879580502877
5.8343863566667595	0.31206128934228344
5.8343863566667595	0.3140322982539806
5.8343863566667595	0.32296213872417656
5.8343863566667595	0.3438558857054055
5.8343863566667595	0.3505350846374259
5.8343863566667595	0.35346028351437603
5.8343863566667595	0.3635541765431425
5.8343863566667595	0.4368281867030319
5.8343863566667595	0.4615723225436712
5.8343863566667595	0.47191420978460297
5.8343863566667595	0.48774500707268764
5.8343863566667595	0.499767089667305
5.8343863566667595	0.531930303141654
5.8343863566667595	0.5478335180776215
5.8343863566667595	0.5539654973554322
5.8343863566667595	0.5677024469243035
5.8343863566667595	0.572714518953739
5.8343863566667595	0.5831576459710517
5.8343863566667595	0.5917484617036646
5.8343863566667595	0.6080692026811718
5.8343863566667595	0.6143483772228242
5.8343863566667595	0.6191710778261059
5.8343863566667595	0.623313572331989
5.8343863566667595	0.6346789816138951
5.8343863566667595	0.6778969472939235
5.8343863566667595	0.6816433072089283
5.8343863566667595	0.7064208718044993
5.8343863566667595	0.8079911410245044
5.8343863566667595	0.8256276764857216
5.8343863566667595	0.8514863606572503
5.8343863566667595	0.8746392085774284
5.8343863566667595	0.8848573132629634
5.8343863566667595	0.9065595229489459
5.8343863566667595	0.9099125465309936
5.8343863566667595	0.9180122057485338
5.8343863566667595	0.927605215764979
5.8343863566667595	0.9355430748704263
5.8343863566667595	0.9454760946284608
5.8343863566667595	0.96057260932439
5.8343863566667595	0.9797399294486187
5.8343863566667595	0.9808463822150129
5.8343863566667595	0.9936102796408521
5.8343863566667595	1.0228736453622733
5.8343863566667595	1.0230498590152495
5.8343863566667595	1.111308592704896
5.8343863566667595	1.1179088137607023
5.8343863566667595	1.1554873769180236
5.8343863566667595	1.1572584886195871
5.8343863566667595	1.1583065303780362
5.8343863566667595	1.1880319351832056
5.8343863566667595	1.1913673958955824
5.8343863566667595	1.2289482669723242
5.8343863566667595	1.2356051597059237
5.8343863566667595	1.2425793359272985
5.8343863566667595	1.2642924563474578
5.8343863566667595	1.3078373398756886
5.8343863566667595	1.3664605770259817
5.8343863566667595	1.3666157017290443
5.8343863566667595	1.3799807754109334
5.8343863566667595	1.3858701069589738
5.8343863566667595	1.434302730787424
5.8343863566667595	1.4498846583053924
5.8343863566667595	1.4576951735583643
5.8343863566667595	1.500464623992313
5.8343863566667595	1.5337665889740437
5.8343863566667595	1.6054758019843038
5.8343863566667595	1.6063064348955622
5.8343863566667595	1.6137116705850056
5.8343863566667595	1.6622596763092812
5.8343863566667595	1.6791864372347698
5.8343863566667595	1.6984755557841211
5.8343863566667595	1.7065138463035403
5.8343863566667595	1.7329403737952598
5.8343863566667595	1.7404575109030223
5.8343863566667595	1.7408459781286882
5.8343863566667595	1.7439430834754799
5.8343863566667595	1.7497805166892295
5.8343863566667595	1.8479995880783755
5.8343863566667595	1.8500024422001162
5.8343863566667595	1.8844499716633338
5.8343863566667595	1.9059377702132565
5.8343863566667595	1.9448533846687912
5.8343863566667595	1.9591162022021882
5.8343863566667595	2.0855834559064252
5.8343863566667595	2.1034826094717998
5.8343863566667595	2.1087828259997394
5.8343863566667595	2.127470699525448
5.8343863566667595	2.2471345340938007
5.8343863566667595	2.2472034508118828
5.8343863566667595	2.2909434468106618
5.8343863566667595	2.3199190180567832
5.8343863566667595	2.4167250931681057
5.8343863566667595	2.4335844096469925
5.8343863566667595	2.447659168928614
5.8343863566667595	2.4652161169118543
5.8343863566667595	3.012721464954793
5.8343863566667595	3.041033446701637
5.8343863566667595	3.7341244166392915
